Frame,Time,RightBicepsbrachiicaputbrevis,LeftBicepsbrachiicaputbrevis,
0,0.000,-0.005785,0.001779,
1,0.001,-0.001014,0.001204,
2,0.002,-0.002828,0.000809,
3,0.003,-0.000103,-0.005617,
4,0.004,0.006468,0.008324,
5,0.005,0.005432,0.010241,
6,0.006,0.006091,0.004589,
7,0.007,-0.004000,0.006210,
8,0.008,-0.000090,0.004629,
9,0.009,0.000935,0.000543,
10,0.010,0.006318,-0.000645,
11,0.011,-0.001104,0.000350,
12,0.012,0.003290,-0.000684,
13,0.013,0.002288,0.000141,
14,0.014,0.004321,-0.000717,
15,0.015,0.002151,-0.001398,
16,0.016,0.007716,0.003475,
17,0.017,0.002338,0.001771,
18,0.018,-0.005528,-0.002264,
19,0.019,0.001623,0.002460,
20,0.020,0.007887,0.006646,
21,0.021,0.003524,0.004929,
22,0.022,-0.000287,0.003403,
23,0.023,-0.002395,0.008429,
24,0.024,0.006957,0.007708,
25,0.025,-0.002740,0.007170,
26,0.026,0.003421,0.007649,
27,0.027,0.002322,0.000909,
28,0.028,0.003261,0.000093,
29,0.029,-0.007080,0.000969,
30,0.030,-0.000165,-0.001185,
31,0.031,0.006005,0.003746,
32,0.032,0.009120,0.004272,
33,0.033,0.006025,0.000265,
34,0.034,0.008644,0.005021,
35,0.035,0.012784,0.005540,
36,0.036,0.004308,-0.000839,
37,0.037,0.001081,0.000060,
38,0.038,0.000093,0.002308,
39,0.039,-0.004421,0.001699,
40,0.040,0.001530,-0.001269,
41,0.041,-0.000627,-0.009944,
42,0.042,0.000103,-0.010995,
43,0.043,0.005865,-0.014043,
44,0.044,-0.002522,-0.012874,
45,0.045,0.003103,-0.000622,
46,0.046,-0.002068,0.004493,
47,0.047,-0.001152,0.003026,
48,0.048,0.003134,-0.000959,
49,0.049,-0.000504,0.002818,
50,0.050,0.000268,-0.000325,
51,0.051,0.003388,-0.005482,
52,0.052,-0.000544,-0.006237,
53,0.053,0.001071,-0.003629,
54,0.054,-0.003876,-0.001376,
55,0.055,-0.003065,-0.006198,
56,0.056,0.003962,-0.003096,
57,0.057,0.004891,-0.002535,
58,0.058,0.005803,-0.007196,
59,0.059,0.006537,0.001125,
60,0.060,0.003066,0.006709,
61,0.061,-0.002574,0.005689,
62,0.062,-0.003140,0.004835,
63,0.063,-0.006557,0.003976,
64,0.064,0.000469,0.001780,
65,0.065,-0.005841,-0.001767,
66,0.066,0.000159,-0.004799,
67,0.067,-0.003464,0.001609,
68,0.068,-0.001362,0.004112,
69,0.069,0.001733,0.001879,
70,0.070,-0.006951,-0.003045,
71,0.071,-0.000620,0.006376,
72,0.072,-0.008294,0.007679,
73,0.073,-0.005170,0.001391,
74,0.074,0.001310,0.000346,
75,0.075,0.000519,-0.004580,
76,0.076,-0.003652,-0.001573,
77,0.077,0.007861,-0.002455,
78,0.078,-0.017389,-0.001645,
79,0.079,0.007988,-0.006898,
80,0.080,0.004776,-0.002018,
81,0.081,-0.010035,-0.005075,
82,0.082,0.009059,-0.001029,
83,0.083,-0.003261,0.003675,
84,0.084,-0.009804,0.005316,
85,0.085,0.004400,-0.001124,
86,0.086,-0.012288,-0.005357,
87,0.087,-0.005673,-0.012282,
88,0.088,-0.007687,-0.003847,
89,0.089,-0.002106,0.001690,
90,0.090,-0.007173,-0.001389,
91,0.091,0.003442,-0.009846,
92,0.092,-0.000652,-0.004292,
93,0.093,0.000498,0.002920,
94,0.094,0.003661,0.003715,
95,0.095,0.004613,-0.000544,
96,0.096,0.000012,0.001624,
97,0.097,-0.000878,-0.000409,
98,0.098,-0.007826,0.001268,
99,0.099,-0.003294,0.010015,
100,0.100,-0.016131,0.006261,
101,0.101,0.004261,0.007229,
102,0.102,0.001487,0.004149,
103,0.103,-0.000940,0.006814,
104,0.104,0.001193,0.009294,
105,0.105,0.003149,0.002336,
106,0.106,0.004920,0.001466,
107,0.107,0.009906,-0.002762,
108,0.108,0.005254,-0.006474,
109,0.109,0.006519,-0.000059,
110,0.110,0.002724,0.004149,
111,0.111,-0.000562,0.006332,
112,0.112,0.002401,0.001422,
113,0.113,0.005020,0.008321,
114,0.114,0.005767,0.009128,
115,0.115,0.005010,0.008242,
116,0.116,0.008467,0.004497,
117,0.117,0.004160,0.005144,
118,0.118,-0.004675,0.010857,
119,0.119,0.001517,-0.000633,
120,0.120,-0.001736,-0.009058,
121,0.121,0.001240,-0.004483,
122,0.122,-0.005207,-0.000431,
123,0.123,-0.001036,0.005821,
124,0.124,0.001117,0.002600,
125,0.125,-0.002472,0.001585,
126,0.126,-0.000818,-0.006879,
127,0.127,-0.003733,-0.007894,
128,0.128,-0.001238,-0.010934,
129,0.129,-0.000096,-0.010077,
130,0.130,0.002729,-0.015993,
131,0.131,0.005277,-0.016666,
132,0.132,0.002003,-0.008876,
133,0.133,-0.004428,-0.009871,
134,0.134,0.001983,-0.001392,
135,0.135,-0.000593,0.006420,
136,0.136,0.001599,0.003411,
137,0.137,-0.006193,0.002598,
138,0.138,-0.000953,0.003467,
139,0.139,0.001748,0.004175,
140,0.140,0.004312,0.003539,
141,0.141,-0.000931,0.005282,
142,0.142,0.001121,-0.003473,
143,0.143,-0.000559,0.000298,
144,0.144,-0.004609,0.003572,
145,0.145,0.001158,-0.005836,
146,0.146,-0.001023,-0.002057,
147,0.147,0.002542,-0.005210,
148,0.148,-0.000484,-0.002108,
149,0.149,0.002394,0.004385,
150,0.150,0.003919,0.003599,
151,0.151,0.001716,0.001457,
152,0.152,-0.000291,0.007942,
153,0.153,-0.003829,0.005455,
154,0.154,0.003135,0.007697,
155,0.155,-0.008333,0.004183,
156,0.156,0.002361,0.009967,
157,0.157,0.001029,0.004755,
158,0.158,-0.000131,0.002757,
159,0.159,0.005456,-0.002973,
160,0.160,0.000220,0.002302,
161,0.161,-0.002481,0.003009,
162,0.162,0.001755,0.001345,
163,0.163,-0.001958,0.003055,
164,0.164,-0.003990,0.000528,
165,0.165,0.001761,0.002728,
166,0.166,-0.001960,-0.002012,
167,0.167,0.002932,-0.003703,
168,0.168,-0.004012,0.005093,
169,0.169,0.004437,0.006292,
170,0.170,-0.005890,0.009504,
171,0.171,0.003746,0.004244,
172,0.172,0.000022,-0.000339,
173,0.173,-0.000989,-0.004581,
174,0.174,0.000029,-0.002399,
175,0.175,0.000877,-0.001757,
176,0.176,0.008982,-0.004497,
177,0.177,-0.003889,-0.006249,
178,0.178,0.016572,-0.002244,
179,0.179,-0.024545,0.002438,
180,0.180,0.016380,-0.001841,
181,0.181,-0.010186,-0.004764,
182,0.182,-0.005449,-0.002263,
183,0.183,0.007736,-0.006521,
184,0.184,-0.004119,-0.012974,
185,0.185,-0.007685,-0.008750,
186,0.186,-0.004483,-0.003502,
187,0.187,-0.001620,-0.001488,
188,0.188,-0.015337,-0.003202,
189,0.189,0.001899,-0.010841,
190,0.190,-0.004713,-0.005632,
191,0.191,0.001379,-0.004832,
192,0.192,0.003233,-0.005733,
193,0.193,0.001543,-0.007999,
194,0.194,0.000014,-0.004512,
195,0.195,0.001348,-0.004075,
196,0.196,-0.002376,-0.002460,
197,0.197,0.005402,-0.005064,
198,0.198,0.008445,0.001806,
199,0.199,0.005735,0.000722,
200,0.200,-0.000179,-0.000191,
201,0.201,0.003549,0.000577,
202,0.202,-0.007117,0.005726,
203,0.203,-0.008637,0.007671,
204,0.204,-0.007298,0.004535,
205,0.205,0.004032,0.002766,
206,0.206,0.002503,0.000150,
207,0.207,0.009440,0.005149,
208,0.208,0.005718,0.001514,
209,0.209,0.002510,0.003123,
210,0.210,-0.000523,0.003547,
211,0.211,0.000336,0.003975,
212,0.212,0.006258,0.010831,
213,0.213,0.004067,0.011777,
214,0.214,0.000532,0.008989,
215,0.215,0.010010,0.001128,
216,0.216,0.000384,0.000043,
217,0.217,-0.003332,-0.008485,
218,0.218,-0.000103,-0.005338,
219,0.219,-0.003132,-0.000152,
220,0.220,-0.003956,0.002502,
221,0.221,-0.009864,0.001614,
222,0.222,-0.004601,0.005298,
223,0.223,-0.002559,0.011685,
224,0.224,0.006935,0.005718,
225,0.225,0.005605,0.015650,
226,0.226,-0.000631,0.008682,
227,0.227,0.002603,0.004938,
228,0.228,0.003624,0.001698,
229,0.229,0.000949,-0.003560,
230,0.230,-0.003279,-0.008133,
231,0.231,0.000469,-0.007297,
232,0.232,-0.000175,-0.009502,
233,0.233,0.002872,-0.015926,
234,0.234,0.000033,-0.016773,
235,0.235,0.001560,-0.005270,
236,0.236,-0.001482,-0.003561,
237,0.237,0.004119,-0.002018,
238,0.238,0.001952,0.002074,
239,0.239,-0.007379,0.005842,
240,0.240,-0.003565,0.009102,
241,0.241,-0.006504,0.008137,
242,0.242,-0.001278,0.007362,
243,0.243,0.005164,0.008299,
244,0.244,-0.002661,0.004661,
245,0.245,-0.001671,-0.000157,
246,0.246,-0.000824,-0.003113,
247,0.247,-0.001712,0.001032,
248,0.248,-0.005450,0.001626,
249,0.249,-0.003415,0.005940,
250,0.250,0.004848,0.013637,
251,0.251,-0.002994,0.006440,
252,0.252,0.006431,0.005673,
253,0.253,0.002664,-0.003723,
254,0.254,-0.000581,-0.004839,
255,0.255,0.000360,-0.003758,
256,0.256,0.001147,-0.002676,
257,0.257,-0.003137,-0.003464,
258,0.258,-0.003857,-0.004261,
259,0.259,-0.005947,-0.002002,
260,0.260,0.000930,0.000085,
261,0.261,-0.000005,-0.006805,
262,0.262,-0.007858,0.003547,
263,0.263,0.001554,0.002227,
264,0.264,-0.002238,-0.001475,
265,0.265,0.003274,-0.002484,
266,0.266,0.000173,-0.001467,
267,0.267,-0.004475,-0.000614,
268,0.268,-0.002016,-0.001463,
269,0.269,-0.001418,-0.005172,
270,0.270,0.000535,-0.008725,
271,0.271,0.002141,-0.004510,
272,0.272,-0.003191,-0.000473,
273,0.273,-0.003940,0.006256,
274,0.274,-0.002319,-0.002244,
275,0.275,0.002856,-0.005505,
276,0.276,0.003472,-0.000302,
277,0.277,-0.002519,-0.001874,
278,0.278,-0.005642,-0.001082,
279,0.279,0.003090,0.001399,
280,0.280,-0.015913,0.000656,
281,0.281,0.008722,-0.001431,
282,0.282,-0.007742,0.002761,
283,0.283,0.007091,0.002219,
284,0.284,0.004330,-0.002556,
285,0.285,-0.002983,0.001633,
286,0.286,-0.009615,-0.002473,
287,0.287,0.020968,-0.009286,
288,0.288,-0.045204,-0.008500,
289,0.289,-0.149594,-0.004326,
290,0.290,0.058971,-0.012839,
291,0.291,0.029177,-0.020677,
292,0.292,0.056227,-0.011270,
293,0.293,0.031694,-0.007605,
294,0.294,0.009381,-0.004448,
295,0.295,0.029692,0.000734,
296,0.296,0.011276,-0.000177,
297,0.297,-0.005448,0.005676,
298,0.298,0.009806,0.003419,
299,0.299,0.023709,0.006925,
300,0.300,0.011239,0.005183,
301,0.301,-0.000215,0.006838,
302,0.302,-0.010485,0.010343,
303,0.303,0.017984,0.006062,
304,0.304,0.009409,0.001943,
305,0.305,0.001682,0.004433,
306,0.306,-0.005366,0.010482,
307,0.307,0.001116,-0.002410,
308,0.308,-0.004572,-0.000574,
309,0.309,0.011395,0.004475,
310,0.310,-0.002915,0.009027,
311,0.311,-0.007243,0.007655,
312,0.312,-0.003272,0.011356,
313,0.313,-0.006744,0.012356,
314,0.314,-0.009860,0.005067,
315,0.315,-0.000965,-0.001368,
316,0.316,-0.003579,-0.000525,
317,0.317,-0.001120,-0.008975,
318,0.318,-0.003221,0.001358,
319,0.319,0.002956,0.008317,
320,0.320,0.001181,0.009520,
321,0.321,-0.003796,0.015117,
322,0.322,-0.002170,0.014131,
323,0.323,0.001984,0.007730,
324,0.324,-0.004193,0.003531,
325,0.325,-0.000884,-0.000164,
326,0.326,0.006488,-0.002154,
327,0.327,-0.001888,-0.005152,
328,0.328,-0.007388,-0.002236,
329,0.329,-0.002064,-0.009960,
330,0.330,-0.002827,-0.020205,
331,0.331,-0.001908,-0.018753,
332,0.332,0.001885,-0.014937,
333,0.333,-0.007325,-0.009257,
334,0.334,-0.006062,0.002342,
335,0.335,-0.002761,0.003955,
336,0.336,-0.001691,0.010978,
337,0.337,-0.008088,0.007340,
338,0.338,-0.008857,0.006409,
339,0.339,0.002653,0.005481,
340,0.340,0.000909,0.008289,
341,0.341,-0.000459,-0.001082,
342,0.342,-0.007279,-0.002169,
343,0.343,-0.003439,-0.001035,
344,0.344,-0.006593,-0.001936,
345,0.345,-0.001317,-0.000974,
346,0.346,-0.002116,-0.003384,
347,0.347,-0.001242,-0.008486,
348,0.348,-0.006494,-0.001914,
349,0.349,0.001285,-0.006007,
350,0.350,0.000277,-0.002149,
351,0.351,0.006693,0.001522,
352,0.352,0.004131,0.002143,
353,0.353,0.001913,-0.002988,
354,0.354,0.003942,-0.002209,
355,0.355,0.006984,-0.001610,
356,0.356,0.000530,-0.005581,
357,0.357,0.001342,-0.000757,
358,0.358,0.000635,-0.002377,
359,0.359,0.005506,0.004116,
360,0.360,-0.000273,0.003333,
361,0.361,-0.002514,0.008623,
362,0.362,-0.006107,0.007990,
363,0.363,-0.005638,0.002279,
364,0.364,0.003109,0.001637,
365,0.365,0.001878,-0.001892,
366,0.366,-0.003754,-0.001362,
367,0.367,0.005680,-0.004221,
368,0.368,0.006829,0.000526,
369,0.369,-0.000993,0.004774,
370,0.370,-0.004070,0.000725,
371,0.371,0.000459,0.006480,
372,0.372,0.006344,0.008686,
373,0.373,-0.000630,0.006647,
374,0.374,-0.001508,-0.001662,
375,0.375,0.007934,-0.000667,
376,0.376,0.001634,0.004551,
377,0.377,0.000593,-0.003929,
378,0.378,0.002242,-0.010054,
379,0.379,-0.003043,-0.022607,
380,0.380,0.010970,-0.014192,
381,0.381,-0.015619,-0.009685,
382,0.382,0.002455,-0.005686,
383,0.383,-0.007377,-0.002020,
384,0.384,0.007470,0.003510,
385,0.385,0.015553,0.004480,
386,0.386,-0.001719,0.001730,
387,0.387,0.004858,0.002546,
388,0.388,-0.001268,-0.002747,
389,0.389,-0.010603,-0.004845,
390,0.390,-0.012308,-0.001868,
391,0.391,-0.007759,-0.007187,
392,0.392,0.004730,0.000508,
393,0.393,0.003014,0.001438,
394,0.394,-0.001581,-0.003203,
395,0.395,-0.005679,-0.012748,
396,0.396,0.005625,-0.009098,
397,0.397,0.007130,-0.005952,
398,0.398,0.003044,-0.005015,
399,0.399,0.001814,0.003362,
400,0.400,0.000774,0.004287,
401,0.401,-0.008729,0.003185,
402,0.402,-0.005033,0.003949,
403,0.403,-0.010646,0.004717,
404,0.404,-0.001211,0.005311,
405,0.405,-0.000054,0.004559,
406,0.406,0.000922,0.003986,
407,0.407,-0.000136,0.006792,
408,0.408,0.002541,0.007227,
409,0.409,0.001654,0.014097,
410,0.410,-0.000574,0.008794,
411,0.411,0.000064,0.006024,
412,0.412,0.005785,0.005121,
413,0.413,0.002015,0.002875,
414,0.414,0.008410,-0.003609,
415,0.415,-0.001089,-0.001122,
416,0.416,-0.002303,-0.003381,
417,0.417,0.000888,-0.004110,
418,0.418,-0.002174,0.001593,
419,0.419,0.000525,0.002220,
420,0.420,-0.003739,-0.001371,
421,0.421,-0.000045,0.002818,
422,0.422,-0.002105,0.001090,
423,0.423,-0.005174,-0.003673,
424,0.424,0.003589,-0.004223,
425,0.425,-0.002710,-0.008315,
426,0.426,0.002843,-0.001582,
427,0.427,-0.000244,-0.000761,
428,0.428,-0.004840,0.000055,
429,0.429,-0.002343,0.005270,
430,0.430,-0.003061,0.007264,
431,0.431,-0.003761,0.005556,
432,0.432,0.004488,0.005040,
433,0.433,0.003429,0.004532,
434,0.434,-0.006047,0.000310,
435,0.435,-0.002359,-0.007283,
436,0.436,0.005424,0.000018,
437,0.437,0.002361,0.008492,
438,0.438,-0.002232,0.002925,
439,0.439,0.000288,0.005983,
440,0.440,0.005508,0.005161,
441,0.441,-0.000929,0.000950,
442,0.442,0.003300,-0.005974,
443,0.443,0.008575,-0.006791,
444,0.444,0.005031,-0.005918,
445,0.445,-0.004448,-0.008102,
446,0.446,0.002490,-0.003174,
447,0.447,0.011297,0.003789,
448,0.448,0.000985,0.006527,
449,0.449,0.002354,0.005716,
450,0.450,0.001180,0.003558,
451,0.451,0.002207,0.000055,
452,0.452,0.003227,0.000603,
453,0.453,-0.003174,-0.003414,
454,0.454,0.004627,-0.006937,
455,0.455,0.001612,-0.004707,
456,0.456,-0.006812,0.001751,
457,0.457,0.001011,-0.002777,
458,0.458,-0.004193,-0.001892,
459,0.459,-0.001446,0.000340,
460,0.460,-0.007333,-0.000298,
461,0.461,0.004198,-0.007203,
462,0.462,-0.004227,-0.002608,
463,0.463,-0.002663,-0.005126,
464,0.464,-0.001275,0.001820,
465,0.465,-0.007488,-0.000878,
466,0.466,-0.004242,-0.001705,
467,0.467,-0.009455,0.003559,
468,0.468,0.004615,0.000018,
469,0.469,-0.001440,-0.000484,
470,0.470,0.004195,0.002404,
471,0.471,0.002535,-0.002323,
472,0.472,0.004111,0.007163,
473,0.473,0.008214,-0.002471,
474,0.474,0.004532,0.001258,
475,0.475,0.007789,0.000246,
476,0.476,-0.001658,0.001257,
477,0.477,0.007181,0.000425,
478,0.478,0.004011,0.002968,
479,0.479,0.000153,0.000089,
480,0.480,-0.002847,0.000754,
481,0.481,0.011232,0.001422,
482,0.482,-0.019343,-0.000287,
483,0.483,0.011479,-0.003178,
484,0.484,-0.008456,-0.005738,
485,0.485,-0.004878,0.001178,
486,0.486,0.004960,0.002167,
487,0.487,-0.003808,0.001305,
488,0.488,-0.001075,-0.004629,
489,0.489,-0.008332,0.002281,
490,0.490,-0.006112,0.004974,
491,0.491,-0.016243,-0.000965,
492,0.492,0.000531,0.001212,
493,0.493,0.007143,0.006106,
494,0.494,0.001079,-0.002196,
495,0.495,0.002962,-0.001197,
496,0.496,0.004655,-0.000195,
497,0.497,-0.002957,-0.001056,
498,0.498,0.001113,-0.000232,
499,0.499,-0.000063,-0.005510,
500,0.500,0.000962,-0.000639,
501,0.501,-0.008518,-0.002366,
502,0.502,-0.002260,0.005221,
503,0.503,-0.001253,0.002149,
504,0.504,-0.002286,0.001292,
505,0.505,-0.005004,-0.006483,
506,0.506,-0.002479,-0.005453,
507,0.507,-0.000304,-0.000873,
508,0.508,0.003228,-0.003410,
509,0.509,0.006242,-0.002727,
510,0.510,0.002158,-0.003398,
511,0.511,0.000610,0.000836,
512,0.512,0.001784,0.003707,
513,0.513,-0.002125,0.001170,
514,0.514,0.001414,-0.003912,
515,0.515,0.001738,-0.004581,
516,0.516,0.004595,0.001169,
517,0.517,-0.001177,0.008109,
518,0.518,-0.008977,0.001682,
519,0.519,0.002516,0.000834,
520,0.520,-0.008159,0.000140,
521,0.521,-0.001235,0.000806,
522,0.522,-0.000058,-0.000907,
523,0.523,0.003159,0.001964,
524,0.524,0.008395,0.003491,
525,0.525,-0.000074,-0.003430,
526,0.526,-0.003295,0.001818,
527,0.527,0.001940,0.006394,
528,0.528,-0.004500,0.012325,
529,0.529,-0.000283,0.007101,
530,0.530,-0.004025,0.007804,
531,0.531,0.006618,0.003588,
532,0.532,0.008137,0.005289,
533,0.533,0.001179,-0.001478,
534,0.534,0.002357,-0.000634,
535,0.535,0.003381,-0.003173,
536,0.536,0.000333,-0.000966,
537,0.537,0.003060,0.002600,
538,0.538,0.000527,-0.005684,
539,0.539,0.002733,-0.002468,
540,0.540,-0.007918,-0.003470,
541,0.541,0.002767,-0.011913,
542,0.542,-0.004156,-0.008689,
543,0.543,-0.005305,-0.003435,
544,0.544,0.002521,-0.004267,
545,0.545,0.005592,0.001659,
546,0.546,0.001061,0.008604,
547,0.547,-0.004830,0.015037,
548,0.548,-0.005479,0.010818,
549,0.549,0.003853,0.007114,
550,0.550,0.000150,-0.002185,
551,0.551,0.003399,-0.000984,
552,0.552,0.004446,-0.011275,
553,0.553,0.003625,-0.020884,
554,0.554,0.001123,-0.019672,
555,0.555,0.003351,-0.009315,
556,0.556,0.004061,-0.002353,
557,0.557,0.007125,-0.003512,
558,0.558,0.003098,-0.000281,
559,0.559,0.000595,0.000753,
560,0.560,-0.003606,0.003489,
561,0.561,-0.001880,0.004361,
562,0.562,-0.004387,0.008114,
563,0.563,-0.001303,0.001716,
564,0.564,-0.001624,0.005976,
565,0.565,0.001966,0.002282,
566,0.566,-0.001059,0.005864,
567,0.567,0.001853,0.005391,
568,0.568,0.002204,0.014225,
569,0.569,0.001196,0.007991,
570,0.570,-0.003857,0.011231,
571,0.571,-0.008757,0.003982,
572,0.572,0.000728,-0.008173,
573,0.573,-0.000603,-0.009840,
574,0.574,-0.001777,-0.002201,
575,0.575,-0.004983,-0.003533,
576,0.576,0.002289,-0.004700,
577,0.577,-0.000417,-0.007895,
578,0.578,0.003819,-0.010920,
579,0.579,-0.001427,-0.000574,
580,0.580,-0.000242,0.003327,
581,0.581,-0.003796,0.007397,
582,0.582,0.005680,0.006222,
583,0.583,-0.015131,0.005216,
584,0.584,-0.000261,0.002176,
585,0.585,-0.008398,-0.000521,
586,0.586,-0.001152,0.003706,
587,0.587,0.001024,0.003037,
588,0.588,-0.001034,-0.000509,
589,0.589,-0.010361,-0.001018,
590,0.590,-0.001932,-0.000512,
591,0.591,-0.003492,0.001011,
592,0.592,-0.004862,0.000671,
593,0.593,0.003908,0.001003,
594,0.594,-0.001704,-0.000861,
595,0.595,0.003518,0.003017,
596,0.596,0.000781,-0.000549,
597,0.597,0.003296,-0.004782,
598,0.598,0.008514,0.001638,
599,0.599,-0.002170,-0.002611,
600,0.600,-0.003727,-0.009574,
601,0.601,0.005890,-0.006902,
602,0.602,-0.000391,-0.004386,
603,0.603,0.002794,-0.009650,
604,0.604,-0.000278,-0.004760,
605,0.605,0.010005,-0.000540,
606,0.606,0.000333,0.007077,
607,0.607,0.001491,0.004052,
608,0.608,0.004681,-0.002356,
609,0.609,-0.002628,0.000201,
610,0.610,-0.001814,-0.000454,
611,0.611,-0.006083,0.001588,
612,0.612,0.005388,-0.001449,
613,0.613,-0.006484,-0.000927,
614,0.614,0.004159,-0.002441,
615,0.615,-0.005507,-0.001244,
616,0.616,0.005812,-0.000054,
617,0.617,0.004274,0.002488,
618,0.618,0.000209,0.000793,
619,0.619,0.003926,0.001118,
620,0.620,0.002895,0.000420,
621,0.621,-0.004393,-0.000271,
622,0.622,0.004048,0.000381,
623,0.623,0.005061,0.002711,
624,0.624,0.004054,0.000987,
625,0.625,-0.000504,0.002314,
626,0.626,-0.003040,0.002965,
627,0.627,-0.000843,-0.000789,
628,0.628,-0.001529,0.004926,
629,0.629,-0.002038,0.002694,
630,0.630,-0.000353,-0.000887,
631,0.631,0.002186,-0.000414,
632,0.632,0.004395,-0.002135,
633,0.633,0.002370,-0.003690,
634,0.634,0.008119,0.002369,
635,0.635,0.000331,-0.001888,
636,0.636,0.003406,0.000282,
637,0.637,-0.003024,0.000938,
638,0.638,0.001232,0.002620,
639,0.639,0.000567,0.000919,
640,0.640,-0.007226,-0.001626,
641,0.641,-0.004181,0.004459,
642,0.642,-0.001458,0.005286,
643,0.643,-0.002306,0.008997,
644,0.644,0.002952,0.011030,
645,0.645,-0.004826,0.004101,
646,0.646,-0.005838,0.006821,
647,0.647,-0.003121,0.007677,
648,0.648,0.006367,0.005480,
649,0.649,-0.002406,0.003466,
650,0.650,-0.003411,-0.004809,
651,0.651,0.001842,-0.010378,
652,0.652,-0.000854,-0.013409,
653,0.653,0.003399,-0.010669,
654,0.654,-0.000309,-0.009801,
655,0.655,-0.002313,-0.013494,
656,0.656,-0.001802,-0.011440,
657,0.657,0.002253,-0.007173,
658,0.658,-0.001294,-0.006634,
659,0.659,0.002924,0.001165,
660,0.660,0.000050,0.002206,
661,0.661,-0.001471,-0.000818,
662,0.662,-0.007560,-0.001638,
663,0.663,0.000217,-0.002451,
664,0.664,-0.002834,-0.000220,
665,0.665,-0.001975,0.001833,
666,0.666,-0.006226,0.004902,
667,0.667,-0.004030,0.013720,
668,0.668,0.003725,0.010028,
669,0.669,0.000654,0.004472,
670,0.670,0.001488,0.005508,
671,0.671,-0.001077,0.006373,
672,0.672,-0.006345,0.002165,
673,0.673,-0.005684,0.004383,
674,0.674,0.000050,0.002376,
675,0.675,0.006956,0.006628,
676,0.676,0.009632,0.007158,
677,0.677,0.005373,0.003628,
678,0.678,0.004671,0.006696,
679,0.679,0.001088,0.010612,
680,0.680,-0.005881,0.007080,
681,0.681,0.004072,0.004901,
682,0.682,-0.002382,0.001873,
683,0.683,0.010453,-0.002853,
684,0.684,-0.017486,-0.003351,
685,0.685,0.010407,-0.005033,
686,0.686,-0.007723,-0.011792,
687,0.687,0.002052,-0.010935,
688,0.688,0.010802,-0.010086,
689,0.689,0.008060,-0.007884,
690,0.690,-0.004327,0.002771,
691,0.691,0.006792,-0.001791,
692,0.692,0.000669,-0.008717,
693,0.693,0.002499,-0.009891,
694,0.694,0.004159,-0.008879,
695,0.695,-0.003475,-0.005831,
696,0.696,-0.004860,-0.001257,
697,0.697,-0.008616,-0.003790,
698,0.698,-0.005428,-0.003121,
699,0.699,-0.004441,-0.003816,
700,0.700,0.000089,0.000395,
701,0.701,-0.012801,-0.007243,
702,0.702,-0.003521,-0.000001,
703,0.703,-0.012007,0.000810,
704,0.704,0.007917,0.006707,
705,0.705,0.005188,0.001449,
706,0.706,-0.002106,0.003458,
707,0.707,0.009040,0.007685,
708,0.708,-0.005189,0.003620,
709,0.709,-0.003348,0.006144,
710,0.710,-0.005046,0.003103,
711,0.711,0.005597,-0.003326,
712,0.712,-0.001352,-0.000613,
713,0.713,-0.007621,0.003606,
714,0.714,0.009465,0.004253,
715,0.715,0.002190,0.004908,
716,0.716,0.013362,0.000658,
717,0.717,0.007287,0.001145,
718,0.718,-0.001992,0.003670,
719,0.719,0.006493,0.003306,
720,0.720,-0.001095,0.001240,
721,0.721,-0.002428,0.002226,
722,0.722,-0.001232,-0.000167,
723,0.723,0.004363,-0.001894,
724,0.724,0.001346,-0.001761,
725,0.725,-0.001332,-0.001117,
726,0.726,-0.002142,-0.004868,
727,0.727,0.000087,-0.002368,
728,0.728,0.002145,-0.001223,
729,0.729,-0.000881,-0.004139,
730,0.730,-0.001367,-0.000621,
731,0.731,-0.002865,0.001537,
732,0.732,-0.000624,0.001155,
733,0.733,-0.003476,0.003641,
734,0.734,-0.000903,0.001220,
735,0.735,0.004359,-0.000529,
736,0.736,0.006581,0.003634,
737,0.737,0.001725,0.003061,
738,0.738,0.002264,0.003498,
739,0.739,0.002826,-0.004349,
740,0.740,-0.001875,-0.003388,
741,0.741,-0.001348,-0.004445,
742,0.742,0.000403,0.003969,
743,0.743,-0.003120,-0.001659,
744,0.744,-0.000035,-0.008974,
745,0.745,0.002034,-0.006304,
746,0.746,0.000234,0.001450,
747,0.747,0.005489,0.004479,
748,0.748,0.006049,0.001753,
749,0.749,0.002614,0.000881,
750,0.750,-0.000326,0.003033,
751,0.751,0.001524,0.003666,
752,0.752,0.009383,-0.000620,
753,0.753,-0.003015,-0.004726,
754,0.754,-0.004607,-0.000032,
755,0.755,-0.002940,-0.009543,
756,0.756,0.001248,-0.002648,
757,0.757,0.000210,0.003576,
758,0.758,-0.005226,-0.004248,
759,0.759,0.000142,-0.001246,
760,0.760,-0.000561,-0.007717,
761,0.761,-0.002963,0.001702,
762,0.762,-0.003481,0.012990,
763,0.763,-0.001304,0.005343,
764,0.764,-0.004215,0.003955,
765,0.765,-0.008133,0.002729,
766,0.766,-0.009516,-0.000532,
767,0.767,-0.002441,0.002460,
768,0.768,-0.001291,0.003259,
769,0.769,0.003396,-0.002700,
770,0.770,0.007755,-0.006460,
771,0.771,0.005681,-0.001581,
772,0.772,-0.001963,-0.001109,
773,0.773,0.003394,-0.005211,
774,0.774,0.002671,-0.004746,
775,0.775,0.007014,0.000291,
776,0.776,0.004920,-0.001763,
777,0.777,0.009929,-0.000092,
778,0.778,0.005798,-0.002983,
779,0.779,0.000671,-0.001468,
780,0.780,-0.002789,-0.001137,
781,0.781,0.006784,0.001737,
782,0.782,0.006193,0.000213,
783,0.783,0.002213,0.003764,
784,0.784,0.016162,0.008839,
785,0.785,-0.011676,0.005291,
786,0.786,0.008346,0.009520,
787,0.787,-0.002417,0.006656,
788,0.788,0.007429,0.001933,
789,0.789,0.010345,0.000260,
790,0.790,-0.008731,-0.001422,
791,0.791,0.008552,-0.002929,
792,0.792,0.001979,-0.004101,
793,0.793,0.004027,-0.003744,
794,0.794,-0.012701,-0.005582,
795,0.795,0.020982,-0.008774,
796,0.796,0.093736,-0.005876,
797,0.797,-0.062741,-0.000090,
798,0.798,-0.040417,0.012809,
799,0.799,-0.060720,0.010976,
800,0.800,-0.005245,0.012700,
801,0.801,-0.022007,0.008165,
802,0.802,-0.006811,0.004136,
803,0.803,-0.020718,0.002980,
804,0.804,-0.008242,-0.000210,
805,0.805,-0.019802,-0.003221,
806,0.806,-0.009548,0.003233,
807,0.807,-0.000139,-0.000953,
808,0.808,-0.008840,-0.000229,
809,0.809,-0.001141,0.004713,
810,0.810,-0.008330,-0.004706,
811,0.811,-0.001986,-0.008726,
812,0.812,0.003676,-0.004951,
813,0.813,0.008816,0.000692,
814,0.814,0.003990,0.003795,
815,0.815,0.008282,0.004698,
816,0.816,0.004289,0.000527,
817,0.817,0.007736,-0.003139,
818,0.818,0.004413,-0.002405,
819,0.819,0.001434,-0.009285,
820,0.820,-0.006792,-0.000770,
821,0.821,0.010359,0.002496,
822,0.822,0.003647,0.003567,
823,0.823,0.005541,0.000910,
824,0.824,0.007282,-0.004967,
825,0.825,0.005453,-0.007117,
826,0.826,0.006851,-0.005036,
827,0.827,-0.005791,-0.006690,
828,0.828,0.005922,-0.004964,
829,0.829,-0.001827,-0.003410,
830,0.830,0.004967,-0.000336,
831,0.831,0.006009,0.000877,
832,0.832,0.002665,0.001935,
833,0.833,0.003556,-0.001226,
834,0.834,0.009852,0.002723,
835,0.835,0.003808,-0.001938,
836,0.836,0.013648,-0.001357,
837,0.837,0.003875,-0.002992,
838,0.838,0.000040,0.000597,
839,0.839,0.000916,0.000291,
840,0.840,-0.000223,0.003203,
841,0.841,0.000500,0.005109,
842,0.842,-0.005547,-0.000103,
843,0.843,-0.006351,-0.000750,
844,0.844,-0.004434,0.002848,
845,0.845,-0.000317,0.001197,
846,0.846,0.001307,-0.001648,
847,0.847,-0.004486,0.006169,
848,0.848,-0.005323,0.002993,
849,0.849,-0.007496,0.004048,
850,0.850,0.000672,0.004931,
851,0.851,0.003839,0.004124,
852,0.852,-0.003483,0.004826,
853,0.853,0.002890,0.001298,
854,0.854,0.005378,0.003008,
855,0.855,0.003153,-0.003405,
856,0.856,0.003790,-0.000854,
857,0.857,0.003254,0.001368,
858,0.858,0.003753,-0.006387,
859,0.859,0.000179,0.000910,
860,0.860,-0.001011,-0.001766,
861,0.861,0.005402,-0.000896,
862,0.862,-0.004912,-0.004595,
863,0.863,0.002032,-0.003896,
864,0.864,-0.004220,-0.005563,
865,0.865,-0.003202,-0.003846,
866,0.866,0.002052,-0.002301,
867,0.867,-0.002515,-0.001092,
868,0.868,0.000032,-0.003962,
869,0.869,-0.002170,-0.001421,
870,0.870,0.001383,-0.000409,
871,0.871,0.008322,0.004673,
872,0.872,-0.001974,0.005359,
873,0.873,0.007684,0.002328,
874,0.874,-0.001100,0.002834,
875,0.875,-0.004299,0.009593,
876,0.876,0.000962,0.010430,
877,0.877,0.001831,0.007880,
878,0.878,0.000995,0.008551,
879,0.879,0.000341,0.006507,
880,0.880,-0.001668,-0.002970,
881,0.881,-0.005870,-0.009912,
882,0.882,-0.001785,-0.011106,
883,0.883,0.000766,-0.017885,
884,0.884,-0.002771,-0.016890,
885,0.885,0.004176,-0.003210,
886,0.886,-0.011541,0.006066,
887,0.887,0.013164,0.004350,
888,0.888,0.003361,-0.000237,
889,0.889,-0.005432,-0.007189,
890,0.890,0.008279,0.001584,
891,0.891,0.005922,0.002584,
892,0.892,-0.000666,-0.006918,
893,0.893,-0.006745,-0.003232,
894,0.894,-0.012322,0.002315,
895,0.895,0.006303,0.001267,
896,0.896,-0.006024,0.002072,
897,0.897,0.009570,0.006259,
898,0.898,-0.004602,0.002495,
899,0.899,-0.010156,-0.001100,
900,0.900,-0.011821,0.003084,
901,0.901,0.008189,-0.001019,
902,0.902,0.000105,0.001478,
903,0.903,-0.002226,0.000259,
904,0.904,0.004400,-0.000119,
905,0.905,0.006452,-0.002690,
906,0.906,0.000911,-0.007287,
907,0.907,0.006019,-0.003091,
908,0.908,0.001486,-0.006013,
909,0.909,0.005583,-0.005547,
910,0.910,-0.003158,-0.005236,
911,0.911,0.000097,-0.000535,
912,0.912,0.003179,0.001128,
913,0.913,0.002371,0.000580,
914,0.914,-0.000131,0.002063,
915,0.915,0.003630,-0.002210,
916,0.916,-0.001243,0.006552,
917,0.917,0.004546,0.007709,
918,0.918,0.000869,0.006670,
919,0.919,-0.004003,0.003593,
920,0.920,-0.005654,0.002719,
921,0.921,-0.003926,-0.001526,
922,0.922,-0.000339,0.005385,
923,0.923,-0.000645,0.004523,
924,0.924,-0.003487,0.003673,
925,0.925,-0.005317,0.005875,
926,0.926,-0.002068,-0.000542,
927,0.927,-0.001696,0.005387,
928,0.928,-0.004194,-0.001545,
929,0.929,-0.003149,0.001162,
930,0.930,-0.000081,0.002005,
931,0.931,0.005020,0.002680,
932,0.932,0.004369,0.003361,
933,0.933,0.008629,0.005055,
934,0.934,0.001049,0.003368,
935,0.935,0.010550,-0.000183,
936,0.936,0.001780,-0.004396,
937,0.937,0.002815,-0.004872,
938,0.938,-0.000204,-0.001285,
939,0.939,-0.001007,-0.005482,
940,0.940,0.001537,0.003344,
941,0.941,-0.002158,0.002185,
942,0.942,0.002765,0.001201,
943,0.943,-0.001465,0.000210,
944,0.944,-0.001960,0.002936,
945,0.945,-0.005504,0.000429,
946,0.946,-0.010542,0.004192,
947,0.947,-0.002733,0.000669,
948,0.948,0.000343,0.001197,
949,0.949,-0.008118,-0.000469,
950,0.950,0.002205,-0.004001,
951,0.951,-0.001853,-0.006159,
952,0.952,0.006968,-0.004928,
953,0.953,0.010199,-0.006733,
954,0.954,-0.005531,-0.010567,
955,0.955,0.001058,-0.003757,
956,0.956,-0.000962,0.006598,
957,0.957,-0.002816,-0.000298,
958,0.958,-0.014658,-0.003985,
959,0.959,-0.004015,0.001625,
960,0.960,0.002907,-0.001395,
961,0.961,-0.003360,0.005061,
962,0.962,0.002202,0.005946,
963,0.963,-0.003057,0.008183,
964,0.964,0.003352,0.003322,
965,0.965,0.002487,0.000326,
966,0.966,-0.004468,0.000882,
967,0.967,0.003974,0.004486,
968,0.968,-0.001628,0.004198,
969,0.969,0.003588,-0.002172,
970,0.970,0.006267,0.006326,
971,0.971,0.000312,0.000784,
972,0.972,0.004009,-0.008652,
973,0.973,-0.000920,-0.009805,
974,0.974,-0.003987,-0.008751,
975,0.975,0.000049,-0.005671,
976,0.976,-0.003527,-0.002933,
977,0.977,0.001525,-0.000377,
978,0.978,0.005059,0.001839,
979,0.979,0.000803,-0.003068,
980,0.980,-0.000923,-0.007290,
981,0.981,-0.001447,-0.000849,
982,0.982,-0.001118,-0.001686,
983,0.983,-0.000806,0.005262,
984,0.984,0.002731,0.006122,
985,0.985,-0.001522,0.001569,
986,0.986,0.007259,-0.000969,
987,0.987,-0.011716,-0.001646,
988,0.988,0.007389,-0.000963,
989,0.989,0.000099,0.007328,
990,0.990,0.002291,0.004100,
991,0.991,0.008369,0.003077,
992,0.992,-0.004674,0.009496,
993,0.993,-0.002986,0.003566,
994,0.994,-0.010598,-0.003380,
995,0.995,-0.009249,0.005063,
996,0.996,-0.002989,0.010638,
997,0.997,0.009518,0.003371,
998,0.998,0.001078,0.004212,
999,0.999,0.002614,-0.006954,
1000,1.000,-0.001453,-0.011531,
1001,1.001,-0.002621,-0.012900,
1002,1.002,0.005173,-0.011730,
1003,1.003,0.012462,-0.001426,
1004,1.004,-0.001552,0.002621,
1005,1.005,-0.003578,-0.001108,
1006,1.006,0.002015,0.004468,
1007,1.007,0.007099,0.007513,
1008,1.008,0.005591,0.008356,
1009,1.009,-0.004040,0.005819,
1010,1.010,0.004776,0.000578,
1011,1.011,0.001600,0.001255,
1012,1.012,0.002651,-0.004500,
1013,1.013,-0.000021,-0.006720,
1014,1.014,0.000857,-0.007424,
1015,1.015,-0.004352,-0.004404,
1016,1.016,0.000599,-0.003936,
1017,1.017,0.003683,-0.010738,
1018,1.018,-0.000346,-0.000441,
1019,1.019,0.003238,-0.001817,
1020,1.020,-0.001813,-0.003027,
1021,1.021,0.000250,0.004743,
1022,1.022,-0.001406,-0.002554,
1023,1.023,-0.000863,-0.001734,
1024,1.024,-0.001352,0.000788,
1025,1.025,0.000873,0.004490,
1026,1.026,-0.001130,0.006488,
1027,1.027,0.002446,0.012215,
1028,1.028,0.008547,0.005255,
1029,1.029,-0.002594,0.000668,
1030,1.030,-0.004107,0.001492,
1031,1.031,0.005544,-0.000734,
1032,1.032,-0.000717,-0.002774,
1033,1.033,0.000306,-0.004482,
1034,1.034,-0.000707,0.003122,
1035,1.035,0.001990,0.000063,
1036,1.036,-0.009171,-0.004530,
1037,1.037,-0.004605,0.001369,
1038,1.038,-0.008681,0.008284,
1039,1.039,-0.002465,0.007414,
1040,1.040,0.000766,0.004869,
1041,1.041,-0.004509,0.002651,
1042,1.042,-0.007220,0.000599,
1043,1.043,-0.001323,0.004820,
1044,1.044,-0.005093,-0.003999,
1045,1.045,0.002652,-0.010282,
1046,1.046,-0.008893,-0.004702,
1047,1.047,-0.001301,-0.005718,
1048,1.048,0.008315,-0.001159,
1049,1.049,-0.000516,0.001375,
1050,1.050,0.000450,-0.000832,
1051,1.051,0.003441,0.001201,
1052,1.052,-0.003019,-0.000493,
1053,1.053,0.002880,-0.004556,
1054,1.054,0.003544,0.000184,
1055,1.055,0.002802,0.000695,
1056,1.056,-0.000296,-0.002176,
1057,1.057,-0.003216,-0.005720,
1058,1.058,0.000299,-0.003512,
1059,1.059,-0.006698,-0.003174,
1060,1.060,-0.007783,0.002572,
1061,1.061,-0.001415,0.012040,
1062,1.062,-0.002324,0.013211,
1063,1.063,-0.000173,0.005419,
1064,1.064,-0.006670,0.010660,
1065,1.065,-0.005885,0.006081,
1066,1.066,0.005551,-0.001705,
1067,1.067,0.000420,-0.002716,
1068,1.068,0.007981,-0.003560,
1069,1.069,0.000987,-0.007769,
1070,1.070,-0.005334,-0.002511,
1071,1.071,-0.002180,-0.004530,
1072,1.072,0.005038,-0.008738,
1073,1.073,-0.001449,-0.002296,
1074,1.074,-0.000661,0.008886,
1075,1.075,-0.000028,0.004344,
1076,1.076,0.009232,0.005731,
1077,1.077,0.000397,0.002041,
1078,1.078,0.005955,0.001061,
1079,1.079,0.002882,0.002099,
1080,1.080,0.007414,-0.004316,
1081,1.081,-0.000405,-0.000072,
1082,1.082,0.002617,-0.000739,
1083,1.083,0.009018,0.001310,
1084,1.084,-0.003859,0.005547,
1085,1.085,0.002047,0.000819,
1086,1.086,0.000165,0.000309,
1087,1.087,0.025517,0.002845,
1088,1.088,-0.021865,-0.004085,
1089,1.089,0.010428,0.001167,
1090,1.090,-0.006997,0.002027,
1091,1.091,-0.001748,-0.003879,
1092,1.092,0.012630,0.001379,
1093,1.093,-0.000561,-0.000644,
1094,1.094,0.003343,-0.008925,
1095,1.095,-0.007464,-0.005713,
1096,1.096,0.002383,-0.004696,
1097,1.097,-0.000473,-0.005526,
1098,1.098,0.007679,-0.006351,
1099,1.099,0.005357,-0.011575,
1100,1.100,-0.010164,-0.003777,
1101,1.101,-0.012159,0.001487,
1102,1.102,-0.013970,0.004203,
1103,1.103,0.011443,0.006743,
1104,1.104,0.000660,0.003034,
1105,1.105,-0.002502,0.003718,
1106,1.106,-0.005340,0.004236,
1107,1.107,0.008403,0.008299,
1108,1.108,0.006076,0.007794,
1109,1.109,0.003916,0.003569,
1110,1.110,0.001928,0.008823,
1111,1.111,-0.007336,0.002401,
1112,1.112,0.004552,-0.001818,
1113,1.113,0.000033,0.005116,
1114,1.114,0.001420,0.002399,
1115,1.115,-0.002260,-0.001840,
1116,1.116,-0.003238,-0.002531,
1117,1.117,-0.000150,-0.006109,
1118,1.118,0.004458,-0.001910,
1119,1.119,0.000274,-0.000246,
1120,1.120,-0.000368,-0.001801,
1121,1.121,0.001681,-0.001485,
1122,1.122,0.002222,-0.002698,
1123,1.123,-0.005357,-0.005268,
1124,1.124,-0.002301,-0.007671,
1125,1.125,-0.004984,-0.005334,
1126,1.126,-0.009202,-0.004692,
1127,1.127,-0.002247,-0.001854,
1128,1.128,-0.001396,0.002331,
1129,1.129,0.001149,0.000594,
1130,1.130,-0.001066,0.003094,
1131,1.131,-0.000403,-0.003888,
1132,1.132,-0.002117,0.003340,
1133,1.133,-0.003837,0.006003,
1134,1.134,0.003922,0.010194,
1135,1.135,0.000663,0.004900,
1136,1.136,0.001644,0.002807,
1137,1.137,0.002456,0.003254,
1138,1.138,-0.001789,-0.003232,
1139,1.139,-0.001177,-0.005838,
1140,1.140,0.000798,-0.006583,
1141,1.141,-0.000929,-0.001737,
1142,1.142,-0.001505,-0.001281,
1143,1.143,-0.005104,0.000358,
1144,1.144,-0.008217,-0.004431,
1145,1.145,-0.001842,-0.007528,
1146,1.146,-0.002764,-0.009263,
1147,1.147,-0.005373,-0.004568,
1148,1.148,-0.006125,-0.000382,
1149,1.149,0.000248,-0.003313,
1150,1.150,-0.005740,0.003401,
1151,1.151,-0.000574,0.006074,
1152,1.152,0.000038,-0.003432,
1153,1.153,-0.004261,0.002802,
1154,1.154,0.004493,-0.000452,
1155,1.155,0.000729,0.002536,
1156,1.156,-0.000319,-0.000222,
1157,1.157,0.002678,0.000584,
1158,1.158,-0.001925,-0.003171,
1159,1.159,0.000553,0.001701,
1160,1.160,-0.000145,0.002175,
1161,1.161,-0.000869,0.006217,
1162,1.162,0.008577,0.003646,
1163,1.163,-0.001079,0.003272,
1164,1.164,0.002617,0.000368,
1165,1.165,0.003590,0.002206,
1166,1.166,0.000526,0.003872,
1167,1.167,-0.000338,0.000801,
1168,1.168,0.000495,0.001798,
1169,1.169,0.005724,-0.002104,
1170,1.170,-0.003600,0.001442,
1171,1.171,0.000110,0.001098,
1172,1.172,0.007887,0.005826,
1173,1.173,-0.001587,0.006334,
1174,1.174,0.004672,0.003463,
1175,1.175,0.001457,0.002964,
1176,1.176,0.002483,0.003310,
1177,1.177,0.001642,0.001293,
1178,1.178,0.011136,-0.004436,
1179,1.179,0.007439,-0.001867,
1180,1.180,0.004251,0.000358,
1181,1.181,0.007335,-0.001634,
1182,1.182,0.002795,-0.004632,
1183,1.183,0.007059,0.004206,
1184,1.184,0.000162,0.007959,
1185,1.185,-0.002484,0.004790,
1186,1.186,-0.002947,0.001953,
1187,1.187,-0.000362,0.005042,
1188,1.188,0.011199,0.005937,
1189,1.189,-0.014126,0.000058,
1190,1.190,0.011307,-0.008371,
1191,1.191,0.001556,-0.002745,
1192,1.192,0.004492,-0.003714,
1193,1.193,-0.003568,-0.006379,
1194,1.194,0.003762,-0.007183,
1195,1.195,0.006019,-0.004960,
1196,1.196,0.004062,-0.002906,
1197,1.197,-0.005173,0.006597,
1198,1.198,-0.000031,0.002579,
1199,1.199,-0.001483,-0.003624,
1200,1.200,-0.008347,-0.000348,
1201,1.201,-0.002017,-0.003322,
1202,1.202,-0.005159,0.007067,
1203,1.203,-0.010335,0.014065,
1204,1.204,-0.014839,0.007863,
1205,1.205,-0.003610,0.000136,
1206,1.206,-0.002025,-0.002848,
1207,1.207,0.010561,-0.001949,
1208,1.208,-0.014748,-0.004433,
1209,1.209,0.003409,-0.009632,
1210,1.210,-0.012947,-0.001813,
1211,1.211,-0.010011,-0.000761,
1212,1.212,-0.001838,0.000122,
1213,1.213,0.010574,-0.004081,
1214,1.214,-0.004933,-0.001855,
1215,1.215,-0.002853,0.000189,
1216,1.216,-0.000941,-0.004023,
1217,1.217,0.004171,-0.002317,
1218,1.218,0.005722,-0.001791,
1219,1.219,0.001690,-0.000577,
1220,1.220,0.000525,0.003340,
1221,1.221,-0.000487,-0.001364,
1222,1.222,-0.001483,-0.003034,
1223,1.223,0.003089,-0.002510,
1224,1.224,-0.002836,0.002244,
1225,1.225,0.002414,0.001757,
1226,1.226,-0.001155,-0.001101,
1227,1.227,-0.000655,-0.002623,
1228,1.228,0.002208,0.001614,
1229,1.229,-0.005601,-0.003634,
1230,1.230,0.004691,-0.010074,
1231,1.231,0.000605,-0.000619,
1232,1.232,-0.000604,0.008164,
1233,1.233,-0.008416,0.000365,
1234,1.234,0.003064,0.001375,
1235,1.235,0.001504,-0.003204,
1236,1.236,-0.002586,-0.004066,
1237,1.237,0.001100,-0.001879,
1238,1.238,-0.002149,0.007411,
1239,1.239,-0.001152,-0.001402,
1240,1.240,-0.000346,0.001782,
1241,1.241,0.000473,0.004775,
1242,1.242,0.002662,0.005574,
1243,1.243,0.000575,0.013305,
1244,1.244,-0.003686,0.010214,
1245,1.245,-0.000840,0.005601,
1246,1.246,0.000636,-0.000362,
1247,1.247,-0.001587,-0.005634,
1248,1.248,0.002260,-0.010557,
1249,1.249,-0.001308,-0.010076,
1250,1.250,0.001714,-0.008397,
1251,1.251,0.002870,-0.006887,
1252,1.252,0.002510,0.000027,
1253,1.253,0.005711,-0.001009,
1254,1.254,0.001772,-0.003729,
1255,1.255,-0.002942,-0.001217,
1256,1.256,-0.001042,-0.000572,
1257,1.257,0.000557,0.001431,
1258,1.258,0.003036,0.008351,
1259,1.259,-0.003950,0.005645,
1260,1.260,-0.000904,0.004799,
1261,1.261,-0.003659,0.006999,
1262,1.262,-0.006280,0.003454,
1263,1.263,-0.001095,0.007693,
1264,1.264,-0.003155,0.003651,
1265,1.265,0.002524,0.004180,
1266,1.266,0.004667,-0.002742,
1267,1.267,0.002559,-0.010002,
1268,1.268,0.008246,-0.009143,
1269,1.269,0.008870,-0.009975,
1270,1.270,-0.001862,-0.003027,
1271,1.271,0.008701,0.001555,
1272,1.272,0.004551,-0.000969,
1273,1.273,-0.001792,-0.006205,
1274,1.274,0.008454,-0.004176,
1275,1.275,-0.001276,0.005301,
1276,1.276,-0.000169,-0.001623,
1277,1.277,0.010062,0.002112,
1278,1.278,0.003029,0.007703,
1279,1.279,-0.003321,0.010758,
1280,1.280,-0.004430,0.004320,
1281,1.281,-0.005536,0.003458,
1282,1.282,-0.008343,-0.000261,
1283,1.283,-0.004232,0.003308,
1284,1.284,-0.009584,0.002808,
1285,1.285,-0.006125,-0.003618,
1286,1.286,-0.004519,-0.001086,
1287,1.287,-0.009346,0.000261,
1288,1.288,-0.008925,0.003964,
1289,1.289,-0.001234,0.011738,
1290,1.290,-0.018409,0.010702,
1291,1.291,0.013812,0.009842,
1292,1.292,-0.008257,0.003905,
1293,1.293,-0.004449,0.003213,
1294,1.294,0.006306,0.002519,
1295,1.295,-0.010167,-0.005801,
1296,1.296,-0.001427,-0.006853,
1297,1.297,-0.015181,-0.003856,
1298,1.298,-0.007956,-0.014230,
1299,1.299,-0.005807,-0.010225,
1300,1.300,-0.003826,-0.004019,
1301,1.301,-0.009446,0.001522,
1302,1.302,0.012519,-0.001565,
1303,1.303,-0.032511,0.001108,
1304,1.304,-0.129638,0.000229,
1305,1.305,0.078913,-0.003531,
1306,1.306,0.049118,-0.008474,
1307,1.307,0.022041,-0.016789,
1308,1.308,-0.002502,-0.013597,
1309,1.309,0.019815,-0.006342,
1310,1.310,0.040109,-0.007221,
1311,1.311,0.021667,-0.006412,
1312,1.312,0.004929,-0.010175,
1313,1.313,0.020162,-0.008195,
1314,1.314,0.006307,0.000052,
1315,1.315,0.018859,-0.001000,
1316,1.316,0.007392,0.002025,
1317,1.317,-0.002886,0.002827,
1318,1.318,0.006635,0.005309,
1319,1.319,0.015317,0.004576,
1320,1.320,0.007594,0.002489,
1321,1.321,0.000542,0.005489,
1322,1.322,-0.005827,0.010703,
1323,1.323,-0.000011,0.008662,
1324,1.324,-0.005202,0.001727,
1325,1.325,-0.000395,-0.000976,
1326,1.326,0.004085,0.001564,
1327,1.327,0.000268,0.002242,
1328,1.328,-0.003207,0.011561,
1329,1.329,0.000076,0.010406,
1330,1.330,0.003034,0.002649,
1331,1.331,0.011238,-0.002572,
1332,1.332,-0.001020,-0.001716,
1333,1.333,-0.003124,0.000829,
1334,1.334,-0.009114,0.003041,
1335,1.335,-0.007152,0.002380,
1336,1.336,-0.005353,0.010674,
1337,1.337,-0.003717,0.005106,
1338,1.338,-0.002239,0.006127,
1339,1.339,-0.000931,0.001572,
1340,1.340,-0.006393,0.002438,
1341,1.341,-0.001034,0.000261,
1342,1.342,-0.007340,0.002297,
1343,1.343,-0.011425,0.006534,
1344,1.344,-0.010629,0.003675,
1345,1.345,-0.008466,0.005209,
1346,1.346,-0.007858,0.005556,
1347,1.347,-0.001311,0.002696,
1348,1.348,-0.002046,0.001719,
1349,1.349,-0.004124,-0.003495,
1350,1.350,-0.007549,-0.001261,
1351,1.351,-0.000494,-0.003237,
1352,1.352,0.000473,-0.003697,
1353,1.353,0.001460,-0.001950,
1354,1.354,-0.002162,-0.001402,
1355,1.355,-0.004169,-0.007457,
1356,1.356,0.002969,-0.008266,
1357,1.357,0.005842,-0.006031,
1358,1.358,0.000034,0.000426,
1359,1.359,0.003857,0.001308,
1360,1.360,-0.002474,0.003559,
1361,1.361,0.001881,0.005646,
1362,1.362,0.002655,0.001490,
1363,1.363,-0.005039,-0.004869,
1364,1.364,0.000267,-0.014275,
1365,1.365,0.001149,-0.000334,
1366,1.366,-0.001347,0.005310,
1367,1.367,-0.000652,0.007058,
1368,1.368,0.000032,0.008628,
1369,1.369,-0.000470,0.004618,
1370,1.370,0.004794,-0.001597,
1371,1.371,-0.000102,-0.014076,
1372,1.372,0.006832,-0.019120,
1373,1.373,0.002244,-0.014526,
1374,1.374,-0.007234,-0.004866,
1375,1.375,0.001551,-0.006047,
1376,1.376,0.007134,-0.009261,
1377,1.377,0.008145,-0.012303,
1378,1.378,-0.002190,-0.005885,
1379,1.379,-0.000852,-0.006736,
1380,1.380,-0.002041,0.003232,
1381,1.381,-0.003065,0.004552,
1382,1.382,-0.000034,0.003326,
1383,1.383,-0.000899,0.002274,
1384,1.384,-0.000082,0.007479,
1385,1.385,-0.000786,0.002882,
1386,1.386,-0.008605,0.010636,
1387,1.387,-0.003395,0.007559,
1388,1.388,0.004350,0.005663,
1389,1.389,-0.000251,0.002912,
1390,1.390,0.012582,0.010641,
1391,1.391,-0.015362,0.005343,
1392,1.392,0.004569,-0.001153,
1393,1.393,0.000968,0.003011,
1394,1.394,0.010750,0.000754,
1395,1.395,0.001932,-0.001341,
1396,1.396,-0.000818,-0.010876,
1397,1.397,-0.003213,-0.006888,
1398,1.398,-0.005429,-0.003242,
1399,1.399,0.000623,-0.008897,
1400,1.400,-0.004995,0.000514,
1401,1.401,-0.006718,-0.005807,
1402,1.402,-0.005200,0.006656,
1403,1.403,0.001710,0.008300,
1404,1.404,0.005394,0.003686,
1405,1.405,-0.004959,0.002277,
1406,1.406,0.004643,0.003415,
1407,1.407,-0.006729,0.002354,
1408,1.408,0.003881,-0.002928,
1409,1.409,-0.011395,-0.005673,
1410,1.410,-0.009414,-0.013500,
1411,1.411,-0.015073,-0.010502,
1412,1.412,0.006852,-0.005972,
1413,1.413,0.009656,-0.001781,
1414,1.414,0.006872,0.000382,
1415,1.415,0.009179,0.003888,
1416,1.416,0.006916,0.006915,
1417,1.417,0.008866,0.002854,
1418,1.418,-0.000511,0.002349,
1419,1.419,-0.002272,0.002014,
1420,1.420,-0.000824,0.004897,
1421,1.421,0.006039,0.005927,
1422,1.422,-0.002822,0.006280,
1423,1.423,-0.001871,0.006639,
1424,1.424,-0.007187,0.003625,
1425,1.425,-0.002699,0.000791,
1426,1.426,0.001462,0.006579,
1427,1.427,-0.002325,0.004075,
1428,1.428,-0.007309,0.003439,
1429,1.429,-0.003164,0.008384,
1430,1.430,0.002004,0.006726,
1431,1.431,-0.002981,0.001527,
1432,1.432,0.001172,0.002255,
1433,1.433,-0.002960,-0.004629,
1434,1.434,0.004750,-0.007279,
1435,1.435,0.003652,-0.001306,
1436,1.436,0.004605,-0.004986,
1437,1.437,0.001824,-0.000032,
1438,1.438,-0.004155,0.000517,
1439,1.439,-0.002011,0.001068,
1440,1.440,-0.000042,0.006852,
1441,1.441,0.006852,0.004692,
1442,1.442,-0.007242,-0.000187,
1443,1.443,-0.009329,0.001520,
1444,1.444,0.007411,-0.001327,
1445,1.445,-0.003810,0.004460,
1446,1.446,-0.005881,0.003827,
1447,1.447,0.007095,0.000308,
1448,1.448,0.001964,-0.007942,
1449,1.449,-0.002641,-0.004669,
1450,1.450,-0.015192,-0.007667,
1451,1.451,0.000014,-0.010325,
1452,1.452,0.006096,-0.006051,
1453,1.453,0.000521,0.002470,
1454,1.454,0.002205,-0.005258,
1455,1.455,0.003736,-0.002160,
1456,1.456,0.007776,-0.002950,
1457,1.457,0.004071,0.003028,
1458,1.458,0.003057,0.008320,
1459,1.459,0.014563,0.010393,
1460,1.460,0.006959,0.003502,
1461,1.461,0.008326,0.002685,
1462,1.462,0.004617,-0.001517,
1463,1.463,-0.003140,0.003761,
1464,1.464,-0.002099,-0.003983,
1465,1.465,0.006383,-0.009195,
1466,1.466,0.000819,-0.008316,
1467,1.467,-0.002201,-0.005743,
1468,1.468,0.000538,-0.007908,
1469,1.469,0.001392,-0.012788,
1470,1.470,-0.007064,-0.013287,
1471,1.471,-0.003845,-0.011581,
1472,1.472,-0.000770,-0.008013,
1473,1.473,-0.001605,-0.003777,
1474,1.474,-0.002426,0.002647,
1475,1.475,-0.001710,0.005183,
1476,1.476,0.006107,0.001456,
1477,1.477,0.003098,0.009241,
1478,1.478,-0.001437,0.012282,
1479,1.479,0.001151,0.009561,
1480,1.480,-0.001002,0.005319,
1481,1.481,-0.000290,0.003108,
1482,1.482,-0.000766,-0.000462,
1483,1.483,0.008065,0.005271,
1484,1.484,-0.005759,0.007453,
1485,1.485,-0.000132,0.005406,
1486,1.486,-0.005151,0.005899,
1487,1.487,-0.000542,0.001811,
1488,1.488,0.000854,0.006525,
1489,1.489,-0.003516,0.003963,
1490,1.490,-0.009733,0.006992,
1491,1.491,0.007388,0.008669,
1492,1.492,-0.024885,0.000876,
1493,1.493,0.014899,-0.004718,
1494,1.494,-0.000963,-0.009963,
1495,1.495,0.003823,-0.005397,
1496,1.496,0.008246,-0.004550,
1497,1.497,-0.003560,-0.013008,
1498,1.498,0.000043,-0.005233,
1499,1.499,-0.009725,0.000008,
1500,1.500,-0.012579,-0.000843,
1501,1.501,-0.015273,-0.005082,
1502,1.502,0.002008,0.000151,
1503,1.503,-0.004555,-0.003405,
1504,1.504,0.009692,-0.006446,
1505,1.505,-0.007023,-0.005933,
1506,1.506,-0.000395,-0.001178,
1507,1.507,0.005725,-0.000642,
1508,1.508,-0.003546,-0.003486,
1509,1.509,-0.001834,0.004331,
1510,1.510,-0.000277,0.007572,
1511,1.511,0.006677,0.004540,
1512,1.512,0.005528,0.003698,
1513,1.513,0.004527,0.006245,
1514,1.514,0.007586,0.004053,
1515,1.515,0.001168,0.002023,
1516,1.516,-0.003050,-0.002202,
1517,1.517,0.008477,0.001866,
1518,1.518,0.010190,0.009656,
1519,1.519,0.008677,0.004071,
1520,1.520,-0.003829,0.001026,
1521,1.521,0.004635,0.003727,
1522,1.522,-0.002961,0.007968,
1523,1.523,-0.012580,0.001066,
1524,1.524,-0.003770,0.000254,
1525,1.525,-0.000529,-0.003932,
1526,1.526,0.000515,-0.001686,
1527,1.527,-0.011640,0.003266,
1528,1.528,-0.003168,0.002805,
1529,1.529,0.007516,-0.001225,
1530,1.530,0.006181,-0.001717,
1531,1.531,0.005015,-0.001374,
1532,1.532,-0.005288,-0.005267,
1533,1.533,0.001666,-0.004756,
1534,1.534,-0.007089,-0.001706,
1535,1.535,0.003256,0.004724,
1536,1.536,-0.000781,0.003868,
1537,1.537,0.005511,0.004707,
1538,1.538,-0.002247,-0.002239,
1539,1.539,0.003040,0.000452,
1540,1.540,0.003911,-0.003800,
1541,1.541,-0.000294,-0.006023,
1542,1.542,-0.005511,-0.009602,
1543,1.543,-0.001949,-0.009131,
1544,1.544,0.006357,-0.005115,
1545,1.545,-0.001368,-0.004649,
1546,1.546,-0.004391,-0.000470,
1547,1.547,-0.003500,-0.005753,
1548,1.548,0.007693,0.000628,
1549,1.549,0.006183,0.003133,
1550,1.550,0.004850,0.003787,
1551,1.551,0.001154,0.003086,
1552,1.552,-0.004415,0.003580,
1553,1.553,-0.001319,-0.001668,
1554,1.554,-0.000422,-0.006569,
1555,1.555,0.000494,-0.010794,
1556,1.556,-0.004730,-0.006723,
1557,1.557,0.001757,-0.005186,
1558,1.558,-0.002419,0.000916,
1559,1.559,0.001360,0.005149,
1560,1.560,-0.009238,0.008886,
1561,1.561,0.001465,0.002470,
1562,1.562,-0.002542,0.006707,
1563,1.563,0.001233,0.006034,
1564,1.564,0.004505,0.001134,
1565,1.565,-0.006962,0.000629,
1566,1.566,-0.005391,0.003500,
1567,1.567,0.004302,0.009243,
1568,1.568,0.003166,0.005518,
1569,1.569,0.002204,0.009072,
1570,1.570,-0.000797,-0.000411,
1571,1.571,-0.003465,-0.010068,
1572,1.572,0.004361,-0.006361,
1573,1.573,-0.005072,-0.007380,
1574,1.574,-0.003861,-0.008406,
1575,1.575,0.003965,-0.009260,
1576,1.576,0.007064,-0.005049,
1577,1.577,-0.003214,0.004917,
1578,1.578,0.003754,0.008960,
1579,1.579,0.002613,0.010127,
1580,1.580,0.003683,0.009084,
1581,1.581,0.002722,0.001789,
1582,1.582,-0.007553,0.002610,
1583,1.583,-0.003468,0.003429,
1584,1.584,0.002833,0.007138,
1585,1.585,-0.004918,0.002223,
1586,1.586,0.004588,0.000524,
1587,1.587,-0.006729,0.004570,
1588,1.588,0.003941,0.006078,
1589,1.589,0.002592,0.004881,
1590,1.590,0.009208,0.004360,
1591,1.591,0.002968,0.004676,
1592,1.592,0.020060,0.004991,
1593,1.593,-0.017161,0.000400,
1594,1.594,0.009401,0.008669,
1595,1.595,-0.004977,0.000874,
1596,1.596,-0.000592,0.001881,
1597,1.597,0.011227,-0.002691,
1598,1.598,0.000371,-0.005243,
1599,1.599,-0.002855,-0.004579,
1600,1.600,0.005924,-0.012370,
1601,1.601,-0.007806,-0.013385,
1602,1.602,-0.010199,-0.017955,
1603,1.603,-0.012434,-0.015411,
1604,1.604,0.010032,-0.014736,
1605,1.605,-0.010819,-0.011195,
1606,1.606,-0.002729,-0.006982,
1607,1.607,-0.010055,-0.001753,
1608,1.608,-0.007907,-0.003792,
1609,1.609,0.002181,-0.000758,
1610,1.610,0.000275,-0.000262,
1611,1.611,-0.001479,0.001263,
1612,1.612,-0.006110,0.000921,
1613,1.613,0.009047,0.001265,
1614,1.614,-0.005214,0.003803,
1615,1.615,-0.007139,0.004133,
1616,1.616,0.001245,0.002432,
1617,1.617,-0.003402,0.002600,
1618,1.618,0.000594,0.005980,
1619,1.619,-0.003185,0.005623,
1620,1.620,-0.002244,0.005943,
1621,1.621,-0.003327,0.000171,
1622,1.622,0.001160,0.001001,
1623,1.623,-0.003141,-0.001209,
1624,1.624,-0.006940,0.003687,
1625,1.625,0.002285,0.003164,
1626,1.626,0.001015,0.007202,
1627,1.627,-0.000075,0.004653,
1628,1.628,-0.003214,0.008882,
1629,1.629,-0.004144,0.003647,
1630,1.630,0.000011,0.005676,
1631,1.631,0.005174,0.003989,
1632,1.632,-0.002701,-0.003623,
1633,1.633,0.000254,-0.002605,
1634,1.634,0.002871,0.000100,
1635,1.635,0.008718,0.002651,
1636,1.636,0.010837,0.001977,
1637,1.637,0.008730,-0.002926,
1638,1.638,-0.000823,0.000129,
1639,1.639,-0.002231,0.003025,
1640,1.640,0.001423,0.002531,
1641,1.641,0.004578,0.002210,
1642,1.642,-0.000759,0.001045,
1643,1.643,0.003755,0.000055,
1644,1.644,0.004506,-0.002295,
1645,1.645,0.006616,-0.001935,
1646,1.646,0.008593,0.002313,
1647,1.647,0.000226,0.004030,
1648,1.648,-0.000798,0.001179,
1649,1.649,0.002183,-0.004545,
1650,1.650,-0.004302,-0.003831,
1651,1.651,-0.001818,-0.008706,
1652,1.652,-0.002540,-0.005634,
1653,1.653,0.003811,-0.000360,
1654,1.654,-0.007398,0.001714,
1655,1.655,0.003235,0.004805,
1656,1.656,0.004554,0.000801,
1657,1.657,0.005713,0.005609,
1658,1.658,-0.004636,0.006184,
1659,1.659,-0.000583,-0.002549,
1660,1.660,0.005687,-0.003680,
1661,1.661,0.002475,-0.006843,
1662,1.662,-0.007005,-0.003752,
1663,1.663,0.001810,-0.000997,
1664,1.664,0.000823,-0.000096,
1665,1.665,0.003876,-0.003741,
1666,1.666,-0.002544,0.001258,
1667,1.667,-0.008427,0.007110,
1668,1.668,0.001601,0.006517,
1669,1.669,-0.005297,0.001684,
1670,1.670,0.000991,-0.005185,
1671,1.671,0.000015,-0.002422,
1672,1.672,-0.002968,-0.001517,
1673,1.673,-0.000191,0.003776,
1674,1.674,0.007645,0.008721,
1675,1.675,0.000409,0.004530,
1676,1.676,0.005037,0.002868,
1677,1.677,0.002566,-0.001846,
1678,1.678,-0.005820,0.003918,
1679,1.679,-0.000172,-0.001313,
1680,1.680,0.007156,-0.003342,
1681,1.681,-0.001250,-0.002838,
1682,1.682,0.002035,0.001221,
1683,1.683,-0.003152,-0.005557,
1684,1.684,-0.002258,-0.001007,
1685,1.685,0.002032,-0.000174,
1686,1.686,-0.001636,-0.002391,
1687,1.687,-0.009365,-0.005960,
1688,1.688,0.000157,-0.001760,
1689,1.689,-0.000991,-0.003477,
1690,1.690,0.016146,-0.002996,
1691,1.691,-0.001911,-0.004551,
1692,1.692,0.005404,-0.001539,
1693,1.693,0.016618,0.002311,
1694,1.694,-0.013964,-0.000262,
1695,1.695,0.008072,-0.002490,
1696,1.696,-0.027926,-0.002186,
1697,1.697,0.005941,-0.002561,
1698,1.698,0.001556,-0.004974,
1699,1.699,0.005470,-0.001982,
1700,1.700,-0.005330,0.003706,
1701,1.701,0.017695,0.002806,
1702,1.702,-0.003090,-0.000985,
1703,1.703,-0.000376,0.000977,
1704,1.704,-0.002737,-0.000784,
1705,1.705,-0.000533,-0.006097,
1706,1.706,0.001514,0.000270,
1707,1.707,-0.007783,0.002746,
1708,1.708,-0.009475,0.009629,
1709,1.709,-0.001868,0.008721,
1710,1.710,0.005068,0.009488,
1711,1.711,-0.011342,0.005688,
1712,1.712,-0.004749,-0.000816,
1713,1.713,0.001328,-0.013746,
1714,1.714,0.003173,-0.023113,
1715,1.715,-0.008679,-0.024869,
1716,1.716,-0.013258,-0.011060,
1717,1.717,-0.000762,-0.001809,
1718,1.718,0.004293,-0.000177,
1719,1.719,-0.000287,0.004315,
1720,1.720,-0.012825,-0.002699,
1721,1.721,-0.011146,0.003477,
1722,1.722,-0.000501,0.006597,
1723,1.723,0.009116,0.007531,
1724,1.724,0.000302,0.008311,
1725,1.725,-0.002918,0.010792,
1726,1.726,-0.005982,0.011415,
1727,1.727,-0.001443,0.007794,
1728,1.728,0.006305,0.008218,
1729,1.729,0.009316,0.007628,
1730,1.730,-0.001027,0.000783,
1731,1.731,0.003013,0.001548,
1732,1.732,0.009246,0.004013,
1733,1.733,0.001452,0.000227,
1734,1.734,0.006676,0.002197,
1735,1.735,0.005799,-0.002094,
1736,1.736,0.003243,0.001906,
1737,1.737,0.003886,-0.000685,
1738,1.738,-0.006810,-0.001068,
1739,1.739,0.000763,0.000086,
1740,1.740,0.002084,-0.001790,
1741,1.741,-0.006722,0.000574,
1742,1.742,0.003559,-0.004516,
1743,1.743,-0.003399,-0.010959,
1744,1.744,0.002841,-0.006739,
1745,1.745,0.001787,-0.003034,
1746,1.746,0.006994,0.001857,
1747,1.747,-0.001486,0.002363,
1748,1.748,-0.002529,0.005247,
1749,1.749,-0.001519,-0.002525,
1750,1.750,-0.002380,0.005270,
1751,1.751,0.005363,0.004276,
1752,1.752,0.006388,0.007000,
1753,1.753,-0.000059,0.004485,
1754,1.754,-0.002591,-0.000734,
1755,1.755,0.002652,-0.004263,
1756,1.756,0.004691,-0.007280,
1757,1.757,0.000457,-0.002010,
1758,1.758,-0.002427,0.002919,
1759,1.759,0.001126,0.001259,
1760,1.760,-0.001068,-0.001573,
1761,1.761,-0.001390,-0.000006,
1762,1.762,0.004362,-0.005053,
1763,1.763,-0.001526,-0.002995,
1764,1.764,-0.000856,-0.004664,
1765,1.765,0.001053,-0.006323,
1766,1.766,-0.003096,0.001482,
1767,1.767,-0.002525,0.009296,
1768,1.768,-0.001896,0.006284,
1769,1.769,-0.003019,0.005475,
1770,1.770,-0.003272,0.013298,
1771,1.771,0.002587,0.003853,
1772,1.772,-0.001536,-0.002369,
1773,1.773,-0.005151,-0.005546,
1774,1.774,-0.001462,-0.008569,
1775,1.775,0.006948,0.001777,
1776,1.776,0.006072,0.008735,
1777,1.777,0.000962,0.009937,
1778,1.778,-0.001611,0.004367,
1779,1.779,-0.000611,0.005407,
1780,1.780,-0.001137,0.000869,
1781,1.781,-0.007430,0.000031,
1782,1.782,-0.003035,-0.005204,
1783,1.783,0.005577,0.001232,
1784,1.784,0.000149,0.002076,
1785,1.785,0.007578,-0.001643,
1786,1.786,0.006881,-0.006539,
1787,1.787,0.012963,-0.009573,
1788,1.788,0.006178,-0.015981,
1789,1.789,-0.000104,-0.016811,
1790,1.790,0.007843,-0.005294,
1791,1.791,0.000728,-0.000213,
1792,1.792,0.004436,0.000122,
1793,1.793,0.000032,0.004683,
1794,1.794,0.013049,0.003333,
1795,1.795,-0.014696,-0.002922,
1796,1.796,0.013394,-0.006123,
1797,1.797,-0.004541,-0.005082,
1798,1.798,0.005424,-0.002352,
1799,1.799,0.014377,-0.001484,
1800,1.800,-0.004572,0.000726,
1801,1.801,0.002853,-0.002809,
1802,1.802,-0.008160,-0.001102,
1803,1.803,-0.001921,0.000596,
1804,1.804,-0.003645,-0.002951,
1805,1.805,0.008313,0.003977,
1806,1.806,0.006909,0.007013,
1807,1.807,0.002973,0.004298,
1808,1.808,0.006792,-0.005183,
1809,1.809,0.003667,-0.004014,
1810,1.810,0.006801,0.003751,
1811,1.811,-0.007155,0.000690,
1812,1.812,0.023533,-0.000167,
1813,1.813,0.089739,-0.007957,
1814,1.814,-0.052471,0.003543,
1815,1.815,-0.032117,0.008110,
1816,1.816,-0.050509,0.012161,
1817,1.817,-0.000062,0.008434,
1818,1.818,-0.015257,0.005222,
1819,1.819,-0.029109,0.008269,
1820,1.820,-0.016583,0.003699,
1821,1.821,-0.005090,0.002859,
1822,1.822,-0.015426,0.009785,
1823,1.823,-0.005992,0.003355,
1824,1.824,-0.014657,0.004199,
1825,1.825,-0.006936,0.003522,
1826,1.826,0.000113,0.001501,
1827,1.827,-0.006384,-0.007960,
1828,1.828,-0.000721,-0.012017,
1829,1.829,0.004421,-0.000687,
1830,1.830,-0.010063,-0.002208,
1831,1.831,0.003019,-0.000851,
1832,1.832,-0.000991,0.002875,
1833,1.833,0.002442,-0.000343,
1834,1.834,0.005538,-0.007609,
1835,1.835,-0.003385,-0.004884,
1836,1.836,0.004597,-0.010797,
1837,1.837,0.002070,-0.007070,
1838,1.838,-0.004675,-0.003515,
1839,1.839,0.001265,0.000712,
1840,1.840,-0.000760,0.007145,
1841,1.841,0.000772,0.004623,
1842,1.842,-0.000927,-0.003820,
1843,1.843,-0.002462,-0.000587,
1844,1.844,-0.008909,-0.003613,
1845,1.845,0.001226,-0.008154,
1846,1.846,0.002372,-0.005593,
1847,1.847,-0.001551,-0.003375,
1848,1.848,-0.007318,0.000207,
1849,1.849,0.001967,-0.000266,
1850,1.850,0.002974,-0.000740,
1851,1.851,0.001752,0.005045,
1852,1.852,0.002556,0.002891,
1853,1.853,0.010840,0.006488,
1854,1.854,0.007435,0.004838,
1855,1.855,0.000002,0.003192,
1856,1.856,0.010175,0.005773,
1857,1.857,0.008676,0.010898,
1858,1.858,0.004798,0.008905,
1859,1.859,0.001423,0.004707,
1860,1.860,0.006525,0.001864,
1861,1.861,0.007242,-0.002837,
1862,1.862,0.001210,-0.003313,
1863,1.863,-0.001104,-0.004968,
1864,1.864,-0.000489,0.000812,
1865,1.865,-0.000170,0.003060,
1866,1.866,-0.000824,0.001088,
1867,1.867,0.001556,-0.001909,
1868,1.868,0.002652,-0.000177,
1869,1.869,0.008131,-0.002680,
1870,1.870,0.008712,0.001583,
1871,1.871,0.012201,-0.007182,
1872,1.872,0.002671,-0.005969,
1873,1.873,0.012263,-0.004922,
1874,1.874,0.005962,-0.003885,
1875,1.875,0.004912,-0.001157,
1876,1.876,0.007934,0.004780,
1877,1.877,0.007081,0.004112,
1878,1.878,0.002847,0.000564,
1879,1.879,0.002166,-0.002470,
1880,1.880,-0.002741,-0.001940,
1881,1.881,-0.003256,0.001616,
1882,1.882,-0.003756,-0.001435,
1883,1.883,-0.006281,-0.005318,
1884,1.884,0.000662,0.000438,
1885,1.885,0.007954,0.001121,
1886,1.886,-0.002362,0.003160,
1887,1.887,-0.009267,0.004861,
1888,1.888,-0.005557,0.003187,
1889,1.889,-0.006551,0.004725,
1890,1.890,-0.001294,0.006937,
1891,1.891,0.001429,0.004069,
1892,1.892,0.000597,0.005076,
1893,1.893,0.002658,-0.001884,
1894,1.894,0.000490,-0.002920,
1895,1.895,0.011173,0.000105,
1896,1.896,-0.011806,-0.005679,
1897,1.897,-0.001969,-0.004858,
1898,1.898,-0.004822,-0.002672,
1899,1.899,0.003318,-0.000625,
1900,1.900,0.010626,-0.010074,
1901,1.901,-0.018614,-0.005995,
1902,1.902,0.001364,-0.002261,
1903,1.903,-0.016727,-0.005468,
1904,1.904,-0.013488,-0.000217,
1905,1.905,-0.010597,-0.002917,
1906,1.906,-0.002467,0.002994,
1907,1.907,0.004823,0.000806,
1908,1.908,-0.006335,0.001494,
1909,1.909,-0.008364,0.003193,
1910,1.910,-0.021397,0.002682,
1911,1.911,0.003984,-0.000878,
1912,1.912,0.000432,0.000296,
1913,1.913,0.003635,-0.006138,
1914,1.914,0.000755,-0.008849,
1915,1.915,0.008871,-0.001071,
1916,1.916,0.001598,-0.000061,
1917,1.917,0.008194,0.000777,
1918,1.918,0.002109,0.001616,
1919,1.919,-0.003465,-0.000585,
1920,1.920,0.005003,0.000094,
1921,1.921,0.000434,0.000607,
1922,1.922,0.004484,0.002298,
1923,1.923,0.000750,0.002811,
1924,1.924,0.001766,0.003996,
1925,1.925,-0.001291,0.006029,
1926,1.926,-0.002134,0.003498,
1927,1.927,0.003773,-0.001737,
1928,1.928,0.005958,-0.001059,
1929,1.929,0.003913,0.009600,
1930,1.930,0.003402,0.014162,
1931,1.931,-0.000676,0.004512,
1932,1.932,0.006078,0.003323,
1933,1.933,0.001511,-0.002267,
1934,1.934,0.005744,-0.001258,
1935,1.935,-0.005750,-0.003969,
1936,1.936,0.019645,-0.004817,
1937,1.937,-0.005712,-0.001098,
1938,1.938,0.004122,0.002450,
1939,1.939,0.001275,0.006675,
1940,1.940,0.004016,0.011923,
1941,1.941,-0.008284,0.013963,
1942,1.942,-0.006039,0.009732,
1943,1.943,-0.003956,0.005668,
1944,1.944,0.001679,0.009204,
1945,1.945,0.003426,0.004117,
1946,1.946,0.001979,-0.003684,
1947,1.947,0.000674,-0.019445,
1948,1.948,-0.003006,-0.021677,
1949,1.949,0.002661,-0.015613,
1950,1.950,0.005772,-0.006330,
1951,1.951,0.008568,-0.004667,
1952,1.952,0.000850,-0.003173,
1953,1.953,0.001928,-0.004554,
1954,1.954,-0.000701,0.004212,
1955,1.955,0.000223,-0.008324,
1956,1.956,0.002517,-0.006646,
1957,1.957,0.001952,-0.005115,
1958,1.958,0.003761,-0.001041,
1959,1.959,-0.003766,0.000151,
1960,1.960,-0.000607,-0.000865,
1961,1.961,0.002181,-0.001877,
1962,1.962,-0.003618,-0.002722,
1963,1.963,-0.002812,0.001518,
1964,1.964,-0.004711,0.003709,
1965,1.965,-0.002921,0.003022,
1966,1.966,-0.004500,0.001334,
1967,1.967,-0.005924,-0.000354,
1968,1.968,-0.002777,-0.003906,
1969,1.969,0.003754,-0.001709,
1970,1.970,0.008404,-0.001366,
1971,1.971,0.002562,-0.002371,
1972,1.972,-0.001081,0.002212,
1973,1.973,0.002540,0.002734,
1974,1.974,-0.006870,0.002245,
1975,1.975,0.005701,0.003779,
1976,1.976,0.004061,0.005994,
1977,1.977,0.002584,0.003129,
1978,1.978,-0.004306,0.005676,
1979,1.979,0.004520,0.006703,
1980,1.980,0.001334,0.005038,
1981,1.981,-0.003898,0.004889,
1982,1.982,-0.004732,0.001009,
1983,1.983,-0.000500,0.003893,
1984,1.984,-0.002702,0.001359,
1985,1.985,-0.004746,0.001706,
1986,1.986,-0.007826,0.002896,
1987,1.987,-0.004974,0.000369,
1988,1.988,-0.004510,-0.004186,
1989,1.989,-0.007590,-0.007226,
1990,1.990,-0.001224,-0.000788,
1991,1.991,-0.003993,0.000068,
1992,1.992,0.000159,0.003800,
1993,1.993,-0.002121,0.000254,
1994,1.994,-0.006603,0.006857,
1995,1.995,-0.000250,0.008558,
1996,1.996,0.012525,0.010242,
1997,1.997,-0.015476,0.006678,
1998,1.998,0.004398,0.002426,
1999,1.999,-0.006532,0.002918,
2000,2.000,-0.003419,0.005447,
2001,2.001,0.011364,0.005780,
2002,2.002,-0.007861,0.004590,
2003,2.003,-0.000706,-0.001168,
2004,2.004,-0.007424,-0.005400,
2005,2.005,-0.009580,-0.015368,
2006,2.006,-0.007836,-0.016719,
2007,2.007,0.007273,-0.010460,
2008,2.008,-0.011285,-0.002674,
2009,2.009,0.005840,-0.005718,
2010,2.010,-0.005458,-0.004876,
2011,2.011,-0.011668,-0.009112,
2012,2.012,-0.009933,0.000853,
2013,2.013,0.008544,0.002177,
2014,2.014,0.001145,-0.001567,
2015,2.015,0.003229,-0.000558,
2016,2.016,0.001081,0.002481,
2017,2.017,-0.004609,0.003316,
2018,2.018,0.003747,-0.002628,
2019,2.019,0.008210,-0.004854,
2020,2.020,0.001180,-0.006916,
2021,2.021,0.007341,-0.003893,
2022,2.022,0.004037,-0.005612,
2023,2.023,0.006991,0.000121,
2024,2.024,0.002334,-0.002103,
2025,2.025,0.003092,-0.000096,
2026,2.026,0.002337,-0.001823,
2027,2.027,0.008707,-0.002359,
2028,2.028,0.002720,-0.004924,
2029,2.029,0.007891,0.001150,
2030,2.030,0.001407,0.000273,
2031,2.031,0.005592,0.000911,
2032,2.032,0.001810,0.001555,
2033,2.033,0.006668,-0.000176,
2034,2.034,0.008333,0.001478,
2035,2.035,0.008817,-0.001109,
2036,2.036,0.001018,0.001041,
2037,2.037,-0.002221,0.007416,
2038,2.038,0.009281,0.004655,
2039,2.039,0.004704,0.005439,
2040,2.040,0.003359,0.003173,
2041,2.041,0.004559,0.001085,
2042,2.042,0.003564,-0.002010,
2043,2.043,-0.001655,-0.002557,
2044,2.044,-0.000786,0.005172,
2045,2.045,0.000090,0.001915,
2046,2.046,-0.005124,0.002883,
2047,2.047,0.001347,0.000134,
2048,2.048,0.000529,0.002628,
2049,2.049,-0.000118,0.006306,
2050,2.050,0.001976,0.006942,
2051,2.051,0.000314,0.006390,
2052,2.052,-0.000135,0.002288,
2053,2.053,0.000419,-0.003494,
2054,2.054,-0.006485,-0.004197,
2055,2.055,-0.005414,-0.000673,
2056,2.056,-0.004513,-0.002405,
2057,2.057,0.003325,0.001629,
2058,2.058,0.000362,0.004158,
2059,2.059,-0.005995,0.002984,
2060,2.060,0.000001,0.005867,
2061,2.061,0.000736,0.011635,
2062,2.062,-0.001247,0.005719,
2063,2.063,-0.006932,-0.005750,
2064,2.064,-0.001623,-0.007404,
2065,2.065,-0.006473,-0.005848,
2066,2.066,-0.006921,0.001124,
2067,2.067,-0.000430,-0.000013,
2068,2.068,-0.001227,0.003253,
2069,2.069,0.004078,-0.003982,
2070,2.070,-0.003646,-0.001241,
2071,2.071,-0.002585,-0.005430,
2072,2.072,0.002033,-0.001659,
2073,2.073,-0.002144,-0.003634,
2074,2.074,0.001644,0.003366,
2075,2.075,-0.008973,-0.001143,
2076,2.076,-0.001325,-0.005308,
2077,2.077,0.002774,-0.010491,
2078,2.078,-0.000908,0.000218,
2079,2.079,-0.006470,0.001793,
2080,2.080,0.005063,-0.002198,
2081,2.081,0.000508,-0.000956,
2082,2.082,-0.006412,0.000100,
2083,2.083,-0.005223,0.005386,
2084,2.084,-0.004204,0.004584,
2085,2.085,0.003078,0.007168,
2086,2.086,-0.005386,0.005010,
2087,2.087,0.004925,0.007081,
2088,2.088,-0.004739,0.008812,
2089,2.089,-0.001036,0.005966,
2090,2.090,-0.002065,0.001258,
2091,2.091,0.000963,-0.002945,
2092,2.092,0.003655,0.003493,
2093,2.093,-0.000587,0.000956,
2094,2.094,0.006333,0.003159,
2095,2.095,0.004792,0.000453,
2096,2.096,0.000211,-0.001579,
2097,2.097,0.013054,-0.003267,
2098,2.098,-0.014869,-0.002750,
2099,2.099,0.013043,0.001984,
2100,2.100,0.002210,0.000282,
2101,2.101,-0.001004,-0.006149,
2102,2.102,0.013881,-0.008691,
2103,2.103,-0.005249,-0.006503,
2104,2.104,-0.002885,0.001250,
2105,2.105,-0.000685,-0.004029,
2106,2.106,-0.006777,-0.006771,
2107,2.107,-0.008634,-0.009332,
2108,2.108,-0.000172,-0.005643,
2109,2.109,0.004401,-0.006352,
2110,2.110,0.008462,0.001907,
2111,2.111,-0.002860,-0.008441,
2112,2.112,0.007821,-0.007116,
2113,2.113,0.006481,-0.003441,
2114,2.114,0.002775,-0.002479,
2115,2.115,-0.002782,-0.005576,
2116,2.116,0.002486,-0.006474,
2117,2.117,-0.002049,0.001257,
2118,2.118,0.000526,0.004246,
2119,2.119,0.001241,0.001485,
2120,2.120,-0.000737,-0.001104,
2121,2.121,-0.004928,-0.003353,
2122,2.122,-0.013680,-0.004084,
2123,2.123,0.000242,0.000100,
2124,2.124,0.002151,-0.001637,
2125,2.125,-0.002886,-0.000150,
2126,2.126,-0.001321,0.006750,
2127,2.127,0.005658,0.003671,
2128,2.128,-0.000557,-0.002795,
2129,2.129,0.005070,0.003101,
2130,2.130,0.002074,0.013061,
2131,2.131,0.004848,0.008988,
2132,2.132,0.005748,0.005250,
2133,2.133,0.000532,0.002030,
2134,2.134,0.006996,0.003041,
2135,2.135,0.001131,0.002204,
2136,2.136,0.006430,0.004749,
2137,2.137,0.008501,0.005436,
2138,2.138,0.000266,0.003410,
2139,2.139,-0.000694,0.001717,
2140,2.140,-0.001659,0.008146,
2141,2.141,-0.004317,0.008983,
2142,2.142,-0.005115,0.003731,
2143,2.143,-0.001360,0.007283,
2144,2.144,-0.003355,0.003065,
2145,2.145,-0.005008,-0.002164,
2146,2.146,-0.002107,-0.008590,
2147,2.147,-0.007835,-0.000813,
2148,2.148,-0.002558,0.004435,
2149,2.149,-0.004584,-0.004018,
2150,2.150,-0.002884,-0.005016,
2151,2.151,0.005942,-0.003968,
2152,2.152,-0.000329,0.002489,
2153,2.153,-0.005883,0.005067,
2154,2.154,-0.000642,0.005786,
2155,2.155,-0.001510,-0.004825,
2156,2.156,0.004411,0.002842,
2157,2.157,0.000673,0.001534,
2158,2.158,0.001341,-0.002136,
2159,2.159,-0.000345,-0.003087,
2160,2.160,-0.006770,-0.002005,
2161,2.161,0.001007,0.004484,
2162,2.162,-0.002036,0.000318,
2163,2.163,-0.002892,-0.000293,
2164,2.164,-0.002042,0.001798,
2165,2.165,-0.005787,0.003565,
2166,2.166,-0.002256,0.005326,
2167,2.167,-0.001782,0.004877,
2168,2.168,-0.005880,-0.001996,
2169,2.169,-0.000176,-0.000926,
2170,2.170,-0.002426,-0.000030,
2171,2.171,-0.001800,-0.002518,
2172,2.172,-0.001351,-0.001802,
2173,2.173,0.007382,-0.003808,
2174,2.174,-0.001456,-0.005471,
2175,2.175,0.004076,-0.005959,
2176,2.176,0.005022,-0.003399,
2177,2.177,0.002250,-0.003701,
2178,2.178,-0.003723,-0.003320,
2179,2.179,-0.007517,-0.009037,
2180,2.180,-0.001156,-0.003071,
2181,2.181,0.011620,-0.006745,
2182,2.182,0.005974,-0.003165,
2183,2.183,-0.005929,-0.010075,
2184,2.184,-0.001435,-0.005503,
2185,2.185,0.002549,-0.006347,
2186,2.186,-0.001242,0.000592,
2187,2.187,-0.006905,0.005173,
2188,2.188,-0.001741,0.002637,
2189,2.189,-0.000983,0.006351,
2190,2.190,-0.000231,0.004308,
2191,2.191,0.008137,0.004797,
2192,2.192,0.002476,-0.002833,
2193,2.193,0.001381,-0.001845,
2194,2.194,0.005870,0.006585,
2195,2.195,0.001561,0.009765,
2196,2.196,0.000130,0.004814,
2197,2.197,0.000739,0.005782,
2198,2.198,0.011328,0.001176,
2199,2.199,-0.011736,-0.008337,
2200,2.200,0.011210,-0.004665,
2201,2.201,-0.009639,-0.010293,
2202,2.202,-0.001570,-0.005092,
2203,2.203,0.010731,-0.000565,
2204,2.204,-0.004883,-0.006532,
2205,2.205,0.001170,0.000359,
2206,2.206,-0.004452,-0.002396,
2207,2.207,-0.009564,-0.004978,
2208,2.208,-0.005024,-0.004351,
2209,2.209,-0.001002,0.004898,
2210,2.210,-0.012356,-0.001411,
2211,2.211,0.001484,-0.000453,
2212,2.212,-0.011552,0.004747,
2213,2.213,0.003651,-0.003761,
2214,2.214,-0.002439,-0.000580,
2215,2.215,0.006854,0.006668,
2216,2.216,0.005154,0.005791,
2217,2.217,0.009727,0.009990,
2218,2.218,0.008385,0.007767,
2219,2.219,0.004682,0.004181,
2220,2.220,0.005719,0.007197,
2221,2.221,0.002702,0.013601,
2222,2.222,-0.003698,0.009344,
2223,2.223,0.002258,0.010005,
2224,2.224,0.009235,0.005088,
2225,2.225,0.004709,-0.003224,
2226,2.226,-0.001171,-0.011027,
2227,2.227,0.005811,-0.010031,
2228,2.228,0.003149,-0.012754,
2229,2.229,0.007425,-0.010217,
2230,2.230,-0.004022,-0.001757,
2231,2.231,-0.005660,-0.004960,
2232,2.232,-0.001025,0.004520,
2233,2.233,0.003096,0.003352,
2234,2.234,-0.005647,0.000140,
2235,2.235,0.004734,-0.007118,
2236,2.236,0.003454,-0.000672,
2237,2.237,0.002332,0.001894,
2238,2.238,0.005602,0.002588,
2239,2.239,0.002619,0.006159,
2240,2.240,-0.005773,0.001952,
2241,2.241,-0.002495,0.002479,
2242,2.242,0.000629,0.003023,
2243,2.243,0.001549,0.001878,
2244,2.244,0.000767,0.003948,
2245,2.245,-0.002884,0.001455,
2246,2.246,-0.002146,0.000483,
2247,2.247,-0.003774,0.002208,
2248,2.248,-0.000837,0.002905,
2249,2.249,-0.008554,-0.000465,
2250,2.250,0.004017,-0.000798,
2251,2.251,-0.001007,0.000395,
2252,2.252,0.000594,0.003965,
2253,2.253,-0.003424,0.001785,
2254,2.254,0.000364,-0.002936,
2255,2.255,0.003622,0.000122,
2256,2.256,-0.003609,0.001835,
2257,2.257,0.004908,0.002365,
2258,2.258,-0.005366,-0.000661,
2259,2.259,0.001630,0.004956,
2260,2.260,-0.004559,-0.000230,
2261,2.261,0.003269,0.000490,
2262,2.262,-0.008173,-0.008927,
2263,2.263,0.002531,-0.010236,
2264,2.264,0.001249,-0.003944,
2265,2.265,-0.002413,-0.002890,
2266,2.266,-0.003364,-0.005879,
2267,2.267,-0.006379,-0.001266,
2268,2.268,-0.001758,-0.002074,
2269,2.269,-0.004265,-0.002724,
2270,2.270,-0.000500,0.000852,
2271,2.271,-0.002534,-0.004880,
2272,2.272,0.000593,-0.005533,
2273,2.273,-0.003163,0.003779,
2274,2.274,0.002550,0.004983,
2275,2.275,0.000348,0.006037,
2276,2.276,0.001051,0.005035,
2277,2.277,-0.002023,-0.003423,
2278,2.278,-0.006079,-0.004426,
2279,2.279,0.001659,-0.003405,
2280,2.280,0.000622,-0.000689,
2281,2.281,0.001567,-0.001521,
2282,2.282,0.000665,0.005426,
2283,2.283,-0.000215,0.000868,
2284,2.284,-0.003994,0.001716,
2285,2.285,0.002340,-0.000490,
2286,2.286,0.004800,0.008794,
2287,2.287,0.004050,0.005061,
2288,2.288,0.001925,0.004038,
2289,2.289,0.003528,0.003016,
2290,2.290,-0.001800,-0.007304,
2291,2.291,-0.002583,-0.011375,
2292,2.292,0.003050,-0.007672,
2293,2.293,0.000738,-0.004485,
2294,2.294,0.002677,-0.001477,
2295,2.295,-0.000484,0.001201,
2296,2.296,0.001107,0.008949,
2297,2.297,0.003018,0.009433,
2298,2.298,-0.003878,0.008387,
2299,2.299,0.010049,0.007514,
2300,2.300,-0.020685,-0.000297,
2301,2.301,0.009987,0.002715,
2302,2.302,-0.001974,0.007234,
2303,2.303,0.001470,0.004658,
2304,2.304,0.004565,0.002424,
2305,2.305,-0.010435,-0.001177,
2306,2.306,-0.002416,0.000458,
2307,2.307,-0.009803,-0.008388,
2308,2.308,-0.012118,-0.017241,
2309,2.309,-0.002082,-0.009522,
2310,2.310,-0.004050,-0.014824,
2311,2.311,-0.002467,-0.002706,
2312,2.312,-0.010173,-0.001075,
2313,2.313,-0.006218,-0.002658,
2314,2.314,-0.005130,-0.009653,
2315,2.315,0.011865,-0.003442,
2316,2.316,-0.005473,0.002103,
2317,2.317,0.005605,0.005112,
2318,2.318,-0.008680,0.002376,
2319,2.319,0.019158,0.004886,
2320,2.320,-0.040953,0.002656,
2321,2.321,-0.170431,0.006186,
2322,2.322,0.070233,-0.003311,
2323,2.323,0.037374,-0.018564,
2324,2.324,0.007547,-0.004383,
2325,2.325,0.034569,0.001178,
2326,2.326,0.010007,-0.003924,
2327,2.327,0.032304,0.000616,
2328,2.328,0.011976,0.001945,
2329,2.329,0.030376,0.003124,
2330,2.330,0.013608,0.002110,
2331,2.331,-0.001626,0.007352,
2332,2.332,0.012235,0.008197,
2333,2.333,0.024747,0.009053,
2334,2.334,0.013245,0.011259,
2335,2.335,0.002939,0.006362,
2336,2.336,0.012431,0.003331,
2337,2.337,0.003827,0.000478,
2338,2.338,-0.003928,-0.003056,
2339,2.339,0.003202,0.000007,
2340,2.340,0.009658,0.002898,
2341,2.341,0.003941,0.006454,
2342,2.342,-0.011923,0.008661,
2343,2.343,0.002486,0.002243,
2344,2.344,-0.010672,0.001413,
2345,2.345,0.001232,-0.006346,
2346,2.346,0.004841,-0.001084,
2347,2.347,-0.004910,-0.003768,
2348,2.348,-0.007728,-0.004591,
2349,2.349,0.000452,-0.002371,
2350,2.350,-0.001842,0.008306,
2351,2.351,-0.008385,0.000701,
2352,2.352,-0.002238,-0.003348,
2353,2.353,-0.003994,0.002924,
2354,2.354,-0.008997,0.008516,
2355,2.355,-0.004346,0.003285,
2356,2.356,0.002654,0.006014,
2357,2.357,-0.003552,0.006882,
2358,2.358,-0.002463,0.004697,
2359,2.359,-0.003418,0.002674,
2360,2.360,-0.006031,0.002195,
2361,2.361,-0.003396,-0.003021,
2362,2.362,0.000433,-0.002303,
2363,2.363,-0.003055,-0.003953,
2364,2.364,-0.007192,-0.007979,
2365,2.365,-0.001869,-0.008464,
2366,2.366,-0.006680,-0.007242,
2367,2.367,-0.000857,-0.006857,
2368,2.368,-0.009227,-0.003255,
2369,2.369,0.003362,-0.004396,
2370,2.370,-0.001625,-0.005539,
2371,2.371,-0.006160,0.000254,
2372,2.372,0.003424,0.006218,
2373,2.373,0.002407,0.001005,
2374,2.374,-0.003064,0.004571,
2375,2.375,0.000065,0.002916,
2376,2.376,-0.000684,-0.002286,
2377,2.377,0.007166,-0.012911,
2378,2.378,0.001995,-0.011356,
2379,2.379,-0.002545,-0.004386,
2380,2.380,0.001731,-0.003174,
2381,2.381,0.001071,-0.004161,
2382,2.382,-0.000957,-0.003124,
2383,2.383,-0.006700,-0.002258,
2384,2.384,-0.002963,-0.004783,
2385,2.385,-0.000913,-0.002575,
2386,2.386,-0.000417,-0.001909,
2387,2.387,0.001260,-0.000229,
2388,2.388,0.002758,0.001440,
2389,2.389,-0.002348,0.004961,
2390,2.390,-0.000346,0.002725,
2391,2.391,0.009107,0.005573,
2392,2.392,0.005024,0.005207,
2393,2.393,-0.008897,0.003479,
2394,2.394,-0.003338,0.007842,
2395,2.395,-0.001686,0.007300,
2396,2.396,0.002856,0.005736,
2397,2.397,-0.001226,0.004514,
2398,2.398,-0.000585,0.002954,
2399,2.399,-0.001791,0.005793,
2400,2.400,0.015278,0.004751,
2401,2.401,-0.021961,0.005063,
2402,2.402,0.004576,0.003346,
2403,2.403,-0.000183,-0.000414,
2404,2.404,0.004186,-0.007222,
2405,2.405,0.015988,-0.004550,
2406,2.406,-0.002132,-0.002048,
2407,2.407,0.007655,0.000119,
2408,2.408,-0.007249,-0.006353,
2409,2.409,-0.009976,-0.005545,
2410,2.410,-0.012369,-0.004906,
2411,2.411,0.012309,-0.002917,
2412,2.412,-0.004112,0.001275,
2413,2.413,0.004666,0.005316,
2414,2.414,0.001942,-0.001469,
2415,2.415,0.004310,-0.004201,
2416,2.416,-0.002276,-0.005073,
2417,2.417,-0.000240,-0.002892,
2418,2.418,0.001624,-0.000881,
2419,2.419,0.003320,-0.003952,
2420,2.420,0.004851,-0.003468,
2421,2.421,0.000790,-0.001956,
2422,2.422,0.004505,0.002287,
2423,2.423,-0.003274,-0.004120,
2424,2.424,-0.002250,-0.003226,
2425,2.425,-0.004956,-0.000985,
2426,2.426,-0.000720,0.001082,
2427,2.427,0.009260,-0.000587,
2428,2.428,-0.000375,0.002298,
2429,2.429,0.003352,-0.000217,
2430,2.430,0.000135,0.004038,
2431,2.431,0.001155,0.002381,
2432,2.432,-0.001548,0.004956,
2433,2.433,-0.014397,0.004657,
2434,2.434,-0.001370,0.010270,
2435,2.435,0.003706,0.005068,
2436,2.436,0.002198,0.008661,
2437,2.437,0.000861,0.009224,
2438,2.438,0.002059,0.012139,
2439,2.439,-0.001139,0.004377,
2440,2.440,-0.004182,0.003390,
2441,2.441,0.004280,0.006463,
2442,2.442,-0.003489,0.000060,
2443,2.443,-0.000440,-0.002456,
2444,2.444,-0.001289,-0.001758,
2445,2.445,-0.002133,-0.001058,
2446,2.446,0.001588,-0.002721,
2447,2.447,-0.007710,-0.002189,
2448,2.448,-0.003983,-0.006904,
2449,2.449,-0.000767,-0.001139,
2450,2.450,-0.003807,-0.006362,
2451,2.451,0.002634,0.000089,
2452,2.452,0.005159,0.006039,
2453,2.453,0.008881,0.002345,
2454,2.454,-0.000401,-0.001191,
2455,2.455,0.005858,-0.001696,
2456,2.456,-0.001900,0.004740,
2457,2.457,0.001149,-0.001175,
2458,2.458,0.003853,-0.001847,
2459,2.459,-0.000386,0.000189,
2460,2.460,-0.002582,-0.004022,
2461,2.461,0.003864,-0.012795,
2462,2.462,0.001365,-0.009035,
2463,2.463,-0.010122,-0.003408,
2464,2.464,-0.011793,-0.000331,
2465,2.465,-0.007208,-0.001159,
2466,2.466,-0.000255,0.001396,
2467,2.467,-0.003965,0.009869,
2468,2.468,0.001644,0.006673,
2469,2.469,0.004697,-0.000578,
2470,2.470,0.005572,-0.010880,
2471,2.471,0.004767,-0.009520,
2472,2.472,-0.000449,-0.025925,
2473,2.473,0.001602,-0.014750,
2474,2.474,-0.000060,-0.008656,
2475,2.475,0.004024,0.000657,
2476,2.476,0.002527,0.005746,
2477,2.477,0.000382,0.001195,
2478,2.478,0.002477,0.005271,
2479,2.479,0.000668,0.001573,
2480,2.480,0.000373,0.000570,
2481,2.481,-0.001951,0.001597,
2482,2.482,-0.000558,0.008033,
2483,2.483,0.003372,0.000263,
2484,2.484,-0.004208,0.003316,
2485,2.485,-0.003148,-0.005144,
2486,2.486,-0.000400,0.007371,
2487,2.487,-0.001207,0.019205,
2488,2.488,0.005773,0.011583,
2489,2.489,0.004954,0.007505,
2490,2.490,0.002460,0.008672,
2491,2.491,0.004710,0.007634,
2492,2.492,0.001211,0.004558,
2493,2.493,0.001758,0.003686,
2494,2.494,0.004687,-0.002271,
2495,2.495,0.002194,-0.001625,
2496,2.496,0.000032,-0.000975,
2497,2.497,0.002120,0.002037,
2498,2.498,0.000299,-0.002061,
2499,2.499,0.002723,-0.004805,
2500,2.500,-0.001113,-0.008397,
2501,2.501,0.006715,-0.007253,
2502,2.502,-0.010314,-0.001713,
2503,2.503,0.006997,0.003491,
2504,2.504,-0.004109,0.002776,
2505,2.505,-0.002029,0.004429,
2506,2.506,0.007323,0.004894,
2507,2.507,0.002286,0.000121,
2508,2.508,-0.005281,-0.006863,
2509,2.509,-0.012180,-0.007756,
2510,2.510,-0.008427,-0.013732,
2511,2.511,-0.002812,-0.013107,
2512,2.512,0.000264,-0.002499,
2513,2.513,0.001132,0.002012,
2514,2.514,0.001995,0.000608,
2515,2.515,0.001346,0.001749,
2516,2.516,-0.005058,0.000693,
2517,2.517,0.007829,-0.002398,
2518,2.518,-0.005169,0.000276,
2519,2.519,-0.010222,0.006153,
2520,2.520,-0.002572,0.006779,
2521,2.521,0.004387,0.003168,
2522,2.522,-0.004388,0.001427,
2523,2.523,0.001198,-0.001507,
2524,2.524,0.000190,-0.004076,
2525,2.525,-0.013850,-0.004447,
2526,2.526,-0.011816,-0.005653,
2527,2.527,-0.006235,-0.009218,
2528,2.528,0.002207,-0.002299,
2529,2.529,0.000665,-0.001303,
2530,2.530,0.004712,-0.000482,
2531,2.531,0.003507,-0.003050,
2532,2.532,0.002458,-0.002407,
2533,2.533,0.003449,0.005345,
2534,2.534,0.008007,0.000056,
2535,2.535,0.007130,0.002723,
2536,2.536,0.001849,0.001835,
2537,2.537,0.012477,0.005522,
2538,2.538,-0.001420,-0.002282,
2539,2.539,-0.007025,0.000726,
2540,2.540,-0.001979,0.005249,
2541,2.541,0.002546,-0.002572,
2542,2.542,-0.004438,0.002642,
2543,2.543,0.001765,-0.000089,
2544,2.544,0.004925,-0.002649,
2545,2.545,-0.006633,0.001049,
2546,2.546,0.000915,0.004583,
2547,2.547,-0.006080,0.001518,
2548,2.548,-0.002422,0.005559,
2549,2.549,0.000712,0.003014,
2550,2.550,-0.002399,0.007239,
2551,2.551,-0.001623,0.006732,
2552,2.552,-0.002531,0.000969,
2553,2.553,-0.003280,-0.001233,
2554,2.554,0.000190,0.000796,
2555,2.555,0.001842,0.000286,
2556,2.556,-0.002288,0.003173,
2557,2.557,0.003408,0.001666,
2558,2.558,0.002664,0.006753,
2559,2.559,-0.000967,0.001855,
2560,2.560,0.003183,-0.003889,
2561,2.561,0.004807,0.004580,
2562,2.562,0.000015,0.003579,
2563,2.563,-0.005791,0.000571,
2564,2.564,-0.000597,-0.002089,
2565,2.565,-0.001324,0.002194,
2566,2.566,-0.001884,-0.002996,
2567,2.567,0.003300,0.000614,
2568,2.568,-0.007399,0.000172,
2569,2.569,0.000165,0.000755,
2570,2.570,-0.001247,-0.002717,
2571,2.571,0.004960,-0.002984,
2572,2.572,0.001699,-0.008495,
2573,2.573,0.002651,-0.001496,
2574,2.574,-0.000099,-0.002283,
2575,2.575,0.000715,-0.004761,
2576,2.576,0.005932,-0.005370,
2577,2.577,0.006575,-0.000393,
2578,2.578,-0.001756,0.000190,
2579,2.579,0.001434,0.003137,
2580,2.580,0.006648,0.005753,
2581,2.581,-0.001829,0.004642,
2582,2.582,-0.009635,0.008602,
2583,2.583,-0.000174,0.005117,
2584,2.584,0.003527,0.002144,
2585,2.585,-0.002068,0.004236,
2586,2.586,-0.005125,0.000748,
2587,2.587,-0.004299,0.003024,
2588,2.588,-0.001780,0.004285,
2589,2.589,0.003442,0.000796,
2590,2.590,0.005444,-0.006068,
2591,2.591,0.005917,-0.009053,
2592,2.592,0.003003,-0.008152,
2593,2.593,0.002468,-0.007257,
2594,2.594,0.005485,-0.006539,
2595,2.595,-0.000977,-0.001577,
2596,2.596,0.001694,0.001505,
2597,2.597,0.009442,-0.006069,
2598,2.598,-0.000070,-0.005016,
2599,2.599,-0.001276,-0.005831,
2600,2.600,-0.001457,0.006540,
2601,2.601,-0.004678,0.005714,
2602,2.602,0.011038,0.007932,
2603,2.603,-0.022646,0.008623,
2604,2.604,0.001515,0.000339,
2605,2.605,-0.002907,-0.000671,
2606,2.606,0.000967,0.000349,
2607,2.607,0.004489,0.001209,
2608,2.608,0.001243,0.003744,
2609,2.609,-0.001655,0.001549,
2610,2.610,-0.004403,0.003570,
2611,2.611,-0.002057,-0.003387,
2612,2.612,-0.004275,-0.004246,
2613,2.613,-0.002275,-0.008496,
2614,2.614,-0.000443,-0.004802,
2615,2.615,0.001229,-0.005507,
2616,2.616,-0.003356,-0.009757,
2617,2.617,-0.004725,-0.011487,
2618,2.618,0.001530,-0.007976,
2619,2.619,0.002534,-0.001077,
2620,2.620,0.003552,-0.002121,
2621,2.621,0.008109,0.002415,
2622,2.622,-0.001372,0.004925,
2623,2.623,-0.007636,0.002692,
2624,2.624,-0.015412,-0.000893,
2625,2.625,-0.003925,-0.002613,
2626,2.626,0.006738,-0.004334,
2627,2.627,-0.000189,0.003418,
2628,2.628,0.003541,0.000187,
2629,2.629,-0.002036,0.003214,
2630,2.630,0.001017,0.004034,
2631,2.631,-0.007416,0.004863,
2632,2.632,0.000370,0.004176,
2633,2.633,-0.002658,0.006204,
2634,2.634,-0.003475,0.003147,
2635,2.635,-0.000896,-0.005680,
2636,2.636,0.004373,-0.004519,
2637,2.637,-0.002033,-0.001318,
2638,2.638,0.000537,-0.004378,
2639,2.639,0.009032,0.004069,
2640,2.640,0.012295,0.000847,
2641,2.641,0.000854,0.006066,
2642,2.642,0.005490,0.006880,
2643,2.643,0.009602,-0.006005,
2644,2.644,0.003403,0.007001,
2645,2.645,0.006676,0.005300,
2646,2.646,0.005718,0.000736,
2647,2.647,-0.002668,0.004797,
2648,2.648,-0.005809,0.005979,
2649,2.649,-0.008799,0.004974,
2650,2.650,-0.000291,0.001940,
2651,2.651,0.002968,-0.000741,
2652,2.652,0.008252,0.001814,
2653,2.653,0.005593,0.001160,
2654,2.654,0.001388,-0.000843,
2655,2.655,0.006663,-0.006575,
2656,2.656,0.010272,0.001892,
2657,2.657,0.000835,-0.001310,
2658,2.658,0.010553,0.001749,
2659,2.659,-0.000721,0.004473,
2660,2.660,-0.002200,0.001956,
2661,2.661,0.001904,0.004173,
2662,2.662,-0.001777,0.003509,
2663,2.663,-0.002773,0.001838,
2664,2.664,-0.003749,-0.002200,
2665,2.665,-0.004559,0.004584,
2666,2.666,-0.007066,0.007317,
2667,2.667,-0.006364,0.001434,
2668,2.668,-0.008369,-0.003769,
2669,2.669,0.001142,-0.004397,
2670,2.670,0.002538,-0.006033,
2671,2.671,-0.001151,-0.003115,
2672,2.672,-0.006698,0.000482,
2673,2.673,0.007019,-0.002521,
2674,2.674,-0.006003,-0.002818,
2675,2.675,-0.004298,-0.001758,
2676,2.676,-0.002733,-0.005611,
2677,2.677,-0.004039,-0.004039,
2678,2.678,-0.002831,0.002942,
2679,2.679,-0.008393,-0.002259,
2680,2.680,0.001105,-0.006788,
2681,2.681,-0.007683,-0.009295,
2682,2.682,-0.006657,-0.004022,
2683,2.683,-0.009692,0.006662,
2684,2.684,0.000617,0.002119,
2685,2.685,0.001968,-0.004800,
2686,2.686,-0.001756,-0.001076,
2687,2.687,-0.000749,-0.002087,
2688,2.688,-0.003820,-0.005135,
2689,2.689,-0.010274,0.005183,
2690,2.690,-0.011135,0.009245,
2691,2.691,0.000344,0.008051,
2692,2.692,-0.004776,0.004818,
2693,2.693,-0.000252,-0.000448,
2694,2.694,-0.001644,-0.003186,
2695,2.695,-0.007937,0.001012,
2696,2.696,-0.002405,0.000304,
2697,2.697,0.004820,-0.004639,
2698,2.698,0.007476,-0.002992,
2699,2.699,0.009976,-0.003546,
2700,2.700,0.010589,0.001144,
2701,2.701,0.012390,-0.001618,
2702,2.702,0.007435,-0.003363,
2703,2.703,0.016837,-0.002907,
2704,2.704,-0.004028,0.004818,
2705,2.705,0.010787,0.003741,
2706,2.706,-0.013969,0.002649,
2707,2.707,-0.004225,0.001735,
2708,2.708,0.004491,-0.000872,
2709,2.709,0.001707,0.001254,
2710,2.710,0.004001,0.001856,
2711,2.711,0.015098,-0.002454,
2712,2.712,0.000829,-0.004227,
2713,2.713,0.002616,0.003465,
2714,2.714,0.004248,-0.002209,
2715,2.715,0.002653,-0.009585,
2716,2.716,0.001234,-0.008833,
2717,2.717,-0.005087,-0.008080,
2718,2.718,-0.008348,-0.005975,
2719,2.719,-0.003156,0.001708,
2720,2.720,-0.004043,0.002624,
2721,2.721,0.001852,0.003385,
2722,2.722,0.004029,0.000764,
2723,2.723,-0.006660,-0.004562,
2724,2.724,-0.017335,-0.001101,
2725,2.725,-0.013306,-0.008125,
2726,2.726,-0.001993,-0.001778,
2727,2.727,-0.000486,-0.002708,
2728,2.728,-0.007443,0.000931,
2729,2.729,0.003890,0.004410,
2730,2.730,-0.003719,0.002638,
2731,2.731,0.000366,0.000865,
2732,2.732,0.009181,0.001299,
2733,2.733,0.001413,0.001577,
2734,2.734,0.000420,0.004411,
2735,2.735,0.005022,0.002495,
2736,2.736,0.009288,0.006328,
2737,2.737,0.007129,0.001551,
2738,2.738,0.000728,0.002017,
2739,2.739,0.004995,0.004855,
2740,2.740,0.007233,0.009558,
2741,2.741,0.005241,0.006488,
2742,2.742,0.001060,0.002393,
2743,2.743,-0.007693,0.005919,
2744,2.744,0.003676,0.001663,
2745,2.745,-0.000863,-0.000059,
2746,2.746,-0.004886,0.003471,
2747,2.747,-0.013651,0.002257,
2748,2.748,0.003467,-0.001657,
2749,2.749,0.005863,-0.000153,
2750,2.750,-0.000712,-0.004392,
2751,2.751,0.013533,-0.004903,
2752,2.752,0.000550,-0.003383,
2753,2.753,0.005648,-0.001191,
2754,2.754,-0.001946,0.003555,
2755,2.755,0.004992,0.001882,
2756,2.756,0.006155,-0.000971,
2757,2.757,0.007183,0.001585,
2758,2.758,-0.002323,0.001938,
2759,2.759,-0.006055,0.003147,
2760,2.760,-0.007094,0.002153,
2761,2.761,0.002344,0.004548,
2762,2.762,-0.006481,0.003562,
2763,2.763,0.003805,0.005449,
2764,2.764,-0.000285,0.003122,
2765,2.765,-0.001477,0.002144,
2766,2.766,-0.007095,-0.002043,
2767,2.767,-0.001895,-0.001493,
2768,2.768,-0.001090,-0.000948,
2769,2.769,-0.008918,-0.008684,
2770,2.770,-0.009989,-0.005406,
2771,2.771,-0.003629,-0.002314,
2772,2.772,-0.002840,0.002307,
2773,2.773,0.000807,0.001514,
2774,2.774,-0.002823,-0.002162,
2775,2.775,-0.002395,-0.000087,
2776,2.776,0.002773,0.001644,
2777,2.777,-0.007958,0.000001,
2778,2.778,-0.009556,0.002582,
2779,2.779,-0.013683,0.002290,
2780,2.780,-0.010057,-0.002400,
2781,2.781,-0.002469,-0.004048,
2782,2.782,-0.005551,-0.008084,
2783,2.783,-0.004802,-0.000276,
2784,2.784,-0.003996,-0.001271,
2785,2.785,-0.006247,-0.006490,
2786,2.786,0.004348,-0.003765,
2787,2.787,-0.003304,-0.004591,
2788,2.788,-0.004710,0.000662,
2789,2.789,-0.001029,-0.001354,
2790,2.790,-0.000031,0.004409,
2791,2.791,0.000966,-0.002526,
2792,2.792,0.009402,-0.003379,
2793,2.793,0.010388,0.000835,
2794,2.794,0.000894,0.000153,
2795,2.795,0.007160,0.006556,
2796,2.796,0.008179,0.000603,
2797,2.797,0.009225,0.001253,
2798,2.798,0.010091,-0.002332,
2799,2.799,-0.002723,-0.000679,
2800,2.800,-0.008249,-0.001234,
2801,2.801,0.000275,0.003455,
2802,2.802,0.005433,-0.004546,
2803,2.803,0.000936,-0.004077,
2804,2.804,0.021829,-0.005800,
2805,2.805,-0.017150,-0.001077,
2806,2.806,0.020173,0.001956,
2807,2.807,0.005898,-0.004481,
2808,2.808,0.010418,0.001434,
2809,2.809,0.014434,-0.000760,
2810,2.810,0.011001,-0.002789,
2811,2.811,0.001313,0.000254,
2812,2.812,-0.001429,-0.003811,
2813,2.813,-0.014987,-0.002302,
2814,2.814,0.002430,-0.006543,
2815,2.815,0.004796,-0.002502,
2816,2.816,-0.001130,0.003231,
2817,2.817,0.000896,0.001015,
2818,2.818,0.009531,-0.005432,
2819,2.819,0.014281,0.005718,
2820,2.820,0.007533,0.001125,
2821,2.821,0.016520,-0.000243,
2822,2.822,0.008951,0.000943,
2823,2.823,0.003917,0.004156,
2824,2.824,0.004984,0.003141,
2825,2.825,0.009427,0.000446,
2826,2.826,0.008969,0.003004,
2827,2.827,-0.001447,0.002353,
2828,2.828,0.021783,0.001706,
2829,2.829,0.071581,0.001222,
2830,2.830,-0.034929,0.010045,
2831,2.831,0.011156,0.006345,
2832,2.832,-0.030219,0.007389,
2833,2.833,-0.017452,0.002173,
2834,2.834,-0.005698,0.003060,
2835,2.835,-0.015761,0.002253,
2836,2.836,-0.006039,0.002968,
2837,2.837,-0.014418,-0.001894,
2838,2.838,-0.021955,-0.000145,
2839,2.839,-0.014600,0.006351,
2840,2.840,-0.007921,0.005561,
2841,2.841,-0.001922,0.004945,
2842,2.842,-0.006927,-0.001427,
2843,2.843,-0.011419,0.006417,
2844,2.844,-0.006792,0.007487,
2845,2.845,-0.018422,0.002981,
2846,2.846,-0.007393,0.003895,
2847,2.847,-0.003983,0.003283,
2848,2.848,-0.006666,0.008253,
2849,2.849,-0.009196,0.004092,
2850,2.850,-0.006662,0.004675,
2851,2.851,0.000084,-0.003043,
2852,2.852,-0.001795,-0.006196,
2853,2.853,-0.007234,-0.013409,
2854,2.854,-0.002035,-0.014198,
2855,2.855,0.005711,-0.014982,
2856,2.856,-0.001123,-0.012718,
2857,2.857,-0.002207,-0.016194,
2858,2.858,0.005696,-0.010369,
2859,2.859,0.008828,-0.006567,
2860,2.860,0.011619,-0.001581,
2861,2.861,0.003892,0.002725,
2862,2.862,0.002915,0.003300,
2863,2.863,0.002101,0.005887,
2864,2.864,0.008039,0.004758,
2865,2.865,0.007378,0.001948,
2866,2.866,0.006712,0.004541,
2867,2.867,0.006204,0.002903,
2868,2.868,0.002145,0.007353,
2869,2.869,0.004665,0.003332,
2870,2.870,-0.002280,-0.003395,
2871,2.871,0.002907,0.003060,
2872,2.872,0.000150,0.002238,
2873,2.873,0.004304,-0.006200,
2874,2.874,0.003556,-0.007200,
2875,2.875,-0.007182,-0.006174,
2876,2.876,0.000354,-0.007023,
2877,2.877,-0.003786,0.000751,
2878,2.878,-0.002722,-0.000275,
2879,2.879,-0.003852,0.002408,
2880,2.880,0.003366,-0.001843,
2881,2.881,-0.005271,0.000355,
2882,2.882,-0.004372,-0.001669,
2883,2.883,-0.007579,0.001392,
2884,2.884,-0.003161,0.000882,
2885,2.885,0.000914,0.001383,
2886,2.886,-0.002952,-0.005570,
2887,2.887,-0.008017,-0.006594,
2888,2.888,-0.007656,0.001856,
2889,2.889,-0.006142,0.002859,
2890,2.890,-0.002744,0.001843,
2891,2.891,-0.005934,-0.000870,
2892,2.892,0.000356,0.006890,
2893,2.893,0.001049,0.001610,
2894,2.894,0.005124,0.000733,
2895,2.895,0.002776,-0.000148,
2896,2.896,-0.000923,0.000490,
2897,2.897,0.003155,-0.003091,
2898,2.898,-0.002233,-0.006162,
2899,2.899,0.001192,0.002611,
2900,2.900,0.000547,0.006293,
2901,2.901,0.002083,0.000670,
2902,2.902,0.005475,0.003665,
2903,2.903,0.002274,-0.000113,
2904,2.904,-0.004827,0.000682,
2905,2.905,0.010741,-0.005267,
2906,2.906,-0.018682,-0.005973,
2907,2.907,0.001103,-0.006678,
2908,2.908,-0.002626,-0.007214,
2909,2.909,0.007008,-0.005541,
2910,2.910,0.003960,0.002227,
2911,2.911,0.001070,0.010006,
2912,2.912,-0.001483,0.004749,
2913,2.913,0.004910,-0.005584,
2914,2.914,0.002673,0.004039,
2915,2.915,0.000623,0.005213,
2916,2.916,-0.004645,0.001986,
2917,2.917,0.005809,0.005023,
2918,2.918,-0.004033,0.007718,
2919,2.919,0.014709,0.008557,
2920,2.920,0.006387,0.006356,
2921,2.921,0.008541,0.005666,
2922,2.922,-0.002821,0.007347,
2923,2.923,-0.000986,0.004459,
2924,2.924,-0.006774,0.007988,
2925,2.925,-0.008647,0.008303,
2926,2.926,0.008081,0.006249,
2927,2.927,0.010095,0.008768,
2928,2.928,-0.012591,0.003507,
2929,2.929,0.002115,-0.008013,
2930,2.930,-0.011765,-0.016477,
2931,2.931,-0.004649,-0.021043,
2932,2.932,-0.002626,-0.011406,
2933,2.933,0.007354,-0.007686,
2934,2.934,-0.005842,-0.002089,
2935,2.935,0.009212,-0.007305,
2936,2.936,-0.005142,-0.009959,
2937,2.937,0.011454,-0.005689,
2938,2.938,0.000141,-0.007856,
2939,2.939,-0.002043,-0.005788,
2940,2.940,-0.004032,0.003727,
2941,2.941,0.000904,0.007832,
2942,2.942,-0.000760,0.006693,
2943,2.943,-0.002236,0.007755,
2944,2.944,-0.008608,0.004756,
2945,2.945,0.001588,-0.001626,
2946,2.946,-0.002585,-0.004100,
2947,2.947,-0.014034,-0.001834,
2948,2.948,-0.006526,0.004657,
2949,2.949,0.005890,0.005567,
2950,2.950,0.010865,0.006314,
2951,2.951,0.003154,0.008410,
2952,2.952,0.004408,0.002713,
2953,2.953,0.005509,-0.008729,
2954,2.954,0.002211,-0.003579,
2955,2.955,0.007363,0.001065,
2956,2.956,0.004582,0.002484,
2957,2.957,0.007040,0.001370,
2958,2.958,0.001712,0.002463,
2959,2.959,0.006599,-0.000487,
2960,2.960,-0.000383,0.008083,
2961,2.961,0.009899,0.007183,
2962,2.962,0.008505,0.010341,
2963,2.963,-0.002890,0.001986,
2964,2.964,-0.001404,0.001056,
2965,2.965,0.002615,0.000128,
2966,2.966,-0.001130,0.001058,
2967,2.967,-0.000132,0.000307,
2968,2.968,-0.001134,-0.004823,
2969,2.969,0.003426,0.000191,
2970,2.970,-0.004338,0.003341,
2971,2.971,-0.005350,0.003957,
2972,2.972,0.004980,0.006612,
2973,2.973,-0.010247,0.007067,
2974,2.974,-0.008186,0.009206,
2975,2.975,-0.002572,0.005095,
2976,2.976,-0.000842,0.009264,
2977,2.977,-0.002326,0.007838,
2978,2.978,-0.000907,0.001004,
2979,2.979,-0.007129,-0.004148,
2980,2.980,0.003250,0.002361,
2981,2.981,0.001936,-0.000095,
2982,2.982,0.003199,-0.006961,
2983,2.983,0.008858,-0.013312,
2984,2.984,-0.004730,-0.024393,
2985,2.985,0.000942,-0.013641,
2986,2.986,-0.000651,-0.003917,
2987,2.987,0.007048,-0.000109,
2988,2.988,-0.005355,-0.001034,
2989,2.989,0.006588,-0.001958,
2990,2.990,0.008215,-0.001026,
2991,2.991,0.001384,0.003294,
2992,2.992,-0.002226,0.001185,
2993,2.993,0.008216,0.001956,
2994,2.994,0.001414,-0.007421,
2995,2.995,0.002731,-0.005983,
2996,2.996,-0.000352,-0.002202,
2997,2.997,-0.001226,-0.001132,
2998,2.998,0.001615,0.001960,
2999,2.999,0.002606,0.006583,
3000,3.000,0.006487,0.010863,
3001,3.001,-0.001120,0.007177,
3002,3.002,0.000052,-0.003453,
3003,3.003,0.004783,-0.001917,
3004,3.004,0.003427,0.004002,
3005,3.005,-0.005888,0.002662,
3006,3.006,0.013220,-0.001043,
3007,3.007,-0.027727,-0.008809,
3008,3.008,0.001698,-0.014039,
3009,3.009,-0.003407,-0.007622,
3010,3.010,0.001485,-0.001731,
3011,3.011,0.014832,0.001967,
3012,3.012,0.003158,0.008360,
3013,3.013,0.006854,0.010866,
3014,3.014,-0.002812,0.011495,
3015,3.015,-0.005558,0.000786,
3016,3.016,-0.013528,-0.009930,
3017,3.017,-0.001045,-0.003071,
3018,3.018,-0.003105,-0.001963,
3019,3.019,0.003125,-0.005272,
3020,3.020,0.001400,-0.010611,
3021,3.021,0.006600,-0.008017,
3022,3.022,-0.010192,-0.003915,
3023,3.023,-0.007863,-0.007757,
3024,3.024,-0.005721,-0.001451,
3025,3.025,0.007410,0.004332,
3026,3.026,-0.007699,0.000457,
3027,3.027,0.002561,0.002344,
3028,3.028,0.000812,0.002699,
3029,3.029,0.009366,-0.000328,
3030,3.030,-0.007456,0.007296,
3031,3.031,-0.000761,0.008166,
3032,3.032,-0.014885,0.004972,
3033,3.033,-0.001773,0.000246,
3034,3.034,0.003381,0.004310,
3035,3.035,0.004960,-0.001110,
3036,3.036,-0.001915,-0.001948,
3037,3.037,0.001848,-0.003804,
3038,3.038,0.000879,-0.001091,
3039,3.039,0.001931,-0.000748,
3040,3.040,0.002818,-0.002105,
3041,3.041,-0.003066,-0.008715,
3042,3.042,-0.008285,-0.011605,
3043,3.043,-0.006236,-0.007554,
3044,3.044,0.003249,0.002255,
3045,3.045,-0.003679,0.000743,
3046,3.046,-0.002502,0.004298,
3047,3.047,-0.001491,-0.001437,
3048,3.048,-0.002523,-0.002615,
3049,3.049,-0.008969,0.003671,
3050,3.050,-0.001206,0.004381,
3051,3.051,-0.004283,0.004929,
3052,3.052,-0.005150,0.004109,
3053,3.053,-0.000946,-0.005509,
3054,3.054,-0.000308,-0.007003,
3055,3.055,-0.001038,-0.008325,
3056,3.056,-0.000580,-0.009481,
3057,3.057,0.008174,0.004070,
3058,3.058,-0.000692,0.009497,
3059,3.059,-0.003977,0.004270,
3060,3.060,-0.007037,0.005647,
3061,3.061,0.005091,-0.001417,
3062,3.062,-0.003404,-0.000348,
3063,3.063,0.007211,-0.001477,
3064,3.064,-0.005368,-0.000564,
3065,3.065,0.003038,0.007793,
3066,3.066,-0.001588,0.002114,
3067,3.067,-0.002987,0.007263,
3068,3.068,0.000691,0.006331,
3069,3.069,0.001649,0.014027,
3070,3.070,0.000578,0.016987,
3071,3.071,0.001388,0.006583,
3072,3.072,0.002210,0.002450,
3073,3.073,0.005900,0.008650,
3074,3.074,0.000947,0.009599,
3075,3.075,0.002606,0.000072,
3076,3.076,-0.001476,0.001226,
3077,3.077,0.006275,-0.006584,
3078,3.078,0.000667,-0.005593,
3079,3.079,0.001671,-0.010185,
3080,3.080,0.004368,-0.009356,
3081,3.081,0.000110,-0.005650,
3082,3.082,0.003814,-0.003639,
3083,3.083,0.005823,0.000571,
3084,3.084,0.002772,-0.001153,
3085,3.085,0.009186,0.006610,
3086,3.086,0.004965,0.005574,
3087,3.087,-0.000278,0.004552,
3088,3.088,0.000400,0.007255,
3089,3.089,-0.001293,0.011486,
3090,3.090,-0.000786,0.010819,
3091,3.091,-0.002303,0.004401,
3092,3.092,0.004630,-0.001519,
3093,3.093,-0.000614,-0.013024,
3094,3.094,0.005821,-0.004554,
3095,3.095,-0.001943,-0.009094,
3096,3.096,0.003314,0.000586,
3097,3.097,0.002486,-0.010723,
3098,3.098,-0.000038,-0.009188,
3099,3.099,0.006922,-0.010528,
3100,3.100,-0.007101,-0.001721,
3101,3.101,-0.005048,-0.004933,
3102,3.102,0.004274,-0.003910,
3103,3.103,0.009365,0.000664,
3104,3.104,-0.001259,0.003201,
3105,3.105,0.003169,0.008784,
3106,3.106,-0.003739,0.008103,
3107,3.107,0.015234,0.006072,
3108,3.108,-0.025842,0.007770,
3109,3.109,0.003436,0.002538,
3110,3.110,-0.001805,-0.002364,
3111,3.111,-0.006538,0.001871,
3112,3.112,0.006661,-0.003383,
3113,3.113,-0.005176,-0.002712,
3114,3.114,-0.001618,-0.008459,
3115,3.115,-0.011434,-0.010641,
3116,3.116,-0.002651,-0.005698,
3117,3.117,0.005437,-0.001444,
3118,3.118,0.007790,0.000280,
3119,3.119,-0.007806,0.001821,
3120,3.120,-0.009858,-0.000374,
3121,3.121,-0.011742,-0.002391,
3122,3.122,0.003466,0.003359,
3123,3.123,-0.002649,0.002500,
3124,3.124,-0.000821,-0.007496,
3125,3.125,-0.002568,-0.006157,
3126,3.126,0.001951,-0.005009,
3127,3.127,-0.007760,-0.001830,
3128,3.128,-0.001559,-0.004909,
3129,3.129,0.001591,0.001495,
3130,3.130,0.000501,0.004000,
3131,3.131,-0.002276,0.003289,
3132,3.132,-0.001509,0.009696,
3133,3.133,0.006860,0.003751,
3134,3.134,-0.005747,0.003061,
3135,3.135,-0.004158,-0.004720,
3136,3.136,0.000315,-0.003701,
3137,3.137,0.001568,-0.002850,
3138,3.138,0.002640,-0.005383,
3139,3.139,-0.000683,-0.003181,
3140,3.140,0.002239,0.001733,
3141,3.141,-0.000593,0.004788,
3142,3.142,-0.001559,0.000726,
3143,3.143,-0.002356,-0.002833,
3144,3.144,-0.001789,-0.007928,
3145,3.145,-0.002422,0.002714,
3146,3.146,0.001506,0.007274,
3147,3.147,-0.005387,0.005922,
3148,3.148,-0.002817,0.009642,
3149,3.149,-0.000414,0.012854,
3150,3.150,0.001666,0.005586,
3151,3.151,0.002204,0.004759,
3152,3.152,-0.006226,0.002239,
3153,3.153,-0.003127,0.001588,
3154,3.154,-0.002225,0.003642,
3155,3.155,-0.001493,0.001973,
3156,3.156,-0.000758,0.003683,
3157,3.157,0.004375,0.000157,
3158,3.158,0.006304,0.000525,
3159,3.159,0.003146,-0.002314,
3160,3.160,0.007093,0.003458,
3161,3.161,-0.000732,-0.000753,
3162,3.162,0.002397,-0.007660,
3163,3.163,-0.000707,-0.014061,
3164,3.164,0.007697,-0.019961,
3165,3.165,0.013215,-0.013008,
3166,3.166,-0.002563,-0.013828,
3167,3.167,0.008568,-0.004311,
3168,3.168,-0.001595,0.007063,
3169,3.169,-0.003454,-0.000515,
3170,3.170,-0.008546,0.000866,
3171,3.171,-0.004000,0.004630,
3172,3.172,0.000048,0.007894,
3173,3.173,0.008856,0.004900,
3174,3.174,0.001104,0.011376,
3175,3.175,0.008409,0.008878,
3176,3.176,0.002021,0.003667,
3177,3.177,-0.000466,-0.001199,
3178,3.178,0.004834,0.003062,
3179,3.179,-0.000022,0.005966,
3180,3.180,0.000551,0.000257,
3181,3.181,0.005861,0.004018,
3182,3.182,0.003908,-0.000859,
3183,3.183,0.007045,-0.010303,
3184,3.184,0.001900,-0.006217,
3185,3.185,-0.000046,-0.007363,
3186,3.186,0.003096,-0.006304,
3187,3.187,-0.000860,-0.003224,
3188,3.188,0.007038,-0.004041,
3189,3.189,0.006139,-0.006551,
3190,3.190,0.001019,-0.001278,
3191,3.191,0.003848,-0.000577,
3192,3.192,-0.007190,0.003680,
3193,3.193,0.006807,0.007764,
3194,3.194,0.005077,0.001021,
3195,3.195,0.003521,0.001875,
3196,3.196,0.008238,-0.000640,
3197,3.197,0.004324,0.003099,
3198,3.198,-0.001787,-0.000437,
3199,3.199,0.003949,-0.002101,
3200,3.200,0.007153,-0.001570,
3201,3.201,-0.003006,-0.004103,
3202,3.202,-0.001483,0.000982,
3203,3.203,-0.005053,0.003010,
3204,3.204,-0.001685,0.007234,
3205,3.205,-0.002548,-0.000384,
3206,3.206,0.003191,-0.004111,
3207,3.207,-0.008849,-0.007174,
3208,3.208,0.013288,0.001265,
3209,3.209,-0.031570,0.000233,
3210,3.210,0.000876,-0.002828,
3211,3.211,-0.004745,-0.003674,
3212,3.212,-0.009883,0.002241,
3213,3.213,0.004618,0.002906,
3214,3.214,-0.008477,-0.002024,
3215,3.215,-0.004489,-0.007800,
3216,3.216,-0.007934,-0.000875,
3217,3.217,-0.011071,0.003688,
3218,3.218,-0.002187,0.007911,
3219,3.219,0.006005,-0.003594,
3220,3.220,0.003697,-0.008679,
3221,3.221,0.001547,-0.004129,
3222,3.222,-0.008555,-0.002785,
3223,3.223,-0.002924,-0.001593,
3224,3.224,-0.004563,0.003997,
3225,3.225,-0.003017,0.000963,
3226,3.226,-0.007056,0.007402,
3227,3.227,0.006816,0.006568,
3228,3.228,0.001240,-0.000360,
3229,3.229,0.002920,0.002347,
3230,3.230,-0.001677,0.006577,
3231,3.231,-0.005769,0.005887,
3232,3.232,-0.002075,0.002325,
3233,3.233,0.003465,-0.007156,
3234,3.234,0.000376,-0.014099,
3235,3.235,0.001172,-0.005296,
3236,3.236,-0.003104,0.000290,
3237,3.237,0.000553,-0.000721,
3238,3.238,-0.004425,0.000120,
3239,3.239,0.001253,0.004352,
3240,3.240,-0.001021,0.002154,
3241,3.241,0.000911,0.000119,
3242,3.242,-0.000873,-0.001573,
3243,3.243,-0.001475,0.004865,
3244,3.244,-0.008333,0.000654,
3245,3.245,-0.002008,0.004383,
3246,3.246,-0.004653,0.000824,
3247,3.247,-0.005443,-0.006122,
3248,3.248,-0.004885,-0.003415,
3249,3.249,-0.004494,0.002503,
3250,3.250,-0.008657,-0.002740,
3251,3.251,-0.000983,0.002164,
3252,3.252,-0.000082,0.002675,
3253,3.253,0.000821,0.002192,
3254,3.254,-0.002005,0.000693,
3255,3.255,0.007359,0.007640,
3256,3.256,0.003516,0.004602,
3257,3.257,0.004425,0.001909,
3258,3.258,0.001260,-0.000614,
3259,3.259,0.003875,-0.007526,
3260,3.260,0.009667,-0.004809,
3261,3.261,-0.001951,-0.003951,
3262,3.262,0.006432,0.003003,
3263,3.263,0.007837,0.002184,
3264,3.264,-0.001880,-0.000312,
3265,3.265,0.004293,-0.002474,
3266,3.266,-0.001382,0.005341,
3267,3.267,-0.000447,0.006393,
3268,3.268,0.002196,0.005591,
3269,3.269,0.002990,0.008182,
3270,3.270,0.003630,0.002980,
3271,3.271,0.000035,-0.007634,
3272,3.272,-0.001701,-0.009105,
3273,3.273,0.007035,-0.007690,
3274,3.274,0.005815,-0.008805,
3275,3.275,0.009008,-0.011946,
3276,3.276,-0.002506,-0.008830,
3277,3.277,0.008120,-0.000302,
3278,3.278,0.009468,0.000779,
3279,3.279,0.005735,0.006089,
3280,3.280,0.000155,0.005321,
3281,3.281,0.003195,0.001172,
3282,3.282,0.000498,-0.002480,
3283,3.283,-0.003723,-0.005968,
3284,3.284,-0.008949,-0.001672,
3285,3.285,0.001723,0.001269,
3286,3.286,0.000227,0.009127,
3287,3.287,0.001622,0.003616,
3288,3.288,-0.002075,0.004701,
3289,3.289,0.005790,0.011207,
3290,3.290,0.000641,0.007074,
3291,3.291,-0.005788,0.001930,
3292,3.292,-0.001580,-0.001545,
3293,3.293,0.002145,0.001586,
3294,3.294,0.001454,0.010454,
3295,3.295,0.004504,0.009341,
3296,3.296,0.002812,0.003824,
3297,3.297,-0.003969,0.002873,
3298,3.298,-0.008550,0.000232,
3299,3.299,-0.004331,0.002843,
3300,3.300,-0.005014,-0.000813,
3301,3.301,-0.004355,-0.010065,
3302,3.302,-0.000125,-0.006289,
3303,3.303,-0.003006,0.004079,
3304,3.304,0.004763,0.002768,
3305,3.305,-0.000827,-0.003455,
3306,3.306,0.002198,-0.002400,
3307,3.307,-0.003400,-0.002705,
3308,3.308,-0.000714,0.006802,
3309,3.309,0.012100,0.003097,
3310,3.310,-0.015841,-0.000105,
3311,3.311,0.012031,-0.001098,
3312,3.312,-0.006119,-0.009546,
3313,3.313,-0.002943,-0.006327,
3314,3.314,0.005823,-0.005312,
3315,3.315,-0.002352,-0.000748,
3316,3.316,-0.009664,-0.001598,
3317,3.317,-0.007513,-0.005310,
3318,3.318,-0.009605,-0.003271,
3319,3.319,-0.004083,-0.003765,
3320,3.320,-0.002456,-0.004278,
3321,3.321,0.005102,-0.006837,
3322,3.322,-0.004606,-0.008054,
3323,3.323,-0.010936,-0.006067,
3324,3.324,-0.012024,-0.004239,
3325,3.325,0.003643,0.000968,
3326,3.326,-0.003021,0.001609,
3327,3.327,-0.001067,-0.001972,
3328,3.328,-0.006720,-0.006232,
3329,3.329,-0.001709,-0.004576,
3330,3.330,-0.009387,0.002163,
3331,3.331,-0.002521,0.002983,
3332,3.332,-0.003784,-0.002965,
3333,3.333,-0.000646,-0.002326,
3334,3.334,-0.005966,-0.001690,
3335,3.335,-0.014499,0.005206,
3336,3.336,0.002536,0.004308,
3337,3.337,-0.034740,0.000027,
3338,3.338,-0.029554,-0.010008,
3339,3.339,0.033483,-0.011407,
3340,3.340,0.042068,0.002432,
3341,3.341,0.018677,-0.003190,
3342,3.342,0.025725,0.008605,
3343,3.343,0.006398,0.003976,
3344,3.344,0.012101,0.007975,
3345,3.345,0.017299,0.004185,
3346,3.346,0.012527,-0.001464,
3347,3.347,0.008102,-0.004571,
3348,3.348,0.004179,0.003812,
3349,3.349,0.007693,0.006949,
3350,3.350,-0.002142,0.005869,
3351,3.351,0.000707,0.006644,
3352,3.352,0.003396,0.007412,
3353,3.353,-0.003879,0.006671,
3354,3.354,0.007282,0.004586,
3355,3.355,-0.002872,0.002842,
3356,3.356,-0.000998,-0.001265,
3357,3.357,0.007466,0.005469,
3358,3.358,-0.003178,0.002730,
3359,3.359,0.003774,-0.003226,
3360,3.360,0.000081,0.003667,
3361,3.361,-0.005500,0.008200,
3362,3.362,-0.010739,0.005621,
3363,3.363,-0.002249,0.003382,
3364,3.364,-0.010008,-0.000186,
3365,3.365,-0.006950,-0.007150,
3366,3.366,0.001529,-0.008021,
3367,3.367,0.000526,-0.012261,
3368,3.368,0.001572,-0.000775,
3369,3.369,-0.006857,0.004286,
3370,3.370,-0.001241,0.002753,
3371,3.371,-0.000212,0.006810,
3372,3.372,0.004392,0.000546,
3373,3.373,-0.003360,0.001571,
3374,3.374,-0.002300,-0.001447,
3375,3.375,-0.003112,-0.004101,
3376,3.376,-0.000520,0.001875,
3377,3.377,-0.005727,0.002612,
3378,3.378,-0.006354,-0.002243,
3379,3.379,-0.005796,-0.005247,
3380,3.380,0.003056,-0.008085,
3381,3.381,-0.000626,-0.003307,
3382,3.382,-0.001600,-0.003771,
3383,3.383,-0.002578,-0.000855,
3384,3.384,-0.008961,0.006962,
3385,3.385,-0.001148,0.008012,
3386,3.386,-0.000103,0.002820,
3387,3.387,0.000802,-0.003541,
3388,3.388,-0.005085,-0.009393,
3389,3.389,-0.002867,-0.007138,
3390,3.390,0.002103,-0.005062,
3391,3.391,-0.002068,0.003289,
3392,3.392,0.005584,0.004370,
3393,3.393,0.004586,0.011715,
3394,3.394,0.000027,0.007196,
3395,3.395,-0.004205,-0.000532,
3396,3.396,-0.002006,0.006794,
3397,3.397,0.002899,0.005981,
3398,3.398,-0.001339,0.000089,
3399,3.399,0.003875,0.002326,
3400,3.400,0.000296,0.003039,
3401,3.401,-0.005475,-0.001152,
3402,3.402,-0.001766,0.000573,
3403,3.403,0.004638,-0.000906,
3404,3.404,-0.008246,-0.005951,
3405,3.405,0.001037,-0.010817,
3406,3.406,-0.004060,-0.006551,
3407,3.407,-0.002555,0.002286,
3408,3.408,-0.001381,0.005716,
3409,3.409,0.002672,-0.000497,
3410,3.410,0.016531,0.005108,
3411,3.411,-0.011377,0.002081,
3412,3.412,0.000452,-0.008225,
3413,3.413,0.011263,0.004296,
3414,3.414,0.001449,0.005994,
3415,3.415,0.004310,-0.001617,
3416,3.416,-0.003811,0.002451,
3417,3.417,-0.001433,0.003649,
3418,3.418,0.000779,0.002647,
3419,3.419,0.014989,-0.000381,
3420,3.420,0.001962,0.002338,
3421,3.421,0.000278,-0.005427,
3422,3.422,-0.010369,-0.010658,
3423,3.423,-0.000708,-0.020959,
3424,3.424,-0.004412,-0.014006,
3425,3.425,0.003397,-0.012807,
3426,3.426,-0.003861,-0.005002,
3427,3.427,-0.006532,0.002287,
3428,3.428,-0.005669,0.006862,
3429,3.429,0.001282,0.007699,
3430,3.430,0.004013,0.007002,
3431,3.431,0.004881,0.004959,
3432,3.432,-0.000334,0.007994,
3433,3.433,0.004604,0.008499,
3434,3.434,0.000416,0.000714,
3435,3.435,-0.008343,-0.009611,
3436,3.436,-0.009488,-0.010976,
3437,3.437,0.007636,-0.004732,
3438,3.438,0.010048,0.003040,
3439,3.439,0.007881,0.002014,
3440,3.440,-0.002235,-0.004421,
3441,3.441,0.010838,-0.000201,
3442,3.442,-0.000963,0.009775,
3443,3.443,0.006690,0.005713,
3444,3.444,0.002682,0.002002,
3445,3.445,-0.003539,0.009773,
3446,3.446,-0.002484,0.008741,
3447,3.447,0.007021,0.006024,
3448,3.448,0.003340,0.005175,
3449,3.449,-0.006938,0.001447,
3450,3.450,-0.008242,0.002111,
3451,3.451,0.000588,-0.006209,
3452,3.452,-0.000391,0.001538,
3453,3.453,0.000663,-0.007965,
3454,3.454,-0.003865,-0.006808,
3455,3.455,-0.004680,-0.010053,
3456,3.456,-0.003969,-0.009056,
3457,3.457,-0.010361,-0.009922,
3458,3.458,-0.000845,0.002922,
3459,3.459,-0.012121,0.008485,
3460,3.460,-0.001408,0.010150,
3461,3.461,-0.000004,0.011658,
3462,3.462,-0.001154,0.004702,
3463,3.463,0.004454,0.003503,
3464,3.464,-0.000715,-0.004276,
3465,3.465,-0.001537,-0.007332,
3466,3.466,-0.002330,-0.006497,
3467,3.467,0.006159,-0.000577,
3468,3.468,0.002973,0.003146,
3469,3.469,0.001991,-0.001769,
3470,3.470,0.001199,0.001263,
3471,3.471,-0.001301,-0.006359,
3472,3.472,-0.003466,-0.005360,
3473,3.473,-0.006996,-0.004536,
3474,3.474,0.002507,-0.010484,
3475,3.475,-0.007091,-0.000522,
3476,3.476,0.004289,0.003528,
3477,3.477,0.005838,0.009786,
3478,3.478,0.001831,0.013005,
3479,3.479,0.008145,0.005750,
3480,3.480,0.000425,0.004917,
3481,3.481,-0.000556,-0.000994,
3482,3.482,-0.005081,0.001202,
3483,3.483,-0.004210,0.004755,
3484,3.484,0.001069,0.006457,
3485,3.485,0.003125,0.002402,
3486,3.486,0.000105,-0.005377,
3487,3.487,0.004184,-0.006384,
3488,3.488,0.004716,-0.005362,
3489,3.489,-0.001343,-0.000778,
3490,3.490,0.001240,0.000079,
3491,3.491,0.004992,-0.002125,
3492,3.492,-0.004278,-0.007035,
3493,3.493,0.002000,0.002434,
3494,3.494,-0.001188,0.001071,
3495,3.495,0.006116,-0.000122,
3496,3.496,0.001563,-0.005717,
3497,3.497,-0.000964,-0.006751,
3498,3.498,-0.003137,-0.000353,
3499,3.499,0.004661,0.010786,
3500,3.500,-0.000581,0.009249,
3501,3.501,0.000268,0.005177,
3502,3.502,0.002826,0.001438,
3503,3.503,0.000643,0.002450,
3504,3.504,0.004210,-0.007035,
3505,3.505,-0.001530,-0.000775,
3506,3.506,-0.003715,0.000236,
3507,3.507,-0.011481,0.005480,
3508,3.508,-0.006232,0.004649,
3509,3.509,0.003414,-0.000080,
3510,3.510,-0.003009,0.000773,
3511,3.511,0.009871,-0.007684,
3512,3.512,-0.018021,-0.008710,
3513,3.513,0.009906,0.000748,
3514,3.514,-0.008160,-0.002996,
3515,3.515,0.001671,-0.006235,
3516,3.516,0.004564,-0.005246,
3517,3.517,0.001879,0.001157,
3518,3.518,-0.005374,0.001982,
3519,3.519,-0.003159,0.001288,
3520,3.520,-0.001108,0.001961,
3521,3.521,0.000770,0.003656,
3522,3.522,0.002480,0.004163,
3523,3.523,-0.008165,0.005682,
3524,3.524,-0.004094,0.001456,
3525,3.525,0.004736,0.001961,
3526,3.526,-0.012331,0.001456,
3527,3.527,-0.009928,-0.005479,
3528,3.528,-0.007706,-0.002440,
3529,3.529,0.010751,-0.001592,
3530,3.530,0.003501,0.004319,
3531,3.531,0.010113,0.002107,
3532,3.532,0.004040,-0.005699,
3533,3.533,0.005922,-0.006742,
3534,3.534,0.000864,-0.007603,
3535,3.535,0.005464,-0.008470,
3536,3.536,0.009554,-0.001560,
3537,3.537,0.003338,-0.002418,
3538,3.538,-0.009140,0.000113,
3539,3.539,-0.004019,0.007031,
3540,3.540,0.000592,0.007862,
3541,3.541,0.001999,0.010383,
3542,3.542,0.000882,0.008153,
3543,3.543,-0.004647,0.003214,
3544,3.544,0.002695,0.007425,
3545,3.545,0.005461,0.007915,
3546,3.546,-0.000395,0.010431,
3547,3.547,0.003385,0.003483,
3548,3.548,0.005472,-0.005992,
3549,3.549,0.005020,-0.007186,
3550,3.550,-0.001333,-0.006178,
3551,3.551,0.001260,-0.009226,
3552,3.552,0.002008,-0.006497,
3553,3.553,0.001397,-0.010706,
3554,3.554,-0.000225,-0.005453,
3555,3.555,0.000348,-0.004789,
3556,3.556,0.003967,-0.011741,
3557,3.557,0.010121,0.002292,
3558,3.558,0.002395,0.004319,
3559,3.559,-0.002792,0.006172,
3560,3.560,-0.000018,0.011248,
3561,3.561,0.002571,0.006680,
3562,3.562,-0.007356,0.008019,
3563,3.563,-0.000384,0.004290,
3564,3.564,0.000838,0.003273,
3565,3.565,-0.002316,0.004272,
3566,3.566,0.002966,0.003418,
3567,3.567,0.002173,0.002570,
3568,3.568,-0.002014,-0.008927,
3569,3.569,0.000194,-0.010615,
3570,3.570,-0.001819,-0.009094,
3571,3.571,0.001252,-0.005040,
3572,3.572,0.000794,-0.006224,
3573,3.573,-0.006945,-0.002992,
3574,3.574,-0.001358,0.000092,
3575,3.575,-0.004372,0.002823,
3576,3.576,0.004107,0.008776,
3577,3.577,0.003091,0.001863,
3578,3.578,0.002077,0.002733,
3579,3.579,0.002932,0.003618,
3580,3.580,0.000409,0.005842,
3581,3.581,-0.003297,0.007892,
3582,3.582,0.001629,0.000970,
3583,3.583,-0.005298,0.003695,
3584,3.584,-0.000746,0.002875,
3585,3.585,-0.010249,-0.008601,
3586,3.586,-0.004021,-0.010264,
3587,3.587,-0.007261,0.000418,
3588,3.588,-0.006282,0.001783,
3589,3.589,-0.009054,0.002985,
3590,3.590,-0.013342,0.010774,
3591,3.591,-0.006469,0.007734,
3592,3.592,-0.009238,0.003167,
3593,3.593,-0.003387,0.000628,
3594,3.594,-0.001263,0.002834,
3595,3.595,0.000680,-0.006444,
3596,3.596,0.001097,-0.010153,
3597,3.597,0.001517,0.000190,
3598,3.598,-0.005335,0.004255,
3599,3.599,0.004890,-0.002007,
3600,3.600,-0.004849,-0.019084,
3601,3.601,0.001309,-0.016697,
3602,3.602,-0.002007,-0.005520,
3603,3.603,0.003148,0.004657,
3604,3.604,-0.001530,0.010263,
3605,3.605,-0.000789,0.005216,
3606,3.606,0.002830,0.003732,
3607,3.607,0.004758,0.005122,
3608,3.608,0.002944,-0.003630,
3609,3.609,0.008063,-0.000389,
3610,3.610,0.010663,0.004196,
3611,3.611,0.004125,0.001168,
3612,3.612,0.016877,0.003878,
3613,3.613,-0.011153,0.009802,
3614,3.614,0.008726,0.002876,
3615,3.615,-0.002200,0.000188,
3616,3.616,0.000911,-0.000644,
3617,3.617,0.015703,0.001563,
3618,3.618,0.007498,0.003606,
3619,3.619,0.000137,0.006653,
3620,3.620,-0.015514,0.001408,
3621,3.621,-0.009512,-0.009238,
3622,3.622,0.007166,-0.019885,
3623,3.623,-0.008470,-0.010242,
3624,3.624,0.001603,-0.011420,
3625,3.625,0.003395,-0.003635,
3626,3.626,0.001643,-0.006678,
3627,3.627,-0.002978,-0.011240,
3628,3.628,0.001034,0.001612,
3629,3.629,-0.007807,0.007189,
3630,3.630,-0.008873,0.008873,
3631,3.631,-0.007914,0.001254,
3632,3.632,0.006074,-0.002818,
3633,3.633,0.008057,-0.001657,
3634,3.634,0.006155,-0.000667,
3635,3.635,0.001043,0.006576,
3636,3.636,-0.000524,0.012958,
3637,3.637,0.009087,0.008681,
3638,3.638,0.005332,0.015576,
3639,3.639,0.006317,0.012831,
3640,3.640,0.003240,0.011934,
3641,3.641,0.004058,0.008171,
3642,3.642,0.001511,-0.002530,
3643,3.643,0.009953,-0.013223,
3644,3.644,0.008934,-0.003605,
3645,3.645,-0.000542,-0.009877,
3646,3.646,-0.001722,-0.002122,
3647,3.647,0.001486,-0.001136,
3648,3.648,0.000464,-0.007590,
3649,3.649,-0.002254,-0.010149,
3650,3.650,-0.001403,-0.004929,
3651,3.651,-0.009854,-0.009859,
3652,3.652,0.002685,-0.006817,
3653,3.653,-0.002376,-0.003922,
3654,3.654,-0.003878,-0.008620,
3655,3.655,-0.002523,-0.008080,
3656,3.656,0.011361,-0.002817,
3657,3.657,0.005793,0.007854,
3658,3.658,-0.009414,0.012411,
3659,3.659,-0.003302,0.011046,
3660,3.660,-0.005141,0.012205,
3661,3.661,-0.000054,0.008966,
3662,3.662,-0.016958,-0.000511,
3663,3.663,-0.001386,-0.006768,
3664,3.664,0.000629,-0.003574,
3665,3.665,-0.001245,-0.000570,
3666,3.666,-0.006316,-0.005178,
3667,3.667,-0.004807,-0.002660,
3668,3.668,-0.000741,-0.000448,
3669,3.669,0.000421,-0.005327,
3670,3.670,-0.007405,-0.001044,
3671,3.671,-0.002195,0.005442,
3672,3.672,-0.001364,0.002950,
3673,3.673,-0.000519,0.005180,
3674,3.674,-0.004252,0.005888,
3675,3.675,-0.000713,0.004219,
3676,3.676,-0.003765,0.003733,
3677,3.677,-0.003264,0.003251,
3678,3.678,0.003491,0.003620,
3679,3.679,0.006178,0.001657,
3680,3.680,0.003623,0.003643,
3681,3.681,0.004285,0.005466,
3682,3.682,-0.000641,0.005962,
3683,3.683,0.001053,0.007481,
3684,3.684,0.003935,0.009320,
3685,3.685,0.001398,0.008259,
3686,3.686,0.003602,0.008866,
3687,3.687,0.003929,0.005883,
3688,3.688,0.005798,0.011504,
3689,3.689,0.003413,0.006283,
3690,3.690,-0.001643,0.002762,
3691,3.691,0.003267,-0.006668,
3692,3.692,0.000244,-0.013534,
3693,3.693,0.001922,-0.017168,
3694,3.694,-0.000619,-0.009312,
3695,3.695,0.005477,-0.006173,
3696,3.696,0.006326,0.000363,
3697,3.697,0.004129,-0.000314,
3698,3.698,-0.000753,-0.000798,
3699,3.699,-0.006484,-0.007036,
3700,3.700,-0.010197,-0.012795,
3701,3.701,-0.005276,-0.014824,
3702,3.702,-0.004732,-0.016709,
3703,3.703,0.004103,-0.007110,
3704,3.704,-0.002120,-0.000046,
3705,3.705,-0.001059,0.003808,
3706,3.706,-0.002032,0.018837,
3707,3.707,-0.006542,0.012891,
3708,3.708,-0.002266,0.022347,
3709,3.709,0.003015,0.020796,
3710,3.710,-0.001828,0.003979,
3711,3.711,0.005676,0.002358,
3712,3.712,0.004056,0.017951,
3713,3.713,0.012921,0.024045,
3714,3.714,-0.005940,0.018453,
3715,3.715,0.007865,0.003225,
3716,3.716,0.000687,-0.015203,
3717,3.717,0.011941,-0.017563,
3718,3.718,0.018141,-0.028691,
3719,3.719,0.001507,-0.026628,
3720,3.720,-0.004971,-0.017300,
3721,3.721,-0.002818,-0.005453,
3722,3.722,-0.004546,0.005213,
3723,3.723,0.004038,0.012175,
3724,3.724,-0.000403,0.018480,
3725,3.725,-0.001626,0.012956,
3726,3.726,-0.000297,0.007752,
3727,3.727,0.007621,-0.006262,
3728,3.728,0.000492,-0.036892,
3729,3.729,-0.000209,-0.032530,
3730,3.730,0.005851,-0.044416,
3731,3.731,-0.000949,-0.040902,
3732,3.732,-0.003514,-0.017937,
3733,3.733,-0.000845,0.002863,
3734,3.734,-0.005949,0.021990,
3735,3.735,0.004839,0.044371,
3736,3.736,-0.002640,0.047341,
3737,3.737,0.010022,0.050100,
3738,3.738,-0.011840,0.032840,
3739,3.739,-0.002902,0.017249,
3740,3.740,-0.010889,-0.005298,
3741,3.741,0.011563,-0.020239,
3742,3.742,0.008812,-0.012217,
3743,3.743,0.000802,-0.014716,
3744,3.744,-0.001446,-0.021435,
3745,3.745,0.000867,-0.048093,
3746,3.746,-0.009162,-0.051760,
3747,3.747,-0.003468,-0.042071,
3748,3.748,0.005102,-0.015130,
3749,3.749,0.003676,-0.011685,
3750,3.750,-0.011464,0.004634,
3751,3.751,-0.001227,0.019412,
3752,3.752,0.000730,0.016593,
3753,3.753,-0.004235,0.009221,
3754,3.754,0.003497,0.002565,
3755,3.755,0.002252,0.004561,
3756,3.756,0.006074,0.002681,
3757,3.757,0.005151,0.007721,
3758,3.758,-0.004237,0.027592,
3759,3.759,-0.000417,0.035625,
3760,3.760,-0.001324,0.047929,
3761,3.761,-0.004274,0.045725,
3762,3.762,-0.001455,0.039627,
3763,3.763,-0.009145,0.026563,
3764,3.764,-0.001773,0.011278,
3765,3.765,0.002871,0.005154,
3766,3.766,-0.006551,-0.015324,
3767,3.767,-0.002730,-0.012657,
3768,3.768,-0.003695,-0.010354,
3769,3.769,-0.006674,0.000718,
3770,3.770,-0.005791,-0.001394,
3771,3.771,0.001999,-0.018217,
3772,3.772,0.003034,-0.029460,
3773,3.773,0.000346,-0.035616,
3774,3.774,-0.005567,-0.022676,
3775,3.775,0.001378,-0.014308,
3776,3.776,-0.003199,0.008611,
3777,3.777,0.002718,0.018363,
3778,3.778,0.006419,0.015445,
3779,3.779,0.005703,0.007305,
3780,3.780,0.001421,0.004933,
3781,3.781,0.004226,-0.019817,
3782,3.782,-0.000590,-0.029692,
3783,3.783,0.006244,-0.050547,
3784,3.784,0.001578,-0.069662,
3785,3.785,-0.004447,-0.032386,
3786,3.786,0.003907,0.004914,
3787,3.787,-0.004017,0.019414,
3788,3.788,-0.001127,0.023937,
3789,3.789,0.001383,0.020094,
3790,3.790,0.002031,0.038180,
3791,3.791,0.007055,0.047961,
3792,3.792,-0.000951,0.033025,
3793,3.793,-0.000181,0.019260,
3794,3.794,-0.003151,0.026458,
3795,3.795,0.000777,0.028587,
3796,3.796,-0.003222,0.022390,
3797,3.797,0.001297,0.005539,
3798,3.798,0.003944,-0.010131,
3799,3.799,-0.001587,-0.000069,
3800,3.800,-0.005448,0.001705,
3801,3.801,-0.014078,-0.006843,
3802,3.802,-0.015414,-0.023835,
3803,3.803,-0.012731,-0.030536,
3804,3.804,-0.006668,-0.032686,
3805,3.805,-0.004506,-0.012350,
3806,3.806,-0.004206,0.017628,
3807,3.807,-0.012377,0.013602,
3808,3.808,-0.015814,-0.019375,
3809,3.809,-0.011645,-0.050333,
3810,3.810,-0.019831,-0.038669,
3811,3.811,-0.008742,-0.006039,
3812,3.812,-0.011525,0.009132,
3813,3.813,-0.010403,-0.013098,
3814,3.814,0.009996,-0.033304,
3815,3.815,-0.029476,-0.015466,
3816,3.816,0.007347,0.007272,
3817,3.817,-0.007427,0.021860,
3818,3.818,-0.003406,0.018861,
3819,3.819,0.008062,0.020962,
3820,3.820,-0.003129,0.027275,
3821,3.821,-0.006704,0.020892,
3822,3.822,0.001748,0.029944,
3823,3.823,-0.006713,0.028029,
3824,3.824,0.000231,0.013959,
3825,3.825,-0.006696,-0.010334,
3826,3.826,0.003157,-0.026813,
3827,3.827,0.004738,-0.047721,
3828,3.828,0.006171,-0.039717,
3829,3.829,0.013539,-0.002645,
3830,3.830,0.006378,0.013042,
3831,3.831,0.012429,0.017573,
3832,3.832,0.004460,-0.004627,
3833,3.833,-0.000955,-0.032717,
3834,3.834,-0.000251,-0.036419,
3835,3.835,0.012488,-0.059568,
3836,3.836,0.017966,-0.056704,
3837,3.837,0.022978,-0.015536,
3838,3.838,0.018360,0.013797,
3839,3.839,0.019689,0.008579,
3840,3.840,0.023427,0.013319,
3841,3.841,0.022450,0.026466,
3842,3.842,0.017274,0.030271,
3843,3.843,0.029539,0.019315,
3844,3.844,0.004282,0.028970,
3845,3.845,0.059067,0.025973,
3846,3.846,0.051456,0.033979,
3847,3.847,-0.026682,0.031523,
3848,3.848,-0.016150,0.024862,
3849,3.849,-0.006428,0.026834,
3850,3.850,-0.014788,0.013766,
3851,3.851,0.008839,0.018833,
3852,3.852,0.002031,0.014252,
3853,3.853,0.008784,0.010174,
3854,3.854,0.003372,0.003887,
3855,3.855,0.009005,-0.001719,
3856,3.856,0.004666,0.009830,
3857,3.857,0.000692,0.017554,
3858,3.858,0.005013,0.013590,
3859,3.859,0.009014,0.012483,
3860,3.860,0.006282,0.018125,
3861,3.861,-0.002043,0.010939,
3862,3.862,0.001168,-0.002989,
3863,3.863,-0.000688,-0.004886,
3864,3.864,0.002029,-0.006588,
3865,3.865,0.000534,0.002030,
3866,3.866,-0.004535,0.000682,
3867,3.867,-0.002322,-0.011628,
3868,3.868,-0.003283,0.007180,
3869,3.869,0.001310,0.009709,
3870,3.870,0.000686,-0.023823,
3871,3.871,0.004430,-0.038091,
3872,3.872,0.001890,-0.042400,
3873,3.873,0.005126,-0.078337,
3874,3.874,-0.003845,-0.073546,
3875,3.875,-0.007055,-0.024980,
3876,3.876,-0.007576,-0.005710,
3877,3.877,-0.004020,0.011705,
3878,3.878,-0.006254,0.048963,
3879,3.879,-0.008331,0.034716,
3880,3.880,-0.007209,0.021698,
3881,3.881,-0.007463,0.001917,
3882,3.882,-0.008749,-0.016017,
3883,3.883,-0.012428,-0.012684,
3884,3.884,-0.008522,-0.057601,
3885,3.885,-0.014283,-0.063940,
3886,3.886,-0.009740,-0.046404,
3887,3.887,-0.008765,-0.009067,
3888,3.888,-0.016285,0.005440,
3889,3.889,-0.013005,0.045322,
3890,3.890,-0.011948,0.061363,
3891,3.891,-0.010919,0.066270,
3892,3.892,-0.012968,0.062024,
3893,3.893,-0.014897,0.034223,
3894,3.894,-0.010582,0.023501,
3895,3.895,-0.005285,0.000599,
3896,3.896,-0.004545,-0.020129,
3897,3.897,-0.010280,-0.022791,
3898,3.898,-0.009683,-0.015484,
3899,3.899,-0.004857,-0.026600,
3900,3.900,-0.003256,-0.016433,
3901,3.901,-0.005061,-0.010869,
3902,3.902,0.002619,0.004310,
3903,3.903,-0.012407,0.010330,
3904,3.904,-0.002410,-0.013926,
3905,3.905,-0.008166,-0.030374,
3906,3.906,-0.003277,-0.015581,
3907,3.907,-0.005009,-0.012947,
3908,3.908,-0.012173,-0.005717,
3909,3.909,0.001455,-0.003540,
3910,3.910,-0.004380,0.006576,
3911,3.911,-0.002947,0.004665,
3912,3.912,0.001335,-0.020797,
3913,3.913,0.003916,-0.020897,
3914,3.914,-0.000451,-0.010170,
3915,3.915,0.018198,-0.013482,
3916,3.916,-0.017811,0.001288,
3917,3.917,0.006059,0.020283,
3918,3.918,-0.007461,0.032500,
3919,3.919,0.004055,0.038974,
3920,3.920,0.014560,0.036812,
3921,3.921,-0.002179,0.027344,
3922,3.922,0.006280,0.039035,
3923,3.923,-0.002172,0.043467,
3924,3.924,-0.000135,0.039231,
3925,3.925,-0.011628,0.020132,
3926,3.926,0.006485,-0.021093,
3927,3.927,0.003794,-0.062129,
3928,3.928,0.005673,-0.056940,
3929,3.929,0.003338,-0.042510,
3930,3.930,0.004888,-0.029261,
3931,3.931,0.002888,-0.009298,
3932,3.932,0.004115,0.001490,
3933,3.933,0.007891,-0.001744,
3934,3.934,0.008797,-0.022528,
3935,3.935,0.005331,-0.014391,
3936,3.936,0.012363,0.007979,
3937,3.937,0.007573,0.016810,
3938,3.938,0.004835,-0.002261,
3939,3.939,0.006828,-0.024556,
3940,3.940,0.007327,-0.009619,
3941,3.941,0.016627,0.009522,
3942,3.942,0.012406,-0.002830,
3943,3.943,0.000934,-0.004997,
3944,3.944,0.005370,0.001158,
3945,3.945,0.006612,0.017945,
3946,3.946,0.007708,0.011402,
3947,3.947,0.004415,-0.011016,
3948,3.948,0.005358,0.003946,
3949,3.949,0.004462,0.012129,
3950,3.950,-0.001504,0.024542,
3951,3.951,0.005403,0.026814,
3952,3.952,0.004537,0.012695,
3953,3.953,0.001988,-0.011389,
3954,3.954,0.001302,0.018509,
3955,3.955,0.001990,0.006774,
3956,3.956,0.001503,-0.011232,
3957,3.957,0.003228,-0.027521,
3958,3.958,0.001743,-0.018598,
3959,3.959,-0.005154,-0.004756,
3960,3.960,0.000151,0.012642,
3961,3.961,0.001069,0.010592,
3962,3.962,0.001984,0.008707,
3963,3.963,-0.007921,0.006962,
3964,3.964,-0.000906,0.022301,
3965,3.965,-0.004548,0.020395,
3966,3.966,-0.001249,0.018654,
3967,3.967,-0.004231,0.020470,
3968,3.968,-0.005009,0.022121,
3969,3.969,-0.000684,0.020891,
3970,3.970,0.004629,0.007129,
3971,3.971,-0.001700,0.001646,
3972,3.972,-0.000785,0.016941,
3973,3.973,-0.005987,0.014955,
3974,3.974,-0.005249,0.024309,
3975,3.975,-0.003500,0.019314,
3976,3.976,0.000601,-0.003523,
3977,3.977,-0.005102,-0.052944,
3978,3.978,0.001883,-0.059974,
3979,3.979,0.006499,-0.027542,
3980,3.980,0.002320,-0.009993,
3981,3.981,0.000154,-0.025752,
3982,3.982,0.000838,-0.039972,
3983,3.983,-0.006092,-0.044208,
3984,3.984,-0.006938,-0.040200,
3985,3.985,-0.007780,-0.007326,
3986,3.986,-0.011520,0.014695,
3987,3.987,-0.002216,0.026546,
3988,3.988,-0.008483,0.030122,
3989,3.989,-0.000712,0.039922,
3990,3.990,0.000259,0.042762,
3991,3.991,-0.006201,0.001681,
3992,3.992,-0.002007,-0.039106,
3993,3.993,-0.002734,-0.023033,
3994,3.994,-0.006357,-0.037234,
3995,3.995,-0.003381,-0.050212,
3996,3.996,-0.002935,-0.029988,
3997,3.997,-0.007742,-0.004365,
3998,3.998,0.000479,-0.000950,
3999,3.999,-0.002801,0.008030,
4000,4.000,-0.001856,0.005507,
4001,4.001,0.002627,0.008046,
4002,4.002,-0.001685,0.001618,
4003,4.003,-0.002451,0.003794,
4004,4.004,-0.004559,0.009483,
4005,4.005,-0.004144,0.007905,
4006,4.006,-0.001352,0.009505,
4007,4.007,-0.000933,0.008207,
4008,4.008,-0.002202,0.009439,
4009,4.009,-0.008718,0.010510,
4010,4.010,-0.000348,0.011578,
4011,4.011,0.000576,0.016182,
4012,4.012,0.001511,0.018731,
4013,4.013,0.000589,0.018043,
4014,4.014,0.007445,0.017983,
4015,4.015,0.001453,0.019934,
4016,4.016,0.012892,0.021517,
4017,4.017,-0.012551,0.020860,
4018,4.018,0.012757,0.021200,
4019,4.019,-0.003714,0.014105,
4020,4.020,0.005015,0.017017,
4021,4.021,0.024085,0.029033,
4022,4.022,0.001705,0.013685,
4023,4.023,0.004537,-0.016932,
4024,4.024,0.007196,-0.083005,
4025,4.025,0.009530,-0.073521,
4026,4.026,0.002893,-0.030455,
4027,4.027,0.000830,-0.038338,
4028,4.028,-0.004778,-0.017128,
4029,4.029,0.003670,-0.010737,
4030,4.030,0.014324,-0.005009,
4031,4.031,0.010261,0.000216,
4032,4.032,0.009088,0.024344,
4033,4.033,0.001327,0.046353,
4034,4.034,0.008621,0.058221,
4035,4.035,-0.005381,0.069067,
4036,4.036,-0.007363,0.046129,
4037,4.037,-0.009173,0.043353,
4038,4.038,0.009510,0.035289,
4039,4.039,-0.002754,-0.001918,
4040,4.040,-0.000461,-0.071310,
4041,4.041,0.001678,-0.080851,
4042,4.042,0.003643,-0.072346,
4043,4.043,0.002082,-0.080264,
4044,4.044,-0.005392,-0.087480,
4045,4.045,-0.001187,-0.068299,
4046,4.046,-0.007293,-0.039131,
4047,4.047,-0.008138,-0.012648,
4048,4.048,-0.006947,-0.007963,
4049,4.049,-0.000325,0.005181,
4050,4.050,0.000716,0.001279,
4051,4.051,0.003127,0.004825,
4052,4.052,-0.005952,0.014600,
4053,4.053,0.003071,0.023337,
4054,4.054,-0.002270,0.031390,
4055,4.055,0.001027,0.028986,
4056,4.056,0.000444,0.022329,
4057,4.057,0.001557,0.020214,
4058,4.058,-0.000362,0.025706,
4059,4.059,0.006349,0.037453,
4060,4.060,0.000718,0.038878,
4061,4.061,0.000340,0.040130,
4062,4.062,-0.000018,0.056433,
4063,4.063,0.001987,0.058526,
4064,4.064,-0.001750,0.056376,
4065,4.065,0.006357,0.061826,
4066,4.066,0.005663,0.053231,
4067,4.067,0.004976,0.030081,
4068,4.068,0.013748,0.000162,
4069,4.069,0.003750,0.003904,
4070,4.070,0.005446,-0.029073,
4071,4.071,0.004568,-0.095362,
4072,4.072,0.008116,-0.123924,
4073,4.073,0.003164,-0.063691,
4074,4.074,0.011905,-0.009229,
4075,4.075,0.011182,-0.002336,
4076,4.076,0.006221,-0.021798,
4077,4.077,0.003788,-0.051182,
4078,4.078,0.004889,-0.024737,
4079,4.079,0.004466,-0.010455,
4080,4.080,-0.001717,0.011443,
4081,4.081,-0.002301,-0.040758,
4082,4.082,0.000131,-0.033752,
4083,4.083,-0.006066,-0.014551,
4084,4.084,-0.005036,-0.020384,
4085,4.085,-0.001135,-0.025706,
4086,4.086,-0.004538,0.008052,
4087,4.087,-0.007467,0.029929,
4088,4.088,-0.002108,0.049785,
4089,4.089,-0.005550,0.053255,
4090,4.090,0.000285,0.049931,
4091,4.091,-0.008112,0.028959,
4092,4.092,-0.007038,0.020710,
4093,4.093,-0.005986,0.008290,
4094,4.094,-0.003262,0.001643,
4095,4.095,-0.007496,0.003651,
4096,4.096,-0.006843,0.001836,
4097,4.097,-0.007568,0.000210,
4098,4.098,-0.004574,-0.022768,
4099,4.099,-0.008700,-0.025989,
4100,4.100,-0.009316,-0.005183,
4101,4.101,-0.007216,0.002959,
4102,4.102,-0.011234,0.005418,
4103,4.103,-0.012907,-0.014749,
4104,4.104,-0.013410,-0.000890,
4105,4.105,-0.008000,0.011607,
4106,4.106,-0.011905,0.009536,
4107,4.107,-0.008564,0.007650,
4108,4.108,-0.011829,0.005919,
4109,4.109,-0.008030,0.004372,
4110,4.110,-0.016071,0.006028,
4111,4.111,-0.008573,0.002122,
4112,4.112,-0.011910,0.005962,
4113,4.113,-0.007660,0.009277,
4114,4.114,-0.007135,0.008354,
4115,4.115,-0.004929,0.007766,
4116,4.116,-0.008987,0.005146,
4117,4.117,0.001322,0.002694,
4118,4.118,-0.022036,0.003427,
4119,4.119,0.007377,-0.004340,
4120,4.120,-0.004831,-0.001284,
4121,4.121,0.005603,-0.000442,
4122,4.122,0.008420,-0.001328,
4123,4.123,-0.000765,-0.005052,
4124,4.124,0.001539,-0.002951,
4125,4.125,-0.001231,-0.004515,
4126,4.126,0.004962,-0.002685,
4127,4.127,-0.001541,0.005211,
4128,4.128,0.003620,0.008530,
4129,4.129,-0.008641,0.015970,
4130,4.130,0.001595,0.016974,
4131,4.131,-0.005763,0.016286,
4132,4.132,0.012765,0.018596,
4133,4.133,0.009633,0.010932,
4134,4.134,0.011572,0.003807,
4135,4.135,0.022321,0.006654,
4136,4.136,0.011766,-0.006053,
4137,4.137,0.013220,-0.026341,
4138,4.138,0.011133,-0.023443,
4139,4.139,0.015317,-0.010924,
4140,4.140,0.005312,-0.017395,
4141,4.141,0.008672,-0.027446,
4142,4.142,0.007312,-0.021816,
4143,4.143,0.005957,-0.020101,
4144,4.144,0.008342,-0.030757,
4145,4.145,0.008871,-0.009944,
4146,4.146,-0.001419,0.035099,
4147,4.147,-0.000347,0.054435,
4148,4.148,0.018323,0.048719,
4149,4.149,-0.001063,0.022184,
4150,4.150,0.005957,-0.021476,
4151,4.151,0.003522,-0.038918,
4152,4.152,0.005343,-0.044189,
4153,4.153,-0.004173,-0.029833,
4154,4.154,-0.006062,-0.016702,
4155,4.155,0.001361,-0.028600,
4156,4.156,-0.002857,-0.017822,
4157,4.157,0.010859,-0.021048,
4158,4.158,0.001439,-0.006169,
4159,4.159,0.003027,-0.019885,
4160,4.160,-0.001641,0.002413,
4161,4.161,0.005216,0.017251,
4162,4.162,-0.001097,0.014502,
4163,4.163,-0.004358,0.007184,
4164,4.164,-0.003374,0.004929,
4165,4.165,-0.004235,-0.005301,
4166,4.166,-0.008467,0.000189,
4167,4.167,-0.004738,0.011957,
4168,4.168,-0.011139,0.019529,
4169,4.169,0.001743,0.015402,
4170,4.170,-0.000073,0.014115,
4171,4.171,-0.008448,-0.003087,
4172,4.172,-0.003804,0.004054,
4173,4.173,-0.002349,0.006100,
4174,4.174,-0.003435,0.003900,
4175,4.175,-0.002322,0.009294,
4176,4.176,0.000862,0.004035,
4177,4.177,0.000170,-0.013063,
4178,4.178,0.001173,0.002306,
4179,4.179,0.000681,0.012281,
4180,4.180,0.000198,0.010263,
4181,4.181,0.008696,0.011804,
4182,4.182,0.009923,0.001004,
4183,4.183,0.004922,0.002207,
4184,4.184,0.004338,-0.006743,
4185,4.185,0.007148,-0.010137,
4186,4.186,0.003721,-0.011345,
4187,4.187,0.004676,0.002470,
4188,4.188,-0.004476,0.016433,
4189,4.189,0.005477,0.014346,
4190,4.190,-0.003000,0.019221,
4191,4.191,0.002906,0.017487,
4192,4.192,0.000196,0.013238,
4193,4.193,0.006964,-0.000819,
4194,4.194,0.006476,-0.028906,
4195,4.195,-0.001604,-0.032975,
4196,4.196,0.004352,-0.022266,
4197,4.197,0.009972,-0.025508,
4198,4.198,0.005794,0.001522,
4199,4.199,0.003676,0.012256,
4200,4.200,-0.002858,0.015354,
4201,4.201,0.007874,0.006415,
4202,4.202,0.006943,0.014398,
4203,4.203,0.011081,0.011925,
4204,4.204,0.003722,0.005315,
4205,4.205,0.009389,-0.025298,
4206,4.206,-0.004216,-0.029742,
4207,4.207,-0.001744,-0.025901,
4208,4.208,0.008003,-0.015147,
4209,4.209,-0.000013,-0.005374,
4210,4.210,-0.001099,-0.014200,
4211,4.211,0.003398,-0.011492,
4212,4.212,0.005025,-0.004188,
4213,4.213,0.004452,0.007040,
4214,4.214,0.005906,0.009160,
4215,4.215,0.005486,-0.007486,
4216,4.216,0.006421,-0.029908,
4217,4.217,0.002604,-0.009564,
4218,4.218,0.014528,0.009587,
4219,4.219,-0.010438,0.016877,
4220,4.220,0.008077,0.023449,
4221,4.221,-0.001338,0.029510,
4222,4.222,0.001921,0.031346,
4223,4.223,0.010430,0.036445,
4224,4.224,-0.011515,0.025833,
4225,4.225,-0.008256,0.018954,
4226,4.226,-0.005179,0.025287,
4227,4.227,-0.012100,0.008293,
4228,4.228,-0.013951,-0.004010,
4229,4.229,-0.007525,-0.010572,
4230,4.230,-0.005358,-0.016616,
4231,4.231,-0.006747,-0.010969,
4232,4.232,-0.014071,-0.012598,
4233,4.233,-0.012441,0.001365,
4234,4.234,-0.013371,0.010777,
4235,4.235,-0.002819,0.022707,
4236,4.236,-0.023412,0.024345,
4237,4.237,-0.008339,0.014827,
4238,4.238,-0.005452,0.006182,
4239,4.239,-0.007658,0.011939,
4240,4.240,-0.005308,-0.003628,
4241,4.241,-0.003157,0.003171,
4242,4.242,-0.008642,0.001332,
4243,4.243,-0.013628,0.003391,
4244,4.244,-0.002907,-0.018377,
4245,4.245,-0.004216,-0.045196,
4246,4.246,-0.005380,-0.026857,
4247,4.247,-0.008604,0.003152,
4248,4.248,-0.003387,-0.000505,
4249,4.249,-0.000716,-0.003779,
4250,4.250,-0.005013,-0.006727,
4251,4.251,0.004881,-0.015262,
4252,4.252,-0.002148,-0.050708,
4253,4.253,0.001448,-0.036076,
4254,4.254,0.000282,0.003962,
4255,4.255,-0.002941,0.020228,
4256,4.256,0.005326,0.034981,
4257,4.257,-0.000465,0.022115,
4258,4.258,0.004547,0.010613,
4259,4.259,0.001587,0.007467,
4260,4.260,0.000472,-0.001837,
4261,4.261,-0.003530,-0.022141,
4262,4.262,-0.003139,-0.035390,
4263,4.263,0.004839,-0.032603,
4264,4.264,0.001302,-0.011908,
4265,4.265,0.006205,0.018615,
4266,4.266,-0.000583,0.030889,
4267,4.267,0.001569,0.042128,
4268,4.268,0.000505,0.058967,
4269,4.269,0.005000,0.050611,
4270,4.270,0.002871,0.031929,
4271,4.271,-0.004021,0.005083,
4272,4.272,-0.005288,-0.005404,
4273,4.273,-0.011021,-0.008331,
4274,4.274,-0.006588,-0.011012,
4275,4.275,-0.001330,-0.019041,
4276,4.276,-0.007092,0.008214,
4277,4.277,-0.005553,0.026287,
4278,4.278,0.003403,0.022977,
4279,4.279,-0.004039,0.007945,
4280,4.280,-0.000832,0.010488,
4281,4.281,-0.004559,-0.011979,
4282,4.282,-0.004073,-0.014855,
4283,4.283,-0.001893,-0.001083,
4284,4.284,0.000115,-0.013355,
4285,4.285,0.003310,-0.011158,
4286,4.286,-0.004980,-0.013244,
4287,4.287,-0.008546,-0.015167,
4288,4.288,-0.006349,-0.006755,
4289,4.289,-0.002626,-0.023744,
4290,4.290,0.003831,-0.012691,
4291,4.291,-0.005099,-0.014849,
4292,4.292,0.002217,-0.031717,
4293,4.293,0.000730,-0.047436,
4294,4.294,-0.000582,-0.025110,
4295,4.295,0.008441,-0.004498,
4296,4.296,0.006820,0.003436,
4297,4.297,-0.003920,-0.003958,
4298,4.298,0.002610,0.011570,
4299,4.299,-0.001496,0.013651,
4300,4.300,-0.002889,0.015546,
4301,4.301,0.004024,0.013815,
4302,4.302,0.008249,-0.009291,
4303,4.303,0.007070,-0.059019,
4304,4.304,0.004573,-0.066326,
4305,4.305,-0.003451,-0.021354,
4306,4.306,0.003524,-0.015803,
4307,4.307,0.009707,-0.042589,
4308,4.308,0.003479,-0.086528,
4309,4.309,-0.000494,-0.069462,
4310,4.310,-0.004313,-0.021835,
4311,4.311,0.003740,0.010051,
4312,4.312,0.000294,0.027081,
4313,4.313,0.003126,0.010776,
4314,4.314,0.005645,-0.013810,
4315,4.315,0.011395,-0.009750,
4316,4.316,0.001276,-0.006134,
4317,4.317,0.013993,-0.004487,
4318,4.318,0.006939,-0.001189,
4319,4.319,0.025802,0.021531,
4320,4.320,-0.015376,0.041979,
4321,4.321,0.025521,0.055269,
4322,4.322,0.009587,0.092039,
4323,4.323,0.004840,0.118140,
4324,4.324,0.018030,0.122417,
4325,4.325,-0.001910,0.117549,
4326,4.326,0.008981,0.113184,
4327,4.327,-0.000768,0.101907,
4328,4.328,0.008104,0.078508,
4329,4.329,0.005512,0.033181,
4330,4.330,0.012910,-0.064289,
4331,4.331,0.006463,-0.106315,
4332,4.332,0.008667,-0.094230,
4333,4.333,0.006986,-0.037110,
4334,4.334,0.002112,-0.006312,
4335,4.335,0.000809,-0.016077,
4336,4.336,0.005111,-0.042235,
4337,4.337,0.006553,-0.034654,
4338,4.338,-0.010271,-0.013523,
4339,4.339,-0.007619,-0.020112,
4340,4.340,-0.005121,-0.026002,
4341,4.341,0.001281,-0.010199,
4342,4.342,-0.000262,-0.005552,
4343,4.343,0.001780,-0.010044,
4344,4.344,-0.002442,-0.030122,
4345,4.345,-0.006154,-0.055577,
4346,4.346,-0.009535,-0.085393,
4347,4.347,-0.010179,-0.129350,
4348,4.348,-0.004578,-0.099984,
4349,4.349,-0.008767,-0.041115,
4350,4.350,-0.005859,-0.001869,
4351,4.351,-0.006141,0.019570,
4352,4.352,-0.016398,0.052005,
4353,4.353,-0.039016,0.057849,
4354,4.354,0.010938,0.052664,
4355,4.355,-0.009981,0.057527,
4356,4.356,0.035574,0.070975,
4357,4.357,0.006695,0.083081,
4358,4.358,0.022995,0.094125,
4359,4.359,0.009006,0.071318,
4360,4.360,0.013772,0.026581,
4361,4.361,0.010258,0.020415,
4362,4.362,0.007084,0.014909,
4363,4.363,0.004248,-0.011388,
4364,4.364,-0.004174,-0.035330,
4365,4.365,0.004311,-0.065906,
4366,4.366,0.002297,-0.029728,
4367,4.367,-0.008533,-0.005468,
4368,4.368,-0.002090,0.025345,
4369,4.369,-0.011063,0.037273,
4370,4.370,-0.005660,0.033905,
4371,4.371,-0.006876,0.030922,
4372,4.372,0.000346,0.028242,
4373,4.373,-0.000505,0.031116,
4374,4.374,-0.012748,0.028890,
4375,4.375,-0.000604,0.026821,
4376,4.376,0.004217,-0.003700,
4377,4.377,-0.005197,-0.043399,
4378,4.378,-0.003785,-0.016774,
4379,4.379,-0.006769,0.017126,
4380,4.380,-0.011765,0.021575,
4381,4.381,-0.003074,0.001572,
4382,4.382,-0.003865,-0.023871,
4383,4.383,-0.004703,-0.040283,
4384,4.384,-0.007232,-0.031419,
4385,4.385,-0.011294,-0.061437,
4386,4.386,-0.004205,-0.049532,
4387,4.387,-0.006762,-0.038686,
4388,4.388,-0.004087,-0.041904,
4389,4.389,-0.001777,-0.039007,
4390,4.390,-0.002351,-0.025287,
4391,4.391,-0.011720,-0.012896,
4392,4.392,-0.001979,0.011853,
4393,4.393,0.001818,0.015062,
4394,4.394,0.014400,0.012168,
4395,4.395,-0.004162,-0.018012,
4396,4.396,0.003148,-0.054176,
4397,4.397,-0.003433,-0.068706,
4398,4.398,0.002661,-0.046869,
4399,4.399,-0.010358,-0.002964,
4400,4.400,-0.005297,0.002779,
4401,4.401,0.005337,0.018692,
4402,4.402,0.003956,0.023471,
4403,4.403,-0.002355,-0.007254,
4404,4.404,-0.001425,-0.043207,
4405,4.405,0.003766,-0.028772,
4406,4.406,-0.002745,0.002067,
4407,4.407,-0.001958,0.006049,
4408,4.408,0.007918,-0.004643,
4409,4.409,-0.001835,0.031907,
4410,4.410,-0.000796,0.056247,
4411,4.411,-0.004170,0.043147,
4412,4.412,-0.003340,0.031372,
4413,4.413,0.001017,0.034963,
4414,4.414,0.005024,0.071335,
4415,4.415,0.005464,0.105152,
4416,4.416,-0.005431,0.109525,
4417,4.417,-0.001122,0.049469,
4418,4.418,0.003845,-0.013933,
4419,4.419,-0.011660,-0.039737,
4420,4.420,0.018652,-0.016292,
4421,4.421,-0.030204,0.005115,
4422,4.422,0.001784,0.011616,
4423,4.423,-0.015960,-0.005743,
4424,4.424,-0.000393,-0.010929,
4425,4.425,0.013643,-0.006138,
4426,4.426,0.000118,-0.036888,
4427,4.427,-0.004119,-0.056829,
4428,4.428,-0.022590,-0.067636,
4429,4.429,-0.013154,-0.044536,
4430,4.430,-0.016411,-0.023632,
4431,4.431,0.007896,-0.031589,
4432,4.432,-0.002307,-0.024148,
4433,4.433,-0.005573,-0.012822,
4434,4.434,-0.003262,0.005824,
4435,4.435,-0.006025,0.023419,
4436,4.436,-0.004232,0.044076,
4437,4.437,-0.002604,0.036343,
4438,4.438,-0.001151,0.029479,
4439,4.439,-0.006622,0.009613,
4440,4.440,-0.005485,0.012800,
4441,4.441,0.001057,0.045643,
4442,4.442,0.001831,0.041884,
4443,4.443,0.002460,0.054417,
4444,4.444,-0.000958,0.073121,
4445,4.445,0.003239,0.063762,
4446,4.446,0.003697,0.043256,
4447,4.447,-0.001929,0.018735,
4448,4.448,0.001251,0.009097,
4449,4.449,0.001389,0.012208,
4450,4.450,-0.003042,-0.006711,
4451,4.451,0.000167,-0.013850,
4452,4.452,0.004919,-0.034074,
4453,4.453,0.005272,-0.031388,
4454,4.454,0.001915,-0.033908,
4455,4.455,0.001107,-0.058836,
4456,4.456,0.001326,-0.082038,
4457,4.457,0.002227,-0.103061,
4458,4.458,0.004833,-0.089666,
4459,4.459,0.005598,-0.067733,
4460,4.460,0.008572,-0.041064,
4461,4.461,0.011217,-0.016088,
4462,4.462,0.007441,-0.000077,
4463,4.463,0.003008,0.008361,
4464,4.464,0.001139,0.010674,
4465,4.465,0.005716,0.027546,
4466,4.466,0.003883,0.020570,
4467,4.467,0.003239,0.010036,
4468,4.468,0.009893,0.000285,
4469,4.469,0.005234,0.001436,
4470,4.470,0.009385,0.011505,
4471,4.471,0.005621,0.012242,
4472,4.472,0.007582,0.015323,
4473,4.473,0.000610,0.013634,
4474,4.474,-0.003959,0.020205,
4475,4.475,0.003832,0.013089,
4476,4.476,0.009134,-0.000453,
4477,4.477,0.008354,-0.021638,
4478,4.478,0.005874,0.002329,
4479,4.479,0.006662,-0.034717,
4480,4.480,0.008832,-0.040079,
4481,4.481,0.003226,-0.036344,
4482,4.482,0.004107,-0.057040,
4483,4.483,0.000754,-0.112425,
4484,4.484,0.005203,-0.105352,
4485,4.485,0.005958,-0.084686,
4486,4.486,0.006718,-0.065990,
4487,4.487,0.000065,-0.060725,
4488,4.488,-0.004865,-0.066431,
4489,4.489,0.001894,-0.071598,
4490,4.490,0.008136,-0.111752,
4491,4.491,0.000017,-0.106933,
4492,4.492,-0.005204,-0.034551,
4493,4.493,0.002447,0.059028,
4494,4.494,0.003685,0.121890,
4495,4.495,0.006625,0.156223,
4496,4.496,0.000123,0.124948,
4497,4.497,0.005128,0.077468,
4498,4.498,0.003033,0.103278,
4499,4.499,-0.004973,0.111011,
4500,4.500,-0.005529,0.118101,
4501,4.501,0.000183,0.137425,
4502,4.502,-0.003915,0.154930,
4503,4.503,-0.002596,0.139141,
4504,4.504,0.000090,0.086015,
4505,4.505,0.001247,0.079104,
4506,4.506,0.001218,0.098630,
4507,4.507,0.002209,0.104709,
4508,4.508,-0.000866,0.078523,
4509,4.509,0.002653,0.045115,
4510,4.510,0.006013,-0.002944,
4511,4.511,0.003949,-0.060730,
4512,4.512,-0.000812,-0.052314,
4513,4.513,0.000328,-0.058788,
4514,4.514,-0.001238,-0.064599,
4515,4.515,0.000899,-0.081446,
4516,4.516,-0.000355,-0.086089,
4517,4.517,0.000582,-0.061243,
4518,4.518,-0.004088,-0.038554,
4519,4.519,0.001222,-0.005496,
4520,4.520,0.003642,0.015293,
4521,4.521,0.013499,0.026948,
4522,4.522,-0.006952,0.024535,
4523,4.523,0.008275,0.004570,
4524,4.524,-0.005121,0.002764,
4525,4.525,-0.007207,0.006105,
4526,4.526,0.008626,0.009315,
4527,4.527,-0.021738,-0.020332,
4528,4.528,-0.017104,-0.023858,
4529,4.529,-0.005052,0.020946,
4530,4.530,-0.015700,0.062566,
4531,4.531,-0.005729,0.068422,
4532,4.532,-0.008462,0.044771,
4533,4.533,-0.011054,0.014482,
4534,4.534,-0.003692,-0.012975,
4535,4.535,-0.010220,-0.059932,
4536,4.536,-0.016269,-0.065953,
4537,4.537,-0.014377,-0.071295,
4538,4.538,0.000846,-0.076107,
4539,4.539,-0.001196,-0.032013,
4540,4.540,-0.003094,-0.037273,
4541,4.541,-0.004835,-0.052658,
4542,4.542,-0.006436,-0.066499,
4543,4.543,-0.007904,-0.070288,
4544,4.544,-0.016814,-0.065634,
4545,4.545,-0.011370,-0.068433,
4546,4.546,-0.010512,-0.070896,
4547,4.547,-0.007980,-0.049500,
4548,4.548,-0.007320,-0.029999,
4549,4.549,-0.009729,-0.036974,
4550,4.550,-0.003518,-0.025649,
4551,4.551,-0.001211,-0.015512,
4552,4.552,-0.008385,-0.002629,
4553,4.553,-0.004088,0.012337,
4554,4.554,-0.001821,0.005841,
4555,4.555,-0.004285,-0.018871,
4556,4.556,-0.001002,-0.009659,
4557,4.557,0.001772,0.010526,
4558,4.558,-0.007307,0.017992,
4559,4.559,-0.001327,0.009967,
4560,4.560,-0.009391,0.011277,
4561,4.561,-0.002412,0.040929,
4562,4.562,-0.009125,0.061934,
4563,4.563,-0.001638,0.088792,
4564,4.564,0.001120,0.076807,
4565,4.565,-0.001876,0.032548,
4566,4.566,0.007312,0.001936,
4567,4.567,0.003311,-0.026012,
4568,4.568,-0.000184,-0.061194,
4569,4.569,-0.001477,-0.040441,
4570,4.570,0.004697,-0.013590,
4571,4.571,0.005295,-0.032705,
4572,4.572,0.011986,-0.063457,
4573,4.573,0.014461,-0.092313,
4574,4.574,0.013363,-0.104016,
4575,4.575,0.012500,-0.068353,
4576,4.576,0.010255,-0.005836,
4577,4.577,0.010599,0.036800,
4578,4.578,0.016831,0.091024,
4579,4.579,0.014112,0.112019,
4580,4.580,0.007053,0.131120,
4581,4.581,0.011479,0.113677,
4582,4.582,0.012245,0.087234,
4583,4.583,0.011484,0.101833,
4584,4.584,0.014990,0.088884,
4585,4.585,0.005471,0.069113,
4586,4.586,0.009506,0.029026,
4587,4.587,0.000690,-0.008291,
4588,4.588,0.008481,-0.052161,
4589,4.589,0.005469,-0.093353,
4590,4.590,0.006362,-0.098802,
4591,4.591,0.014179,-0.103835,
4592,4.592,0.004753,-0.161547,
4593,4.593,0.008559,-0.138562,
4594,4.594,0.009662,-0.146043,
4595,4.595,0.004517,-0.087976,
4596,4.596,0.003788,-0.017560,
4597,4.597,0.006465,0.010827,
4598,4.598,-0.001845,0.054188,
4599,4.599,-0.000672,0.109160,
4600,4.600,0.000508,0.130892,
4601,4.601,0.010993,0.137796,
4602,4.602,0.004239,0.144117,
4603,4.603,-0.004386,0.118147,
4604,4.604,-0.005233,0.104403,
4605,4.605,-0.008101,0.074274,
4606,4.606,-0.003362,0.047031,
4607,4.607,-0.009102,0.051268,
4608,4.608,-0.006731,0.081693,
4609,4.609,0.001208,0.070423,
4610,4.610,-0.008104,0.030794,
4611,4.611,-0.004228,0.068408,
4612,4.612,-0.007287,0.112440,
4613,4.613,-0.004093,0.165731,
4614,4.614,-0.003097,0.158987,
4615,4.615,-0.005486,0.152891,
4616,4.616,-0.000104,0.112209,
4617,4.617,-0.000651,0.032424,
4618,4.618,-0.008834,-0.070913,
4619,4.619,-0.005533,-0.084609,
4620,4.620,0.001144,-0.093848,
4621,4.621,-0.012485,-0.106024,
4622,4.622,0.015493,-0.140133,
4623,4.623,-0.028435,-0.212580,
4624,4.624,0.000865,-0.240458,
4625,4.625,-0.015017,-0.231281,
4626,4.626,-0.000639,-0.238525,
4627,4.627,0.003734,-0.230873,
4628,4.628,-0.016272,-0.223953,
4629,4.629,0.001766,-0.240931,
4630,4.630,-0.021317,-0.256499,
4631,4.631,-0.006525,-0.261010,
4632,4.632,-0.020336,-0.212397,
4633,4.633,-0.003216,-0.115449,
4634,4.634,-0.009954,0.037234,
4635,4.635,-0.004019,0.138617,
4636,4.636,-0.009774,0.230829,
4637,4.637,-0.004879,0.247295,
4638,4.638,-0.006605,0.231830,
4639,4.639,0.008421,0.273149,
4640,4.640,0.006178,0.285366,
4641,4.641,-0.010785,0.250620,
4642,4.642,-0.004418,0.240108,
4643,4.643,-0.006684,0.173586,
4644,4.644,-0.005065,0.061208,
4645,4.645,-0.010382,0.015156,
4646,4.646,-0.006080,-0.110191,
4647,4.647,-0.004993,-0.127054,
4648,4.648,-0.004085,-0.142364,
4649,4.649,0.003412,-0.128541,
4650,4.650,-0.002103,-0.141096,
4651,4.651,0.004046,-0.106602,
4652,4.652,0.009698,-0.096264,
4653,4.653,0.005692,-0.086791,
4654,4.654,0.007440,-0.078191,
4655,4.655,0.002935,-0.054853,
4656,4.656,0.007913,-0.005176,
4657,4.657,0.009687,0.053042,
4658,4.658,0.007742,0.107518,
4659,4.659,0.004625,0.128685,
4660,4.660,0.004907,0.122067,
4661,4.661,0.001645,0.127570,
4662,4.662,0.001781,0.090159,
4663,4.663,-0.000271,0.065842,
4664,4.664,-0.000800,0.061345,
4665,4.665,0.004101,0.041304,
4666,4.666,0.008859,0.037668,
4667,4.667,0.010408,0.021213,
4668,4.668,0.006221,-0.005867,
4669,4.669,0.004571,-0.060506,
4670,4.670,0.001409,-0.099451,
4671,4.671,0.002498,-0.134715,
4672,4.672,0.005947,-0.166695,
4673,4.673,0.003695,-0.137126,
4674,4.674,0.005644,-0.078157,
4675,4.675,0.008126,-0.038885,
4676,4.676,0.009797,0.011019,
4677,4.677,0.011482,0.043403,
4678,4.678,0.007269,0.084306,
4679,4.679,0.003030,0.110825,
4680,4.680,0.004728,0.144527,
4681,4.681,0.011530,0.201748,
4682,4.682,0.003123,0.193903,
4683,4.683,0.004186,0.144214,
4684,4.684,0.001222,0.099254,
4685,4.685,0.000483,0.011479,
4686,4.686,0.003130,-0.051239,
4687,4.687,-0.002002,-0.039369,
4688,4.688,-0.001201,-0.049342,
4689,4.689,-0.004112,-0.077496,
4690,4.690,0.003662,-0.085845,
4691,4.691,-0.003458,-0.077757,
4692,4.692,-0.002460,-0.027865,
4693,4.693,-0.004833,-0.021401,
4694,4.694,0.003814,-0.004015,
4695,4.695,0.000803,0.001109,
4696,4.696,0.006250,-0.013454,
4697,4.697,0.003758,-0.026977,
4698,4.698,-0.003830,-0.023393,
4699,4.699,0.001623,-0.048996,
4700,4.700,0.000997,-0.085470,
4701,4.701,0.005439,-0.080863,
4702,4.702,0.000405,-0.085432,
4703,4.703,-0.001417,-0.105557,
4704,4.704,-0.005440,-0.080285,
4705,4.705,-0.003532,-0.030739,
4706,4.706,-0.003852,-0.009461,
4707,4.707,-0.003984,-0.003040,
4708,4.708,-0.004121,0.014436,
4709,4.709,-0.008999,0.030434,
4710,4.710,-0.008138,0.016128,
4711,4.711,-0.008464,-0.005838,
4712,4.712,0.000516,-0.001957,
4713,4.713,-0.003040,-0.027444,
4714,4.714,-0.013196,-0.030843,
4715,4.715,-0.003396,-0.070087,
4716,4.716,-0.006954,-0.107467,
4717,4.717,-0.001213,-0.121974,
4718,4.718,0.001980,-0.144018,
4719,4.719,-0.000590,-0.155844,
4720,4.720,0.005455,-0.130372,
4721,4.721,-0.004409,-0.058519,
4722,4.722,-0.002088,-0.008882,
4723,4.723,0.008690,0.083550,
4724,4.724,-0.014209,0.146393,
4725,4.725,-0.004303,0.226488,
4726,4.726,-0.007088,0.298844,
4727,4.727,0.006700,0.288719,
4728,4.728,0.014056,0.314068,
4729,4.729,-0.010565,0.274662,
4730,4.730,-0.000693,0.210292,
4731,4.731,0.002234,0.149659,
4732,4.732,-0.000423,0.078967,
4733,4.733,-0.012740,0.031493,
4734,4.734,-0.001544,0.022733,
4735,4.735,0.000501,0.014868,
4736,4.736,0.002371,-0.034950,
4737,4.737,0.000687,-0.054305,
4738,4.738,-0.003867,-0.095297,
4739,4.739,0.003069,-0.154092,
4740,4.740,-0.000662,-0.115116,
4741,4.741,0.000361,-0.079680,
4742,4.742,-0.011144,-0.099150,
4743,4.743,-0.012682,-0.116811,
4744,4.744,-0.008644,-0.090526,
4745,4.745,-0.007455,-0.047156,
4746,4.746,0.009623,-0.041630,
4747,4.747,0.002340,-0.068404,
4748,4.748,0.000136,-0.102408,
4749,4.749,0.002136,-0.053963,
4750,4.750,0.007708,0.017156,
4751,4.751,0.009378,0.026554,
4752,4.752,0.004799,0.000736,
4753,4.753,-0.002153,-0.038160,
4754,4.754,0.011715,-0.002365,
4755,4.755,-0.001325,0.004381,
4756,4.756,0.000368,-0.012615,
4757,4.757,-0.001158,-0.028030,
4758,4.758,0.002912,-0.022814,
4759,4.759,0.001736,-0.017883,
4760,4.760,-0.003847,-0.013411,
4761,4.761,0.005644,0.012578,
4762,4.762,0.001944,0.029540,
4763,4.763,0.002986,0.002877,
4764,4.764,-0.002236,-0.014978,
4765,4.765,0.000499,-0.037796,
4766,4.766,0.003066,-0.082694,
4767,4.767,0.002428,-0.114985,
4768,4.768,0.004500,-0.155930,
4769,4.769,0.002860,-0.140096,
4770,4.770,-0.003515,-0.067478,
4771,4.771,-0.004301,0.068039,
4772,4.772,-0.000525,0.197526,
4773,4.773,0.004426,0.315260,
4774,4.774,0.002798,0.361345,
4775,4.775,0.001140,0.375608,
4776,4.776,-0.000366,0.237169,
4777,4.777,-0.004529,0.071020,
4778,4.778,0.000773,0.004333,
4779,4.779,0.002887,-0.015605,
4780,4.780,0.003439,-0.070974,
4781,4.781,0.005169,-0.121587,
4782,4.782,0.001690,-0.137281,
4783,4.783,0.006836,-0.179429,
4784,4.784,0.006218,-0.192455,
4785,4.785,0.004612,-0.181504,
4786,4.786,-0.004112,-0.129958,
4787,4.787,0.002231,-0.064132,
4788,4.788,0.005525,-0.038645,
4789,4.789,-0.003872,-0.015521,
4790,4.790,-0.002613,0.077029,
4791,4.791,0.005259,0.140344,
4792,4.792,0.006367,0.152210,
4793,4.793,-0.007580,0.142349,
4794,4.794,-0.001425,0.095503,
4795,4.795,0.000508,0.070204,
4796,4.796,-0.004506,0.031704,
4797,4.797,0.006232,-0.003386,
4798,4.798,-0.003338,-0.009520,
4799,4.799,0.002985,-0.026652,
4800,4.800,-0.002521,-0.085086,
4801,4.801,-0.001435,-0.123888,
4802,4.802,-0.009829,-0.145184,
4803,4.803,-0.001991,-0.113115,
4804,4.804,-0.009219,-0.119339,
4805,4.805,-0.002736,-0.114700,
4806,4.806,-0.008626,-0.081565,
4807,4.807,-0.004879,-0.086654,
4808,4.808,0.001575,-0.091113,
4809,4.809,-0.006190,-0.102403,
4810,4.810,-0.005153,-0.053118,
4811,4.811,-0.000545,0.053435,
4812,4.812,0.001986,0.129826,
4813,4.813,-0.005091,0.143787,
4814,4.814,0.003453,0.156408,
4815,4.815,-0.002142,0.168005,
4816,4.816,0.000922,0.157772,
4817,4.817,-0.001731,0.167278,
4818,4.818,-0.002542,0.175843,
4819,4.819,-0.001851,0.183522,
4820,4.820,-0.002493,0.147997,
4821,4.821,0.006992,0.076950,
4822,4.822,0.001442,-0.064316,
4823,4.823,0.008402,-0.149282,
4824,4.824,0.024855,-0.160223,
4825,4.825,-0.008776,-0.169878,
4826,4.826,0.005648,-0.197661,
4827,4.827,-0.007510,-0.136795,
4828,4.828,0.004358,-0.034718,
4829,4.829,0.015226,0.090472,
4830,4.830,-0.007744,0.174343,
4831,4.831,-0.004838,0.128151,
4832,4.832,-0.002109,0.058189,
4833,4.833,-0.009361,0.070264,
4834,4.834,0.001836,0.058249,
4835,4.835,-0.004230,-0.015137,
4836,4.836,-0.002343,-0.062889,
4837,4.837,-0.000664,-0.158086,
4838,4.838,0.003911,-0.271944,
4839,4.839,-0.008596,-0.287198,
4840,4.840,-0.006892,-0.273274,
4841,4.841,-0.011454,-0.260604,
4842,4.842,0.009372,-0.225858,
4843,4.843,0.006529,-0.173512,
4844,4.844,0.014642,-0.087822,
4845,4.845,0.007369,0.039001,
4846,4.846,0.005174,0.123341,
4847,4.847,0.007199,0.108318,
4848,4.848,-0.002106,0.150149,
4849,4.849,0.002947,0.162998,
4850,4.850,0.004446,0.289885,
4851,4.851,0.003056,0.374198,
4852,4.852,0.004213,0.420092,
4853,4.853,0.003156,0.433876,
4854,4.854,0.008357,0.395954,
4855,4.855,0.009144,0.292105,
4856,4.856,0.004868,0.138819,
4857,4.857,0.010045,0.036804,
4858,4.858,0.002198,-0.093181,
4859,4.859,-0.013600,-0.143865,
4860,4.860,0.019997,-0.189768,
4861,4.861,0.092666,-0.259129,
4862,4.862,-0.063879,-0.246233,
4863,4.863,0.003205,-0.211231,
4864,4.864,-0.017197,-0.179456,
4865,4.865,-0.035742,-0.131363,
4866,4.866,-0.019100,-0.053032,
4867,4.867,-0.003985,-0.021290,
4868,4.868,-0.017981,-0.049253,
4869,4.869,-0.005604,-0.092169,
4870,4.870,-0.017252,-0.099997,
4871,4.871,-0.007083,-0.121682,
4872,4.872,-0.016693,-0.141547,
4873,4.873,-0.008236,-0.206855,
4874,4.874,-0.016183,-0.198804,
4875,4.875,-0.009238,-0.175726,
4876,4.876,-0.003010,-0.097514,
4877,4.877,-0.008982,0.038141,
4878,4.878,-0.003929,0.167930,
4879,4.879,0.000589,0.218701,
4880,4.880,0.004788,0.234254,
4881,4.881,0.000678,0.220742,
4882,4.882,-0.003108,0.233529,
4883,4.883,-0.000095,0.199110,
4884,4.884,-0.003197,0.146951,
4885,4.885,0.015730,0.118364,
4886,4.886,0.003188,0.074835,
4887,4.887,0.000798,-0.011715,
4888,4.888,-0.005516,-0.046692,
4889,4.889,-0.000131,-0.057433,
4890,4.890,-0.005407,-0.086216,
4891,4.891,-0.013227,-0.095124,
4892,4.892,0.004669,-0.118675,
4893,4.893,0.002129,-0.154322,
4894,4.894,-0.000239,-0.135074,
4895,4.895,0.001617,-0.094081,
4896,4.896,0.003306,-0.099133,
4897,4.897,0.008224,-0.142582,
4898,4.898,0.009578,-0.125090,
4899,4.899,0.010762,-0.045076,
4900,4.900,0.001804,0.081297,
4901,4.901,0.004875,0.165215,
4902,4.902,0.007785,0.241525,
4903,4.903,0.010364,0.282972,
4904,4.904,0.002448,0.270231,
4905,4.905,0.009603,0.235329,
4906,4.906,0.006779,0.224473,
4907,4.907,0.005833,0.100583,
4908,4.908,-0.001199,-0.051342,
4909,4.909,-0.000444,-0.153672,
4910,4.910,-0.003075,-0.209872,
4911,4.911,-0.000935,-0.227236,
4912,4.912,0.009727,-0.304191,
4913,4.913,0.011108,-0.318392,
4914,4.914,0.001399,-0.255406,
4915,4.915,0.002510,-0.197772,
4916,4.916,0.005656,-0.082686,
4917,4.917,0.010857,0.055597,
4918,4.918,0.008139,0.185753,
4919,4.919,0.005581,0.303942,
4920,4.920,-0.001355,0.319461,
4921,4.921,0.010826,0.250135,
4922,4.922,0.005765,0.111336,
4923,4.923,0.003932,-0.074785,
4924,4.924,0.005477,-0.130515,
4925,4.925,0.020725,-0.147594,
4926,4.926,-0.009862,-0.193660,
4927,4.927,0.012160,-0.179816,
4928,4.928,0.000346,-0.066029,
4929,4.929,-0.003155,-0.050507,
4930,4.930,0.006705,-0.036100,
4931,4.931,-0.014054,0.027627,
4932,4.932,-0.000320,0.108863,
4933,4.933,-0.017548,0.140767,
4934,4.934,-0.015315,0.207782,
4935,4.935,-0.013258,0.182470,
4936,4.936,0.010972,0.128291,
4937,4.937,-0.005403,0.050226,
4938,4.938,-0.008261,0.040018,
4939,4.939,-0.000122,0.030565,
4940,4.940,-0.002476,0.021883,
4941,4.941,-0.009063,0.014107,
4942,4.942,-0.011089,0.006991,
4943,4.943,-0.001772,0.000554,
4944,4.944,-0.006847,-0.028750,
4945,4.945,-0.014456,-0.012873,
4946,4.946,-0.001946,0.020882,
4947,4.947,-0.003649,0.042729,
4948,4.948,-0.002136,0.094680,
4949,4.949,-0.009085,0.087550,
4950,4.950,-0.010290,0.042626,
4951,4.951,-0.009313,-0.009832,
4952,4.952,0.000123,-0.044718,
4953,4.953,-0.003630,-0.024757,
4954,4.954,-0.000453,-0.041681,
4955,4.955,-0.009987,-0.121392,
4956,4.956,-0.003776,-0.178823,
4957,4.957,-0.007031,-0.106070,
4958,4.958,-0.006064,-0.040135,
4959,4.959,-0.003413,-0.066570,
4960,4.960,-0.007692,-0.106387,
4961,4.961,0.002237,-0.114255,
4962,4.962,0.003537,-0.147308,
4963,4.963,0.002302,-0.188887,
4964,4.964,-0.000957,-0.248126,
4965,4.965,0.002045,-0.240719,
4966,4.966,-0.002571,-0.148379,
4967,4.967,0.001610,-0.034651,
4968,4.968,0.002256,0.072662,
4969,4.969,0.000187,0.142510,
4970,4.970,0.003191,0.206000,
4971,4.971,-0.005639,0.263855,
4972,4.972,0.008211,0.336951,
4973,4.973,0.006315,0.365428,
4974,4.974,0.007985,0.270419,
4975,4.975,0.012535,0.156542,
4976,4.976,0.011188,0.110361,
4977,4.977,-0.000153,0.012727,
4978,4.978,0.004417,-0.151782,
4979,4.979,0.005810,-0.219107,
4980,4.980,0.012092,-0.280153,
4981,4.981,0.011111,-0.298680,
4982,4.982,0.005889,-0.248262,
4983,4.983,0.006774,-0.171677,
4984,4.984,0.005982,-0.101998,
4985,4.985,-0.000871,0.011783,
4986,4.986,0.005642,0.057585,
4987,4.987,-0.000154,0.099053,
4988,4.988,0.005203,0.136561,
4989,4.989,0.001775,0.078902,
4990,4.990,0.001417,0.089190,
4991,4.991,0.004442,0.079791,
4992,4.992,0.007138,0.088531,
4993,4.993,0.000367,0.096517,
4994,4.994,0.005805,0.146597,
4995,4.995,0.005162,0.166209,
4996,4.996,0.002838,0.125587,
4997,4.997,0.000892,0.045899,
4998,4.998,0.003181,-0.080347,
4999,4.999,0.005134,-0.164142,
5000,5.000,0.002529,-0.209801,
5001,5.001,-0.001929,-0.195894,
5002,5.002,0.000058,-0.082290,
5003,5.003,0.007980,-0.005968,
5004,5.004,0.001011,0.063454,
5005,5.005,-0.007132,0.151641,
5006,5.006,-0.003594,0.162940,
5007,5.007,-0.002216,0.152348,
5008,5.008,-0.004567,0.199585,
5009,5.009,-0.003346,0.173675,
5010,5.010,0.000755,0.150299,
5011,5.011,0.004693,0.057710,
5012,5.012,0.000860,0.019940,
5013,5.013,-0.005169,-0.014578,
5014,5.014,0.001162,-0.066673,
5015,5.015,0.003769,-0.132950,
5016,5.016,-0.003603,-0.158654,
5017,5.017,0.002054,-0.150462,
5018,5.018,0.003308,-0.156949,
5019,5.019,-0.002196,-0.149821,
5020,5.020,0.000431,-0.119856,
5021,5.021,0.008623,-0.124446,
5022,5.022,0.001760,-0.099675,
5023,5.023,0.003036,-0.032999,
5024,5.024,-0.000778,0.076161,
5025,5.025,-0.004601,0.085757,
5026,5.026,0.007306,0.042590,
5027,5.027,-0.017677,0.065960,
5028,5.028,0.000785,0.058816,
5029,5.029,0.004358,0.026346,
5030,5.030,0.007593,-0.003185,
5031,5.031,0.010635,-0.040735,
5032,5.032,-0.001397,-0.055422,
5033,5.033,-0.007689,-0.007261,
5034,5.034,0.002751,0.037545,
5035,5.035,-0.002567,0.042931,
5036,5.036,0.002763,0.026739,
5037,5.037,0.001490,-0.026842,
5038,5.038,-0.002342,-0.091234,
5039,5.039,0.004138,-0.134610,
5040,5.040,0.001127,-0.127070,
5041,5.041,0.004356,-0.148543,
5042,5.042,-0.001903,-0.193844,
5043,5.043,-0.002600,-0.140929,
5044,5.044,-0.004664,-0.076738,
5045,5.045,-0.013847,-0.033432,
5046,5.046,-0.010040,0.021477,
5047,5.047,-0.002184,0.057226,
5048,5.048,-0.005188,0.102491,
5049,5.049,-0.002475,0.155311,
5050,5.050,-0.005005,0.176313,
5051,5.051,-0.002825,0.182324,
5052,5.052,0.003563,0.152618,
5053,5.053,0.002653,0.136351,
5054,5.054,-0.004360,0.140833,
5055,5.055,-0.018499,0.153864,
5056,5.056,-0.008486,0.101693,
5057,5.057,-0.014212,0.066198,
5058,5.058,-0.009297,0.046969,
5059,5.059,-0.011012,0.041320,
5060,5.060,-0.007166,0.036132,
5061,5.061,-0.006202,0.002177,
5062,5.062,-0.012013,-0.011337,
5063,5.063,-0.009233,-0.031719,
5064,5.064,-0.006820,-0.079601,
5065,5.065,-0.009653,-0.138647,
5066,5.066,-0.003036,-0.178559,
5067,5.067,-0.007942,-0.158139,
5068,5.068,-0.016068,-0.126737,
5069,5.069,-0.002742,-0.086673,
5070,5.070,-0.008721,-0.050261,
5071,5.071,-0.014209,-0.036549,
5072,5.072,-0.007009,0.002760,
5073,5.073,-0.003396,0.050514,
5074,5.074,-0.005026,0.031073,
5075,5.075,-0.002267,-0.057068,
5076,5.076,0.004531,-0.069496,
5077,5.077,0.003218,-0.057920,
5078,5.078,-0.003197,0.015106,
5079,5.079,0.007801,0.062604,
5080,5.080,0.009030,0.071364,
5081,5.081,0.003965,0.173410,
5082,5.082,0.004849,0.187546,
5083,5.083,0.010575,0.200496,
5084,5.084,0.002270,0.166552,
5085,5.085,0.000745,0.136089,
5086,5.086,0.001071,0.089403,
5087,5.087,-0.000285,0.029632,
5088,5.088,-0.001468,-0.040386,
5089,5.089,0.000060,-0.106335,
5090,5.090,0.001249,-0.131917,
5091,5.091,0.003604,-0.186204,
5092,5.092,-0.003664,-0.235488,
5093,5.093,-0.001444,-0.241407,
5094,5.094,0.007559,-0.270075,
5095,5.095,0.000818,-0.232160,
5096,5.096,0.008098,-0.158630,
5097,5.097,0.017094,-0.043061,
5098,5.098,0.002748,0.064876,
5099,5.099,0.004148,0.135177,
5100,5.100,0.002018,0.173519,
5101,5.101,0.006150,0.185425,
5102,5.102,0.004396,0.133547,
5103,5.103,0.000284,0.086162,
5104,5.104,0.007701,0.042998,
5105,5.105,0.002085,-0.042933,
5106,5.106,0.000868,-0.076910,
5107,5.107,0.008311,-0.086656,
5108,5.108,0.009002,-0.076632,
5109,5.109,0.002267,0.018911,
5110,5.110,-0.002240,0.082681,
5111,5.111,0.005958,0.117820,
5112,5.112,0.008946,0.149299,
5113,5.113,0.001456,0.215670,
5114,5.114,0.005822,0.258609,
5115,5.115,0.003108,0.266034,
5116,5.116,-0.000768,0.258285,
5117,5.117,0.009770,0.212136,
5118,5.118,0.008139,0.158199,
5119,5.119,0.009398,0.078979,
5120,5.120,0.003079,-0.057364,
5121,5.121,0.010815,-0.113442,
5122,5.122,0.001322,-0.130643,
5123,5.123,-0.002399,-0.146216,
5124,5.124,0.003218,-0.188127,
5125,5.125,-0.001802,-0.175290,
5126,5.126,-0.002742,-0.163135,
5127,5.127,0.011399,-0.151861,
5128,5.128,-0.019103,-0.141600,
5129,5.129,0.003020,-0.169851,
5130,5.130,-0.016787,-0.178175,
5131,5.131,0.016200,-0.232443,
5132,5.132,0.003184,-0.224854,
5133,5.133,-0.000504,-0.204908,
5134,5.134,0.003277,-0.163268,
5135,5.135,0.000297,-0.093318,
5136,5.136,-0.002333,-0.026523,
5137,5.137,-0.004791,0.068621,
5138,5.138,0.002749,0.106386,
5139,5.139,0.014179,0.094652,
5140,5.140,0.004327,0.042046,
5141,5.141,-0.004679,0.012973,
5142,5.142,-0.009442,0.020817,
5143,5.143,0.004734,0.012214,
5144,5.144,0.018083,-0.009838,
5145,5.145,0.009951,-0.029888,
5146,5.146,0.017892,-0.001271,
5147,5.147,0.011287,0.057035,
5148,5.148,0.005361,0.143049,
5149,5.149,0.008905,0.223653,
5150,5.150,-0.004488,0.254886,
5151,5.151,0.001416,0.302385,
5152,5.152,-0.006717,0.207539,
5153,5.153,0.004254,0.017998,
5154,5.154,0.005906,-0.226127,
5155,5.155,0.002489,-0.259170,
5156,5.156,0.001762,-0.229730,
5157,5.157,0.005087,-0.257255,
5158,5.158,-0.003095,-0.233302,
5159,5.159,0.000406,-0.166833,
5160,5.160,-0.008808,0.015720,
5161,5.161,-0.004832,0.187501,
5162,5.162,0.001002,0.298979,
5163,5.163,-0.001798,0.318790,
5164,5.164,-0.004286,0.410950,
5165,5.165,-0.009991,0.528506,
5166,5.166,-0.006064,0.451996,
5167,5.167,-0.005217,0.326808,
5168,5.168,-0.006742,0.141812,
5169,5.169,-0.006078,0.068225,
5170,5.170,-0.010675,-0.043480,
5171,5.171,-0.006321,-0.104095,
5172,5.172,-0.012631,-0.122211,
5173,5.173,-0.013364,-0.105183,
5174,5.174,-0.011066,-0.150761,
5175,5.175,-0.011655,-0.220182,
5176,5.176,-0.011077,-0.283187,
5177,5.177,-0.012690,-0.340642,
5178,5.178,-0.009057,-0.350950,
5179,5.179,-0.008668,-0.341435,
5180,5.180,-0.007453,-0.315310,
5181,5.181,-0.013128,-0.385484,
5182,5.182,-0.015611,-0.356766,
5183,5.183,-0.013371,-0.261642,
5184,5.184,-0.011301,-0.173066,
5185,5.185,-0.002996,-0.023283,
5186,5.186,-0.006184,0.078476,
5187,5.187,0.001117,0.208034,
5188,5.188,-0.011020,0.325751,
5189,5.189,-0.002515,0.371734,
5190,5.190,-0.003995,0.385831,
5191,5.191,0.002958,0.348414,
5192,5.192,-0.003281,0.268335,
5193,5.193,0.004500,0.258588,
5194,5.194,0.001469,0.192922,
5195,5.195,0.006055,0.064077,
5196,5.196,0.008612,-0.065112,
5197,5.197,0.001678,-0.115238,
5198,5.198,0.015712,-0.099783,
5199,5.199,0.005532,-0.113438,
5200,5.200,0.003658,-0.075627,
5201,5.201,0.008701,-0.041230,
5202,5.202,0.013243,-0.010316,
5203,5.203,0.009151,-0.020153,
5204,5.204,0.012859,0.005211,
5205,5.205,0.011837,0.075027,
5206,5.206,0.012838,0.140655,
5207,5.207,0.000648,0.200482,
5208,5.208,0.009105,0.192207,
5209,5.209,0.004541,0.141991,
5210,5.210,0.005894,0.057342,
5211,5.211,0.004716,0.022671,
5212,5.212,0.010307,-0.050178,
5213,5.213,0.007279,-0.173349,
5214,5.214,0.004603,-0.257389,
5215,5.215,0.017484,-0.272567,
5216,5.216,0.015650,-0.314145,
5217,5.217,0.010601,-0.351987,
5218,5.218,0.012170,-0.386811,
5219,5.219,0.008151,-0.356269,
5220,5.220,0.007018,-0.290631,
5221,5.221,-0.003249,-0.161969,
5222,5.222,-0.001833,-0.070147,
5223,5.223,0.001960,0.080633,
5224,5.224,0.003043,0.141016,
5225,5.225,-0.008388,0.196119,
5226,5.226,-0.007129,0.244960,
5227,5.227,-0.008561,0.228199,
5228,5.228,0.012333,0.090488,
5229,5.229,-0.032581,0.035060,
5230,5.230,-0.000182,0.085533,
5231,5.231,-0.005841,0.162085,
5232,5.232,-0.010991,0.148272,
5233,5.233,0.003474,0.186103,
5234,5.234,-0.009635,0.289845,
5235,5.235,-0.013434,0.331853,
5236,5.236,-0.024166,0.294674,
5237,5.237,-0.020860,0.122673,
5238,5.238,-0.011973,0.000102,
5239,5.239,-0.003768,-0.111277,
5240,5.240,-0.010944,-0.212368,
5241,5.241,0.000298,-0.267335,
5242,5.242,-0.001633,-0.283605,
5243,5.243,0.000317,-0.206682,
5244,5.244,-0.008057,-0.081023,
5245,5.245,0.005887,0.003463,
5246,5.246,0.004100,0.049757,
5247,5.247,0.012625,0.064144,
5248,5.248,0.002020,0.127901,
5249,5.249,0.006146,0.186211,
5250,5.250,0.005001,0.176720,
5251,5.251,0.006054,0.130128,
5252,5.252,0.000845,0.070400,
5253,5.253,-0.001831,0.063078,
5254,5.254,0.002416,0.041940,
5255,5.255,0.000230,0.009645,
5256,5.256,-0.001788,-0.019703,
5257,5.257,-0.006015,0.017402,
5258,5.258,0.001592,0.021931,
5259,5.259,-0.003653,-0.035577,
5260,5.260,0.000901,-0.106172,
5261,5.261,0.001724,-0.134584,
5262,5.262,-0.005229,-0.091297,
5263,5.263,0.001192,-0.098785,
5264,5.264,0.000319,-0.091407,
5265,5.265,0.007237,-0.097624,
5266,5.266,-0.003100,-0.080037,
5267,5.267,0.003811,-0.021175,
5268,5.268,0.000058,0.002373,
5269,5.269,0.001045,0.009727,
5270,5.270,-0.000006,-0.009214,
5271,5.271,-0.004622,-0.026219,
5272,5.272,0.001245,-0.030901,
5273,5.273,0.003400,-0.083550,
5274,5.274,0.004044,-0.147043,
5275,5.275,-0.002932,-0.206929,
5276,5.276,0.001586,-0.120440,
5277,5.277,0.007465,-0.062598,
5278,5.278,0.005214,0.031501,
5279,5.279,0.003156,0.094563,
5280,5.280,0.000045,0.128909,
5281,5.281,0.005231,0.159839,
5282,5.282,0.007248,0.169076,
5283,5.283,0.004154,0.108333,
5284,5.284,0.005829,0.084556,
5285,5.285,0.003260,0.105452,
5286,5.286,0.006244,0.098542,
5287,5.287,-0.000229,0.068586,
5288,5.288,-0.004836,0.030396,
5289,5.289,0.006294,-0.004635,
5290,5.290,-0.007610,-0.063269,
5291,5.291,-0.005771,-0.135070,
5292,5.292,-0.000705,-0.164508,
5293,5.293,0.000804,-0.156771,
5294,5.294,-0.000565,-0.227997,
5295,5.295,0.000604,-0.275880,
5296,5.296,0.001591,-0.302127,
5297,5.297,-0.003707,-0.279134,
5298,5.298,0.002686,-0.215358,
5299,5.299,-0.001597,-0.086158,
5300,5.300,-0.000974,0.043289,
5301,5.301,-0.000365,0.194484,
5302,5.302,0.001250,0.336412,
5303,5.303,0.000676,0.391477,
5304,5.304,-0.002968,0.407871,
5305,5.305,-0.000844,0.361765,
5306,5.306,-0.005668,0.347672,
5307,5.307,-0.005268,0.208589,
5308,5.308,-0.002499,0.041860,
5309,5.309,0.002138,-0.070241,
5310,5.310,-0.004895,-0.172065,
5311,5.311,-0.009579,-0.264680,
5312,5.312,-0.000231,-0.247880,
5313,5.313,-0.009161,-0.171245,
5314,5.314,-0.003710,-0.073706,
5315,5.315,-0.002827,-0.035645,
5316,5.316,-0.003805,-0.023815,
5317,5.317,-0.006495,-0.013180,
5318,5.318,-0.004449,-0.003365,
5319,5.319,0.001840,0.022809,
5320,5.320,-0.000785,0.015163,
5321,5.321,-0.004696,0.008064,
5322,5.322,-0.008406,0.066336,
5323,5.323,-0.001696,0.105200,
5324,5.324,-0.001053,0.126289,
5325,5.325,-0.003815,0.093841,
5326,5.326,0.004412,0.064569,
5327,5.327,0.000125,0.072739,
5328,5.328,0.000900,0.067817,
5329,5.329,0.016355,0.063479,
5330,5.330,-0.017551,0.068404,
5331,5.331,0.006370,0.065075,
5332,5.332,-0.007103,0.069101,
5333,5.333,-0.003483,0.039681,
5334,5.334,0.014363,0.019888,
5335,5.335,-0.002304,0.052749,
5336,5.336,0.000298,0.074691,
5337,5.337,0.002742,0.110601,
5338,5.338,0.004845,0.086234,
5339,5.339,-0.006588,0.019777,
5340,5.340,-0.008878,-0.122906,
5341,5.341,-0.007289,-0.143711,
5342,5.342,-0.005861,-0.162708,
5343,5.343,-0.010674,-0.146478,
5344,5.344,0.004292,-0.162045,
5345,5.345,0.014203,-0.120676,
5346,5.346,0.000953,-0.108299,
5347,5.347,0.002418,-0.142850,
5348,5.348,0.000665,-0.152998,
5349,5.349,0.004500,-0.105312,
5350,5.350,0.005477,-0.044509,
5351,5.351,-0.007254,-0.020659,
5352,5.352,0.004386,-0.055629,
5353,5.353,-0.006465,-0.100226,
5354,5.354,-0.002597,-0.105532,
5355,5.355,0.006011,-0.089267,
5356,5.356,0.000262,-0.084255,
5357,5.357,-0.002947,-0.035498,
5358,5.358,-0.009531,-0.003221,
5359,5.359,0.003183,-0.044356,
5360,5.360,0.004920,-0.081933,
5361,5.361,0.003097,-0.068025,
5362,5.362,0.001463,-0.072951,
5363,5.363,-0.002697,-0.053433,
5364,5.364,-0.001612,0.000846,
5365,5.365,0.001517,0.055245,
5366,5.366,0.002463,0.090561,
5367,5.367,-0.011630,0.135493,
5368,5.368,-0.042294,0.223290,
5369,5.369,0.023819,0.260578,
5370,5.370,-0.004624,0.271745,
5371,5.371,0.038511,0.302698,
5372,5.372,0.015171,0.236295,
5373,5.373,0.022289,0.124397,
5374,5.374,0.015900,0.017857,
5375,5.375,0.010205,-0.050909,
5376,5.376,0.015507,-0.062660,
5377,5.377,0.029966,-0.050427,
5378,5.378,-0.000743,-0.101864,
5379,5.379,0.011197,-0.110760,
5380,5.380,0.014865,-0.049967,
5381,5.381,0.005170,0.004895,
5382,5.382,-0.009601,0.054737,
5383,5.383,-0.006709,0.087130,
5384,5.384,0.000723,0.116342,
5385,5.385,-0.005663,0.110837,
5386,5.386,-0.007508,0.086413,
5387,5.387,-0.005474,0.117014,
5388,5.388,-0.003564,0.128613,
5389,5.389,-0.001817,0.124703,
5390,5.390,-0.002915,0.101316,
5391,5.391,-0.008918,0.055860,
5392,5.392,0.003849,-0.041639,
5393,5.393,-0.007738,-0.111424,
5394,5.394,-0.012035,-0.149220,
5395,5.395,-0.004817,-0.160659,
5396,5.396,-0.000792,-0.212564,
5397,5.397,0.002716,-0.202820,
5398,5.398,-0.006466,-0.142124,
5399,5.399,0.002626,-0.118416,
5400,5.400,-0.000288,-0.082466,
5401,5.401,0.001034,-0.062777,
5402,5.402,0.004046,-0.021488,
5403,5.403,0.005203,-0.037095,
5404,5.404,-0.002956,-0.070638,
5405,5.405,0.000568,-0.083550,
5406,5.406,0.001900,-0.039388,
5407,5.407,0.001364,-0.033560,
5408,5.408,-0.000859,0.025306,
5409,5.409,0.006389,0.064618,
5410,5.410,-0.001752,0.086159,
5411,5.411,0.004143,0.080077,
5412,5.412,0.005473,0.097954,
5413,5.413,0.006618,0.082520,
5414,5.414,0.002684,0.078128,
5415,5.415,-0.000756,0.091542,
5416,5.416,0.001565,0.143747,
5417,5.417,0.001338,0.179137,
5418,5.418,0.006838,0.094680,
5419,5.419,-0.002227,-0.032042,
5420,5.420,-0.000771,-0.082510,
5421,5.421,0.000492,-0.250674,
5422,5.422,-0.004483,-0.362234,
5423,5.423,-0.006961,-0.422621,
5424,5.424,-0.000815,-0.366734,
5425,5.425,-0.002814,-0.282333,
5426,5.426,0.002289,-0.175059,
5427,5.427,-0.003303,-0.077737,
5428,5.428,-0.000100,0.053375,
5429,5.429,-0.011485,0.166666,
5430,5.430,0.010633,0.211984,
5431,5.431,-0.034258,0.197425,
5432,5.432,-0.001860,0.234368,
5433,5.433,-0.019217,0.314038,
5434,5.434,-0.003266,0.261122,
5435,5.435,0.011159,0.194123,
5436,5.436,-0.010798,0.202125,
5437,5.437,-0.006889,0.209348,
5438,5.438,-0.024982,0.144808,
5439,5.439,-0.015162,0.101234,
5440,5.440,-0.000280,0.061694,
5441,5.441,0.002401,-0.017126,
5442,5.442,-0.004917,-0.090506,
5443,5.443,0.001638,-0.138426,
5444,5.444,-0.004508,-0.147645,
5445,5.445,-0.002731,-0.140376,
5446,5.446,0.002256,-0.133527,
5447,5.447,0.000635,-0.127141,
5448,5.448,0.001879,-0.097813,
5449,5.449,-0.001967,-0.028221,
5450,5.450,-0.005312,0.019507,
5451,5.451,-0.000207,0.028657,
5452,5.452,0.002350,0.005977,
5453,5.453,-0.002039,0.013843,
5454,5.454,-0.001526,0.085759,
5455,5.455,-0.001032,0.133655,
5456,5.456,-0.005438,0.073621,
5457,5.457,-0.007313,0.019186,
5458,5.458,-0.002760,-0.016256,
5459,5.459,-0.001264,-0.113288,
5460,5.460,-0.006703,-0.154845,
5461,5.461,0.000868,-0.142268,
5462,5.462,-0.002384,-0.038730,
5463,5.463,0.003843,0.058493,
5464,5.464,-0.004149,0.121405,
5465,5.465,-0.001323,0.224590,
5466,5.466,0.003034,0.210332,
5467,5.467,-0.003089,0.146930,
5468,5.468,0.008211,-0.002829,
5469,5.469,-0.000443,-0.186285,
5470,5.470,0.000872,-0.358904,
5471,5.471,0.002029,-0.426250,
5472,5.472,-0.001884,-0.365578,
5473,5.473,0.001147,-0.310295,
5474,5.474,-0.008496,-0.192811,
5475,5.475,0.010299,-0.055303,
5476,5.476,0.007438,0.111221,
5477,5.477,0.004924,0.223208,
5478,5.478,-0.001825,0.284134,
5479,5.479,0.004142,0.376707,
5480,5.480,0.002152,0.393583,
5481,5.481,0.000360,0.378533,
5482,5.482,0.007842,0.281445,
5483,5.483,0.006367,0.142728,
5484,5.484,0.002588,0.050322,
5485,5.485,0.005725,-0.033759,
5486,5.486,0.006691,-0.110287,
5487,5.487,0.000210,-0.096414,
5488,5.488,0.002688,-0.083837,
5489,5.489,0.007888,-0.072237,
5490,5.490,0.008563,-0.103179,
5491,5.491,0.006893,-0.074479,
5492,5.492,0.001668,-0.048241,
5493,5.493,0.010978,-0.071252,
5494,5.494,0.009825,-0.177790,
5495,5.495,0.010895,-0.254248,
5496,5.496,0.009939,-0.212778,
5497,5.497,0.007314,-0.200508,
5498,5.498,0.008218,-0.189376,
5499,5.499,0.004582,-0.200007,
5500,5.500,0.005345,-0.209766,
5501,5.501,0.005956,-0.184028,
5502,5.502,0.001984,-0.097952,
5503,5.503,0.003612,0.028658,
5504,5.504,-0.002383,0.146583,
5505,5.505,-0.001429,0.253982,
5506,5.506,-0.005034,0.295952,
5507,5.507,-0.001366,0.283590,
5508,5.508,-0.000743,0.248998,
5509,5.509,0.002258,0.196680,
5510,5.510,-0.000156,0.167959,
5511,5.511,-0.004260,0.159138,
5512,5.512,-0.000068,0.182502,
5513,5.513,0.001579,0.218202,
5514,5.514,-0.005219,0.186233,
5515,5.515,-0.008139,0.098601,
5516,5.516,-0.005297,0.010949,
5517,5.517,-0.006008,-0.045902,
5518,5.518,-0.000634,-0.118157,
5519,5.519,-0.004063,-0.146023,
5520,5.520,-0.003439,-0.154229,
5521,5.521,-0.007381,-0.146148,
5522,5.522,-0.010822,-0.053395,
5523,5.523,-0.011907,0.009882,
5524,5.524,-0.005386,0.044525,
5525,5.525,-0.002584,0.054987,
5526,5.526,0.003443,0.083616,
5527,5.527,-0.007966,0.109835,
5528,5.528,-0.002787,0.055540,
5529,5.529,-0.002528,-0.011668,
5530,5.530,-0.000926,-0.075442,
5531,5.531,0.019955,-0.083813,
5532,5.532,-0.024985,-0.060314,
5533,5.533,0.007387,-0.053105,
5534,5.534,0.001683,-0.085262,
5535,5.535,-0.003509,-0.138012,
5536,5.536,0.010930,-0.173296,
5537,5.537,-0.002212,-0.218146,
5538,5.538,-0.014022,-0.258635,
5539,5.539,-0.010436,-0.284735,
5540,5.540,-0.000601,-0.298767,
5541,5.541,0.008213,-0.232394,
5542,5.542,0.000093,-0.090096,
5543,5.543,-0.012257,0.092825,
5544,5.544,-0.005665,0.215449,
5545,5.545,-0.011766,0.281759,
5546,5.546,0.008682,0.341655,
5547,5.547,-0.005051,0.285300,
5548,5.548,-0.002722,0.267909,
5549,5.549,-0.009373,0.160357,
5550,5.550,0.009008,0.062790,
5551,5.551,0.001677,-0.025685,
5552,5.552,0.008212,-0.083267,
5553,5.553,0.002048,-0.114315,
5554,5.554,0.000107,-0.104711,
5555,5.555,0.001706,-0.009676,
5556,5.556,0.003129,0.104052,
5557,5.557,0.001678,0.149813,
5558,5.558,0.005307,0.135777,
5559,5.559,0.001991,0.047259,
5560,5.560,0.002902,-0.056636,
5561,5.561,0.005513,-0.070967,
5562,5.562,-0.000524,-0.109214,
5563,5.563,0.003084,-0.167290,
5564,5.564,-0.001939,-0.198946,
5565,5.565,-0.000382,-0.209005,
5566,5.566,-0.001016,-0.218282,
5567,5.567,0.006640,-0.195648,
5568,5.568,0.003279,-0.146661,
5569,5.569,0.000099,-0.076187,
5570,5.570,0.002666,0.027458,
5571,5.571,0.005057,0.151991,
5572,5.572,0.007097,0.235569,
5573,5.573,-0.003730,0.281120,
5574,5.574,-0.002384,0.267065,
5575,5.575,-0.001201,0.203838,
5576,5.576,-0.012690,0.169255,
5577,5.577,-0.008266,0.138140,
5578,5.578,-0.001487,0.052802,
5579,5.579,-0.002829,0.018334,
5580,5.580,0.002614,-0.012823,
5581,5.581,-0.000585,-0.098321,
5582,5.582,0.001973,-0.224897,
5583,5.583,-0.007683,-0.275333,
5584,5.584,-0.014110,-0.290611,
5585,5.585,-0.011045,-0.304605,
5586,5.586,-0.003936,-0.292244,
5587,5.587,-0.006777,-0.211826,
5588,5.588,-0.001009,-0.076263,
5589,5.589,-0.001867,0.016157,
5590,5.590,0.002899,0.167525,
5591,5.591,-0.004186,0.350776,
5592,5.592,0.000262,0.424745,
5593,5.593,-0.002401,0.492387,
5594,5.594,-0.000335,0.472886,
5595,5.595,0.000224,0.344346,
5596,5.596,-0.000388,0.160505,
5597,5.597,0.004768,0.038726,
5598,5.598,0.001129,-0.071919,
5599,5.599,-0.003159,-0.131514,
5600,5.600,-0.002709,-0.148798,
5601,5.601,0.000823,-0.164513,
5602,5.602,0.001971,-0.117821,
5603,5.603,0.003978,-0.075574,
5604,5.604,0.005801,-0.012181,
5605,5.605,0.000539,0.022362,
5606,5.606,-0.001661,-0.008882,
5607,5.607,0.003256,-0.056405,
5608,5.608,0.002759,-0.030737,
5609,5.609,-0.004833,-0.023218,
5610,5.610,0.004667,-0.016349,
5611,5.611,0.003514,-0.010222,
5612,5.612,0.004577,-0.039687,
5613,5.613,0.009877,-0.045028,
5614,5.614,0.001486,-0.059546,
5615,5.615,0.002565,-0.055250,
5616,5.616,0.014151,-0.035330,
5617,5.617,0.006632,-0.038860,
5618,5.618,0.005397,-0.015776,
5619,5.619,0.009247,-0.024401,
5620,5.620,0.012608,-0.065240,
5621,5.621,0.015797,-0.094136,
5622,5.622,0.016801,-0.088481,
5623,5.623,0.014434,-0.073695,
5624,5.624,0.003110,-0.077759,
5625,5.625,-0.001786,-0.089341,
5626,5.626,-0.000068,-0.100054,
5627,5.627,0.004190,-0.070287,
5628,5.628,-0.006924,-0.026430,
5629,5.629,0.003961,0.002532,
5630,5.630,0.009099,0.021276,
5631,5.631,0.005279,0.058113,
5632,5.632,0.014325,0.101300,
5633,5.633,-0.002513,0.141695,
5634,5.634,0.005008,0.146402,
5635,5.635,-0.005904,0.112130,
5636,5.636,0.000449,0.116194,
5637,5.637,0.013745,0.127820,
5638,5.638,-0.007990,0.094975,
5639,5.639,0.007177,0.073180,
5640,5.640,-0.006247,0.037491,
5641,5.641,-0.003603,-0.034751,
5642,5.642,-0.001133,-0.128090,
5643,5.643,-0.002889,-0.215951,
5644,5.644,-0.008210,-0.296167,
5645,5.645,-0.002885,-0.348225,
5646,5.646,-0.007202,-0.338987,
5647,5.647,-0.016601,-0.296397,
5648,5.648,-0.012644,-0.226568,
5649,5.649,-0.017999,-0.161066,
5650,5.650,-0.006281,-0.049686,
5651,5.651,-0.004559,0.087287,
5652,5.652,0.005278,0.290307,
5653,5.653,-0.003338,0.425247,
5654,5.654,-0.006386,0.498547,
5655,5.655,-0.007252,0.475883,
5656,5.656,-0.000689,0.414642,
5657,5.657,0.000270,0.321766,
5658,5.658,-0.000292,0.170061,
5659,5.659,0.003350,0.108959,
5660,5.660,-0.000809,0.016264,
5661,5.661,-0.003629,-0.067935,
5662,5.662,-0.002069,-0.052811,
5663,5.663,0.004033,-0.066789,
5664,5.664,-0.001882,-0.079406,
5665,5.665,-0.002576,-0.090990,
5666,5.666,-0.007522,-0.080718,
5667,5.667,-0.009249,-0.090173,
5668,5.668,-0.014555,-0.098746,
5669,5.669,-0.003979,-0.106411,
5670,5.670,-0.005601,-0.084995,
5671,5.671,-0.007062,-0.078481,
5672,5.672,-0.010919,-0.060984,
5673,5.673,-0.003288,-0.076773,
5674,5.674,-0.006513,-0.062254,
5675,5.675,-0.007562,-0.040101,
5676,5.676,-0.010325,-0.012007,
5677,5.677,-0.005316,0.028312,
5678,5.678,-0.003535,0.033856,
5679,5.679,-0.002115,0.010010,
5680,5.680,-0.006441,0.014757,
5681,5.681,0.000043,0.019000,
5682,5.682,-0.002958,0.022933,
5683,5.683,-0.005800,-0.006450,
5684,5.684,-0.005444,-0.033989,
5685,5.685,-0.003758,-0.051760,
5686,5.686,0.005398,-0.081257,
5687,5.687,-0.007467,-0.117043,
5688,5.688,-0.006101,-0.141016,
5689,5.689,-0.001909,-0.154043,
5690,5.690,-0.003657,-0.109957,
5691,5.691,-0.005219,-0.056973,
5692,5.692,-0.000019,-0.007274,
5693,5.693,0.004857,0.063848,
5694,5.694,-0.000076,0.092135,
5695,5.695,0.000383,0.135163,
5696,5.696,0.002189,0.142911,
5697,5.697,-0.000210,0.135888,
5698,5.698,-0.000085,0.090947,
5699,5.699,0.003621,0.073848,
5700,5.700,0.001753,0.047668,
5701,5.701,0.003643,0.043405,
5702,5.702,0.005346,0.021983,
5703,5.703,0.007575,-0.005260,
5704,5.704,0.003379,0.028221,
5705,5.705,0.006615,0.015598,
5706,5.706,-0.000633,-0.020032,
5707,5.707,0.004326,-0.044022,
5708,5.708,0.003221,-0.039619,
5709,5.709,0.007187,-0.035925,
5710,5.710,0.006271,-0.025373,
5711,5.711,0.010940,-0.015934,
5712,5.712,0.004971,-0.001484,
5713,5.713,0.002569,0.000819,
5714,5.714,0.007296,0.002788,
5715,5.715,-0.002352,-0.008753,
5716,5.716,-0.001152,-0.015205,
5717,5.717,-0.000103,-0.024817,
5718,5.718,0.003005,-0.003088,
5719,5.719,-0.002339,-0.000430,
5720,5.720,0.006068,0.013084,
5721,5.721,0.002827,0.010576,
5722,5.722,0.008069,0.017034,
5723,5.723,0.005368,0.014872,
5724,5.724,0.007935,0.009151,
5725,5.725,0.005781,-0.009545,
5726,5.726,0.007880,-0.021943,
5727,5.727,0.007468,-0.015371,
5728,5.728,0.002343,-0.001115,
5729,5.729,0.007382,0.000799,
5730,5.730,0.004499,-0.007660,
5731,5.731,0.007376,-0.007181,
5732,5.732,0.001154,0.000382,
5733,5.733,0.014215,0.001687,
5734,5.734,-0.013466,-0.009725,
5735,5.735,0.006744,-0.008286,
5736,5.736,-0.003827,-0.004304,
5737,5.737,0.012865,-0.010614,
5738,5.738,0.028042,0.006455,
5739,5.739,0.003648,0.018844,
5740,5.740,0.007192,0.021178,
5741,5.741,-0.001262,0.019378,
5742,5.742,-0.003610,0.021555,
5743,5.743,0.009107,0.003298,
5744,5.744,0.016097,-0.018656,
5745,5.745,-0.001940,-0.027125,
5746,5.746,0.005734,-0.040564,
5747,5.747,-0.005016,-0.023139,
5748,5.748,-0.006633,0.001603,
5749,5.749,-0.015519,0.004703,
5750,5.750,0.003512,-0.004324,
5751,5.751,0.001566,-0.007334,
5752,5.752,-0.000221,-0.009989,
5753,5.753,0.010349,-0.008055,
5754,5.754,0.012617,-0.010382,
5755,5.755,0.004563,-0.001354,
5756,5.756,-0.005689,0.003425,
5757,5.757,0.004349,0.004635,
5758,5.758,-0.001516,0.000283,
5759,5.759,0.002080,0.006288,
5760,5.760,-0.002781,0.011619,
5761,5.761,-0.001574,0.016628,
5762,5.762,-0.003760,0.020973,
5763,5.763,0.000296,0.016533,
5764,5.764,-0.002941,0.020091,
5765,5.765,-0.005676,0.009313,
5766,5.766,-0.011821,-0.004699,
5767,5.767,-0.003767,-0.014147,
5768,5.768,-0.015017,-0.012624,
5769,5.769,-0.016302,-0.008210,
5770,5.770,-0.017437,0.012467,
5771,5.771,-0.008431,0.027229,
5772,5.772,-0.005027,0.029788,
5773,5.773,-0.003832,0.012385,
5774,5.774,-0.006377,0.005636,
5775,5.775,-0.010460,0.007500,
5776,5.776,-0.008130,-0.020562,
5777,5.777,-0.003120,-0.024607,
5778,5.778,-0.008780,-0.006647,
5779,5.779,-0.003466,0.009638,
5780,5.780,-0.011181,0.018328,
5781,5.781,0.000363,0.010124,
5782,5.782,-0.007216,0.007689,
5783,5.783,-0.005865,-0.003535,
5784,5.784,0.000398,-0.009653,
5785,5.785,-0.002857,-0.030123,
5786,5.786,-0.005966,-0.049258,
5787,5.787,-0.003291,-0.066532,
5788,5.788,-0.009282,-0.095817,
5789,5.789,-0.008658,-0.091937,
5790,5.790,-0.010785,-0.088388,
5791,5.791,-0.005158,-0.065373,
5792,5.792,-0.012222,-0.038309,
5793,5.793,-0.013191,-0.005471,
5794,5.794,-0.005523,0.034302,
5795,5.795,-0.008696,0.060888,
5796,5.796,-0.004301,0.094742,
5797,5.797,-0.003620,0.125548,
5798,5.798,-0.001624,0.145546,
5799,5.799,-0.001133,0.134795,
5800,5.800,0.006943,0.085331,
5801,5.801,0.001155,0.035733,
5802,5.802,0.008223,0.029469,
5803,5.803,0.005305,0.023921,
5804,5.804,0.002579,0.018933,
5805,5.805,0.001723,0.004824,
5806,5.806,0.002184,-0.016892,
5807,5.807,0.004988,-0.028482,
5808,5.808,0.000721,-0.017427,
5809,5.809,0.008296,-0.014041,
5810,5.810,0.009108,-0.011080,
5811,5.811,0.007867,-0.008366,
5812,5.812,0.010353,-0.035623,
5813,5.813,0.007586,-0.053743,
5814,5.814,0.009553,-0.037306,
5815,5.815,0.008646,-0.028416,
5816,5.816,0.011455,-0.009189,
5817,5.817,0.012912,-0.001819,
5818,5.818,0.010148,-0.012897,
5819,5.819,0.008737,-0.006753,
5820,5.820,0.007315,0.006321,
5821,5.821,0.004543,0.008077,
5822,5.822,0.002652,0.006638,
5823,5.823,0.002124,0.010821,
5824,5.824,-0.001117,-0.007983,
5825,5.825,0.005128,-0.005146,
5826,5.826,0.000401,-0.002674,
5827,5.827,-0.000633,-0.000415,
5828,5.828,-0.005980,-0.006438,
5829,5.829,-0.001327,-0.019373,
5830,5.830,-0.005888,-0.020964,
5831,5.831,0.002815,-0.013265,
5832,5.832,-0.004724,-0.024211,
5833,5.833,-0.001122,-0.036672,
5834,5.834,0.015888,-0.011258,
5835,5.835,-0.021408,-0.000394,
5836,5.836,0.005105,0.002843,
5837,5.837,-0.009328,0.011654,
5838,5.838,-0.004946,0.014381,
5839,5.839,0.006874,0.007132,
5840,5.840,-0.003940,0.013799,
5841,5.841,-0.013737,-0.000324,
5842,5.842,-0.016562,-0.005780,
5843,5.843,-0.008391,-0.014089,
5844,5.844,0.004038,-0.003262,
5845,5.845,-0.002463,0.003864,
5846,5.846,0.011867,0.010304,
5847,5.847,-0.004746,0.004912,
5848,5.848,0.006577,-0.006414,
5849,5.849,0.008778,-0.026218,
5850,5.850,0.003388,-0.034232,
5851,5.851,0.001918,-0.046533,
5852,5.852,-0.008511,-0.062072,
5853,5.853,-0.015193,-0.051903,
5854,5.854,0.004025,-0.035190,
5855,5.855,0.012436,-0.006021,
5856,5.856,-0.004514,0.013799,
5857,5.857,-0.006379,0.046454,
5858,5.858,-0.003997,0.094869,
5859,5.859,0.009416,0.127117,
5860,5.860,0.008134,0.121328,
5861,5.861,0.013147,0.094712,
5862,5.862,0.017681,0.041344,
5863,5.863,0.014465,-0.008524,
5864,5.864,0.018202,-0.027949,
5865,5.865,0.015708,-0.022294,
5866,5.866,0.017110,-0.017113,
5867,5.867,0.013463,0.007064,
5868,5.868,0.024044,0.011495,
5869,5.869,0.023298,0.007616,
5870,5.870,0.010068,-0.003196,
5871,5.871,0.008866,-0.032934,
5872,5.872,0.017987,-0.052861,
5873,5.873,0.011066,-0.042007,
5874,5.874,-0.000763,-0.018972,
5875,5.875,0.025316,-0.004080,
5876,5.876,-0.021328,-0.006791,
5877,5.877,0.076500,-0.009157,
5878,5.878,0.118855,-0.006968,
5879,5.879,-0.044657,0.003179,
5880,5.880,-0.021583,0.016190,
5881,5.881,-0.000553,0.004345,
5882,5.882,-0.018250,0.005887,
5883,5.883,-0.000774,0.001833,
5884,5.884,-0.015274,0.000637,
5885,5.885,-0.000675,-0.000381,
5886,5.886,-0.012528,-0.005635,
5887,5.887,-0.000386,-0.012068,
5888,5.888,-0.010038,-0.021542,
5889,5.889,0.000034,-0.015281,
5890,5.890,-0.008003,-0.016294,
5891,5.891,0.000323,-0.009012,
5892,5.892,-0.006293,-0.004464,
5893,5.893,0.000619,-0.003648,
5894,5.894,-0.004687,0.001567,
5895,5.895,0.000991,-0.004889,
5896,5.896,-0.003377,-0.004050,
5897,5.897,0.001362,-0.007763,
5898,5.898,-0.002266,-0.007093,
5899,5.899,-0.005597,-0.016609,
5900,5.900,-0.002222,-0.034773,
5901,5.901,-0.004995,-0.032468,
5902,5.902,-0.007657,0.001175,
5903,5.903,-0.010048,0.035013,
5904,5.904,-0.007912,0.048239,
5905,5.905,-0.014115,0.044396,
5906,5.906,-0.012422,0.019078,
5907,5.907,-0.024521,-0.017180,
5908,5.908,-0.020265,-0.021729,
5909,5.909,-0.030281,0.000442,
5910,5.910,-0.034419,0.020548,
5911,5.911,-0.038128,0.038738,
5912,5.912,-0.035641,0.035556,
5913,5.913,-0.037112,0.020643,
5914,5.914,-0.026625,0.006873,
5915,5.915,-0.028888,-0.010466,
5916,5.916,-0.028357,-0.030852,
5917,5.917,-0.022970,-0.017223,
5918,5.918,-0.034218,-0.009963,
5919,5.919,-0.033853,-0.012164,
5920,5.920,-0.026095,-0.010138,
5921,5.921,-0.034994,-0.004576,
5922,5.922,-0.022455,-0.002931,
5923,5.923,-0.025528,0.001583,
5924,5.924,-0.025104,0.011198,
5925,5.925,-0.024906,0.007471,
5926,5.926,-0.027598,0.015258,
5927,5.927,-0.027828,0.005792,
5928,5.928,-0.018894,0.007005,
5929,5.929,-0.010657,0.001486,
5930,5.930,-0.013435,-0.005705,
5931,5.931,-0.011811,0.000827,
5932,5.932,-0.010360,0.008679,
5933,5.933,-0.009954,0.019047,
5934,5.934,0.002457,0.024310,
5935,5.935,0.023310,0.015827,
5936,5.936,-0.017432,0.012578,
5937,5.937,0.018112,0.005272,
5938,5.938,0.011703,-0.003243,
5939,5.939,0.014429,-0.006569,
5940,5.940,0.024601,0.000597,
5941,5.941,0.004814,0.003182,
5942,5.942,0.012947,-0.002866,
5943,5.943,0.002478,0.002255,
5944,5.944,0.014524,-0.008491,
5945,5.945,0.010498,-0.016172,
5946,5.946,0.020019,-0.009334,
5947,5.947,0.020410,0.006955,
5948,5.948,0.024385,0.009027,
5949,5.949,0.021081,0.006898,
5950,5.950,0.021032,-0.021098,
5951,5.951,0.020838,-0.033018,
5952,5.952,0.007992,-0.029523,
5953,5.953,0.014128,-0.019739,
5954,5.954,0.014042,-0.004848,
5955,5.955,0.021446,-0.029550,
5956,5.956,0.014506,-0.059342,
5957,5.957,0.016239,-0.031490,
5958,5.958,0.010405,-0.006199,
5959,5.959,0.016985,0.003523,
5960,5.960,0.016852,0.006318,
5961,5.961,0.018486,0.003550,
5962,5.962,0.006313,0.001121,
5963,5.963,0.006894,0.007639,
5964,5.964,0.015663,0.017684,
5965,5.965,0.006076,0.015714,
5966,5.966,0.002137,-0.006381,
5967,5.967,0.006724,-0.009366,
5968,5.968,-0.000285,-0.006743,
5969,5.969,0.006994,0.000472,
5970,5.970,0.001329,0.007025,
5971,5.971,0.005564,0.009012,
5972,5.972,0.004448,0.007117,
5973,5.973,0.004945,0.012175,
5974,5.974,-0.000061,0.013671,
5975,5.975,-0.001771,0.009567,
5976,5.976,0.007092,-0.004352,
5977,5.977,0.003512,-0.021127,
5978,5.978,0.006962,-0.023372,
5979,5.979,0.006287,-0.025478,
5980,5.980,0.007557,-0.008798,
5981,5.981,0.003841,0.006695,
5982,5.982,0.008166,0.020850,
5983,5.983,0.001064,0.041255,
5984,5.984,0.015538,0.038495,
5985,5.985,0.007099,0.026109,
5986,5.986,0.009752,0.032644,
5987,5.987,0.003135,0.055068,
5988,5.988,0.008276,0.046201,
5989,5.989,0.015718,0.043430,
5990,5.990,0.017973,0.041003,
5991,5.991,0.014071,0.029805,
5992,5.992,0.014617,-0.000828,
5993,5.993,0.020303,-0.014042,
5994,5.994,0.024037,-0.002227,
5995,5.995,0.027685,0.008593,
5996,5.996,0.022421,0.005423,
5997,5.997,0.036346,-0.015330,
5998,5.998,0.022913,-0.028933,
5999,5.999,0.026805,-0.036086,
6000,6.000,0.023115,-0.038190,
6001,6.001,0.019967,-0.032054,
6002,6.002,0.020412,-0.033853,
6003,6.003,0.018335,-0.025283,
6004,6.004,0.021533,-0.023618,
6005,6.005,0.022561,-0.013839,
6006,6.006,0.019388,-0.017422,
6007,6.007,0.015036,-0.009496,
6008,6.008,0.012886,0.000178,
6009,6.009,0.003449,-0.003301,
6010,6.010,0.003835,0.002527,
6011,6.011,0.007410,0.005839,
6012,6.012,0.008062,0.008832,
6013,6.013,0.006320,0.001311,
6014,6.014,0.007251,-0.007926,
6015,6.015,0.010160,-0.008913,
6016,6.016,0.009289,-0.007734,
6017,6.017,-0.000093,-0.012864,
6018,6.018,-0.002938,-0.015508,
6019,6.019,-0.005359,-0.007689,
6020,6.020,-0.000055,-0.004610,
6021,6.021,-0.001768,-0.009127,
6022,6.022,-0.005593,0.003803,
6023,6.023,-0.008814,0.020616,
6024,6.024,-0.011790,0.018489,
6025,6.025,-0.011319,0.008466,
6026,6.026,-0.020916,0.014237,
6027,6.027,-0.030607,0.033048,
6028,6.028,-0.028390,0.020891,
6029,6.029,-0.036414,0.018872,
6030,6.030,-0.041344,0.012962,
6031,6.031,-0.037745,0.022458,
6032,6.032,-0.045765,0.017569,
6033,6.033,-0.048649,0.007056,
6034,6.034,-0.050800,0.015991,
6035,6.035,-0.047640,0.020158,
6036,6.036,-0.035460,0.011409,
6037,6.037,-0.060952,0.003640,
6038,6.038,-0.050356,0.002620,
6039,6.039,-0.067106,-0.005858,
6040,6.040,-0.064676,-0.011480,
6041,6.041,-0.057112,-0.006313,
6042,6.042,-0.070132,0.005746,
6043,6.043,-0.073102,-0.009628,
6044,6.044,-0.067868,-0.036341,
6045,6.045,-0.070681,-0.025648,
6046,6.046,-0.063267,-0.035564,
6047,6.047,-0.072013,-0.038524,
6048,6.048,-0.060706,-0.013924,
6049,6.049,-0.053538,0.008973,
6050,6.050,-0.053378,0.000076,
6051,6.051,-0.045155,-0.019109,
6052,6.052,-0.040403,-0.021536,
6053,6.053,-0.040944,-0.001314,
6054,6.054,-0.039508,-0.009511,
6055,6.055,-0.034720,-0.016854,
6056,6.056,-0.026930,-0.023485,
6057,6.057,-0.017313,-0.025529,
6058,6.058,-0.020596,-0.016233,
6059,6.059,-0.007161,-0.024677,
6060,6.060,0.013531,-0.032291,
6061,6.061,0.008846,-0.011504,
6062,6.062,0.015171,0.009279,
6063,6.063,0.030637,0.033972,
6064,6.064,0.035453,0.043796,
6065,6.065,0.035722,0.052608,
6066,6.066,0.043271,0.071714,
6067,6.067,0.053404,0.074064,
6068,6.068,0.050202,0.062890,
6069,6.069,0.052630,0.040359,
6070,6.070,0.057316,0.013283,
6071,6.071,0.050209,0.009727,
6072,6.072,0.054017,-0.000132,
6073,6.073,0.061090,-0.039331,
6074,6.074,0.054177,-0.076694,
6075,6.075,0.055957,-0.081604,
6076,6.076,0.053918,-0.068576,
6077,6.077,0.046872,-0.048822,
6078,6.078,0.054264,-0.038238,
6079,6.079,0.047715,-0.028628,
6080,6.080,0.047844,-0.013831,
6081,6.081,0.047902,0.016249,
6082,6.082,0.042990,0.020093,
6083,6.083,0.043081,0.023537,
6084,6.084,0.037697,0.039819,
6085,6.085,0.041567,0.048557,
6086,6.086,0.037289,0.051296,
6087,6.087,0.038727,0.034070,
6088,6.088,0.037547,0.027493,
6089,6.089,0.036452,0.033583,
6090,6.090,0.036379,0.039136,
6091,6.091,0.031491,0.027251,
6092,6.092,0.022022,0.016530,
6093,6.093,0.021279,0.006814,
6094,6.094,0.018276,-0.009691,
6095,6.095,0.013556,-0.025351,
6096,6.096,0.013540,-0.023424,
6097,6.097,0.002490,-0.017950,
6098,6.098,0.002056,-0.019725,
6099,6.099,-0.007234,-0.030418,
6100,6.100,0.006762,-0.023483,
6101,6.101,-0.000110,-0.004547,
6102,6.102,0.000088,0.003572,
6103,6.103,-0.007732,0.001209,
6104,6.104,-0.004615,-0.014365,
6105,6.105,-0.005802,-0.024554,
6106,6.106,0.003590,-0.019038,
6107,6.107,0.006663,-0.024186,
6108,6.108,0.003076,-0.013605,
6109,6.109,0.001788,0.001558,
6110,6.110,-0.004986,0.003532,
6111,6.111,-0.003559,-0.009531,
6112,6.112,0.000126,-0.024769,
6113,6.113,-0.000183,-0.026822,
6114,6.114,0.012958,-0.006378,
6115,6.115,0.000605,0.001739,
6116,6.116,0.001515,-0.005524,
6117,6.117,-0.001076,0.010024,
6118,6.118,-0.006495,-0.000143,
6119,6.119,0.004202,-0.002023,
6120,6.120,-0.013483,0.023267,
6121,6.121,-0.001522,0.070504,
6122,6.122,0.009797,0.076771,
6123,6.123,0.015405,0.070840,
6124,6.124,0.020877,0.044087,
6125,6.125,0.026188,0.058264,
6126,6.126,0.038785,0.071292,
6127,6.127,0.033646,0.019085,
6128,6.128,0.038477,-0.059275,
6129,6.129,0.034849,-0.090408,
6130,6.130,0.034414,-0.061969,
6131,6.131,0.034480,-0.018804,
6132,6.132,0.032485,-0.010999,
6133,6.133,0.025398,-0.046519,
6134,6.134,0.010492,-0.091693,
6135,6.135,0.006708,-0.075624,
6136,6.136,0.012193,-0.058182,
6137,6.137,0.039934,-0.031631,
6138,6.138,-0.006638,-0.007446,
6139,6.139,0.017595,0.005749,
6140,6.140,0.001147,0.025684,
6141,6.141,0.009650,0.036505,
6142,6.142,0.017557,0.039708,
6143,6.143,0.005719,0.024787,
6144,6.144,-0.005046,0.038440,
6145,6.145,-0.006618,0.036025,
6146,6.146,-0.015259,0.020433,
6147,6.147,-0.003396,0.006214,
6148,6.148,0.001380,-0.003066,
6149,6.149,0.000422,-0.001343,
6150,6.150,-0.015257,-0.015187,
6151,6.151,-0.011636,-0.013274,
6152,6.152,-0.020552,0.012196,
6153,6.153,-0.017643,0.023108,
6154,6.154,-0.015092,0.033010,
6155,6.155,-0.025094,0.030246,
6156,6.156,-0.034272,0.027641,
6157,6.157,-0.047890,0.020478,
6158,6.158,-0.049714,0.009455,
6159,6.159,-0.044822,-0.004551,
6160,6.160,-0.043694,-0.006171,
6161,6.161,-0.042960,0.009280,
6162,6.162,-0.055134,0.015578,
6163,6.163,-0.051628,-0.004734,
6164,6.164,-0.065434,-0.018351,
6165,6.165,-0.065258,-0.001075,
6166,6.166,-0.065500,-0.012273,
6167,6.167,-0.074428,-0.026604,
6168,6.168,-0.075459,-0.002522,
6169,6.169,-0.081117,0.007225,
6170,6.170,-0.089021,0.022150,
6171,6.171,-0.096473,0.024965,
6172,6.172,-0.098698,0.012811,
6173,6.173,-0.095024,0.006429,
6174,6.174,-0.092037,-0.003492,
6175,6.175,-0.103429,-0.020007,
6176,6.176,-0.093511,-0.035336,
6177,6.177,-0.088153,-0.033037,
6178,6.178,-0.080430,-0.030956,
6179,6.179,-0.083163,-0.018965,
6180,6.180,-0.072329,0.004201,
6181,6.181,-0.078876,0.014249,
6182,6.182,-0.070471,0.017464,
6183,6.183,-0.066745,0.015120,
6184,6.184,-0.066974,-0.001824,
6185,6.185,-0.051038,0.009638,
6186,6.186,-0.053060,-0.008487,
6187,6.187,-0.044270,-0.015414,
6188,6.188,-0.036804,0.005240,
6189,6.189,-0.030532,-0.008147,
6190,6.190,-0.029317,-0.010201,
6191,6.191,-0.013642,0.001278,
6192,6.192,-0.004667,0.007697,
6193,6.193,-0.002023,0.002464,
6194,6.194,0.009006,-0.009039,
6195,6.195,0.018781,-0.007202,
6196,6.196,0.027537,-0.013820,
6197,6.197,0.038644,-0.007247,
6198,6.198,0.053125,0.000838,
6199,6.199,0.061700,0.000124,
6200,6.200,0.073699,-0.008032,
6201,6.201,0.084542,0.009330,
6202,6.202,0.086976,0.007218,
6203,6.203,0.102686,-0.008121,
6204,6.204,0.102422,0.002168,
6205,6.205,0.115603,0.007867,
6206,6.206,0.123636,-0.007241,
6207,6.207,0.127384,-0.029601,
6208,6.208,0.124150,-0.032341,
6209,6.209,0.127481,-0.013093,
6210,6.210,0.130628,-0.000647,
6211,6.211,0.133751,0.028658,
6212,6.212,0.136711,0.072708,
6213,6.213,0.146227,0.113709,
6214,6.214,0.152882,0.129604,
6215,6.215,0.154604,0.153764,
6216,6.216,0.152569,0.122977,
6217,6.217,0.154714,0.062932,
6218,6.218,0.158887,-0.014716,
6219,6.219,0.155612,-0.045835,
6220,6.220,0.147204,-0.074275,
6221,6.221,0.145156,-0.082968,
6222,6.222,0.135429,-0.090868,
6223,6.223,0.123272,-0.098129,
6224,6.224,0.120500,-0.079031,
6225,6.225,0.118478,-0.085032,
6226,6.226,0.117166,-0.069396,
6227,6.227,0.107264,-0.045453,
6228,6.228,0.098391,-0.041211,
6229,6.229,0.094262,-0.045180,
6230,6.230,0.084849,-0.063289,
6231,6.231,0.087567,-0.053450,
6232,6.232,0.066857,-0.020453,
6233,6.233,0.060775,-0.016040,
6234,6.234,0.042543,0.003858,
6235,6.235,0.032462,0.007293,
6236,6.236,0.014780,0.024274,
6237,6.237,-0.005141,0.060548,
6238,6.238,0.009407,0.055741,
6239,6.239,-0.030908,0.051308,
6240,6.240,-0.032738,0.031273,
6241,6.241,-0.045690,0.005729,
6242,6.242,-0.057257,-0.004328,
6243,6.243,-0.057818,0.010325,
6244,6.244,-0.084621,-0.003582,
6245,6.245,-0.092691,-0.016081,
6246,6.246,-0.085613,-0.018375,
6247,6.247,-0.092158,-0.020479,
6248,6.248,-0.109956,-0.018659,
6249,6.249,-0.115347,-0.006854,
6250,6.250,-0.115290,0.006977,
6251,6.251,-0.133479,0.034860,
6252,6.252,-0.145410,0.078805,
6253,6.253,-0.141624,0.073023,
6254,6.254,-0.147152,0.046443,
6255,6.255,-0.156605,0.012598,
6256,6.256,-0.165594,-0.000607,
6257,6.257,-0.170739,-0.012467,
6258,6.258,-0.178827,-0.001638,
6259,6.259,-0.181055,0.028176,
6260,6.260,-0.198749,0.008305,
6261,6.261,-0.189259,0.004891,
6262,6.262,-0.205540,0.028071,
6263,6.263,-0.202432,0.025421,
6264,6.264,-0.186673,0.006563,
6265,6.265,-0.167580,-0.010431,
6266,6.266,-0.186095,-0.012391,
6267,6.267,-0.198211,-0.006143,
6268,6.268,-0.180231,0.010707,
6269,6.269,-0.164129,0.035421,
6270,6.270,-0.155476,0.051820,
6271,6.271,-0.153586,0.048900,
6272,6.272,-0.138974,0.046141,
6273,6.273,-0.131248,0.063416,
6274,6.274,-0.115159,0.047939,
6275,6.275,-0.100813,0.017482,
6276,6.276,-0.088400,-0.039623,
6277,6.277,-0.082950,-0.078435,
6278,6.278,-0.065296,-0.099477,
6279,6.279,-0.049466,-0.092830,
6280,6.280,-0.035953,-0.063419,
6281,6.281,-0.024218,-0.058141,
6282,6.282,0.000648,-0.004855,
6283,6.283,0.006326,0.016511,
6284,6.284,0.018765,0.010142,
6285,6.285,0.036629,-0.007219,
6286,6.286,0.045571,-0.023054,
6287,6.287,0.046965,-0.027749,
6288,6.288,0.053347,-0.005746,
6289,6.289,0.068493,0.054256,
6290,6.290,0.082235,0.097302,
6291,6.291,0.089033,0.073808,
6292,6.292,0.099590,0.038060,
6293,6.293,0.113396,-0.007371,
6294,6.294,0.131862,-0.036956,
6295,6.295,0.142273,-0.042544,
6296,6.296,0.139413,-0.047656,
6297,6.297,0.142117,-0.034870,
6298,6.298,0.144304,-0.023479,
6299,6.299,0.146130,-0.027484,
6300,6.300,0.151819,-0.004936,
6301,6.301,0.153285,-0.008263,
6302,6.302,0.151230,-0.016830,
6303,6.303,0.149374,-0.010020,
6304,6.304,0.156050,-0.003959,
6305,6.305,0.154677,-0.002516,
6306,6.306,0.160263,-0.019904,
6307,6.307,0.155412,-0.031779,
6308,6.308,0.160460,-0.038606,
6309,6.309,0.151715,-0.048662,
6310,6.310,0.148103,-0.044342,
6311,6.311,0.150651,-0.049736,
6312,6.312,0.139721,-0.049192,
6313,6.313,0.138851,-0.048768,
6314,6.314,0.141268,-0.032450,
6315,6.315,0.131419,-0.010970,
6316,6.316,0.122642,-0.014775,
6317,6.317,0.123532,0.003356,
6318,6.318,0.119873,0.014722,
6319,6.319,0.117234,0.034099,
6320,6.320,0.108986,0.046947,
6321,6.321,0.098697,0.008928,
6322,6.322,0.085850,-0.018426,
6323,6.323,0.065339,-0.033613,
6324,6.324,0.072987,-0.065204,
6325,6.325,0.062737,-0.046059,
6326,6.326,0.031898,-0.021488,
6327,6.327,0.012759,0.020673,
6328,6.328,0.004787,0.060811,
6329,6.329,-0.009825,0.108076,
6330,6.330,-0.015172,0.113767,
6331,6.331,-0.012809,0.072157,
6332,6.332,-0.027983,0.044987,
6333,6.333,-0.041415,0.030103,
6334,6.334,-0.052983,0.007686,
6335,6.335,-0.062852,0.011215,
6336,6.336,-0.067323,0.021719,
6337,6.337,-0.071617,0.025501,
6338,6.338,-0.078916,0.015466,
6339,6.339,-0.075119,0.012448,
6340,6.340,-0.092701,0.020537,
6341,6.341,-0.090572,0.018182,
6342,6.342,-0.106137,0.038494,
6343,6.343,-0.103753,0.019400,
6344,6.344,-0.096461,0.012124,
6345,6.345,-0.107281,0.014326,
6346,6.346,-0.121182,0.020456,
6347,6.347,-0.119241,0.003795,
6348,6.348,-0.099577,-0.002652,
6349,6.349,-0.093663,-0.016624,
6350,6.350,-0.106750,-0.021894,
6351,6.351,-0.105498,-0.009688,
6352,6.352,-0.116505,0.004580,
6353,6.353,-0.126556,-0.004302,
6354,6.354,-0.101846,-0.005541,
6355,6.355,-0.096491,0.017938,
6356,6.356,-0.107939,0.015204,
6357,6.357,-0.113187,0.018552,
6358,6.358,-0.100212,0.021719,
6359,6.359,-0.104712,0.039460,
6360,6.360,-0.086596,0.010728,
6361,6.361,-0.100991,-0.016598,
6362,6.362,-0.102049,-0.019529,
6363,6.363,-0.106878,0.017494,
6364,6.364,-0.101231,0.051993,
6365,6.365,-0.102362,0.074673,
6366,6.366,-0.098098,0.063537,
6367,6.367,-0.079121,0.024138,
6368,6.368,-0.054547,-0.012372,
6369,6.369,-0.058038,-0.035837,
6370,6.370,-0.067250,-0.039510,
6371,6.371,-0.059693,-0.026944,
6372,6.372,-0.043125,-0.015455,
6373,6.373,-0.010278,-0.011628,
6374,6.374,-0.006462,-0.025930,
6375,6.375,-0.003069,-0.033490,
6376,6.376,-0.000251,-0.025625,
6377,6.377,0.023990,-0.013877,
6378,6.378,0.026016,0.000940,
6379,6.379,0.033601,0.007145,
6380,6.380,0.051485,-0.000667,
6381,6.381,0.062606,-0.013940,
6382,6.382,0.076954,-0.030185,
6383,6.383,0.077777,-0.050025,
6384,6.384,0.082173,-0.052286,
6385,6.385,0.055639,-0.054252,
6386,6.386,-0.000098,-0.051678,
6387,6.387,0.116273,-0.053368,
6388,6.388,0.098594,-0.058642,
6389,6.389,0.082540,-0.039753,
6390,6.390,0.067952,-0.032240,
6391,6.391,0.079874,-0.034262,
6392,6.392,0.090870,-0.011655,
6393,6.393,0.100855,0.003351,
6394,6.394,0.110108,0.011570,
6395,6.395,0.118665,0.014055,
6396,6.396,0.110922,0.011992,
6397,6.397,0.103948,-0.006321,
6398,6.398,0.097839,-0.023498,
6399,6.399,0.080903,-0.012265,
6400,6.400,0.086790,-0.006127,
6401,6.401,0.073175,-0.000522,
6402,6.402,0.078489,0.007975,
6403,6.403,0.075640,0.018666,
6404,6.404,0.058708,0.031180,
6405,6.405,0.050246,0.039631,
6406,6.406,0.030940,0.053491,
6407,6.407,0.024441,0.044159,
6408,6.408,0.013853,0.022134,
6409,6.409,0.000161,0.007212,
6410,6.410,-0.008046,-0.000951,
6411,6.411,-0.004138,-0.003389,
6412,6.412,-0.013876,0.003115,
6413,6.413,-0.016257,0.009121,
6414,6.414,-0.015334,0.014644,
6415,6.415,-0.016708,0.019701,
6416,6.416,-0.017511,0.018177,
6417,6.417,-0.016040,0.005663,
6418,6.418,-0.018044,0.007291,
6419,6.419,-0.009484,0.002612,
6420,6.420,-0.010528,0.009416,
6421,6.421,-0.001379,0.018072,
6422,6.422,-0.004541,0.021155,
6423,6.423,0.003503,0.015797,
6424,6.424,-0.004329,0.003530,
6425,6.425,-0.015372,0.015304,
6426,6.426,-0.010692,0.007650,
6427,6.427,-0.012951,-0.001974,
6428,6.428,-0.011660,-0.018336,
6429,6.429,-0.012950,-0.016079,
6430,6.430,-0.009032,-0.005872,
6431,6.431,-0.007336,-0.015135,
6432,6.432,-0.003666,-0.030325,
6433,6.433,0.003502,-0.024211,
6434,6.434,-0.005147,-0.014888,
6435,6.435,-0.007282,0.000395,
6436,6.436,-0.020183,0.006593,
6437,6.437,-0.032187,0.001144,
6438,6.438,-0.037080,0.010739,
6439,6.439,-0.051758,0.036244,
6440,6.440,-0.029510,0.054501,
6441,6.441,-0.068793,0.031662,
6442,6.442,-0.049643,0.011015,
6443,6.443,-0.053279,-0.018926,
6444,6.444,-0.037409,-0.038722,
6445,6.445,-0.014057,-0.034999,
6446,6.446,-0.040720,-0.018410,
6447,6.447,-0.043181,-0.021093,
6448,6.448,-0.045449,-0.018210,
6449,6.449,-0.035856,-0.005705,
6450,6.450,-0.037923,-0.012093,
6451,6.451,-0.030149,-0.005751,
6452,6.452,-0.023205,0.007538,
6453,6.453,-0.033157,0.002738,
6454,6.454,-0.038699,0.010571,
6455,6.455,-0.033752,0.009370,
6456,6.456,-0.038588,0.005736,
6457,6.457,-0.018227,0.000205,
6458,6.458,0.008241,0.005500,
6459,6.459,0.018325,-0.000919,
6460,6.460,0.033840,-0.001820,
6461,6.461,0.035678,-0.007169,
6462,6.462,0.026393,-0.000861,
6463,6.463,0.032364,-0.013826,
6464,6.464,0.033122,-0.019546,
6465,6.465,0.025463,-0.034920,
6466,6.466,0.018177,-0.012540,
6467,6.467,0.007887,0.002246,
6468,6.468,0.001362,0.010255,
6469,6.469,-0.013249,0.022497,
6470,6.470,-0.017144,0.028978,
6471,6.471,-0.024040,0.026841,
6472,6.472,-0.019539,0.013737,
6473,6.473,-0.025800,-0.001573,
6474,6.474,-0.027412,-0.011852,
6475,6.475,-0.037439,-0.032492,
6476,6.476,-0.041146,-0.029979,
6477,6.477,-0.036307,-0.017848,
6478,6.478,-0.038335,-0.006933,
6479,6.479,-0.047890,0.002969,
6480,6.480,-0.045186,0.004590,
6481,6.481,-0.047801,0.009479,
6482,6.482,-0.041843,0.010847,
6483,6.483,-0.038977,-0.004510,
6484,6.484,-0.039193,-0.023069,
6485,6.485,-0.043678,-0.020819,
6486,6.486,-0.038734,-0.000645,
6487,6.487,-0.027385,0.001947,
6488,6.488,-0.028901,0.004217,
6489,6.489,-0.026874,0.006309,
6490,6.490,-0.028750,0.012303,
6491,6.491,-0.021609,0.017766,
6492,6.492,-0.021073,0.022673,
6493,6.493,-0.015783,0.014872,
6494,6.494,-0.024787,0.002140,
6495,6.495,-0.014475,-0.013291,
6496,6.496,-0.012200,-0.015503,
6497,6.497,-0.007032,-0.010079,
6498,6.498,-0.002675,-0.035617,
6499,6.499,0.003788,-0.053860,
6500,6.500,0.006937,-0.050762,
6501,6.501,0.016408,-0.047983,
6502,6.502,0.025314,-0.006942,
6503,6.503,0.033110,0.033960,
6504,6.504,0.028936,0.060519,
6505,6.505,0.045137,0.065291,
6506,6.506,0.050613,0.034539,
6507,6.507,0.050437,0.030674,
6508,6.508,0.054599,0.048782,
6509,6.509,0.058378,0.058590,
6510,6.510,0.058002,0.049770,
6511,6.511,0.057559,0.030617,
6512,6.512,0.063115,0.037828,
6513,6.513,0.062490,0.031185,
6514,6.514,0.066864,0.000542,
6515,6.515,0.066093,-0.021417,
6516,6.516,0.067431,-0.025246,
6517,6.517,0.072242,-0.028699,
6518,6.518,0.068170,-0.025373,
6519,6.519,0.068950,-0.028147,
6520,6.520,0.064068,-0.041760,
6521,6.521,0.054548,-0.034401,
6522,6.522,0.043108,-0.009631,
6523,6.523,0.051746,0.006821,
6524,6.524,0.049659,0.021715,
6525,6.525,0.043270,0.024437,
6526,6.526,0.047812,0.031731,
6527,6.527,0.046375,0.016191,
6528,6.528,0.050120,0.010127,
6529,6.529,0.049041,-0.017758,
6530,6.530,0.038087,-0.037670,
6531,6.531,0.027227,-0.048431,
6532,6.532,0.017479,-0.038566,
6533,6.533,0.006133,-0.023637,
6534,6.534,0.007735,-0.004531,
6535,6.535,-0.004611,-0.006937,
6536,6.536,-0.016198,-0.018150,
6537,6.537,-0.017367,-0.003948,
6538,6.538,-0.015570,0.001632,
6539,6.539,-0.030445,0.019051,
6540,6.540,-0.033583,0.027517,
6541,6.541,-0.015835,0.022975,
6542,6.542,-0.052312,0.021632,
6543,6.543,-0.035597,0.010319,
6544,6.544,-0.049103,0.005775,
6545,6.545,-0.043781,0.007136,
6546,6.546,-0.030929,0.013393,
6547,6.547,-0.040711,0.005624,
6548,6.548,-0.036409,0.000381,
6549,6.549,-0.032406,-0.009986,
6550,6.550,-0.050344,-0.019727,
6551,6.551,-0.041860,-0.023528,
6552,6.552,-0.020316,-0.040665,
6553,6.553,-0.016334,-0.047943,
6554,6.554,-0.022297,-0.036743,
6555,6.555,-0.027552,-0.022482,
6556,6.556,-0.024142,-0.005688,
6557,6.557,-0.028338,0.009862,
6558,6.558,-0.011721,0.020004,
6559,6.559,-0.012321,0.029338,
6560,6.560,-0.005284,0.041194,
6561,6.561,-0.002138,0.030521,
6562,6.562,0.000849,0.009679,
6563,6.563,-0.001731,-0.023341,
6564,6.564,0.006016,-0.036556,
6565,6.565,0.008490,-0.032707,
6566,6.566,0.015194,-0.021913,
6567,6.567,0.004479,-0.005537,
6568,6.568,0.011006,0.009296,
6569,6.569,0.017019,0.011961,
6570,6.570,0.014404,0.014309,
6571,6.571,0.014640,0.020886,
6572,6.572,0.017032,0.031041,
6573,6.573,0.025697,0.018057,
6574,6.574,0.022530,0.006285,
6575,6.575,0.019692,0.010946,
6576,6.576,0.023262,0.017983,
6577,6.577,0.035284,0.021820,
6578,6.578,0.025990,0.009397,
6579,6.579,0.031391,-0.002354,
6580,6.580,0.029004,0.005319,
6581,6.581,0.031322,0.009437,
6582,6.582,0.029563,0.028447,
6583,6.583,0.024410,0.031248,
6584,6.584,0.021440,0.033731,
6585,6.585,0.012711,0.013562,
6586,6.586,0.009882,0.005553,
6587,6.587,0.007363,0.003289,
6588,6.588,0.011760,-0.007744,
6589,6.589,0.001448,-0.017760,
6590,6.590,-0.001966,-0.008319,
6591,6.591,-0.010475,-0.016638,
6592,6.592,-0.008163,-0.024122,
6593,6.593,-0.010308,-0.019935,
6594,6.594,-0.025003,-0.018649,
6595,6.595,-0.012778,-0.024138,
6596,6.596,-0.009759,-0.008322,
6597,6.597,-0.006907,0.012056,
6598,6.598,-0.014435,0.036813,
6599,6.599,-0.012048,0.027057,
6600,6.600,-0.012537,0.012198,
6601,6.601,-0.012938,0.004103,
6602,6.602,-0.019947,-0.003125,
6603,6.603,-0.030710,-0.009689,
6604,6.604,-0.034581,-0.015740,
6605,6.605,-0.027002,-0.002648,
6606,6.606,-0.025206,-0.014420,
6607,6.607,-0.041733,-0.031283,
6608,6.608,-0.048504,-0.020083,
6609,6.609,-0.041464,-0.009914,
6610,6.610,-0.043115,-0.011738,
6611,6.611,-0.044644,-0.010007,
6612,6.612,-0.046060,-0.020689,
6613,6.613,-0.022840,-0.019385,
6614,6.614,-0.025907,-0.025736,
6615,6.615,-0.028672,-0.013306,
6616,6.616,-0.020502,0.008584,
6617,6.617,-0.022868,0.011358,
6618,6.618,-0.025143,0.003174,
6619,6.619,-0.015120,0.005488,
6620,6.620,0.001459,0.003181,
6621,6.621,-0.019057,0.001020,
6622,6.622,-0.022023,-0.004703,
6623,6.623,-0.019950,-0.009918,
6624,6.624,-0.013688,-0.011587,
6625,6.625,-0.012043,-0.015826,
6626,6.626,-0.018057,-0.009756,
6627,6.627,-0.006682,-0.006720,
6628,6.628,-0.011730,0.002585,
6629,6.629,-0.005317,0.001225,
6630,6.630,-0.007046,0.002059,
6631,6.631,-0.010834,-0.001159,
6632,6.632,-0.010413,0.001382,
6633,6.633,-0.008314,0.005473,
6634,6.634,-0.006400,0.016829,
6635,6.635,0.001409,0.014976,
6636,6.636,0.008523,0.004130,
6637,6.637,-0.003652,0.005282,
6638,6.638,0.006311,0.008804,
6639,6.639,0.009681,0.005406,
6640,6.640,0.012549,0.002865,
6641,6.641,0.018127,-0.002534,
6642,6.642,0.034531,0.003722,
6643,6.643,-0.003369,0.002713,
6644,6.644,0.033162,0.006292,
6645,6.645,0.018106,0.008190,
6646,6.646,0.030646,0.009769,
6647,6.647,0.049968,0.005610,
6648,6.648,0.023962,0.013304,
6649,6.649,0.039768,0.007646,
6650,6.650,0.024293,-0.008177,
6651,6.651,0.026438,-0.006088,
6652,6.652,0.023518,-0.008250,
6653,6.653,0.020795,-0.013972,
6654,6.654,0.006081,-0.005635,
6655,6.655,0.011184,0.011177,
6656,6.656,0.012445,0.022300,
6657,6.657,0.025901,0.024326,
6658,6.658,0.027369,0.003859,
6659,6.659,0.021923,-0.004196,
6660,6.660,0.020063,0.018250,
6661,6.661,0.021109,0.009571,
6662,6.662,0.022035,0.012374,
6663,6.663,0.009273,0.000122,
6664,6.664,0.010764,0.011373,
6665,6.665,0.006019,0.013500,
6666,6.666,0.012790,-0.006855,
6667,6.667,0.011471,-0.009411,
6668,6.668,0.003572,0.017976,
6669,6.669,-0.001771,0.021672,
6670,6.670,-0.006407,0.018608,
6671,6.671,-0.012387,0.009966,
6672,6.672,-0.011777,-0.003568,
6673,6.673,-0.009795,0.003864,
6674,6.674,-0.008127,0.006206,
6675,6.675,-0.009816,-0.003794,
6676,6.676,-0.017578,-0.012951,
6677,6.677,-0.018559,-0.017886,
6678,6.678,-0.019521,-0.019280,
6679,6.679,-0.020303,-0.017780,
6680,6.680,-0.021075,-0.018837,
6681,6.681,-0.026250,-0.024312,
6682,6.682,-0.028191,-0.016935,
6683,6.683,-0.019806,-0.008366,
6684,6.684,-0.018684,-0.002706,
6685,6.685,-0.019569,0.002597,
6686,6.686,-0.007243,0.001797,
6687,6.687,-0.008776,-0.009341,
6688,6.688,-0.016236,-0.013892,
6689,6.689,-0.014723,-0.009817,
6690,6.690,-0.010836,0.004056,
6691,6.691,-0.000342,0.002187,
6692,6.692,0.006759,0.000501,
6693,6.693,0.003195,0.002043,
6694,6.694,0.006522,-0.004888,
6695,6.695,0.007643,0.003907,
6696,6.696,0.014215,0.011672,
6697,6.697,0.001463,0.014690,
6698,6.698,0.007175,0.015498,
6699,6.699,0.002189,0.018030,
6700,6.700,0.009871,0.026479,
6701,6.701,0.002997,0.027471,
6702,6.702,0.001886,0.013740,
6703,6.703,0.002961,0.004398,
6704,6.704,-0.004256,-0.021026,
6705,6.705,0.006103,-0.039177,
6706,6.706,0.002083,-0.036022,
6707,6.707,0.005847,-0.050971,
6708,6.708,0.009095,-0.059143,
6709,6.709,0.008098,-0.041981,
6710,6.710,-0.004064,-0.012856,
6711,6.711,0.007759,-0.009086,
6712,6.712,0.009265,0.008886,
6713,6.713,0.007890,0.005549,
6714,6.714,0.011582,0.008275,
6715,6.715,0.010533,0.000025,
6716,6.716,0.009470,0.002287,
6717,6.717,0.008570,0.004385,
6718,6.718,0.005976,0.002287,
6719,6.719,0.017411,0.000387,
6720,6.720,0.015652,-0.008125,
6721,6.721,0.011015,-0.000575,
6722,6.722,0.003993,0.008992,
6723,6.723,0.000198,0.005216,
6724,6.724,-0.003068,0.006206,
6725,6.725,-0.006180,0.015649,
6726,6.726,-0.005395,0.021844,
6727,6.727,-0.008008,0.011465,
6728,6.728,-0.004360,0.018334,
6729,6.729,0.002002,0.024553,
6730,6.730,-0.009229,0.018971,
6731,6.731,-0.007779,0.009511,
6732,6.732,-0.009197,0.025954,
6733,6.733,-0.018064,0.032643,
6734,6.734,-0.019139,0.026671,
6735,6.735,-0.020196,0.021191,
6736,6.736,-0.019392,0.019622,
6737,6.737,-0.015196,0.012138,
6738,6.738,-0.015907,0.010901,
6739,6.739,-0.019499,0.007283,
6740,6.740,-0.010081,-0.009677,
6741,6.741,-0.000989,-0.018340,
6742,6.742,0.003045,-0.010961,
6743,6.743,0.021974,-0.008651,
6744,6.744,-0.019150,-0.002434,
6745,6.745,0.010091,-0.000423,
6746,6.746,-0.005834,-0.001940,
6747,6.747,-0.001121,-0.021744,
6748,6.748,0.012038,-0.024306,
6749,6.749,0.000147,-0.021808,
6750,6.750,-0.010724,-0.015078,
6751,6.751,-0.007561,-0.008840,
6752,6.752,-0.010487,-0.003147,
6753,6.753,-0.007837,0.001994,
6754,6.754,-0.005510,0.012700,
6755,6.755,-0.007750,0.014088,
6756,6.756,0.002370,0.000252,
6757,6.757,0.007927,0.009624,
6758,6.758,-0.000560,0.031664,
6759,6.759,0.016339,0.022939,
6760,6.760,0.009726,0.014932,
6761,6.761,0.007672,0.007821,
6762,6.762,0.002083,0.014567,
6763,6.763,0.003788,0.004543,
6764,6.764,0.008356,-0.012099,
6765,6.765,0.012431,-0.023147,
6766,6.766,0.008722,-0.037251,
6767,6.767,0.009739,-0.031588,
6768,6.768,0.004503,-0.016281,
6769,6.769,0.003644,-0.010111,
6770,6.770,0.011435,-0.004456,
6771,6.771,0.004172,-0.019597,
6772,6.772,-0.006151,-0.025612,
6773,6.773,0.006365,-0.012535,
6774,6.774,0.001285,0.009475,
6775,6.775,0.008900,0.006614,
6776,6.776,0.007556,0.014745,
6777,6.777,0.003860,0.002399,
6778,6.778,0.004891,-0.013173,
6779,6.779,0.010140,-0.011163,
6780,6.780,0.003745,-0.016796,
6781,6.781,0.007993,-0.035496,
6782,6.782,0.007342,-0.033245,
6783,6.783,-0.003295,-0.008654,
6784,6.784,-0.001749,-0.011982,
6785,6.785,-0.000353,-0.009244,
6786,6.786,-0.001501,-0.001285,
6787,6.787,-0.002486,0.010891,
6788,6.788,0.009041,0.004125,
6789,6.789,0.001471,0.010085,
6790,6.790,-0.005426,0.026765,
6791,6.791,-0.009104,0.020130,
6792,6.792,-0.012282,0.009989,
6793,6.793,-0.007005,-0.006738,
6794,6.794,-0.007821,-0.013272,
6795,6.795,-0.006981,0.005287,
6796,6.796,-0.007674,0.012725,
6797,6.797,0.003001,0.019519,
6798,6.798,-0.004690,0.013611,
6799,6.799,0.002143,0.004487,
6800,6.800,-0.004080,0.023284,
6801,6.801,-0.000955,0.035830,
6802,6.802,-0.010458,0.033832,
6803,6.803,-0.011694,0.023919,
6804,6.804,-0.010753,0.014875,
6805,6.805,-0.013825,-0.000077,
6806,6.806,-0.007439,0.010376,
6807,6.807,-0.011718,-0.002381,
6808,6.808,-0.011054,-0.010638,
6809,6.809,-0.009031,-0.021267,
6810,6.810,-0.010742,-0.008908,
6811,6.811,-0.019577,0.012953,
6812,6.812,-0.008296,0.015740,
6813,6.813,-0.012885,0.002013,
6814,6.814,-0.008876,-0.000391,
6815,6.815,-0.000110,0.010694,
6816,6.816,-0.003367,0.004486,
6817,6.817,0.010292,-0.001228,
6818,6.818,0.000920,-0.003093,
6819,6.819,-0.000844,-0.017245,
6820,6.820,0.006697,-0.008330,
6821,6.821,0.002582,0.006482,
6822,6.822,0.003694,0.016221,
6823,6.823,0.000367,0.010209,
6824,6.824,-0.002800,0.008122,
6825,6.825,-0.007506,0.006231,
6826,6.826,0.001797,-0.001038,
6827,6.827,0.012934,0.002369,
6828,6.828,-0.001173,0.014562,
6829,6.829,0.004151,0.026057,
6830,6.830,0.002199,0.024196,
6831,6.831,0.006482,0.014231,
6832,6.832,0.002132,0.010188,
6833,6.833,-0.006949,0.010895,
6834,6.834,0.000544,0.011614,
6835,6.835,0.007520,0.008618,
6836,6.836,0.013647,-0.004491,
6837,6.837,0.000477,-0.032638,
6838,6.838,0.002019,-0.068898,
6839,6.839,0.003416,-0.083521,
6840,6.840,0.010714,-0.096959,
6841,6.841,0.009023,-0.077207,
6842,6.842,0.012905,-0.084014,
6843,6.843,0.006266,-0.095043,
6844,6.844,0.023018,-0.098441,
6845,6.845,-0.014641,-0.095714,
6846,6.846,0.043515,-0.071149,
6847,6.847,0.050930,-0.048269,
6848,6.848,-0.056197,-0.033476,
6849,6.849,0.019843,-0.019809,
6850,6.850,-0.022169,-0.007489,
6851,6.851,-0.010080,-0.018655,
6852,6.852,0.001012,-0.020678,
6853,6.853,-0.030553,-0.015059,
6854,6.854,-0.021539,-0.026870,
6855,6.855,-0.013391,-0.003822,
6856,6.856,-0.037269,0.045795,
6857,6.857,-0.044906,0.152652,
6858,6.858,-0.026065,0.229262,
6859,6.859,-0.020650,0.159925,
6860,6.860,-0.015777,0.097040,
6861,6.861,-0.040288,0.039817,
6862,6.862,-0.018524,0.029836,
6863,6.863,-0.030551,0.039639,
6864,6.864,-0.019845,0.048526,
6865,6.865,-0.023120,0.041003,
6866,6.866,-0.008243,0.062605,
6867,6.867,-0.010906,0.121325,
6868,6.868,-0.013172,0.160803,
6869,6.869,-0.019629,0.139892,
6870,6.870,-0.013370,0.095147,
6871,6.871,0.007338,0.078199,
6872,6.872,0.015711,0.041502,
6873,6.873,0.018386,0.017877,
6874,6.874,0.034299,-0.021338,
6875,6.875,0.040792,-0.036742,
6876,6.876,0.050507,-0.041002,
6877,6.877,0.052647,-0.036209,
6878,6.878,0.042482,-0.039769,
6879,6.879,0.041625,-0.050279,
6880,6.880,0.035914,-0.053164,
6881,6.881,0.021569,-0.049884,
6882,6.882,0.011976,-0.035689,
6883,6.883,0.014408,-0.037571,
6884,6.884,0.013343,-0.052627,
6885,6.885,0.015524,-0.050021,
6886,6.886,0.014875,-0.040112,
6887,6.887,0.001744,-0.027623,
6888,6.888,0.008068,-0.019342,
6889,6.889,0.017298,-0.028421,
6890,6.890,0.019660,-0.026849,
6891,6.891,0.035717,-0.029873,
6892,6.892,0.005932,-0.039212,
6893,6.893,0.072920,-0.047835,
6894,6.894,0.121168,-0.030647,
6895,6.895,-0.007324,-0.018181,
6896,6.896,0.012013,-0.024612,
6897,6.897,0.029673,-0.050902,
6898,6.898,0.015418,-0.039759,
6899,6.899,0.030123,-0.029647,
6900,6.900,0.018506,-0.014457,
6901,6.901,0.030851,-0.022297,
6902,6.902,0.041999,-0.009675,
6903,6.903,0.052369,-0.007214,
6904,6.904,0.079071,-0.004956,
6905,6.905,0.072117,-0.021528,
6906,6.906,0.008834,-0.028054,
6907,6.907,-0.050737,-0.034213,
6908,6.908,-0.010832,-0.028761,
6909,6.909,-0.031323,-0.044203,
6910,6.910,-0.075671,-0.034345,
6911,6.911,-0.069108,-0.006752,
6912,6.912,-0.084229,0.044947,
6913,6.913,-0.088194,0.051590,
6914,6.914,-0.083066,0.044634,
6915,6.915,-0.086206,0.003098,
6916,6.916,-0.081930,-0.013512,
6917,6.917,-0.078009,-0.000009,
6918,6.918,-0.062442,-0.005413,
6919,6.919,-0.069870,-0.018305,
6920,6.920,-0.046890,-0.023029,
6921,6.921,-0.049118,-0.033984,
6922,6.922,-0.045802,-0.007971,
6923,6.923,-0.047569,0.023769,
6924,6.924,-0.022280,0.035888,
6925,6.925,-0.011893,0.078798,
6926,6.926,-0.008472,0.107058,
6927,6.927,0.005741,0.100871,
6928,6.928,-0.001076,0.075837,
6929,6.929,0.024005,0.008927,
6930,6.930,0.034156,-0.058075,
6931,6.931,0.037323,-0.050045,
6932,6.932,0.012875,-0.058358,
6933,6.933,0.016288,-0.094308,
6934,6.934,0.007669,-0.101127,
6935,6.935,0.005095,-0.118919,
6936,6.936,0.012486,-0.124541,
6937,6.937,0.010374,-0.052229,
6938,6.938,-0.016157,0.062094,
6939,6.939,0.009240,0.168857,
6940,6.940,0.019065,0.182476,
6941,6.941,0.021913,0.119229,
6942,6.942,0.002752,0.130624,
6943,6.943,-0.002391,0.090423,
6944,6.944,-0.000086,0.038243,
6945,6.945,0.029139,-0.028095,
6946,6.946,-0.007095,-0.053947,
6947,6.947,0.026554,-0.046015,
6948,6.948,0.030756,-0.052873,
6949,6.949,0.042385,-0.046190,
6950,6.950,0.053006,-0.063443,
6951,6.951,0.009810,-0.068672,
6952,6.952,0.038859,-0.054229,
6953,6.953,0.033411,-0.040760,
6954,6.954,0.028473,0.019681,
6955,6.955,0.015082,0.097733,
6956,6.956,0.003040,0.129358,
6957,6.957,0.013624,0.139484,
6958,6.958,0.010155,0.062582,
6959,6.959,0.007080,-0.009550,
6960,6.960,0.004177,-0.018265,
6961,6.961,0.011235,-0.008915,
6962,6.962,0.017688,0.015141,
6963,6.963,-0.004921,0.037180,
6964,6.964,-0.002149,0.070173,
6965,6.965,0.000492,0.147277,
6966,6.966,-0.001894,0.199990,
6967,6.967,-0.026589,0.172114,
6968,6.968,-0.016736,0.163984,
6969,6.969,-0.025452,0.062692,
6970,6.970,-0.006240,-0.034167,
6971,6.971,-0.018449,-0.046418,
6972,6.972,-0.029470,-0.057763,
6973,6.973,-0.031337,-0.067965,
6974,6.974,-0.029304,-0.096292,
6975,6.975,-0.024035,-0.104858,
6976,6.976,-0.013172,-0.128133,
6977,6.977,0.002251,-0.135242,
6978,6.978,0.004483,-0.141710,
6979,6.979,0.006538,-0.147470,
6980,6.980,0.001662,-0.131657,
6981,6.981,0.009458,-0.136608,
6982,6.982,0.005551,-0.106062,
6983,6.983,0.014453,-0.078408,
6984,6.984,0.006757,-0.024008,
6985,6.985,0.007832,0.046302,
6986,6.986,0.021906,0.036643,
6987,6.987,0.011781,0.027896,
6988,6.988,0.006212,0.004560,
6989,6.989,0.018018,-0.030810,
6990,6.990,0.019523,-0.024171,
6991,6.991,0.001374,0.005223,
6992,6.992,0.018574,0.010467,
6993,6.993,0.002916,0.015133,
6994,6.994,0.017015,0.010658,
6995,6.995,0.007580,-0.041496,
6996,6.996,0.015916,-0.077055,
6997,6.997,0.008124,-0.031896,
6998,6.998,0.003875,0.056254,
6999,6.999,0.004880,0.169892,
7000,7.000,-0.000902,0.123978,
7001,7.001,-0.008389,-0.001332,
7002,7.002,-0.009520,-0.051826,
7003,7.003,-0.005583,-0.036619,
7004,7.004,-0.014327,-0.078227,
7005,7.005,-0.022441,-0.141280,
7006,7.006,-0.032262,-0.152692,
7007,7.007,-0.026376,-0.121556,
7008,7.008,-0.023526,-0.074318,
7009,7.009,-0.014433,-0.014220,
7010,7.010,-0.031223,0.024469,
7011,7.011,-0.033813,0.045518,
7012,7.012,-0.011722,0.064755,
7013,7.013,-0.009269,0.070603,
7014,7.014,-0.017860,0.054842,
7015,7.015,-0.005976,0.079266,
7016,7.016,-0.008648,0.101654,
7017,7.017,-0.007090,0.050045,
7018,7.018,-0.005710,0.114646,
7019,7.019,-0.007876,0.175640,
7020,7.020,-0.000764,0.199650,
7021,7.021,-0.002574,0.193265,
7022,7.022,-0.001865,0.174779,
7023,7.023,0.003240,0.146283,
7024,7.024,0.001736,0.109640,
7025,7.025,0.005831,0.114777,
7026,7.026,0.006227,0.075471,
7027,7.027,0.002049,-0.004059,
7028,7.028,0.005196,-0.015085,
7029,7.029,0.009010,0.016391,
7030,7.030,0.016226,0.025965,
7031,7.031,0.018843,0.017166,
7032,7.032,0.021140,-0.022186,
7033,7.033,0.019879,-0.029547,
7034,7.034,0.023213,-0.062055,
7035,7.035,0.019268,-0.091482,
7036,7.036,0.011973,-0.118203,
7037,7.037,0.018082,-0.142633,
7038,7.038,0.009947,-0.129814,
7039,7.039,0.021107,-0.094190,
7040,7.040,0.010103,-0.070463,
7041,7.041,0.011112,-0.040122,
7042,7.042,0.007032,-0.076585,
7043,7.043,0.009945,-0.120665,
7044,7.044,0.006754,-0.145986,
7045,7.045,0.009504,-0.140758,
7046,7.046,0.019528,-0.114828,
7047,7.047,-0.001567,-0.052453,
7048,7.048,0.001039,-0.010078,
7049,7.049,-0.001969,0.028212,
7050,7.050,0.005028,0.006055,
7051,7.051,0.011360,-0.014136,
7052,7.052,-0.011402,-0.009354,
7053,7.053,0.003228,0.005624,
7054,7.054,-0.005104,0.009534,
7055,7.055,-0.002964,0.057293,
7056,7.056,-0.009812,0.114855,
7057,7.057,-0.008028,0.137451,
7058,7.058,-0.013821,0.129703,
7059,7.059,-0.012323,0.032108,
7060,7.060,-0.001888,-0.093380,
7061,7.061,0.004792,-0.143987,
7062,7.062,0.015885,-0.128881,
7063,7.063,0.008042,-0.142893,
7064,7.064,0.009154,-0.180803,
7065,7.065,0.002641,-0.192510,
7066,7.066,-0.005414,-0.182353,
7067,7.067,-0.002697,-0.229801,
7068,7.068,0.011062,-0.273030,
7069,7.069,-0.007719,-0.280882,
7070,7.070,-0.000839,-0.245412,
7071,7.071,-0.003480,-0.148376,
7072,7.072,0.006166,0.032428,
7073,7.073,0.000072,0.155484,
7074,7.074,-0.008987,0.132933,
7075,7.075,0.004298,0.112237,
7076,7.076,-0.020613,0.130165,
7077,7.077,-0.011516,0.213641,
7078,7.078,-0.021067,0.350725,
7079,7.079,-0.002717,0.479839,
7080,7.080,-0.010726,0.462788,
7081,7.081,-0.009310,0.386168,
7082,7.082,-0.020219,0.288848,
7083,7.083,-0.019249,0.225792,
7084,7.084,-0.035330,0.191403,
7085,7.085,-0.046289,0.160483,
7086,7.086,-0.022987,0.170262,
7087,7.087,-0.027083,0.110306,
7088,7.088,-0.013052,0.071807,
7089,7.089,-0.011203,0.022722,
7090,7.090,-0.009726,-0.008868,
7091,7.091,-0.031039,-0.037294,
7092,7.092,-0.023942,-0.052224,
7093,7.093,-0.022582,-0.036863,
7094,7.094,-0.021553,-0.022678,
7095,7.095,-0.016614,-0.001715,
7096,7.096,-0.027036,0.024692,
7097,7.097,-0.002796,0.048831,
7098,7.098,-0.014704,0.083113,
7099,7.099,-0.019007,0.027120,
7100,7.100,-0.017115,-0.042066,
7101,7.101,-0.015295,-0.107132,
7102,7.102,-0.033281,-0.149164,
7103,7.103,-0.018414,-0.171484,
7104,7.104,-0.000496,-0.163491,
7105,7.105,-0.003335,-0.156173,
7106,7.106,-0.014887,-0.160978,
7107,7.107,-0.017325,-0.186505,
7108,7.108,0.010273,-0.229092,
7109,7.109,0.021890,-0.233840,
7110,7.110,0.010918,-0.227787,
7111,7.111,0.014071,-0.164076,
7112,7.112,0.016928,-0.103187,
7113,7.113,0.014314,-0.079427,
7114,7.114,0.026805,-0.071957,
7115,7.115,0.047259,-0.090833,
7116,7.116,0.006378,-0.084648,
7117,7.117,0.035925,-0.036097,
7118,7.118,0.052160,-0.003271,
7119,7.119,0.066994,0.014640,
7120,7.120,0.080768,-0.011451,
7121,7.121,0.061347,0.023031,
7122,7.122,0.094783,0.090017,
7123,7.123,0.055701,0.176456,
7124,7.124,0.115076,0.235059,
7125,7.125,0.076700,0.246463,
7126,7.126,0.070336,0.199991,
7127,7.127,0.051797,0.105700,
7128,7.128,0.011638,0.043005,
7129,7.129,0.028330,-0.014253,
7130,7.130,-0.004681,-0.045205,
7131,7.131,0.062204,-0.073671,
7132,7.132,0.015635,-0.065338,
7133,7.133,-0.026699,-0.073689,
7134,7.134,0.013176,-0.081657,
7135,7.135,-0.007347,-0.102065,
7136,7.136,-0.025809,-0.120772,
7137,7.137,-0.030707,-0.074072,
7138,7.138,-0.003214,-0.030220,
7139,7.139,0.060874,-0.037295,
7140,7.140,0.053303,-0.054563,
7141,7.141,0.031064,-0.031840,
7142,7.142,0.124734,-0.011497,
7143,7.143,0.088240,0.014554,
7144,7.144,0.055007,0.037716,
7145,7.145,0.061026,0.019194,
7146,7.146,0.010172,-0.026332,
7147,7.147,0.020908,-0.022975,
7148,7.148,-0.038146,0.001305,
7149,7.149,-0.075827,0.052376,
7150,7.150,-0.138459,0.114208,
7151,7.151,-0.128348,0.137572,
7152,7.152,-0.181523,0.189410,
7153,7.153,-0.158824,0.136706,
7154,7.154,-0.151052,0.075456,
7155,7.155,-0.085142,0.002319,
7156,7.156,-0.092620,-0.047287,
7157,7.157,-0.099358,-0.057855,
7158,7.158,-0.091315,-0.020555,
7159,7.159,-0.084061,0.013293,
7160,7.160,-0.054092,0.044130,
7161,7.161,-0.069400,0.083928,
7162,7.162,-0.054491,0.077938,
7163,7.163,-0.014303,0.004800,
7164,7.164,-0.019201,-0.026447,
7165,7.165,-0.014140,-0.073702,
7166,7.166,-0.000672,-0.099291,
7167,7.167,-0.028376,-0.091071,
7168,7.168,-0.068205,-0.069205,
7169,7.169,0.012069,-0.152826,
7170,7.170,0.000797,-0.209641,
7171,7.171,0.011315,-0.219120,
7172,7.172,0.039858,-0.227621,
7173,7.173,0.048560,-0.269815,
7174,7.174,0.056304,-0.182905,
7175,7.175,0.063391,-0.032855,
7176,7.176,0.069723,0.068832,
7177,7.177,0.075327,0.124071,
7178,7.178,0.080368,0.107071,
7179,7.179,0.133375,0.091751,
7180,7.180,0.097531,0.078074,
7181,7.181,0.090718,0.091062,
7182,7.182,0.096112,0.149356,
7183,7.183,0.090458,0.202442,
7184,7.184,0.065821,0.194221,
7185,7.185,0.061027,0.152620,
7186,7.186,0.008524,0.036921,
7187,7.187,-0.013201,-0.011618,
7188,7.188,-0.045904,-0.024803,
7189,7.189,-0.063692,0.018997,
7190,7.190,-0.079893,0.109570,
7191,7.191,-0.114026,0.215398,
7192,7.192,-0.118753,0.398585,
7193,7.193,-0.099057,0.474560,
7194,7.194,-0.059290,0.454264,
7195,7.195,-0.064895,0.272741,
7196,7.196,-0.089459,0.151008,
7197,7.197,-0.120654,0.085048,
7198,7.198,-0.157068,0.066066,
7199,7.199,-0.133266,0.160157,
7200,7.200,-0.102895,0.279745,
7201,7.201,-0.051130,0.327669,
7202,7.202,-0.015898,0.232534,
7203,7.203,0.016156,0.045211,
7204,7.204,0.080626,-0.142433,
7205,7.205,0.106409,-0.263858,
7206,7.206,0.129822,-0.284740,
7207,7.207,0.165470,-0.263257,
7208,7.208,0.184936,-0.280673,
7209,7.209,0.179448,-0.363710,
7210,7.210,0.153190,-0.439199,
7211,7.211,0.148781,-0.479985,
7212,7.212,0.135940,-0.491803,
7213,7.213,0.092352,-0.479701,
7214,7.214,0.075368,-0.448100,
7215,7.215,0.038571,-0.381529,
7216,7.216,-0.024101,-0.286681,
7217,7.217,-0.049560,-0.198705,
7218,7.218,-0.056960,-0.141471,
7219,7.219,-0.063716,-0.151941,
7220,7.220,-0.056846,-0.123592,
7221,7.221,-0.039005,0.005958,
7222,7.222,-0.022679,0.172875,
7223,7.223,-0.036607,0.374908,
7224,7.224,-0.040578,0.619068,
7225,7.225,-0.036262,0.651975,
7226,7.226,-0.032283,0.502813,
7227,7.227,-0.022064,0.312795,
7228,7.228,-0.000871,0.090297,
7229,7.229,0.007599,-0.059686,
7230,7.230,0.010335,-0.196348,
7231,7.231,-0.000538,-0.222130,
7232,7.232,-0.006376,-0.290539,
7233,7.233,-0.019165,-0.352635,
7234,7.234,-0.027412,-0.335294,
7235,7.235,-0.025732,-0.319621,
7236,7.236,-0.029645,-0.274873,
7237,7.237,-0.023295,-0.234399,
7238,7.238,-0.026424,-0.197837,
7239,7.239,-0.031615,-0.141352,
7240,7.240,-0.021243,-0.090149,
7241,7.241,-0.011548,0.051356,
7242,7.242,-0.002715,0.192965,
7243,7.243,0.000567,0.396167,
7244,7.244,0.014366,0.476898,
7245,7.245,0.012661,0.500841,
7246,7.246,0.013649,0.337366,
7247,7.247,0.001928,0.134514,
7248,7.248,0.025034,-0.056512,
7249,7.249,-0.024433,-0.181311,
7250,7.250,-0.002978,-0.205284,
7251,7.251,-0.009232,-0.186508,
7252,7.252,-0.014770,-0.132336,
7253,7.253,0.001345,-0.015846,
7254,7.254,-0.032268,0.089911,
7255,7.255,-0.036434,0.185675,
7256,7.256,-0.040124,0.221696,
7257,7.257,-0.050807,0.162602,
7258,7.258,-0.034288,0.151032,
7259,7.259,-0.007167,0.178560,
7260,7.260,-0.010741,0.186578,
7261,7.261,-0.007642,0.147106,
7262,7.262,0.000988,0.097338,
7263,7.263,0.019893,0.142735,
7264,7.264,0.021952,0.231336,
7265,7.265,0.032774,0.295056,
7266,7.266,0.042502,0.169365,
7267,7.267,0.043899,0.018889,
7268,7.268,0.028195,-0.122337,
7269,7.269,0.029763,-0.287787,
7270,7.270,0.023706,-0.353663,
7271,7.271,0.011428,-0.372545,
7272,7.272,0.018635,-0.241344,
7273,7.273,0.008620,-0.088157,
7274,7.274,-0.003106,0.097079,
7275,7.275,-0.001952,0.222497,
7276,7.276,-0.000940,0.336635,
7277,7.277,0.007536,0.318151,
7278,7.278,0.001646,0.301102,
7279,7.279,0.006629,0.218050,
7280,7.280,0.007237,0.111775,
7281,7.281,0.001072,0.015276,
7282,7.282,-0.004407,-0.097549,
7283,7.283,0.001788,-0.173059,
7284,7.284,-0.006218,-0.213668,
7285,7.285,-0.005424,-0.250293,
7286,7.286,-0.012036,-0.237791,
7287,7.287,-0.002738,-0.288912,
7288,7.288,-0.004078,-0.297504,
7289,7.289,-0.000995,-0.288090,
7290,7.290,0.004126,-0.264069,
7291,7.291,-0.002404,-0.270539,
7292,7.292,0.003436,-0.237555,
7293,7.293,-0.005078,-0.183964,
7294,7.294,0.002679,-0.076681,
7295,7.295,0.005696,0.061184,
7296,7.296,0.008411,0.153291,
7297,7.297,0.000646,0.303789,
7298,7.298,-0.000353,0.322932,
7299,7.299,0.000536,0.266390,
7300,7.300,0.001430,0.113784,
7301,7.301,0.008445,0.010990,
7302,7.302,0.002106,-0.008497,
7303,7.303,0.003076,0.074592,
7304,7.304,0.002530,0.211529,
7305,7.305,0.011951,0.192605,
7306,7.306,0.008370,0.074544,
7307,7.307,0.007528,-0.063365,
7308,7.308,0.006671,-0.156148,
7309,7.309,0.009574,-0.173081,
7310,7.310,0.003874,-0.249579,
7311,7.311,-0.007416,-0.235527,
7312,7.312,0.008032,-0.197575,
7313,7.313,0.002166,-0.116852,
7314,7.314,0.019128,-0.085543,
7315,7.315,0.008159,0.018795,
7316,7.316,0.010399,0.059931,
7317,7.317,0.005026,0.046406,
7318,7.318,0.020423,0.010343,
7319,7.319,0.010377,-0.022648,
7320,7.320,0.008611,-0.053136,
7321,7.321,0.003582,-0.063915,
7322,7.322,0.014253,-0.136563,
7323,7.323,0.004604,-0.204815,
7324,7.324,-0.001724,-0.180861,
7325,7.325,-0.002852,-0.112204,
7326,7.326,0.002262,0.009123,
7327,7.327,-0.010080,0.091149,
7328,7.328,-0.015362,0.134676,
7329,7.329,-0.004967,0.090483,
7330,7.330,-0.012191,0.049876,
7331,7.331,-0.008796,-0.010715,
7332,7.332,-0.012403,-0.024096,
7333,7.333,-0.007599,-0.017471,
7334,7.334,-0.018390,0.092063,
7335,7.335,-0.011960,0.135497,
7336,7.336,-0.008795,0.202776,
7337,7.337,-0.014969,0.238546,
7338,7.338,-0.010343,0.271360,
7339,7.339,-0.006413,0.238798,
7340,7.340,-0.006227,0.190278,
7341,7.341,-0.010625,0.163541,
7342,7.342,-0.021981,0.186169,
7343,7.343,-0.005778,0.278062,
7344,7.344,-0.026812,0.441737,
7345,7.345,-0.024831,0.418936,
7346,7.346,-0.023193,0.276330,
7347,7.347,-0.021722,-0.011546,
7348,7.348,-0.042772,-0.029801,
7349,7.349,-0.035398,-0.113490,
7350,7.350,-0.033772,-0.158858,
7351,7.351,-0.045682,-0.172203,
7352,7.352,-0.027956,-0.259960,
7353,7.353,-0.026241,-0.385783,
7354,7.354,-0.029191,-0.435233,
7355,7.355,-0.035980,-0.479990,
7356,7.356,-0.016237,-0.464995,
7357,7.357,-0.019596,-0.476308,
7358,7.358,-0.012967,-0.509609,
7359,7.359,-0.007006,-0.581236,
7360,7.360,-0.009681,-0.551358,
7361,7.361,-0.004721,-0.472304,
7362,7.362,0.006520,-0.356155,
7363,7.363,0.010535,-0.125006,
7364,7.364,-0.002504,0.172140,
7365,7.365,-0.008048,0.372479,
7366,7.366,0.005360,0.554765,
7367,7.367,0.025417,0.589528,
7368,7.368,0.016923,0.561653,
7369,7.369,0.028965,0.536274,
7370,7.370,0.026489,0.463894,
7371,7.371,0.028290,0.397832,
7372,7.372,0.044849,0.419053,
7373,7.373,0.046922,0.401456,
7374,7.374,0.040745,0.419081,
7375,7.375,0.042569,0.374423,
7376,7.376,0.054431,0.389859,
7377,7.377,0.062114,0.404281,
7378,7.378,0.055280,0.417901,
7379,7.379,0.054237,0.368090,
7380,7.380,0.066952,0.228297,
7381,7.381,0.065500,0.006939,
7382,7.382,0.061232,-0.139683,
7383,7.383,0.051920,-0.218461,
7384,7.384,0.058544,-0.240595,
7385,7.385,0.051156,-0.305280,
7386,7.386,0.048563,-0.363677,
7387,7.387,0.034997,-0.379582,
7388,7.388,0.029402,-0.393805,
7389,7.389,0.020636,-0.406615,
7390,7.390,0.012742,-0.334875,
7391,7.391,0.008771,-0.219172,
7392,7.392,0.002453,-0.110320,
7393,7.393,-0.010807,-0.039297,
7394,7.394,-0.015743,-0.000440,
7395,7.395,-0.023555,-0.057048,
7396,7.396,-0.018315,-0.150386,
7397,7.397,-0.024565,-0.238464,
7398,7.398,-0.027577,-0.273129,
7399,7.399,-0.023661,-0.304556,
7400,7.400,-0.038670,-0.257533,
7401,7.401,-0.071593,-0.249221,
7402,7.402,0.001863,-0.241764,
7403,7.403,-0.028482,-0.149690,
7404,7.404,0.000718,-0.112605,
7405,7.405,-0.041635,-0.147632,
7406,7.406,-0.033068,-0.116821,
7407,7.407,-0.025190,-0.088604,
7408,7.408,-0.005102,-0.080093,
7409,7.409,-0.010057,0.037309,
7410,7.410,-0.014493,0.121361,
7411,7.411,-0.018428,0.136699,
7412,7.412,-0.022008,0.123171,
7413,7.413,-0.025092,0.111235,
7414,7.414,-0.013487,0.169573,
7415,7.415,-0.022532,0.201748,
7416,7.416,-0.024662,0.212300,
7417,7.417,-0.032035,0.308267,
7418,7.418,-0.028924,0.447917,
7419,7.419,-0.030412,0.540803,
7420,7.420,-0.027672,0.557588,
7421,7.421,-0.028842,0.480874,
7422,7.422,-0.026490,0.355100,
7423,7.423,-0.027360,0.135560,
7424,7.424,-0.028093,-0.074114,
7425,7.425,-0.021247,-0.210835,
7426,7.426,-0.012906,-0.285944,
7427,7.427,-0.005095,-0.354412,
7428,7.428,-0.001889,-0.457497,
7429,7.429,-0.000593,-0.403619,
7430,7.430,-0.003894,-0.355250,
7431,7.431,0.005803,-0.312148,
7432,7.432,0.014946,-0.245899,
7433,7.433,0.018459,-0.211671,
7434,7.434,0.011437,-0.203692,
7435,7.435,0.023828,-0.196580,
7436,7.436,0.029075,-0.190079,
7437,7.437,0.024641,-0.132275,
7438,7.438,0.028791,-0.063761,
7439,7.439,0.025110,-0.018128,
7440,7.440,0.024118,0.075349,
7441,7.441,0.037804,0.187896,
7442,7.442,0.035891,0.355218,
7443,7.443,0.034115,0.421383,
7444,7.444,0.029425,0.440539,
7445,7.445,0.030639,0.383754,
7446,7.446,0.024209,0.331860,
7447,7.447,0.025055,0.315146,
7448,7.448,0.023672,0.208915,
7449,7.449,0.018209,0.110164,
7450,7.450,0.032016,0.070952,
7451,7.451,0.001132,0.081022,
7452,7.452,0.005221,0.110717,
7453,7.453,0.001067,0.004827,
7454,7.454,-0.002804,-0.121841,
7455,7.455,0.013288,-0.139866,
7456,7.456,-0.014153,-0.156179,
7457,7.457,-0.010997,-0.198611,
7458,7.458,-0.021212,-0.161531,
7459,7.459,-0.024502,-0.173414,
7460,7.460,-0.038653,-0.225484,
7461,7.461,-0.031843,-0.272541,
7462,7.462,-0.021176,-0.280739,
7463,7.463,-0.031852,-0.287991,
7464,7.464,-0.030529,-0.266075,
7465,7.465,-0.032757,-0.258955,
7466,7.466,-0.031797,-0.170180,
7467,7.467,-0.031030,-0.056060,
7468,7.468,-0.037884,-0.010017,
7469,7.469,-0.041712,0.003771,
7470,7.470,-0.035046,0.066480,
7471,7.471,-0.036516,0.100340,
7472,7.472,-0.032914,0.151322,
7473,7.473,-0.032878,0.121525,
7474,7.474,-0.031485,0.076787,
7475,7.475,-0.027894,-0.026689,
7476,7.476,-0.020908,-0.014416,
7477,7.477,-0.014263,0.047222,
7478,7.478,-0.017585,0.218532,
7479,7.479,-0.013966,0.488571,
7480,7.480,-0.007644,0.596036,
7481,7.481,-0.001841,0.562801,
7482,7.482,0.000097,0.473299,
7483,7.483,0.007951,0.229547,
7484,7.484,0.006319,0.066016,
7485,7.485,0.008744,-0.141819,
7486,7.486,0.008991,-0.384869,
7487,7.487,0.019561,-0.416710,
7488,7.488,0.008297,-0.445388,
7489,7.489,0.014643,-0.417192,
7490,7.490,0.020296,-0.292705,
7491,7.491,0.022895,-0.134421,
7492,7.492,0.025341,0.050243,
7493,7.493,0.022043,0.174833,
7494,7.494,0.025683,0.243343,
7495,7.495,0.016639,0.183684,
7496,7.496,0.021644,0.166286,
7497,7.497,0.022084,0.150270,
7498,7.498,0.022369,0.165884,
7499,7.499,0.022671,0.179657,
7500,7.500,0.025865,0.191587,
7501,7.501,0.026038,0.248132,
7502,7.502,0.027232,0.257223,
7503,7.503,0.026229,0.113693,
7504,7.504,0.024283,-0.029814,
7505,7.505,0.029930,-0.160370,
7506,7.506,0.023608,-0.211447,
7507,7.507,0.025415,-0.318965,
7508,7.508,0.025693,-0.444458,
7509,7.509,0.015870,-0.494977,
7510,7.510,0.019605,-0.479335,
7511,7.511,0.020505,-0.464707,
7512,7.512,0.012471,-0.426043,
7513,7.513,0.004975,-0.367454,
7514,7.514,0.003911,-0.251728,
7515,7.515,0.007974,-0.082425,
7516,7.516,-0.000660,0.120244,
7517,7.517,0.004793,0.310861,
7518,7.518,-0.006827,0.434922,
7519,7.519,-0.002350,0.458078,
7520,7.520,-0.006513,0.560533,
7521,7.521,-0.002879,0.505743,
7522,7.522,-0.010742,0.422223,
7523,7.523,-0.013838,0.284967,
7524,7.524,-0.020311,0.192754,
7525,7.525,-0.016127,0.108761,
7526,7.526,-0.023087,0.001458,
7527,7.527,-0.027673,-0.124099,
7528,7.528,-0.025143,-0.174950,
7529,7.529,-0.019926,-0.160088,
7530,7.530,-0.030618,-0.174123,
7531,7.531,-0.023039,-0.262350,
7532,7.532,-0.013436,-0.365719,
7533,7.533,-0.017201,-0.351595,
7534,7.534,-0.022837,-0.313753,
7535,7.535,-0.021884,-0.256351,
7536,7.536,-0.015536,-0.204520,
7537,7.537,-0.021540,-0.119562,
7538,7.538,-0.010121,-0.177476,
7539,7.539,-0.001762,-0.167488,
7540,7.540,-0.003379,-0.082235,
7541,7.541,-0.007561,-0.001585,
7542,7.542,-0.006476,0.030090,
7543,7.543,-0.005573,0.040482,
7544,7.544,-0.004659,0.067478,
7545,7.545,-0.002051,0.170555,
7546,7.546,-0.002995,0.296884,
7547,7.547,-0.005275,0.449245,
7548,7.548,-0.007403,0.592318,
7549,7.549,-0.003770,0.680726,
7550,7.550,-0.012131,0.699656,
7551,7.551,0.004908,0.582369,
7552,7.552,-0.027431,0.384085,
7553,7.553,0.003345,0.086793,
7554,7.554,-0.000535,-0.110946,
7555,7.555,-0.004058,-0.218386,
7556,7.556,0.019023,-0.250576,
7557,7.557,-0.001698,-0.279657,
7558,7.558,0.001131,-0.522789,
7559,7.559,-0.011086,-0.620243,
7560,7.560,-0.004307,-0.589174,
7561,7.561,0.001992,-0.506429,
7562,7.562,0.011531,-0.332295,
7563,7.563,-0.003410,-0.173538,
7564,7.564,0.019396,-0.110521,
7565,7.565,0.004849,0.021479,
7566,7.566,0.013355,0.141967,
7567,7.567,0.006501,0.190893,
7568,7.568,0.027273,0.180357,
7569,7.569,0.030463,0.221506,
7570,7.570,0.033358,0.259294,
7571,7.571,0.022737,0.272743,
7572,7.572,0.025363,0.247236,
7573,7.573,0.031557,0.293102,
7574,7.574,0.023743,0.350349,
7575,7.575,0.025916,0.374266,
7576,7.576,0.022543,0.357621,
7577,7.577,0.032030,0.295722,
7578,7.578,0.035959,0.186451,
7579,7.579,0.033643,-0.039987,
7580,7.580,0.033547,-0.200688,
7581,7.581,0.030078,-0.346274,
7582,7.582,0.031520,-0.369946,
7583,7.583,0.027384,-0.243421,
7584,7.584,0.031199,-0.172775,
7585,7.585,0.023174,-0.067663,
7586,7.586,0.020231,-0.008811,
7587,7.587,0.015406,0.044832,
7588,7.588,0.008878,0.063224,
7589,7.589,0.021805,0.024645,
7590,7.590,0.000549,-0.085996,
7591,7.591,0.004129,-0.159405,
7592,7.592,-0.008889,-0.170144,
7593,7.593,-0.010595,-0.179577,
7594,7.594,-0.016569,-0.119047,
7595,7.595,-0.022061,0.019636,
7596,7.596,-0.008461,0.115354,
7597,7.597,-0.012993,0.236476,
7598,7.598,-0.020102,0.285742,
7599,7.599,-0.029281,0.275341,
7600,7.600,-0.032569,0.139772,
7601,7.601,-0.033195,0.050285,
7602,7.602,-0.038071,0.036026,
7603,7.603,-0.038605,0.022727,
7604,7.604,-0.049493,0.037978,
7605,7.605,-0.044648,0.051421,
7606,7.606,-0.048507,0.017481,
7607,7.607,-0.036980,-0.055071,
7608,7.608,-0.053759,-0.121129,
7609,7.609,-0.047069,-0.112297,
7610,7.610,-0.040931,-0.088502,
7611,7.611,-0.053901,-0.052488,
7612,7.612,-0.045430,-0.019717,
7613,7.613,-0.040863,-0.060277,
7614,7.614,-0.042258,-0.108184,
7615,7.615,-0.041131,-0.166740,
7616,7.616,-0.044405,-0.206165,
7617,7.617,-0.030772,-0.199611,
7618,7.618,-0.028990,-0.116115,
7619,7.619,-0.017221,-0.013662,
7620,7.620,-0.024907,0.026785,
7621,7.621,-0.015344,0.038005,
7622,7.622,-0.014239,0.001956,
7623,7.623,0.000555,-0.051948,
7624,7.624,-0.001566,-0.101264,
7625,7.625,0.011364,-0.163742,
7626,7.626,0.009577,-0.252094,
7627,7.627,0.017092,-0.311876,
7628,7.628,0.018361,-0.345382,
7629,7.629,0.017098,-0.262492,
7630,7.630,0.027347,-0.161790,
7631,7.631,0.034234,-0.095218,
7632,7.632,0.032996,-0.060744,
7633,7.633,0.029742,0.062276,
7634,7.634,0.026660,0.176474,
7635,7.635,0.040677,0.279973,
7636,7.636,0.038625,0.317831,
7637,7.637,0.036746,0.301361,
7638,7.638,0.038423,0.239896,
7639,7.639,0.042992,0.204851,
7640,7.640,0.038959,0.115561,
7641,7.641,0.037789,0.077184,
7642,7.642,0.045608,0.042166,
7643,7.643,0.042596,-0.027984,
7644,7.644,0.038079,-0.161122,
7645,7.645,0.035602,-0.294326,
7646,7.646,0.037885,-0.314619,
7647,7.647,0.038669,-0.364096,
7648,7.648,0.035741,-0.326225,
7649,7.649,0.034176,-0.267076,
7650,7.650,0.032101,-0.105364,
7651,7.651,0.025477,0.016904,
7652,7.652,0.039676,0.096691,
7653,7.653,0.009223,0.199505,
7654,7.654,0.031395,0.292596,
7655,7.655,0.019741,0.326366,
7656,7.656,0.016381,0.288164,
7657,7.657,0.019789,0.128154,
7658,7.658,0.017110,-0.076866,
7659,7.659,-0.007402,-0.053093,
7660,7.660,0.002604,0.017530,
7661,7.661,-0.006005,0.126551,
7662,7.662,-0.008535,0.266164,
7663,7.663,-0.005990,0.356384,
7664,7.664,-0.030522,0.337433,
7665,7.665,-0.033580,0.320204,
7666,7.666,-0.042246,0.248885,
7667,7.667,-0.044837,0.234656,
7668,7.668,-0.051998,0.106556,
7669,7.669,-0.054094,0.021222,
7670,7.670,-0.064156,0.004963,
7671,7.671,-0.054804,-0.009764,
7672,7.672,-0.053068,-0.048288,
7673,7.673,-0.054563,-0.083695,
7674,7.674,-0.050516,-0.115860,
7675,7.675,-0.046842,-0.240317,
7676,7.676,-0.045893,-0.291886,
7677,7.677,-0.042951,-0.308177,
7678,7.678,-0.043925,-0.267527,
7679,7.679,-0.050009,-0.255946,
7680,7.680,-0.038685,-0.107299,
7681,7.681,-0.037206,0.075160,
7682,7.682,-0.029834,0.148311,
7683,7.683,-0.026040,0.169989,
7684,7.684,-0.020082,0.271194,
7685,7.685,-0.012620,0.326531,
7686,7.686,-0.005688,0.242635,
7687,7.687,-0.006888,0.135789,
7688,7.688,-0.003044,0.010722,
7689,7.689,0.005016,-0.073272,
7690,7.690,0.005617,-0.088461,
7691,7.691,0.014657,-0.102526,
7692,7.692,0.015384,-0.140768,
7693,7.693,0.018139,-0.130061,
7694,7.694,0.014632,-0.078703,
7695,7.695,0.018724,0.024694,
7696,7.696,0.020776,0.120773,
7697,7.697,0.020968,0.207830,
7698,7.698,0.026912,0.195146,
7699,7.699,0.023888,0.183747,
7700,7.700,0.022722,0.116290,
7701,7.701,0.024261,0.089311,
7702,7.702,0.022085,0.033678,
7703,7.703,0.019927,-0.074008,
7704,7.704,0.026217,-0.181971,
7705,7.705,0.028474,-0.224429,
7706,7.706,0.033971,-0.262910,
7707,7.707,0.031329,-0.229087,
7708,7.708,0.028880,-0.198779,
7709,7.709,0.034224,-0.171331,
7710,7.710,0.028551,-0.232618,
7711,7.711,0.028847,-0.304025,
7712,7.712,0.030180,-0.257492,
7713,7.713,0.025789,-0.266932,
7714,7.714,0.032259,-0.275730,
7715,7.715,0.027390,-0.184559,
7716,7.716,0.022873,-0.123009,
7717,7.717,0.014142,-0.136384,
7718,7.718,0.014914,-0.107214,
7719,7.719,0.017750,-0.099640,
7720,7.720,0.007246,-0.040975,
7721,7.721,0.000142,0.074842,
7722,7.722,0.013899,0.191100,
7723,7.723,0.011932,0.266181,
7724,7.724,0.006781,0.278691,
7725,7.725,0.005189,0.214304,
7726,7.726,0.001085,0.178481,
7727,7.727,-0.000121,0.208314,
7728,7.728,-0.012643,0.273731,
7729,7.729,-0.007571,0.247749,
7730,7.730,-0.009090,0.194048,
7731,7.731,-0.016002,0.231175,
7732,7.732,-0.014782,0.148850,
7733,7.733,-0.022530,-0.021929,
7734,7.734,-0.017245,-0.192944,
7735,7.735,-0.027515,-0.214523,
7736,7.736,-0.023413,-0.153447,
7737,7.737,-0.027088,-0.172463,
7738,7.738,-0.026035,-0.156924,
7739,7.739,-0.027020,-0.051388,
7740,7.740,-0.020557,0.127918,
7741,7.741,-0.023076,0.249783,
7742,7.742,-0.029998,0.136676,
7743,7.743,-0.027297,0.196630,
7744,7.744,-0.024779,0.251417,
7745,7.745,-0.024147,0.267850,
7746,7.746,-0.023523,0.191430,
7747,7.747,-0.021889,0.150203,
7748,7.748,-0.017921,0.214093,
7749,7.749,-0.014473,0.226540,
7750,7.750,-0.015786,0.154631,
7751,7.751,-0.013894,0.086851,
7752,7.752,-0.015231,0.021545,
7753,7.753,-0.009633,-0.037941,
7754,7.754,-0.022650,-0.154526,
7755,7.755,0.001381,-0.271570,
7756,7.756,-0.002007,-0.285952,
7757,7.757,0.000687,-0.271035,
7758,7.758,0.014203,-0.257200,
7759,7.759,0.001662,-0.198230,
7760,7.760,-0.000715,-0.144328,
7761,7.761,-0.002935,-0.094969,
7762,7.762,-0.004992,0.036459,
7763,7.763,0.003272,0.168126,
7764,7.764,0.013732,0.186915,
7765,7.765,0.017621,0.265344,
7766,7.766,0.016282,0.225797,
7767,7.767,0.010546,0.063572,
7768,7.768,0.013448,-0.091371,
7769,7.769,0.017903,-0.150513,
7770,7.770,0.006630,-0.167151,
7771,7.771,0.020396,-0.181974,
7772,7.772,0.014716,-0.134129,
7773,7.773,0.026503,-0.118168,
7774,7.774,0.021906,-0.078291,
7775,7.775,0.017823,-0.018483,
7776,7.776,0.016639,-0.172470,
7777,7.777,0.022248,-0.505987,
7778,7.778,0.021283,-0.935481,
7779,7.779,0.018642,-0.990425,
7780,7.780,0.014504,-0.829263,
7781,7.781,0.021555,-0.490443,
7782,7.782,0.017127,-0.095121,
7783,7.783,0.013059,0.382098,
7784,7.784,0.016969,0.702856,
7785,7.785,0.012282,0.993889,
7786,7.786,0.009476,1.152773,
7787,7.787,0.010241,1.105224,
7788,7.788,0.003763,0.887192,
7789,7.789,0.004916,0.609899,
7790,7.790,0.004407,0.430107,
7791,7.791,0.005436,0.266647,
7792,7.792,0.005144,0.118305,
7793,7.793,0.008587,-0.070766,
7794,7.794,0.003735,-0.193261,
7795,7.795,-0.002274,-0.304539,
7796,7.796,0.009313,-0.445994,
7797,7.797,0.008225,-0.463466,
7798,7.798,0.010018,-0.412182,
7799,7.799,0.004210,-0.396030,
7800,7.800,0.003665,-0.270032,
7801,7.801,-0.005335,-0.151762,
7802,7.802,-0.008585,-0.075117,
7803,7.803,-0.011343,0.022267,
7804,7.804,-0.005628,-0.014994,
7805,7.805,-0.004314,-0.071823,
7806,7.806,-0.008081,-0.123259,
7807,7.807,-0.009782,-0.094149,
7808,7.808,-0.017117,-0.205681,
7809,7.809,-0.013596,-0.251070,
7810,7.810,-0.008606,-0.181271,
7811,7.811,-0.009051,-0.092934,
7812,7.812,-0.007969,0.010399,
7813,7.813,-0.018238,0.107433,
7814,7.814,-0.025459,0.119684,
7815,7.815,-0.021002,0.176969,
7816,7.816,-0.021833,0.249892,
7817,7.817,-0.029289,0.297256,
7818,7.818,-0.017485,0.219535,
7819,7.819,-0.012619,0.125492,
7820,7.820,-0.008280,0.087502,
7821,7.821,-0.014293,0.029515,
7822,7.822,-0.017261,-0.043970,
7823,7.823,-0.009773,-0.186709,
7824,7.824,-0.010399,-0.370362,
7825,7.825,-0.012747,-0.444667,
7826,7.826,-0.011896,-0.557354,
7827,7.827,-0.009708,-0.578584,
7828,7.828,-0.005334,-0.376093,
7829,7.829,-0.003516,-0.187935,
7830,7.830,-0.004922,0.032429,
7831,7.831,0.000248,0.239998,
7832,7.832,-0.003217,0.483487,
7833,7.833,-0.001460,0.582191,
7834,7.834,-0.001918,0.493620,
7835,7.835,0.005907,0.467482,
7836,7.836,0.000360,0.443887,
7837,7.837,0.005625,0.287996,
7838,7.838,0.001077,0.227783,
7839,7.839,0.008870,0.172788,
7840,7.840,-0.000596,0.088844,
7841,7.841,0.000584,0.012421,
7842,7.842,0.017666,-0.084910,
7843,7.843,0.010383,-0.148273,
7844,7.844,0.016963,-0.252401,
7845,7.845,0.014924,-0.406194,
7846,7.846,0.016769,-0.346425,
7847,7.847,0.015064,-0.329255,
7848,7.848,0.007435,-0.246207,
7849,7.849,0.006065,-0.109353,
7850,7.850,0.009758,0.056505,
7851,7.851,0.017507,0.033699,
7852,7.852,0.009013,-0.218114,
7853,7.853,0.001703,-0.360667,
7854,7.854,0.015709,-0.305319,
7855,7.855,-0.014944,-0.221354,
7856,7.856,0.015814,-0.083860,
7857,7.857,-0.004183,0.082361,
7858,7.858,0.013868,0.238703,
7859,7.859,0.017056,0.380264,
7860,7.860,0.002091,0.472130,
7861,7.861,0.004778,0.454890,
7862,7.862,-0.002489,0.408772,
7863,7.863,-0.009032,0.255892,
7864,7.864,0.009396,0.032381,
7865,7.865,0.011781,-0.056586,
7866,7.866,0.009606,-0.137281,
7867,7.867,-0.000520,-0.161297,
7868,7.868,0.001358,-0.093704,
7869,7.869,0.003077,0.048765,
7870,7.870,-0.001440,0.104257,
7871,7.871,0.002661,0.053822,
7872,7.872,-0.008642,0.038637,
7873,7.873,-0.004051,0.108314,
7874,7.874,-0.008096,0.196835,
7875,7.875,-0.009283,0.208640,
7876,7.876,-0.008265,0.177985,
7877,7.877,-0.007261,0.188063,
7878,7.878,-0.011839,0.214682,
7879,7.879,-0.009323,0.129711,
7880,7.880,-0.008685,0.004608,
7881,7.881,-0.005192,-0.212449,
7882,7.882,-0.005753,-0.299825,
7883,7.883,-0.006341,-0.324836,
7884,7.884,-0.009986,-0.298192,
7885,7.885,-0.007062,-0.363503,
7886,7.886,-0.010067,-0.382133,
7887,7.887,-0.012078,-0.473165,
7888,7.888,-0.009868,-0.421660,
7889,7.889,-0.004977,-0.436305,
7890,7.890,-0.007198,-0.394558,
7891,7.891,-0.005739,-0.255830,
7892,7.892,-0.000740,-0.052494,
7893,7.893,-0.010276,0.136704,
7894,7.894,-0.009357,0.308681,
7895,7.895,-0.004046,0.375401,
7896,7.896,-0.003329,0.273502,
7897,7.897,-0.004484,0.255186,
7898,7.898,-0.000568,0.272296,
7899,7.899,0.001288,0.196415,
7900,7.900,-0.001096,0.155547,
7901,7.901,-0.000956,0.219534,
7902,7.902,-0.000812,0.162859,
7903,7.903,0.003538,0.111336,
7904,7.904,0.002634,0.140216,
7905,7.905,0.005121,0.235681,
7906,7.906,0.012496,0.274062,
7907,7.907,-0.004996,0.332413,
7908,7.908,0.031846,0.260502,
7909,7.909,-0.005778,0.176156,
7910,7.910,-0.020548,0.073740,
7911,7.911,-0.042963,-0.078160,
7912,7.912,0.000591,-0.179020,
7913,7.913,-0.017252,-0.196860,
7914,7.914,-0.012403,-0.246961,
7915,7.915,-0.008032,-0.201088,
7916,7.916,-0.003969,-0.131617,
7917,7.917,-0.000428,-0.043408,
7918,7.918,-0.011612,0.014108,
7919,7.919,-0.002130,0.003969,
7920,7.920,0.000435,-0.061939,
7921,7.921,0.002846,-0.139110,
7922,7.922,0.009849,-0.190773,
7923,7.923,0.016187,-0.237725,
7924,7.924,0.005799,-0.245882,
7925,7.925,0.011177,-0.237568,
7926,7.926,0.005917,-0.172949,
7927,7.927,0.010325,-0.181165,
7928,7.928,0.014250,-0.172977,
7929,7.929,0.017845,-0.151198,
7930,7.930,0.007436,-0.195907,
7931,7.931,0.014298,-0.154545,
7932,7.932,0.013067,-0.191314,
7933,7.933,0.020807,-0.118017,
7934,7.934,0.017747,-0.065256,
7935,7.935,0.016906,-0.017164,
7936,7.936,0.012698,0.112906,
7937,7.937,0.014936,0.354246,
7938,7.938,0.012960,0.518803,
7939,7.939,0.021323,0.548940,
7940,7.940,0.018222,0.522142,
7941,7.941,0.006822,0.448736,
7942,7.942,0.011511,0.337328,
7943,7.943,0.007593,0.277251,
7944,7.944,0.011466,0.074547,
7945,7.945,0.008432,-0.059825,
7946,7.946,-0.000848,-0.132481,
7947,7.947,0.005624,-0.153907,
7948,7.948,0.004846,-0.132769,
7949,7.949,0.008127,-0.113642,
7950,7.950,0.001944,-0.096433,
7951,7.951,0.004748,-0.050232,
7952,7.952,0.002817,-0.008178,
7953,7.953,0.000712,0.001107,
7954,7.954,-0.006787,0.013847,
7955,7.955,0.009230,-0.020463,
7956,7.956,-0.024155,-0.051368,
7957,7.957,0.009973,-0.060725,
7958,7.958,-0.002951,-0.069304,
7959,7.959,0.009196,-0.046073,
7960,7.960,0.013022,-0.010824,
7961,7.961,0.003471,0.008075,
7962,7.962,-0.011175,0.036853,
7963,7.963,-0.013600,0.052263,
7964,7.964,-0.025696,0.047073,
7965,7.965,-0.009867,0.033385,
7966,7.966,-0.003505,-0.019181,
7967,7.967,-0.012542,-0.069285,
7968,7.968,-0.013973,-0.114738,
7969,7.969,-0.015258,-0.120785,
7970,7.970,-0.016375,-0.115890,
7971,7.971,-0.017333,-0.092081,
7972,7.972,-0.013913,-0.079226,
7973,7.973,-0.023190,-0.075444,
7974,7.974,-0.019281,-0.064634,
7975,7.975,-0.018102,-0.034741,
7976,7.976,-0.016937,-0.038470,
7977,7.977,-0.008354,-0.071107,
7978,7.978,-0.013816,-0.110747,
7979,7.979,-0.008465,-0.126646,
7980,7.980,-0.007524,-0.189787,
7981,7.981,0.002012,-0.198602,
7982,7.982,-0.001645,-0.159795,
7983,7.983,-0.002614,-0.081823,
7984,7.984,0.002665,0.011772,
7985,7.985,0.001838,0.099833,
7986,7.986,0.004373,0.203134,
7987,7.987,0.005033,0.328152,
7988,7.988,-0.005656,0.378532,
7989,7.989,0.011214,0.332676,
7990,7.990,0.008970,0.235266,
7991,7.991,0.006889,0.146604,
7992,7.992,0.004943,0.088496,
7993,7.993,-0.003607,-0.006215,
7994,7.994,0.000850,-0.044909,
7995,7.995,-0.003332,-0.057600,
7996,7.996,-0.009727,-0.090017,
7997,7.997,0.000453,-0.043980,
7998,7.998,0.001670,-0.002151,
7999,7.999,-0.007258,-0.011186,
8000,8.000,-0.001812,-0.076450,
8001,8.001,0.005309,-0.068894,
8002,8.002,-0.001270,-0.062062,
8003,8.003,-0.000570,-0.055757,
8004,8.004,0.006220,-0.050062,
8005,8.005,-0.000358,-0.009886,
8006,8.006,0.005436,0.005211,
8007,8.007,0.001561,0.009118,
8008,8.008,-0.000598,0.021501,
8009,8.009,0.000980,0.008850,
8010,8.010,0.006103,-0.010056,
8011,8.011,0.005320,-0.033784,
8012,8.012,0.010956,-0.025658,
8013,8.013,0.003864,0.014845,
8014,8.014,-0.000846,0.055221,
8015,8.015,0.001569,0.049452,
8016,8.016,0.002136,0.044226,
8017,8.017,0.005594,0.065734,
8018,8.018,0.005989,0.069133,
8019,8.019,0.006404,0.035833,
8020,8.020,0.011058,-0.030746,
8021,8.021,0.010478,-0.173380,
8022,8.022,0.007533,-0.193981,
8023,8.023,0.004968,-0.212636,
8024,8.024,0.006101,-0.162383,
8025,8.025,0.008088,-0.086007,
8026,8.026,0.002306,-0.016474,
8027,8.027,0.001448,0.071842,
8028,8.028,-0.000744,0.106344,
8029,8.029,0.002815,0.158443,
8030,8.030,-0.004109,0.205828,
8031,8.031,-0.003221,0.197222,
8032,8.032,-0.002347,0.158193,
8033,8.033,-0.004508,0.108579,
8034,8.034,-0.000903,0.076487,
8035,8.035,-0.003889,0.047537,
8036,8.036,-0.000954,0.010685,
8037,8.037,-0.001394,-0.022778,
8038,8.038,-0.006401,-0.044395,
8039,8.039,-0.011259,-0.032272,
8040,8.040,-0.001738,-0.021325,
8041,8.041,-0.000339,-0.011554,
8042,8.042,0.003441,-0.008835,
8043,8.043,0.006705,-0.011772,
8044,8.044,0.007765,-0.014459,
8045,8.045,-0.000629,-0.003656,
8046,8.046,-0.001574,0.006110,
8047,8.047,-0.006750,0.015005,
8048,8.048,-0.003983,-0.010746,
8049,8.049,0.002007,-0.021932,
8050,8.050,-0.000127,-0.045313,
8051,8.051,-0.004968,-0.090739,
8052,8.052,-0.005388,-0.097557,
8053,8.053,-0.004790,-0.044948,
8054,8.054,-0.008418,-0.015329,
8055,8.055,-0.005780,0.005678,
8056,8.056,0.001251,0.011835,
8057,8.057,-0.014384,0.028987,
8058,8.058,0.001265,0.055252,
8059,8.059,-0.004728,0.030750,
8060,8.060,-0.002772,0.017220,
8061,8.061,0.019301,-0.003110,
8062,8.062,0.010583,-0.014347,
8063,8.063,-0.003047,-0.031186,
8064,8.064,0.004293,-0.046496,
8065,8.065,0.002132,-0.055048,
8066,8.066,0.012323,-0.043177,
8067,8.067,0.003047,-0.032538,
8068,8.068,0.001371,-0.022926,
8069,8.069,-0.000152,-0.021630,
8070,8.070,0.003903,-0.013775,
8071,8.071,-0.015063,-0.028305,
8072,8.072,0.004015,-0.030938,
8073,8.073,0.006343,-0.040147,
8074,8.074,0.004071,-0.054732,
8075,8.075,-0.002098,-0.034886,
8076,8.076,-0.004057,-0.016302,
8077,8.077,-0.002474,-0.014399,
8078,8.078,0.001971,-0.008233,
8079,8.079,-0.013395,-0.010721,
8080,8.080,0.004890,0.005551,
8081,8.081,-0.002576,0.011623,
8082,8.082,-0.009388,0.008990,
8083,8.083,-0.007598,-0.001000,
8084,8.084,-0.006006,-0.000068,
8085,8.085,-0.007990,0.019096,
8086,8.086,-0.006791,0.026405,
8087,8.087,0.002481,0.037921,
8088,8.088,0.010874,0.039279,
8089,8.089,0.007198,0.028286,
8090,8.090,-0.004791,0.014445,
8091,8.091,-0.000747,0.008605,
8092,8.092,-0.002662,0.006353,
8093,8.093,-0.012058,0.018165,
8094,8.094,-0.015911,0.032712,
8095,8.095,-0.015578,0.038137,
8096,8.096,-0.002245,0.046806,
8097,8.097,-0.009088,0.051272,
8098,8.098,-0.011741,0.043062,
8099,8.099,-0.007493,0.035528,
8100,8.100,-0.019001,0.016008,
8101,8.101,-0.023928,-0.009238,
8102,8.102,-0.023654,-0.012991,
8103,8.103,-0.023566,-0.016357,
8104,8.104,-0.023507,-0.019455,
8105,8.105,-0.021792,-0.017428,
8106,8.106,-0.016884,-0.011121,
8107,8.107,-0.026378,-0.005275,
8108,8.108,-0.024243,-0.011063,
8109,8.109,-0.013853,-0.009518,
8110,8.110,-0.016472,-0.002024,
8111,8.111,-0.013561,0.007518,
8112,8.112,-0.018419,0.013701,
8113,8.113,-0.007074,0.019258,
8114,8.114,-0.013370,0.020310,
8115,8.115,-0.010023,0.023092,
8116,8.116,-0.007197,0.017291,
8117,8.117,-0.004728,0.010561,
8118,8.118,-0.011590,-0.003204,
8119,8.119,-0.007645,-0.012989,
8120,8.120,-0.008101,-0.006964,
8121,8.121,-0.017193,-0.004765,
8122,8.122,-0.007019,-0.008769,
8123,8.123,-0.012900,-0.012195,
8124,8.124,-0.010145,-0.012720,
8125,8.125,-0.017706,-0.015250,
8126,8.126,-0.017995,-0.000822,
8127,8.127,-0.016248,0.009229,
8128,8.128,-0.016694,0.015068,
8129,8.129,-0.006819,0.029756,
8130,8.130,-0.003531,0.028732,
8131,8.131,-0.000733,0.021157,
8132,8.132,0.001737,0.014455,
8133,8.133,0.003718,0.005730,
8134,8.134,0.005561,-0.007231,
8135,8.135,0.018444,-0.008160,
8136,8.136,0.019385,-0.008868,
8137,8.137,0.031393,-0.000239,
8138,8.138,0.021986,0.007735,
8139,8.139,0.028711,-0.000019,
8140,8.140,0.029267,0.000008,
8141,8.141,0.029756,0.004107,
8142,8.142,0.030164,0.002449,
8143,8.143,0.030682,0.011259,
8144,8.144,0.016244,0.015307,
8145,8.145,0.022048,0.019013,
8146,8.146,0.020030,0.029479,
8147,8.147,0.021698,0.029262,
8148,8.148,0.017227,0.024644,
8149,8.149,0.004933,0.018307,
8150,8.150,0.010358,0.016482,
8151,8.151,0.003236,0.016487,
8152,8.152,0.005215,0.013587,
8153,8.153,0.009704,0.020781,
8154,8.154,0.009621,0.017286,
8155,8.155,0.012388,0.006166,
8156,8.156,0.016670,0.007574,
8157,8.157,0.032126,-0.002372,
8158,8.158,0.003078,-0.018614,
8159,8.159,0.026815,-0.015761,
8160,8.160,0.016906,-0.017147,
8161,8.161,0.022567,-0.025842,
8162,8.162,0.034648,-0.040466,
8163,8.163,0.028276,-0.033811,
8164,8.164,0.028177,-0.027663,
8165,8.165,0.038221,-0.035519,
8166,8.166,0.043363,-0.036408,
8167,8.167,0.048480,-0.051110,
8168,8.168,0.046143,-0.060806,
8169,8.169,0.051197,-0.058546,
8170,8.170,0.053171,-0.063206,
8171,8.171,0.055425,-0.067380,
8172,8.172,0.052903,-0.046225,
8173,8.173,0.053539,-0.031028,
8174,8.174,0.058496,-0.011639,
8175,8.175,0.061703,0.010902,
8176,8.176,0.068383,0.019881,
8177,8.177,0.079562,0.006354,
8178,8.178,0.075427,0.008918,
8179,8.179,0.087604,0.002548,
8180,8.180,0.089045,0.000792,
8181,8.181,0.089010,0.006579,
8182,8.182,0.087679,0.015161,
8183,8.183,0.080809,0.010637,
8184,8.184,0.060094,-0.004618,
8185,8.185,0.046655,-0.014837,
8186,8.186,0.041497,-0.016816,
8187,8.187,0.043259,-0.015281,
8188,8.188,0.023158,-0.016992,
8189,8.189,-0.002099,-0.026859,
8190,8.190,-0.001553,-0.018292,
8191,8.191,-0.015307,-0.001427,
8192,8.192,-0.020872,0.020710,
8193,8.193,-0.025550,0.023374,
8194,8.194,-0.035287,0.020435,
8195,8.195,-0.038762,0.027460,
8196,8.196,-0.041708,0.016056,
8197,8.197,-0.044323,0.013796,
8198,8.198,-0.039163,0.030293,
8199,8.199,-0.051279,0.023422,
8200,8.200,-0.050404,0.017030,
8201,8.201,-0.049542,0.040952,
8202,8.202,-0.062252,0.043992,
8203,8.203,-0.057903,0.035002,
8204,8.204,-0.065081,0.015635,
8205,8.205,-0.078388,0.017719,
8206,8.206,-0.082782,0.028578,
8207,8.207,-0.090600,0.018133,
8208,8.208,-0.101170,0.008563,
8209,8.209,-0.110787,0.016732,
8210,8.210,-0.105895,0.005823,
8211,8.211,-0.104069,0.009641,
8212,8.212,-0.111433,-0.009519,
8213,8.213,-0.116429,-0.050854,
8214,8.214,-0.120951,-0.080396,
8215,8.215,-0.111649,-0.021995,
8216,8.216,-0.113151,0.001069,
8217,8.217,-0.096570,0.007922,
8218,8.218,-0.089943,-0.024603,
8219,8.219,-0.075180,-0.019018,
8220,8.220,-0.082229,-0.003246,
8221,8.221,-0.070318,0.001404,
8222,8.222,-0.059685,0.005773,
8223,8.223,-0.062545,0.025754,
8224,8.224,-0.059975,0.022207,
8225,8.225,-0.065285,0.012369,
8226,8.226,-0.059206,-0.014750,
8227,8.227,-0.055727,-0.047640,
8228,8.228,-0.063969,-0.078513,
8229,8.229,-0.053040,-0.042574,
8230,8.230,-0.056923,-0.008859,
8231,8.231,-0.057363,0.021869,
8232,8.232,-0.051978,0.041871,
8233,8.233,-0.039058,0.038369,
8234,8.234,-0.023025,0.048230,
8235,8.235,-0.018219,0.051125,
8236,8.236,-0.000478,0.053844,
8237,8.237,0.021584,0.056209,
8238,8.238,0.041887,0.031509,
8239,8.239,0.054029,0.008496,
8240,8.240,0.064938,-0.018613,
8241,8.241,0.084407,-0.015141,
8242,8.242,0.108456,-0.005437,
8243,8.243,0.123372,-0.002672,
8244,8.244,0.129890,-0.016582,
8245,8.245,0.141434,-0.024181,
8246,8.246,0.146114,-0.017901,
8247,8.247,0.149877,-0.012084,
8248,8.248,0.152891,-0.003009,
8249,8.249,0.147212,-0.028523,
8250,8.250,0.145345,-0.083269,
8251,8.251,0.136491,-0.060033,
8252,8.252,0.125034,-0.010386,
8253,8.253,0.117098,0.008759,
8254,8.254,0.116904,0.014286,
8255,8.255,0.105159,0.008777,
8256,8.256,0.100332,-0.012803,
8257,8.257,0.080567,0.001331,
8258,8.258,0.078642,-0.012132,
8259,8.259,0.043854,-0.008516,
8260,8.260,0.044017,-0.019606,
8261,8.261,0.011825,-0.003499,
8262,8.262,-0.003301,0.041181,
8263,8.263,-0.004385,0.060113,
8264,8.264,-0.041711,0.042320,
8265,8.265,-0.050502,0.026073,
8266,8.266,-0.082795,0.001645,
8267,8.267,-0.105263,-0.020512,
8268,8.268,-0.112847,-0.024520,
8269,8.269,-0.120073,-0.035479,
8270,8.270,-0.160078,-0.052040,
8271,8.271,-0.169098,-0.049337,
8272,8.272,-0.157103,-0.014987,
8273,8.273,-0.172105,0.022071,
8274,8.274,-0.173028,0.046103,
8275,8.275,-0.197882,0.050358,
8276,8.276,-0.220966,0.038388,
8277,8.277,-0.202565,0.034715,
8278,8.278,-0.185594,0.037800,
8279,8.279,-0.164630,-0.007323,
8280,8.280,-0.151826,-0.065757,
8281,8.281,-0.146510,-0.057984,
8282,8.282,-0.125137,-0.050846,
8283,8.283,-0.131475,-0.031496,
8284,8.284,-0.107331,-0.025683,
8285,8.285,-0.084684,-0.009685,
8286,8.286,-0.064214,-0.004837,
8287,8.287,-0.069386,-0.000304,
8288,8.288,-0.063323,0.019810,
8289,8.289,-0.027920,0.045319,
8290,8.290,0.050523,0.061839,
8291,8.291,0.129755,0.059051,
8292,8.292,0.159862,0.100258,
8293,8.293,0.149649,0.141364,
8294,8.294,0.175045,0.104385,
8295,8.295,0.182625,0.041574,
8296,8.296,0.189816,-0.001275,
8297,8.297,0.196631,-0.055635,
8298,8.298,0.203085,-0.076646,
8299,8.299,0.198854,-0.069892,
8300,8.300,0.204916,-0.063877,
8301,8.301,0.184555,-0.026468,
8302,8.302,0.182642,0.017424,
8303,8.303,0.181397,0.023477,
8304,8.304,0.161055,0.018635,
8305,8.305,0.172872,0.004760,
8306,8.306,0.206348,0.009764,
8307,8.307,0.206176,0.006516,
8308,8.308,0.221074,0.003589,
8309,8.309,0.228712,0.020538,
8310,8.310,0.218553,0.029846,
8311,8.311,0.193607,0.038484,
8312,8.312,0.203001,0.026660,
8313,8.313,0.219686,0.006905,
8314,8.314,0.202898,-0.017263,
8315,8.315,0.182327,-0.039770,
8316,8.316,0.185636,-0.054245,
8317,8.317,0.169808,-0.045797,
8318,8.318,0.150215,-0.013225,
8319,8.319,0.132622,0.017809,
8320,8.320,0.124317,0.014134,
8321,8.321,0.099704,0.017887,
8322,8.322,0.095161,0.027878,
8323,8.323,0.068020,0.013143,
8324,8.324,0.052884,-0.000441,
8325,8.325,0.075283,-0.012673,
8326,8.326,0.064592,-0.010368,
8327,8.327,0.048555,-0.008286,
8328,8.328,0.034983,-0.002673,
8329,8.329,0.023651,-0.011074,
8330,8.330,0.003005,-0.012609,
8331,8.331,-0.031567,-0.016764,
8332,8.332,-0.051501,-0.013158,
8333,8.333,-0.058184,-0.025805,
8334,8.334,-0.063514,-0.027622,
8335,8.335,-0.085453,-0.035381,
8336,8.336,-0.096788,-0.036898,
8337,8.337,-0.106572,-0.028278,
8338,8.338,-0.115033,-0.013580,
8339,8.339,-0.140443,0.000426,
8340,8.340,-0.146440,0.009509,
8341,8.341,-0.151452,-0.016110,
8342,8.342,-0.141532,-0.041786,
8343,8.343,-0.152105,-0.058500,
8344,8.344,-0.155656,-0.038005,
8345,8.345,-0.164664,-0.008299,
8346,8.346,-0.177841,-0.004884,
8347,8.347,-0.180984,-0.001850,
8348,8.348,-0.184259,0.033941,
8349,8.349,-0.176460,0.057519,
8350,8.350,-0.193496,0.043711,
8351,8.351,-0.194932,0.039225,
8352,8.352,-0.205824,-0.015945,
8353,8.353,-0.208252,-0.071053,
8354,8.354,-0.207457,-0.121242,
8355,8.355,-0.207551,-0.128106,
8356,8.356,-0.213872,-0.081338,
8357,8.357,-0.209333,-0.017134,
8358,8.358,-0.192262,0.008304,
8359,8.359,-0.241649,0.000059,
8360,8.360,-0.240257,0.006705,
8361,8.361,-0.240211,0.012686,
8362,8.362,-0.241316,0.018017,
8363,8.363,-0.214423,0.012358,
8364,8.364,-0.235154,0.045790,
8365,8.365,-0.239401,0.067380,
8366,8.366,-0.230059,0.078859,
8367,8.367,-0.229472,0.067705,
8368,8.368,-0.248081,0.064175,
8369,8.369,-0.255757,0.049008,
8370,8.370,-0.259356,0.051474,
8371,8.371,-0.241347,0.068476,
8372,8.372,-0.209045,0.079406,
8373,8.373,-0.180145,0.056709,
8374,8.374,-0.133810,0.029414,
8375,8.375,-0.107346,0.025672,
8376,8.376,-0.098843,0.009092,
8377,8.377,-0.079558,-0.030124,
8378,8.378,-0.051798,-0.024985,
8379,8.379,-0.027913,-0.010691,
8380,8.380,-0.017160,0.002433,
8381,8.381,0.000125,0.006273,
8382,8.382,0.014531,0.002711,
8383,8.383,0.041137,0.005944,
8384,8.384,0.054294,0.008849,
8385,8.385,0.094283,0.000817,
8386,8.386,0.130845,-0.006301,
8387,8.387,0.150173,-0.003874,
8388,8.388,0.166692,-0.001547,
8389,8.389,0.170096,-0.003092,
8390,8.390,0.201532,0.005657,
8391,8.391,0.218927,0.001375,
8392,8.392,0.233995,-0.005313,
8393,8.393,0.227683,0.001159,
8394,8.394,0.239049,-0.011156,
8395,8.395,0.240720,-0.015997,
8396,8.396,0.241838,-0.005100,
8397,8.397,0.209640,0.010350,
8398,8.398,0.198103,0.020736,
8399,8.399,0.187293,0.015452,
8400,8.400,0.172510,-0.002836,
8401,8.401,0.176749,-0.019806,
8402,8.402,0.176541,-0.026133,
8403,8.403,0.198756,-0.040082,
8404,8.404,0.189803,-0.045440,
8405,8.405,0.188925,-0.040216,
8406,8.406,0.181930,-0.017050,
8407,8.407,0.181679,-0.000420,
8408,8.408,0.176516,0.008671,
8409,8.409,0.182001,0.006298,
8410,8.410,0.174243,-0.005718,
8411,8.411,0.163562,-0.011989,
8412,8.412,0.169317,-0.021814,
8413,8.413,0.168386,-0.019666,
8414,8.414,0.192831,-0.034656,
8415,8.415,0.145285,-0.036445,
8416,8.416,0.183427,-0.012027,
8417,8.417,0.218979,0.004579,
8418,8.418,0.217044,0.007617,
8419,8.419,0.173365,0.021448,
8420,8.420,0.171821,0.019183,
8421,8.421,0.159805,0.008120,
8422,8.422,0.139182,0.026648,
8423,8.423,0.101977,0.004404,
8424,8.424,0.079663,0.001589,
8425,8.425,0.071182,-0.001081,
8426,8.426,0.045189,-0.003436,
8427,8.427,0.048974,0.003179,
8428,8.428,0.045676,0.005202,
8429,8.429,0.036438,0.007072,
8430,8.430,0.009214,-0.004762,
8431,8.431,0.004224,-0.003235,
8432,8.432,-0.008147,0.000864,
8433,8.433,-0.010178,-0.018026,
8434,8.434,-0.011006,-0.042676,
8435,8.435,-0.023895,-0.059033,
8436,8.436,-0.040725,-0.067768,
8437,8.437,-0.041227,-0.043008,
8438,8.438,-0.053862,-0.000007,
8439,8.439,-0.064305,0.017423,
8440,8.440,-0.078645,0.033331,
8441,8.441,-0.104698,0.047743,
8442,8.442,-0.108814,0.052175,
8443,8.443,-0.111844,0.048342,
8444,8.444,-0.105668,0.059244,
8445,8.445,-0.121095,0.062501,
8446,8.446,-0.121130,0.047663,
8447,8.447,-0.126406,0.017619,
8448,8.448,-0.136117,0.005843,
8449,8.449,-0.139280,0.009444,
8450,8.450,-0.150583,0.006239,
8451,8.451,-0.139096,-0.020795,
8452,8.452,-0.137805,-0.017200,
8453,8.453,-0.127277,0.019212,
8454,8.454,-0.125268,0.023959,
8455,8.455,-0.126736,0.019547,
8456,8.456,-0.127621,0.007692,
8457,8.457,-0.121659,-0.011444,
8458,8.458,-0.125274,-0.022305,
8459,8.459,-0.097688,-0.019160,
8460,8.460,-0.124177,-0.022112,
8461,8.461,-0.078212,-0.003086,
8462,8.462,-0.088214,0.014076,
8463,8.463,-0.068215,0.011792,
8464,8.464,-0.058503,0.009714,
8465,8.465,-0.065283,0.011535,
8466,8.466,-0.057002,0.003010,
8467,8.467,-0.049315,0.001409,
8468,8.468,-0.030238,-0.008307,
8469,8.469,-0.023659,-0.019723,
8470,8.470,-0.022505,-0.015246,
8471,8.471,-0.017090,-0.022297,
8472,8.472,-0.036687,-0.031245,
8473,8.473,-0.036949,-0.034612,
8474,8.474,-0.037360,-0.023288,
8475,8.475,-0.018079,-0.034139,
8476,8.476,-0.022944,-0.032979,
8477,8.477,-0.015404,-0.029449,
8478,8.478,-0.008621,-0.012549,
8479,8.479,-0.002607,-0.000375,
8480,8.480,-0.003454,-0.020856,
8481,8.481,0.001029,-0.029159,
8482,8.482,-0.005062,-0.016981,
8483,8.483,0.007377,-0.014948,
8484,8.484,0.012131,-0.021231,
8485,8.485,0.013116,-0.019576,
8486,8.486,0.011001,0.005593,
8487,8.487,0.023908,0.023483,
8488,8.488,0.013423,0.020071,
8489,8.489,0.023883,0.005013,
8490,8.490,0.017738,0.002141,
8491,8.491,0.022876,-0.015242,
8492,8.492,0.004485,-0.017518,
8493,8.493,0.000122,0.000851,
8494,8.494,0.012007,-0.001608,
8495,8.495,0.007665,-0.003929,
8496,8.496,0.003328,0.006077,
8497,8.497,0.014422,0.018895,
8498,8.498,-0.001549,0.033846,
8499,8.499,-0.006307,0.002930,
8500,8.500,-0.008010,-0.010555,
8501,8.501,-0.007322,-0.006943,
8502,8.502,-0.007070,0.010898,
8503,8.503,-0.011667,0.027081,
8504,8.504,-0.016370,0.029779,
8505,8.505,-0.030502,0.043347,
8506,8.506,-0.033074,0.050468,
8507,8.507,-0.048426,0.061448,
8508,8.508,-0.047962,0.047005,
8509,8.509,-0.053512,0.033726,
8510,8.510,-0.046428,0.021667,
8511,8.511,-0.052302,0.004593,
8512,8.512,-0.047074,-0.020249,
8513,8.513,-0.065397,-0.030202,
8514,8.514,-0.068062,-0.009531,
8515,8.515,-0.070935,0.009412,
8516,8.516,-0.064928,0.006854,
8517,8.517,-0.059957,0.004456,
8518,8.518,-0.053318,0.006300,
8519,8.519,-0.047365,0.007986,
8520,8.520,-0.039576,0.012914,
8521,8.521,-0.049385,0.011258,
8522,8.522,-0.040249,0.004184,
8523,8.523,-0.046890,0.002870,
8524,8.524,-0.026262,-0.005059,
8525,8.525,-0.020144,-0.012489,
8526,8.526,-0.015011,-0.015377,
8527,8.527,-0.004770,-0.025012,
8528,8.528,0.004346,-0.021407,
8529,8.529,0.002221,-0.027044,
8530,8.530,0.018052,-0.032352,
8531,8.531,0.027357,-0.029747,
8532,8.532,0.040309,-0.020394,
8533,8.533,0.038292,-0.019308,
8534,8.534,0.040253,-0.018365,
8535,8.535,0.030660,-0.008943,
8536,8.536,0.045368,0.004898,
8537,8.537,0.043946,0.010476,
8538,8.538,0.046887,0.008809,
8539,8.539,0.065864,-0.014187,
8540,8.540,0.059576,-0.043983,
8541,8.541,0.069988,-0.047907,
8542,8.542,0.069210,-0.037142,
8543,8.543,0.072797,-0.014210,
8544,8.544,0.071956,-0.005463,
8545,8.545,0.063669,0.019191,
8546,8.546,0.079727,0.035562,
8547,8.547,0.064996,0.038431,
8548,8.548,0.083094,0.030333,
8549,8.549,0.089168,0.018064,
8550,8.550,0.079998,-0.006587,
8551,8.551,0.076072,-0.016373,
8552,8.552,0.076544,-0.019220,
8553,8.553,0.084469,-0.038279,
8554,8.554,0.084952,-0.020903,
8555,8.555,0.076291,-0.000473,
8556,8.556,0.071327,0.024349,
8557,8.557,0.069405,0.034258,
8558,8.558,0.061890,0.017250,
8559,8.559,0.058265,-0.015711,
8560,8.560,0.073746,-0.002523,
8561,8.561,0.039988,0.009289,
8562,8.562,0.054425,0.005695,
8563,8.563,0.041436,0.028666,
8564,8.564,0.053630,0.037480,
8565,8.565,0.036024,0.034880,
8566,8.566,0.026859,0.022739,
8567,8.567,0.018847,0.011838,
8568,8.568,0.017065,-0.006378,
8569,8.569,0.005762,-0.003792,
8570,8.570,0.000330,0.003016,
8571,8.571,0.015824,0.001187,
8572,8.572,-0.003277,0.018133,
8573,8.573,-0.015503,0.033902,
8574,8.574,-0.006680,0.044258,
8575,8.575,-0.011619,0.031445,
8576,8.576,-0.020049,0.006304,
8577,8.577,-0.042450,-0.018791,
8578,8.578,-0.017601,-0.002093,
8579,8.579,-0.024483,0.013111,
8580,8.580,-0.036245,0.021570,
8581,8.581,-0.041533,0.014677,
8582,8.582,-0.032926,-0.000452,
8583,8.583,-0.045097,-0.014210,
8584,8.584,-0.048627,-0.019328,
8585,8.585,-0.048273,-0.017172,
8586,8.586,-0.050811,-0.024300,
8587,8.587,-0.061286,-0.016887,
8588,8.588,-0.040652,-0.002559,
8589,8.589,-0.036257,0.003475,
8590,8.590,-0.036446,0.012351,
8591,8.591,-0.040552,0.020330,
8592,8.592,-0.033025,0.013733,
8593,8.593,-0.032810,0.007815,
8594,8.594,-0.032455,0.002593,
8595,8.595,-0.037566,-0.010749,
8596,8.596,-0.039520,-0.019709,
8597,8.597,-0.038800,-0.044791,
8598,8.598,-0.025630,-0.033709,
8599,8.599,-0.022482,-0.017122,
8600,8.600,-0.019563,-0.008262,
8601,8.601,-0.021792,-0.011005,
8602,8.602,-0.021375,-0.038304,
8603,8.603,-0.014761,-0.034848,
8604,8.604,-0.003132,-0.018552,
8605,8.605,-0.000533,0.002180,
8606,8.606,-0.000533,0.015835,
8607,8.607,0.001600,0.033027,
8608,8.608,0.003671,0.039528,
8609,8.609,0.011089,0.041416,
8610,8.610,0.011163,0.035608,
8611,8.611,0.015768,0.020164,
8612,8.612,0.007272,-0.010656,
8613,8.613,0.009211,-0.041638,
8614,8.614,0.002158,-0.077814,
8615,8.615,0.005862,-0.092260,
8616,8.616,0.001924,-0.043717,
8617,8.617,0.006733,-0.024418,
8618,8.618,0.006574,-0.007036,
8619,8.619,0.002191,0.008732,
8620,8.620,0.006891,0.013307,
8621,8.621,0.002104,0.008742,
8622,8.622,0.007445,0.012451,
8623,8.623,-0.001644,0.008717,
8624,8.624,0.005657,-0.001246,
8625,8.625,0.002282,-0.022195,
8626,8.626,0.005850,-0.019654,
8627,8.627,-0.007534,-0.022240,
8628,8.628,-0.001650,-0.024694,
8629,8.629,-0.003037,-0.039148,
8630,8.630,-0.001252,-0.052392,
8631,8.631,-0.005047,-0.040760,
8632,8.632,-0.011046,-0.033353,
8633,8.633,-0.005213,-0.021030,
8634,8.634,-0.001931,-0.019507,
8635,8.635,-0.008101,-0.002708,
8636,8.636,-0.007009,0.012792,
8637,8.637,-0.016736,0.010709,
8638,8.638,-0.009558,0.016267,
8639,8.639,-0.015547,0.031546,
8640,8.640,-0.004960,0.045884,
8641,8.641,-0.006053,0.044232,
8642,8.642,-0.012060,0.036055,
8643,8.643,-0.006222,0.028765,
8644,8.644,-0.002920,0.038776,
8645,8.645,-0.005366,0.058165,
8646,8.646,-0.002569,0.055991,
8647,8.647,-0.000114,0.073832,
8648,8.648,0.003695,0.108090,
8649,8.649,0.005643,0.123151,
8650,8.650,0.004211,0.101931,
8651,8.651,0.004973,0.090876,
8652,8.652,0.008263,0.066217,
8653,8.653,0.008161,0.030415,
8654,8.654,0.002634,0.006693,
8655,8.655,0.003707,0.011453,
8656,8.656,0.004601,0.015548,
8657,8.657,0.006843,0.012012,
8658,8.658,0.012799,0.028344,
8659,8.659,0.008090,0.014143,
8660,8.660,0.003051,-0.006868,
8661,8.661,0.013931,-0.026168,
8662,8.662,-0.008856,-0.053632,
8663,8.663,0.014348,-0.101344,
8664,8.664,-0.006255,-0.134051,
8665,8.665,-0.003372,-0.140271,
8666,8.666,0.009138,-0.092693,
8667,8.667,-0.015401,-0.034712,
8668,8.668,-0.005447,-0.011717,
8669,8.669,-0.014099,-0.004952,
8670,8.670,-0.005846,0.001125,
8671,8.671,0.001541,0.006535,
8672,8.672,-0.004950,-0.009672,
8673,8.673,0.001241,-0.014729,
8674,8.674,-0.015419,-0.010658,
8675,8.675,-0.004172,0.008955,
8676,8.676,-0.010197,0.019408,
8677,8.677,-0.000836,0.022285,
8678,8.678,0.014415,0.013154,
8679,8.679,0.000229,0.010118,
8680,8.680,-0.001628,0.002533,
8681,8.681,0.006830,-0.008926,
8682,8.682,0.005296,-0.023395,
8683,8.683,-0.009942,-0.044107,
8684,8.684,0.000181,-0.058022,
8685,8.685,-0.005420,-0.045875,
8686,8.686,-0.000387,-0.039469,
8687,8.687,-0.004999,-0.062161,
8688,8.688,-0.001011,-0.083146,
8689,8.689,0.002651,-0.102405,
8690,8.690,0.003604,-0.114854,
8691,8.691,0.004545,-0.112734,
8692,8.692,0.001752,-0.110798,
8693,8.693,-0.002564,-0.123951,
8694,8.694,-0.004864,-0.146081,
8695,8.695,-0.002947,-0.137389,
8696,8.696,-0.002544,-0.107424,
8697,8.697,0.003766,-0.111594,
8698,8.698,-0.000608,-0.115527,
8699,8.699,0.001443,-0.079451,
8700,8.700,0.001954,-0.006901,
8701,8.701,0.003471,0.086818,
8702,8.702,0.009691,0.149730,
8703,8.703,0.006929,0.207065,
8704,8.704,0.006001,0.279799,
8705,8.705,0.000828,0.345941,
8706,8.706,0.000036,0.337155,
8707,8.707,-0.001957,0.313678,
8708,8.708,-0.010037,0.263847,
8709,8.709,-0.027438,0.179562,
8710,8.710,-0.025410,0.145053,
8711,8.711,-0.019184,0.155379,
8712,8.712,-0.025650,0.126992,
8713,8.713,-0.013045,0.118419,
8714,8.714,-0.005030,0.079409,
8715,8.715,-0.010024,0.029786,
8716,8.716,-0.000903,-0.002350,
8717,8.717,-0.007688,-0.019483,
8718,8.718,-0.007298,-0.024348,
8719,8.719,0.003506,-0.048112,
8720,8.720,-0.001802,-0.087425,
8721,8.721,-0.001201,-0.081707,
8722,8.722,-0.003150,-0.085937,
8723,8.723,-0.000724,-0.081012,
8724,8.724,0.001511,-0.076544,
8725,8.725,0.001541,-0.093967,
8726,8.726,0.006638,-0.089991,
8727,8.727,0.005116,-0.086281,
8728,8.728,0.009177,-0.093483,
8729,8.729,0.004086,-0.094883,
8730,8.730,0.001487,-0.091686,
8731,8.731,-0.007195,-0.080549,
8732,8.732,-0.000287,-0.077692,
8733,8.733,-0.010675,-0.068243,
8734,8.734,-0.005367,-0.053382,
8735,8.735,-0.009536,-0.035594,
8736,8.736,-0.003244,-0.041026,
8737,8.737,-0.012675,-0.049858,
8738,8.738,-0.019273,-0.057809,
8739,8.739,-0.010862,-0.051362,
8740,8.740,-0.010811,-0.033183,
8741,8.741,-0.019763,-0.007544,
8742,8.742,-0.013592,0.002629,
8743,8.743,-0.011900,-0.006323,
8744,8.744,-0.025803,0.034313,
8745,8.745,-0.021345,0.110204,
8746,8.746,-0.010646,0.161888,
8747,8.747,-0.016336,0.095355,
8748,8.748,-0.013388,0.017591,
8749,8.749,-0.018235,-0.013691,
8750,8.750,-0.006848,-0.004306,
8751,8.751,-0.006269,-0.012994,
8752,8.752,-0.002804,-0.020809,
8753,8.753,-0.007961,-0.013812,
8754,8.754,-0.007867,0.005218,
8755,8.755,-0.007903,0.010560,
8756,8.756,-0.020441,0.004764,
8757,8.757,-0.016878,-0.000774,
8758,8.758,-0.013782,-0.014889,
8759,8.759,-0.008423,-0.004051,
8760,8.760,-0.010811,-0.003863,
8761,8.761,-0.006067,-0.001516,
8762,8.762,0.008918,0.000463,
8763,8.763,-0.025460,-0.003659,
8764,8.764,0.027201,-0.002192,
8765,8.765,0.019510,-0.010709,
8766,8.766,0.051270,-0.005393,
8767,8.767,0.080040,-0.004711,
8768,8.768,0.074395,0.003217,
8769,8.769,0.059760,-0.003232,
8770,8.770,0.046301,-0.012138,
8771,8.771,0.034212,-0.023036,
8772,8.772,0.030526,-0.043151,
8773,8.773,0.007441,-0.085265,
8774,8.774,0.004565,-0.103556,
8775,8.775,0.001954,-0.120200,
8776,8.776,-0.005126,-0.145079,
8777,8.777,0.001770,-0.150165,
8778,8.778,0.008247,-0.139027,
8779,8.779,-0.008006,-0.106947,
8780,8.780,-0.027742,-0.094583,
8781,8.781,-0.007963,-0.075370,
8782,8.782,0.000092,-0.065164,
8783,8.783,0.003149,-0.082130,
8784,8.784,0.010179,-0.127645,
8785,8.785,0.001889,-0.186511,
8786,8.786,0.021569,-0.179109,
8787,8.787,0.045113,-0.158020,
8788,8.788,0.079374,-0.061008,
8789,8.789,0.085076,0.147575,
8790,8.790,0.026403,0.475641,
8791,8.791,-0.032520,0.694190,
8792,8.792,-0.007657,0.734102,
8793,8.793,0.043663,0.626530,
8794,8.794,0.051745,0.397383,
8795,8.795,0.036037,0.189395,
8796,8.796,0.032571,0.054594,
8797,8.797,0.039175,0.030804,
8798,8.798,0.045490,-0.035680,
8799,8.799,0.035646,-0.055386,
8800,8.800,0.034145,-0.073110,
8801,8.801,0.039481,-0.055450,
8802,8.802,0.038763,-0.008688,
8803,8.803,0.021851,0.033760,
8804,8.804,0.021715,0.047016,
8805,8.805,0.017395,0.082231,
8806,8.806,0.009550,0.030948,
8807,8.807,-0.012314,-0.034462,
8808,8.808,-0.013184,-0.042270,
8809,8.809,0.004056,-0.080734,
8810,8.810,-0.018265,-0.087398,
8811,8.811,-0.006090,-0.119167,
8812,8.812,-0.018617,-0.135981,
8813,8.813,-0.002558,-0.151241,
8814,8.814,0.007028,-0.136227,
8815,8.815,0.011543,-0.087123,
8816,8.816,-0.016750,-0.054356,
8817,8.817,-0.063042,-0.036445,
8818,8.818,-0.002409,-0.073115,
8819,8.819,0.023109,-0.077235,
8820,8.820,-0.010308,-0.080999,
8821,8.821,-0.001861,-0.132490,
8822,8.822,-0.005635,-0.153295,
8823,8.823,-0.019622,-0.159335,
8824,8.824,-0.032167,-0.129824,
8825,8.825,-0.043616,-0.060250,
8826,8.826,-0.045830,0.006328,
8827,8.827,-0.055078,0.067041,
8828,8.828,-0.043751,0.153551,
8829,8.829,-0.051094,0.119550,
8830,8.830,-0.068873,0.068019,
8831,8.831,-0.050367,0.059159,
8832,8.832,-0.046969,0.068457,
8833,8.833,-0.031634,0.092494,
8834,8.834,-0.013844,0.043410,
8835,8.835,-0.046549,-0.027268,
8836,8.836,-0.031298,-0.074194,
8837,8.837,0.000286,-0.082376,
8838,8.838,0.004898,-0.058533,
8839,8.839,-0.005265,-0.064995,
8840,8.840,0.005105,-0.109366,
8841,8.841,0.008396,-0.173072,
8842,8.842,0.005949,-0.146299,
8843,8.843,-0.001118,-0.075118,
8844,8.844,0.001223,-0.065322,
8845,8.845,-0.012969,-0.039484,
8846,8.846,-0.011153,-0.016551,
8847,8.847,-0.026477,0.018177,
8848,8.848,-0.028685,-0.041039,
8849,8.849,-0.034599,-0.112346,
8850,8.850,-0.026518,-0.065529,
8851,8.851,-0.028526,0.029017,
8852,8.852,-0.025035,0.117155,
8853,8.853,-0.031937,0.151460,
8854,8.854,-0.029475,0.078089,
8855,8.855,-0.031281,0.029805,
8856,8.856,-0.023674,0.088890,
8857,8.857,-0.016889,0.204921,
8858,8.858,-0.020956,0.287780,
8859,8.859,-0.009792,0.179732,
8860,8.860,-0.005863,0.109336,
8861,8.861,-0.001514,0.071247,
8862,8.862,-0.001306,0.057697,
8863,8.863,0.012593,0.091078,
8864,8.864,-0.019350,0.121029,
8865,8.865,0.019018,0.072613,
8866,8.866,-0.009010,0.011284,
8867,8.867,0.013647,-0.044159,
8868,8.868,0.007620,-0.066114,
8869,8.869,0.017816,-0.060260,
8870,8.870,-0.001919,-0.007843,
8871,8.871,-0.000438,0.041404,
8872,8.872,0.000656,0.086146,
8873,8.873,0.017949,0.068379,
8874,8.874,0.018382,0.009457,
8875,8.875,0.031823,-0.045152,
8876,8.876,0.027728,-0.094561,
8877,8.877,0.019990,-0.139208,
8878,8.878,0.033149,-0.144349,
8879,8.879,0.024969,-0.148945,
8880,8.880,0.017150,-0.162731,
8881,8.881,0.013216,-0.157803,
8882,8.882,0.009512,-0.129355,
8883,8.883,0.008554,-0.074137,
8884,8.884,0.000005,-0.034430,
8885,8.885,-0.001245,-0.026548,
8886,8.886,-0.004510,-0.044920,
8887,8.887,-0.017152,-0.084795,
8888,8.888,-0.018109,-0.088917,
8889,8.889,-0.024094,-0.054044,
8890,8.890,-0.011622,-0.040238,
8891,8.891,-0.016034,-0.004597,
8892,8.892,-0.005461,-0.000634,
8893,8.893,0.010647,0.002895,
8894,8.894,-0.024071,0.062646,
8895,8.895,-0.048520,0.191937,
8896,8.896,-0.047060,0.173419,
8897,8.897,-0.002216,0.055477,
8898,8.898,-0.037007,-0.082268,
8899,8.899,-0.022068,-0.174746,
8900,8.900,-0.019144,-0.225334,
8901,8.901,-0.026219,-0.118575,
8902,8.902,-0.015269,0.089537,
8903,8.903,-0.037445,0.357515,
8904,8.904,-0.043188,0.537442,
8905,8.905,0.004189,0.438602,
8906,8.906,-0.033443,0.229782,
8907,8.907,-0.067765,0.040115,
8908,8.908,-0.005080,-0.033476,
8909,8.909,0.001640,-0.010874,
8910,8.910,0.023272,0.090972,
8911,8.911,-0.013894,0.146567,
8912,8.912,-0.034622,0.163399,
8913,8.913,-0.018374,0.086954,
8914,8.914,0.007316,0.045225,
8915,8.915,0.001802,-0.018106,
8916,8.916,0.014409,-0.099023,
8917,8.917,0.033984,-0.130677,
8918,8.918,0.008387,-0.121911,
8919,8.919,0.024709,-0.113999,
8920,8.920,0.033673,-0.138067,
8921,8.921,0.031350,-0.145869,
8922,8.922,0.069152,-0.165865,
8923,8.923,0.149994,-0.243015,
8924,8.924,0.070400,-0.316551,
8925,8.925,0.102666,-0.326472,
8926,8.926,0.018534,-0.283612,
8927,8.927,0.031498,-0.213259,
8928,8.928,0.105946,-0.165857,
8929,8.929,0.079226,-0.122451,
8930,8.930,0.037950,-0.098592,
8931,8.931,0.110432,-0.090805,
8932,8.932,0.084064,-0.083700,
8933,8.933,0.060357,-0.171172,
8934,8.934,0.023561,-0.233633,
8935,8.935,0.075655,-0.267436,
8936,8.936,0.071663,-0.214597,
8937,8.937,0.033226,-0.071360,
8938,8.938,0.115824,0.235032,
8939,8.939,0.083955,0.804188,
8940,8.940,0.117765,0.882793,
8941,8.941,0.129961,0.813706,
8942,8.942,0.055064,0.366851,
8943,8.943,0.088927,0.192913,
8944,8.944,0.063242,0.140232,
8945,8.945,0.126326,0.188557,
8946,8.946,0.089918,0.057987,
8947,8.947,0.099683,-0.060479,
8948,8.948,0.005288,0.047923,
8949,8.949,0.049583,0.146493,
8950,8.950,0.014515,0.235915,
8951,8.951,0.028625,0.209002,
8952,8.952,0.041503,0.086048,
8953,8.953,0.072466,-0.025706,
8954,8.954,0.049092,-0.167542,
8955,8.955,0.028235,-0.259472,
8956,8.956,0.023659,-0.309281,
8957,8.957,0.045438,-0.323980,
8958,8.958,-0.028579,-0.309614,
8959,8.959,-0.015773,-0.271325,
8960,8.960,-0.079591,-0.236125,
8961,8.961,-0.172037,-0.162391,
8962,8.962,-0.260502,-0.036993,
8963,8.963,-0.220459,0.049244,
8964,8.964,-0.206640,0.107225,
8965,8.965,-0.235551,0.138277,
8966,8.966,-0.205087,0.203902,
8967,8.967,-0.177278,0.177029,
8968,8.968,-0.214505,0.168321,
8969,8.969,-0.234170,0.160414,
8970,8.970,-0.226266,0.166268,
8971,8.971,-0.242369,0.136495,
8972,8.972,-0.161190,0.055992,
8973,8.973,-0.171642,-0.094157,
8974,8.974,-0.139570,-0.196666,
8975,8.975,-0.129410,-0.216289,
8976,8.976,-0.068509,-0.301729,
8977,8.977,-0.060462,-0.349038,
8978,8.978,-0.067471,-0.392053,
8979,8.979,-0.022303,-0.380800,
8980,8.980,-0.005021,-0.255385,
8981,8.981,-0.000069,-0.138571,
8982,8.982,0.013914,-0.032271,
8983,8.983,0.035313,-0.019264,
8984,8.984,0.054519,-0.007774,
8985,8.985,0.071716,-0.135462,
8986,8.986,0.067520,-0.254262,
8987,8.987,0.081305,-0.209257,
8988,8.988,0.093767,-0.140355,
8989,8.989,0.109781,0.023582,
8990,8.990,0.115039,0.270188,
8991,8.991,0.144259,0.500000,
8992,8.992,0.155940,0.529580,
8993,8.993,0.158139,0.339137,
8994,8.994,0.152859,0.264321,
8995,8.995,0.147837,0.106488,
8996,8.996,0.125215,0.085284,
8997,8.997,0.098629,0.102641,
8998,8.998,0.099920,0.050928,
8999,8.999,0.100775,0.003796,
9000,9.000,0.090665,0.044138,
9001,9.001,0.066301,0.106031,
9002,9.002,0.037217,0.047231,
9003,9.003,0.009849,-0.068695,
9004,9.004,-0.028462,-0.207457,
9005,9.005,-0.064254,-0.300950,
9006,9.006,-0.079375,-0.352232,
9007,9.007,-0.101229,-0.368137,
9008,9.008,-0.135870,-0.354795,
9009,9.009,-0.133322,-0.317551,
9010,9.010,-0.138977,-0.283439,
9011,9.011,-0.144251,-0.189899,
9012,9.012,-0.162351,-0.000692,
9013,9.013,-0.119002,0.297213,
9014,9.014,-0.062135,0.574802,
9015,9.015,-0.040134,0.610628,
9016,9.016,-0.048458,0.446242,
9017,9.017,-0.004389,0.296831,
9018,9.018,0.035641,0.106765,
9019,9.019,0.050666,0.032636,
9020,9.020,0.054654,0.010167,
9021,9.021,0.049614,0.071301,
9022,9.022,0.052974,0.164371,
9023,9.023,0.063417,0.316344,
9024,9.024,0.086133,0.377818,
9025,9.025,0.088806,0.396765,
9026,9.026,0.102416,0.313132,
9027,9.027,0.095146,0.175797,
9028,9.028,0.061552,0.046481,
9029,9.029,0.037462,-0.104773,
9030,9.030,0.050821,-0.206292,
9031,9.031,0.062862,-0.150514,
9032,9.032,0.059520,-0.099717,
9033,9.033,0.049931,-0.053411,
9034,9.034,0.047302,-0.122434,
9035,9.035,0.039432,-0.210136,
9036,9.036,0.032413,-0.244034,
9037,9.037,0.007957,-0.274522,
9038,9.038,-0.014807,-0.321025,
9039,9.039,-0.017457,-0.363189,
9040,9.040,0.001878,-0.322983,
9041,9.041,0.019333,-0.229232,
9042,9.042,0.012933,-0.164941,
9043,9.043,0.007007,-0.198363,
9044,9.044,0.005287,-0.207728,
9045,9.045,-0.006447,-0.121306,
9046,9.046,-0.007901,0.006205,
9047,9.047,-0.014828,0.091285,
9048,9.048,-0.016045,0.138201,
9049,9.049,-0.010492,0.125351,
9050,9.050,-0.011541,0.138768,
9051,9.051,-0.016170,0.035991,
9052,9.052,-0.027446,-0.088490,
9053,9.053,-0.019961,-0.138310,
9054,9.054,-0.035333,-0.122583,
9055,9.055,-0.033477,-0.136024,
9056,9.056,-0.039215,-0.097784,
9057,9.057,-0.027522,0.006447,
9058,9.058,-0.032213,0.076740,
9059,9.059,-0.044848,0.140681,
9060,9.060,-0.046615,0.176083,
9061,9.061,-0.035992,0.208178,
9062,9.062,-0.023464,0.256591,
9063,9.063,-0.030011,0.272913,
9064,9.064,-0.041744,0.300333,
9065,9.065,-0.018557,0.325282,
9066,9.066,-0.048124,0.276963,
9067,9.067,-0.011879,0.181074,
9068,9.068,-0.026008,0.001328,
9069,9.069,-0.012539,-0.219549,
9070,9.070,-0.016159,-0.367757,
9071,9.071,0.002187,-0.339944,
9072,9.072,-0.007402,-0.314692,
9073,9.073,0.007682,-0.202079,
9074,9.074,-0.011240,-0.059249,
9075,9.075,0.001283,0.033700,
9076,9.076,-0.005145,0.151725,
9077,9.077,0.001086,0.258980,
9078,9.078,0.010501,0.300741,
9079,9.079,0.012248,0.288317,
9080,9.080,0.019896,0.276747,
9081,9.081,0.026852,0.245423,
9082,9.082,0.025685,0.178873,
9083,9.083,0.031263,0.083761,
9084,9.084,0.030222,-0.004561,
9085,9.085,0.027469,-0.061936,
9086,9.086,0.024887,-0.134680,
9087,9.087,0.030056,-0.125103,
9088,9.088,0.026404,-0.116438,
9089,9.089,0.024610,-0.061892,
9090,9.090,0.021645,0.002066,
9091,9.091,0.026307,-0.023905,
9092,9.092,0.016786,-0.125713,
9093,9.093,0.012678,-0.222740,
9094,9.094,0.013802,-0.285450,
9095,9.095,0.021514,-0.273368,
9096,9.096,0.018401,-0.262318,
9097,9.097,0.006151,-0.214022,
9098,9.098,0.001004,-0.118122,
9099,9.099,0.005510,0.021745,
9100,9.100,0.017981,0.078141,
9101,9.101,0.009483,0.095877,
9102,9.102,0.010966,0.081716,
9103,9.103,0.014978,0.068900,
9104,9.104,-0.001459,0.006947,
9105,9.105,0.005090,-0.072309,
9106,9.106,-0.001044,-0.039820,
9107,9.107,0.000799,-0.009984,
9108,9.108,0.002510,0.034598,
9109,9.109,-0.002017,0.043818,
9110,9.110,-0.008917,0.066498,
9111,9.111,-0.017674,0.022572,
9112,9.112,-0.007305,-0.029311,
9113,9.113,-0.011301,-0.007226,
9114,9.114,-0.012445,0.012523,
9115,9.115,-0.020184,-0.051951,
9116,9.116,-0.021136,-0.112381,
9117,9.117,-0.023799,-0.104834,
9118,9.118,-0.026285,-0.084056,
9119,9.119,-0.024010,-0.026571,
9120,9.120,-0.025959,0.026981,
9121,9.121,-0.021649,0.118475,
9122,9.122,-0.027991,0.180598,
9123,9.123,-0.018452,0.214237,
9124,9.124,-0.032229,0.203211,
9125,9.125,-0.022839,0.136349,
9126,9.126,-0.024423,0.023688,
9127,9.127,-0.019734,-0.022584,
9128,9.128,-0.026577,0.018610,
9129,9.129,-0.012603,0.081162,
9130,9.130,-0.010648,0.160844,
9131,9.131,-0.005499,0.170017,
9132,9.132,-0.003881,0.064246,
9133,9.133,0.003140,-0.062674,
9134,9.134,-0.005590,-0.081482,
9135,9.135,0.009349,-0.007264,
9136,9.136,0.011423,0.059964,
9137,9.137,0.005877,0.145933,
9138,9.138,0.004213,0.178136,
9139,9.139,0.011845,0.165541,
9140,9.140,0.007803,0.134915,
9141,9.141,0.006637,0.020598,
9142,9.142,0.014450,-0.088636,
9143,9.143,0.021742,-0.188124,
9144,9.144,0.017191,-0.202887,
9145,9.145,0.021446,-0.239684,
9146,9.146,0.023673,-0.231652,
9147,9.147,0.020156,-0.205515,
9148,9.148,0.018485,-0.181839,
9149,9.149,0.016831,-0.238538,
9150,9.150,0.018401,-0.333015,
9151,9.151,0.021507,-0.347471,
9152,9.152,0.016838,-0.360923,
9153,9.153,0.026383,-0.352573,
9154,9.154,0.027816,-0.345074,
9155,9.155,0.011475,-0.286704,
9156,9.156,0.000393,-0.202674,
9157,9.157,-0.009678,-0.147192,
9158,9.158,-0.004014,-0.076313,
9159,9.159,0.001141,-0.012032,
9160,9.160,0.005783,0.063541,
9161,9.161,0.007215,0.197054,
9162,9.162,0.018613,0.287355,
9163,9.163,0.011079,0.369248,
9164,9.164,0.010996,0.347554,
9165,9.165,0.007026,0.299727,
9166,9.166,0.020978,0.311572,
9167,9.167,-0.006837,0.322042,
9168,9.168,-0.002859,0.262583,
9169,9.169,-0.006319,0.125104,
9170,9.170,-0.003020,0.105101,
9171,9.171,-0.000053,0.053345,
9172,9.172,-0.013640,0.006338,
9173,9.173,-0.020821,-0.036325,
9174,9.174,-0.027317,-0.049707,
9175,9.175,-0.037382,-0.084945,
9176,9.176,-0.013094,-0.095942,
9177,9.177,-0.016196,-0.068180,
9178,9.178,-0.013201,0.026080,
9179,9.179,0.000601,0.113822,
9180,9.180,-0.016540,0.147929,
9181,9.181,-0.014233,0.220538,
9182,9.182,-0.003981,0.267577,
9183,9.183,-0.002022,0.241242,
9184,9.184,-0.003611,0.170099,
9185,9.185,-0.005046,0.103103,
9186,9.186,-0.000894,0.059209,
9187,9.187,-0.001989,0.019338,
9188,9.188,-0.005130,-0.016912,
9189,9.189,-0.008114,-0.036802,
9190,9.190,-0.014475,-0.078246,
9191,9.191,-0.010186,-0.094550,
9192,9.192,-0.009463,-0.109382,
9193,9.193,-0.011450,-0.079061,
9194,9.194,-0.005653,-0.035459,
9195,9.195,-0.010867,-0.006395,
9196,9.196,-0.004417,-0.011774,
9197,9.197,-0.012186,-0.045620,
9198,9.198,-0.009133,-0.049949,
9199,9.199,-0.006412,-0.045891,
9200,9.200,-0.010649,-0.056489,
9201,9.201,-0.006921,-0.072608,
9202,9.202,-0.004895,-0.087032,
9203,9.203,-0.001858,-0.089026,
9204,9.204,-0.001347,-0.080711,
9205,9.205,0.003385,-0.063763,
9206,9.206,0.007580,-0.031412,
9207,9.207,0.012799,0.001430,
9208,9.208,0.016324,0.031606,
9209,9.209,0.012071,0.088682,
9210,9.210,0.020871,0.099011,
9211,9.211,0.019687,0.037516,
9212,9.212,0.014099,-0.002897,
9213,9.213,0.013099,-0.023508,
9214,9.214,0.017678,0.000554,
9215,9.215,0.009912,0.022535,
9216,9.216,0.017195,0.007797,
9217,9.217,0.014517,-0.016018,
9218,9.218,0.022292,-0.085945,
9219,9.219,0.017024,-0.135249,
9220,9.220,0.004870,-0.141983,
9221,9.221,0.016698,-0.130549,
9222,9.222,0.015197,-0.182289,
9223,9.223,0.016561,-0.214789,
9224,9.224,0.012836,-0.205211,
9225,9.225,0.000329,-0.184514,
9226,9.226,-0.001344,-0.111777,
9227,9.227,0.006313,-0.041990,
9228,9.228,0.002319,-0.029785,
9229,9.229,0.003563,0.013018,
9230,9.230,0.004660,0.081014,
9231,9.231,0.001700,0.145422,
9232,9.232,-0.002764,0.220110,
9233,9.233,-0.003497,0.309740,
9234,9.234,-0.004053,0.417401,
9235,9.235,-0.007461,0.463061,
9236,9.236,-0.006787,0.429330,
9237,9.237,-0.004937,0.329903,
9238,9.238,-0.009513,0.236870,
9239,9.239,-0.012391,0.152857,
9240,9.240,-0.008167,0.145715,
9241,9.241,-0.006477,0.139768,
9242,9.242,-0.009345,0.096823,
9243,9.243,-0.007972,0.058116,
9244,9.244,-0.005246,0.085874,
9245,9.245,-0.003358,0.097322,
9246,9.246,-0.008243,0.133889,
9247,9.247,-0.015820,0.143757,
9248,9.248,-0.004130,0.131823,
9249,9.249,-0.014594,0.111492,
9250,9.250,-0.007465,0.075484,
9251,9.251,-0.008458,-0.000836,
9252,9.252,-0.011491,-0.100667,
9253,9.253,-0.006071,-0.194289,
9254,9.254,0.002562,-0.253685,
9255,9.255,-0.007579,-0.284533,
9256,9.256,-0.006041,-0.270559,
9257,9.257,0.000385,-0.238487,
9258,9.258,-0.009766,-0.191796,
9259,9.259,0.000031,-0.133851,
9260,9.260,0.006428,-0.095385,
9261,9.261,0.000952,-0.047730,
9262,9.262,0.000049,-0.028422,
9263,9.263,0.000986,-0.032177,
9264,9.264,0.005290,-0.064836,
9265,9.265,0.002471,-0.094117,
9266,9.266,0.012515,-0.124385,
9267,9.267,0.027796,-0.128104,
9268,9.268,-0.002795,-0.124688,
9269,9.269,0.028016,-0.121904,
9270,9.270,0.008056,-0.143430,
9271,9.271,0.011586,-0.169022,
9272,9.272,0.021361,-0.179907,
9273,9.273,0.012505,-0.166290,
9274,9.274,0.009729,-0.153962,
9275,9.275,0.012019,-0.123109,
9276,9.276,0.000754,-0.084844,
9277,9.277,0.010815,-0.059883,
9278,9.278,0.005143,-0.066403,
9279,9.279,-0.003417,-0.099250,
9280,9.280,-0.008094,-0.113385,
9281,9.281,-0.004137,-0.104994,
9282,9.282,-0.005432,-0.064632,
9283,9.283,-0.018069,-0.038212,
9284,9.284,-0.026644,-0.025385,
9285,9.285,-0.012885,-0.091774,
9286,9.286,-0.011140,-0.155750,
9287,9.287,-0.012953,-0.151915,
9288,9.288,-0.008514,-0.149189,
9289,9.289,-0.009989,-0.121681,
9290,9.290,-0.008937,-0.109307,
9291,9.291,-0.012290,-0.077316,
9292,9.292,-0.009365,-0.019624,
9293,9.293,-0.008665,0.052463,
9294,9.294,-0.004581,0.098904,
9295,9.295,-0.008445,0.140603,
9296,9.296,-0.000821,0.160778,
9297,9.297,-0.002006,0.162756,
9298,9.298,-0.001334,0.163884,
9299,9.299,-0.002349,0.112573,
9300,9.300,0.004398,0.029859,
9301,9.301,0.006914,-0.007595,
9302,9.302,0.004182,-0.099339,
9303,9.303,-0.001275,-0.117086,
9304,9.304,-0.006402,-0.154323,
9305,9.305,0.002847,-0.188551,
9306,9.306,-0.001443,-0.168095,
9307,9.307,0.002026,-0.071383,
9308,9.308,0.002786,0.076694,
9309,9.309,0.018245,0.214438,
9310,9.310,0.002402,0.376875,
9311,9.311,0.004157,0.395258,
9312,9.312,0.005722,0.371192,
9313,9.313,0.010505,0.386150,
9314,9.314,-0.006719,0.366199,
9315,9.315,-0.004832,0.348087,
9316,9.316,0.004974,0.303931,
9317,9.317,0.002783,0.238602,
9318,9.318,0.004132,0.202128,
9319,9.319,0.005275,0.127508,
9320,9.320,0.011814,0.078679,
9321,9.321,0.015169,0.017046,
9322,9.322,0.011540,-0.070099,
9323,9.323,0.005902,-0.128471,
9324,9.324,0.004638,-0.202073,
9325,9.325,-0.008670,-0.193091,
9326,9.326,-0.007250,-0.150189,
9327,9.327,-0.006020,-0.095509,
9328,9.328,-0.004930,-0.059552,
9329,9.329,-0.012320,-0.077908,
9330,9.330,-0.011593,-0.082219,
9331,9.331,-0.011042,-0.043274,
9332,9.332,-0.014541,-0.016990,
9333,9.333,-0.017698,-0.001373,
9334,9.334,-0.017310,0.021261,
9335,9.335,-0.012527,0.049434,
9336,9.336,-0.008054,0.101797,
9337,9.337,-0.015417,0.168744,
9338,9.338,-0.009392,0.145729,
9339,9.339,-0.003873,0.140983,
9340,9.340,-0.015777,0.151490,
9341,9.341,-0.000936,0.136026,
9342,9.342,-0.003347,0.110967,
9343,9.343,-0.005583,0.078299,
9344,9.344,0.002498,0.068863,
9345,9.345,0.003659,0.113924,
9346,9.346,-0.000759,0.188668,
9347,9.347,0.000076,0.241322,
9348,9.348,0.002953,0.255073,
9349,9.349,0.005671,0.252143,
9350,9.350,0.002650,0.192518,
9351,9.351,0.008260,0.118870,
9352,9.352,0.011681,0.049550,
9353,9.353,0.010724,-0.070414,
9354,9.354,0.002145,-0.184891,
9355,9.355,0.012191,-0.196968,
9356,9.356,0.010582,-0.179874,
9357,9.357,0.009152,-0.189023,
9358,9.358,0.012139,-0.196949,
9359,9.359,0.004650,-0.162076,
9360,9.360,0.007157,-0.092002,
9361,9.361,-0.002522,-0.114182,
9362,9.362,0.003557,-0.133995,
9363,9.363,0.002372,-0.180401,
9364,9.364,0.013720,-0.222482,
9365,9.365,0.002910,-0.225389,
9366,9.366,0.009533,-0.179442,
9367,9.367,0.008056,-0.129030,
9368,9.368,0.026888,-0.081772,
9369,9.369,-0.014312,-0.038912,
9370,9.370,0.014877,0.010761,
9371,9.371,-0.001090,0.070534,
9372,9.372,0.003606,0.142303,
9373,9.373,0.016762,0.171765,
9374,9.374,0.004881,0.164070,
9375,9.375,0.008416,0.141501,
9376,9.376,-0.007999,0.035395,
9377,9.377,0.000811,-0.132462,
9378,9.378,-0.001875,-0.288918,
9379,9.379,0.000540,-0.268393,
9380,9.380,-0.001600,-0.286665,
9381,9.381,-0.003567,-0.269744,
9382,9.382,-0.001599,-0.223705,
9383,9.383,0.000280,-0.126156,
9384,9.384,-0.004204,-0.012230,
9385,9.385,-0.002741,0.064496,
9386,9.386,-0.014005,0.161915,
9387,9.387,-0.006275,0.149346,
9388,9.388,-0.002114,0.022495,
9389,9.389,-0.008254,-0.129597,
9390,9.390,-0.004903,-0.232272,
9391,9.391,-0.001740,-0.288938,
9392,9.392,0.004828,-0.374214,
9393,9.393,0.000744,-0.451917,
9394,9.394,0.001572,-0.355814,
9395,9.395,0.003754,-0.192697,
9396,9.396,-0.000306,-0.037039,
9397,9.397,-0.001837,0.144775,
9398,9.398,-0.005223,0.315535,
9399,9.399,0.001886,0.515277,
9400,9.400,0.001052,0.648679,
9401,9.401,-0.009092,0.621817,
9402,9.402,0.000733,0.552055,
9403,9.403,-0.005352,0.488388,
9404,9.404,-0.004171,0.318857,
9405,9.405,-0.005016,0.158978,
9406,9.406,-0.007552,0.013566,
9407,9.407,-0.006534,-0.082088,
9408,9.408,-0.001122,-0.101796,
9409,9.409,-0.000299,-0.089104,
9410,9.410,-0.008450,-0.104598,
9411,9.411,-0.005103,-0.118112,
9412,9.412,-0.003966,-0.084399,
9413,9.413,-0.006534,-0.074666,
9414,9.414,-0.000494,-0.085007,
9415,9.415,0.000322,-0.060457,
9416,9.416,0.001136,-0.038956,
9417,9.417,-0.004486,-0.062663,
9418,9.418,-0.005036,-0.020370,
9419,9.419,-0.001346,-0.006114,
9420,9.420,-0.008161,-0.014724,
9421,9.421,-0.003485,-0.022799,
9422,9.422,0.000923,-0.047975,
9423,9.423,-0.005881,-0.039237,
9424,9.424,-0.010271,0.005080,
9425,9.425,-0.009284,0.073209,
9426,9.426,-0.002212,0.079561,
9427,9.427,-0.008473,0.084996,
9428,9.428,-0.009125,0.011376,
9429,9.429,-0.000484,-0.077067,
9430,9.430,-0.017357,-0.137275,
9431,9.431,-0.054344,-0.233667,
9432,9.432,0.025908,-0.248579,
9433,9.433,0.014623,-0.285460,
9434,9.434,0.045971,-0.235701,
9435,9.435,0.017779,-0.133757,
9436,9.436,0.026646,-0.011244,
9437,9.437,0.019106,0.103692,
9438,9.438,0.012264,0.177165,
9439,9.439,0.018975,0.159972,
9440,9.440,0.013499,0.042818,
9441,9.441,0.008536,-0.037136,
9442,9.442,0.004087,-0.165658,
9443,9.443,0.008773,-0.219066,
9444,9.444,-0.002770,-0.206311,
9445,9.445,0.001090,-0.054873,
9446,9.446,-0.001803,0.046052,
9447,9.447,-0.004364,0.138094,
9448,9.448,-0.006747,0.154272,
9449,9.449,-0.004056,0.168614,
9450,9.450,-0.005915,0.208930,
9451,9.451,0.000506,0.194250,
9452,9.452,0.002694,0.156671,
9453,9.453,-0.005423,0.163126,
9454,9.454,-0.000525,0.187230,
9455,9.455,-0.004265,0.156524,
9456,9.456,-0.002747,0.034289,
9457,9.457,0.010097,-0.222709,
9458,9.458,0.008736,-0.696014,
9459,9.459,0.010585,-0.891522,
9460,9.460,0.009559,-0.836677,
9461,9.461,0.001090,-0.786561,
9462,9.462,0.011719,-0.452581,
9463,9.463,0.002384,-0.061561,
9464,9.464,-0.003573,0.306111,
9465,9.465,0.004517,0.640517,
9466,9.466,0.003794,0.857086,
9467,9.467,0.003564,0.898887,
9468,9.468,-0.008352,0.857377,
9469,9.469,0.017274,0.675074,
9470,9.470,-0.037100,0.443529,
9471,9.471,0.002208,0.293095,
9472,9.472,-0.018879,0.156490,
9473,9.473,0.000632,0.081844,
9474,9.474,0.006585,0.013970,
9475,9.475,-0.019780,-0.047525,
9476,9.476,-0.024342,-0.214767,
9477,9.477,-0.010978,-0.282773,
9478,9.478,-0.022665,-0.385388,
9479,9.479,-0.026076,-0.404869,
9480,9.480,-0.022718,-0.355445,
9481,9.481,-0.001792,-0.248905,
9482,9.482,0.000995,-0.151797,
9483,9.483,-0.001233,-0.012799,
9484,9.484,-0.003321,0.154209,
9485,9.485,-0.005240,0.221999,
9486,9.486,-0.007043,0.243116,
9487,9.487,-0.012064,0.299573,
9488,9.488,-0.004407,0.250163,
9489,9.489,-0.000345,0.174771,
9490,9.490,0.000826,0.050636,
9491,9.491,0.006376,-0.167041,
9492,9.492,-0.000936,-0.434425,
9493,9.493,-0.003694,-0.830190,
9494,9.494,-0.007981,-0.987291,
9495,9.495,-0.002823,-0.841720,
9496,9.496,-0.006451,-0.534168,
9497,9.497,-0.003488,-0.174797,
9498,9.498,-0.007636,0.163744,
9499,9.499,0.000051,0.646355,
9500,9.500,-0.001044,0.968038,
9501,9.501,-0.002150,1.144053,
9502,9.502,0.002341,1.093057,
9503,9.503,0.010027,1.046984,
9504,9.504,0.000452,0.743617,
9505,9.505,0.004088,0.388787,
9506,9.506,0.000761,0.055025,
9507,9.507,0.005895,-0.248226,
9508,9.508,0.003096,-0.444409,
9509,9.509,-0.002929,-0.622773,
9510,9.510,0.008470,-0.653756,
9511,9.511,0.006692,-0.562477,
9512,9.512,0.005098,-0.479313,
9513,9.513,0.000947,-0.353875,
9514,9.514,0.007112,-0.239050,
9515,9.515,0.010227,-0.093351,
9516,9.516,0.009110,0.040066,
9517,9.517,0.009849,0.161597,
9518,9.518,-0.003095,0.119047,
9519,9.519,0.009828,-0.086671,
9520,9.520,0.008054,-0.173689,
9521,9.521,0.003377,-0.199061,
9522,9.522,0.007342,-0.173198,
9523,9.523,0.003571,-0.104831,
9524,9.524,0.009091,0.038729,
9525,9.525,0.008045,0.243771,
9526,9.526,0.005287,0.326272,
9527,9.527,0.006057,0.352025,
9528,9.528,0.000772,0.285982,
9529,9.529,0.000046,0.022253,
9530,9.530,0.001708,-0.157317,
9531,9.531,0.002195,-0.189488,
9532,9.532,0.000674,-0.218556,
9533,9.533,0.003697,-0.190620,
9534,9.534,0.006563,-0.115628,
9535,9.535,0.000789,-0.046623,
9536,9.536,-0.008712,0.057310,
9537,9.537,0.005130,0.078164,
9538,9.538,0.006967,0.097393,
9539,9.539,0.005257,0.053682,
9540,9.540,-0.002367,0.041558,
9541,9.541,-0.003738,0.030358,
9542,9.542,-0.002560,-0.003410,
9543,9.543,0.003006,-0.034303,
9544,9.544,-0.006472,-0.138733,
9545,9.545,-0.007661,-0.152589,
9546,9.546,-0.006642,-0.139646,
9547,9.547,-0.005627,-0.058212,
9548,9.548,-0.014085,0.099559,
9549,9.549,-0.008509,0.213106,
9550,9.550,-0.013744,0.154000,
9551,9.551,-0.001566,-0.010801,
9552,9.552,-0.003267,-0.210552,
9553,9.553,-0.010887,-0.236038,
9554,9.554,0.004320,-0.259456,
9555,9.555,0.002265,-0.191892,
9556,9.556,-0.003353,-0.131250,
9557,9.557,0.001677,-0.076475,
9558,9.558,0.000104,0.073923,
9559,9.559,-0.012469,0.174538,
9560,9.560,-0.024377,0.303050,
9561,9.561,-0.001443,0.318902,
9562,9.562,-0.004722,0.149987,
9563,9.563,-0.001943,-0.096727,
9564,9.564,0.006084,-0.260555,
9565,9.565,0.008348,-0.230096,
9566,9.566,-0.002930,-0.039682,
9567,9.567,0.003032,0.035006,
9568,9.568,0.005096,0.124629,
9569,9.569,-0.004375,0.237536,
9570,9.570,0.014077,0.258590,
9571,9.571,-0.023294,0.166834,
9572,9.572,0.003077,0.016307,
9573,9.573,-0.011493,-0.084409,
9574,9.574,-0.007291,-0.064957,
9575,9.575,0.012467,-0.080631,
9576,9.576,0.001430,-0.003147,
9577,9.577,0.004417,0.150614,
9578,9.578,-0.004620,0.212036,
9579,9.579,-0.002156,0.304775,
9580,9.580,-0.000039,0.288081,
9581,9.581,0.015289,0.181312,
9582,9.582,0.004893,-0.026577,
9583,9.583,0.010217,-0.353588,
9584,9.584,0.011655,-0.570820,
9585,9.585,0.009885,-0.609260,
9586,9.586,0.002699,-0.572149,
9587,9.587,0.003612,-0.341515,
9588,9.588,0.000151,-0.132244,
9589,9.589,0.002946,0.057967,
9590,9.590,-0.003729,0.280331,
9591,9.591,-0.003125,0.430016,
9592,9.592,-0.011818,0.403525,
9593,9.593,-0.013059,0.330253,
9594,9.594,-0.014289,0.218750,
9595,9.595,-0.011805,0.117486,
9596,9.596,-0.009475,0.062422,
9597,9.597,-0.007466,0.012472,
9598,9.598,-0.012563,-0.002180,
9599,9.599,-0.007010,-0.042944,
9600,9.600,-0.003449,-0.206170,
9601,9.601,-0.004281,-0.227474,
9602,9.602,0.002514,-0.124833,
9603,9.603,-0.002184,0.005592,
9604,9.604,0.003614,0.124198,
9605,9.605,0.002845,0.170958,
9606,9.606,0.004790,0.185861,
9607,9.607,0.001680,0.149205,
9608,9.608,0.001133,0.138817,
9609,9.609,0.007866,0.108822,
9610,9.610,-0.004346,0.062537,
9611,9.611,0.010859,-0.031375,
9612,9.612,0.000727,-0.194841,
9613,9.613,0.006340,-0.306292,
9614,9.614,0.008091,-0.204289,
9615,9.615,0.009714,-0.185575,
9616,9.616,0.008484,-0.134753,
9617,9.617,0.014875,-0.118871,
9618,9.618,0.009460,-0.104229,
9619,9.619,0.002373,-0.115868,
9620,9.620,0.014769,-0.126427,
9621,9.621,0.013332,-0.094494,
9622,9.622,0.009004,-0.046509,
9623,9.623,0.010621,0.014295,
9624,9.624,0.009764,0.132000,
9625,9.625,0.013284,0.216397,
9626,9.626,0.016706,0.323855,
9627,9.627,0.010648,0.366067,
9628,9.628,0.011882,0.228107,
9629,9.629,0.000783,-0.048746,
9630,9.630,0.006281,-0.246266,
9631,9.631,0.011306,-0.353607,
9632,9.632,0.007723,-0.320179,
9633,9.633,0.004459,-0.170825,
9634,9.634,0.001740,-0.035336,
9635,9.635,0.011702,0.136885,
9636,9.636,0.003403,0.248695,
9637,9.637,0.007110,0.268834,
9638,9.638,0.004564,0.176352,
9639,9.639,-0.001339,0.092522,
9640,9.640,-0.001662,0.108182,
9641,9.641,-0.001807,0.122663,
9642,9.642,-0.000617,0.085587,
9643,9.643,0.004109,0.074697,
9644,9.644,-0.000643,0.064958,
9645,9.645,-0.003702,0.055857,
9646,9.646,0.005077,0.030249,
9647,9.647,0.011128,-0.071437,
9648,9.648,-0.002127,-0.140949,
9649,9.649,0.000155,-0.178762,
9650,9.650,0.005648,-0.213514,
9651,9.651,0.004519,-0.182820,
9652,9.652,0.003525,-0.135853,
9653,9.653,0.000139,-0.110288,
9654,9.654,0.001470,-0.087213,
9655,9.655,-0.005528,-0.037754,
9656,9.656,-0.009851,-0.018857,
9657,9.657,-0.003726,0.045238,
9658,9.658,-0.001341,0.087740,
9659,9.659,-0.003222,0.141726,
9660,9.660,-0.002598,0.176559,
9661,9.661,-0.002028,0.156552,
9662,9.662,-0.008742,0.102838,
9663,9.663,-0.019061,0.052259,
9664,9.664,-0.020445,0.006276,
9665,9.665,-0.019331,-0.035326,
9666,9.666,-0.025009,-0.073133,
9667,9.667,-0.022103,-0.107496,
9668,9.668,-0.030745,-0.112422,
9669,9.669,-0.030125,-0.052385,
9670,9.670,-0.024809,-0.025010,
9671,9.671,-0.009367,-0.000173,
9672,9.672,-0.043366,0.009169,
9673,9.673,-0.009904,0.011666,
9674,9.674,-0.032308,-0.029763,
9675,9.675,-0.020900,-0.118157,
9676,9.676,-0.017818,-0.232100,
9677,9.677,-0.021522,-0.186530,
9678,9.678,-0.019168,-0.145259,
9679,9.679,-0.027829,-0.082697,
9680,9.680,-0.021129,-0.071985,
9681,9.681,-0.006162,0.000038,
9682,9.682,-0.020986,0.065488,
9683,9.683,-0.008587,0.107906,
9684,9.684,-0.010914,0.177946,
9685,9.685,-0.006995,0.243925,
9686,9.686,-0.006293,0.252367,
9687,9.687,-0.020822,0.213138,
9688,9.688,-0.012177,0.134564,
9689,9.689,-0.017917,0.061242,
9690,9.690,-0.001668,0.013354,
9691,9.691,0.004276,-0.082069,
9692,9.692,0.005665,-0.170894,
9693,9.693,0.003168,-0.136933,
9694,9.694,0.004257,-0.147775,
9695,9.695,0.014337,-0.100941,
9696,9.696,0.020728,-0.041137,
9697,9.697,0.023937,0.012857,
9698,9.698,0.017870,0.076229,
9699,9.699,0.022655,0.101352,
9700,9.700,0.028658,0.077313,
9701,9.701,0.029120,0.083790,
9702,9.702,0.020310,0.102572,
9703,9.703,0.030326,0.119591,
9704,9.704,0.028700,0.145818,
9705,9.705,0.032201,0.159921,
9706,9.706,0.019497,0.128906,
9707,9.707,0.021042,0.068683,
9708,9.708,0.022470,0.025432,
9709,9.709,0.026479,-0.013753,
9710,9.710,0.017662,-0.049384,
9711,9.711,0.020892,-0.068804,
9712,9.712,0.019931,-0.098308,
9713,9.713,0.020869,-0.082740,
9714,9.714,0.013207,-0.078368,
9715,9.715,0.016415,-0.056762,
9716,9.716,0.023043,-0.029284,
9717,9.717,0.020749,-0.011667,
9718,9.718,0.018836,-0.002364,
9719,9.719,0.017115,0.000016,
9720,9.720,0.020510,-0.019519,
9721,9.721,0.016837,-0.047139,
9722,9.722,0.022008,-0.051048,
9723,9.723,0.012964,-0.041601,
9724,9.724,0.017491,-0.027105,
9725,9.725,0.011747,-0.013837,
9726,9.726,0.009042,-0.011960,
9727,9.727,0.006531,-0.019118,
9728,9.728,0.006249,-0.021617,
9729,9.729,0.011026,-0.035028,
9730,9.730,0.012265,-0.043811,
9731,9.731,0.005049,-0.042580,
9732,9.732,0.000410,-0.044153,
9733,9.733,0.000151,-0.048093,
9734,9.734,0.001578,-0.047309,
9735,9.735,-0.003136,-0.031818,
9736,9.736,-0.003291,0.001579,
9737,9.737,-0.001092,0.015606,
9738,9.738,-0.002323,0.019552,
9739,9.739,-0.008642,0.015075,
9740,9.740,-0.010944,0.010834,
9741,9.741,-0.006340,0.000271,
9742,9.742,-0.017493,-0.021369,
9743,9.743,-0.025645,-0.014137,
9744,9.744,-0.033006,0.022268,
9745,9.745,-0.031439,0.048055,
9746,9.746,-0.030094,0.061767,
9747,9.747,-0.035559,0.056770,
9748,9.748,-0.034493,0.028298,
9749,9.749,-0.035341,0.009660,
9750,9.750,-0.034569,-0.007296,
9751,9.751,-0.041630,-0.005014,
9752,9.752,-0.037267,-0.008317,
9753,9.753,-0.041749,-0.006547,
9754,9.754,-0.039866,0.003982,
9755,9.755,-0.036693,-0.015099,
9756,9.756,-0.036629,-0.013413,
9757,9.757,-0.033064,-0.003001,
9758,9.758,-0.025830,0.006328,
9759,9.759,-0.020857,0.014792,
9760,9.760,-0.018467,0.035953,
9761,9.761,-0.020027,0.038020,
9762,9.762,-0.014862,0.012526,
9763,9.763,-0.016327,-0.004659,
9764,9.764,-0.012250,0.009520,
9765,9.765,-0.016165,0.027957,
9766,9.766,-0.016561,0.034607,
9767,9.767,-0.009716,0.036246,
9768,9.768,-0.011707,0.025569,
9769,9.769,-0.009651,0.015782,
9770,9.770,-0.012004,0.006207,
9771,9.771,-0.008450,0.007477,
9772,9.772,0.003397,0.014677,
9773,9.773,-0.025530,0.010237,
9774,9.774,0.001339,0.001092,
9775,9.775,-0.003249,0.003998,
9776,9.776,-0.014083,-0.001525,
9777,9.777,0.005713,-0.013968,
9778,9.778,-0.003405,-0.009151,
9779,9.779,0.002893,-0.023256,
9780,9.780,-0.013625,-0.032773,
9781,9.781,-0.008457,-0.014341,
9782,9.782,-0.000051,-0.012120,
9783,9.783,0.024460,-0.005641,
9784,9.784,0.020081,-0.003694,
9785,9.785,0.016073,-0.001884,
9786,9.786,0.024111,-0.010356,
9787,9.787,0.020680,-0.005757,
9788,9.788,0.027295,-0.001653,
9789,9.789,0.033275,0.002123,
9790,9.790,0.026605,0.005383,
9791,9.791,0.027921,0.010681,
9792,9.792,0.032499,0.006183,
9793,9.793,0.027459,-0.003201,
9794,9.794,0.033961,-0.022040,
9795,9.795,0.029849,-0.019184,
9796,9.796,0.037294,-0.011747,
9797,9.797,0.029724,-0.000406,
9798,9.798,0.039807,0.001789,
9799,9.799,0.035564,0.000070,
9800,9.800,0.044216,-0.008254,
9801,9.801,0.029227,-0.009643,
9802,9.802,0.035259,0.008612,
9803,9.803,0.033377,0.006427,
9804,9.804,0.035085,0.017788,
9805,9.805,0.021256,0.024096,
9806,9.806,0.019464,0.022454,
9807,9.807,0.024611,0.010876,
9808,9.808,0.020127,-0.005691,
9809,9.809,0.018875,-0.016444,
9810,9.810,0.015259,-0.005837,
9811,9.811,0.005023,-0.003503,
9812,9.812,0.003758,-0.004730,
9813,9.813,0.000100,0.009619,
9814,9.814,0.001173,0.011984,
9815,9.815,0.002214,0.007416,
9816,9.816,0.004907,0.012497,
9817,9.817,-0.007988,0.003349,
9818,9.818,-0.017366,-0.007493,
9819,9.819,-0.019180,-0.011582,
9820,9.820,-0.033218,-0.009745,
9821,9.821,-0.031596,-0.005531,
9822,9.822,-0.023429,0.002719,
9823,9.823,-0.028341,0.006226,
9824,9.824,-0.038418,0.011270,
9825,9.825,-0.042649,0.016015,
9826,9.826,-0.044180,0.021807,
9827,9.827,-0.047865,0.018816,
9828,9.828,-0.045828,0.012413,
9829,9.829,-0.052507,0.002619,
9830,9.830,-0.054005,0.004479,
9831,9.831,-0.058430,0.003810,
9832,9.832,-0.058850,-0.001240,
9833,9.833,-0.054599,-0.001686,
9834,9.834,-0.054939,0.001622,
9835,9.835,-0.049059,0.003074,
9836,9.836,-0.062337,0.010632,
9837,9.837,-0.058395,0.010412,
9838,9.838,-0.054991,0.016961,
9839,9.839,-0.046513,0.013872,
9840,9.840,-0.044001,0.003818,
9841,9.841,-0.034911,-0.009458,
9842,9.842,-0.032128,-0.003315,
9843,9.843,-0.032241,-0.001072,
9844,9.844,-0.032557,0.007052,
9845,9.845,-0.026633,0.003458,
9846,9.846,-0.036484,0.005103,
9847,9.847,-0.036872,0.004560,
9848,9.848,-0.031030,0.004057,
9849,9.849,-0.027914,0.003788,
9850,9.850,-0.031929,0.001820,
9851,9.851,-0.024979,-0.007585,
9852,9.852,-0.025532,-0.002953,
9853,9.853,-0.017641,-0.001243,
9854,9.854,-0.012974,-0.001809,
9855,9.855,0.002538,-0.017149,
9856,9.856,0.008279,-0.050461,
9857,9.857,0.008998,-0.064563,
9858,9.858,0.013673,-0.068736,
9859,9.859,0.029108,-0.048545,
9860,9.860,0.021281,-0.030227,
9861,9.861,0.034350,-0.039829,
9862,9.862,0.027763,-0.048417,
9863,9.863,0.038743,-0.023466,
9864,9.864,0.045677,-0.006702,
9865,9.865,0.043829,0.014537,
9866,9.866,0.049786,0.017660,
9867,9.867,0.055240,0.020393,
9868,9.868,0.058323,0.014110,
9869,9.869,0.072568,0.008299,
9870,9.870,0.074979,0.028985,
9871,9.871,0.078272,0.036781,
9872,9.872,0.080917,0.023254,
9873,9.873,0.103896,-0.003750,
9874,9.874,0.060106,-0.014376,
9875,9.875,0.093821,-0.017455,
9876,9.876,0.078030,0.003444,
9877,9.877,0.085133,0.017205,
9878,9.878,0.082501,0.024460,
9879,9.879,0.062874,0.017780,
9880,9.880,0.061638,0.019702,
9881,9.881,0.068225,-0.000842,
9882,9.882,0.055142,-0.014534,
9883,9.883,0.037922,-0.012147,
9884,9.884,0.028070,-0.018681,
9885,9.885,0.024873,-0.020620,
9886,9.886,0.013663,-0.015004,
9887,9.887,-0.004247,-0.013338,
9888,9.888,0.009406,0.006505,
9889,9.889,0.000961,0.009059,
9890,9.890,0.018576,0.026097,
9891,9.891,0.022044,0.019301,
9892,9.892,0.030229,0.029276,
9893,9.893,0.038438,0.038395,
9894,9.894,0.056859,0.033173,
9895,9.895,0.062190,0.019201,
9896,9.896,0.073332,-0.008813,
9897,9.897,0.089500,-0.052873,
9898,9.898,0.102715,-0.047185,
9899,9.899,0.126306,-0.052482,
9900,9.900,0.154581,-0.047781,
9901,9.901,0.165411,-0.008100,
9902,9.902,0.171335,0.029007,
9903,9.903,0.164213,0.053088,
9904,9.904,0.142135,0.057361,
9905,9.905,0.128802,0.077197,
9906,9.906,0.117645,0.073510,
9907,9.907,0.086515,0.036988,
9908,9.908,0.079679,0.022431,
9909,9.909,0.074393,0.017806,
9910,9.910,0.043796,0.005727,
9911,9.911,0.026421,-0.034610,
9912,9.912,-0.008033,-0.093577,
9913,9.913,-0.028076,-0.132915,
9914,9.914,-0.045330,-0.111871,
9915,9.915,-0.040823,-0.066981,
9916,9.916,-0.036050,-0.038009,
9917,9.917,-0.023039,-0.022431,
9918,9.918,-0.010490,0.011101,
9919,9.919,-0.018124,0.024020,
9920,9.920,-0.006688,0.019816,
9921,9.921,0.004326,-0.020595,
9922,9.922,-0.000022,-0.005022,
9923,9.923,0.009842,0.028402,
9924,9.924,0.007040,0.041095,
9925,9.925,0.008455,0.044430,
9926,9.926,-0.000046,0.069259,
9927,9.927,-0.012028,0.078593,
9928,9.928,-0.043214,0.063256,
9929,9.929,-0.117575,0.021704,
9930,9.930,-0.123877,-0.043382,
9931,9.931,-0.108833,-0.052515,
9932,9.932,-0.095039,-0.076412,
9933,9.933,-0.065365,-0.084118,
9934,9.934,-0.069904,-0.039611,
9935,9.935,-0.060117,0.000634,
9936,9.936,-0.064412,0.047979,
9937,9.937,-0.151018,0.053713,
9938,9.938,0.014185,0.070443,
9939,9.939,-0.097444,0.032565,
9940,9.940,-0.240009,-0.001877,
9941,9.941,-0.185450,0.002060,
9942,9.942,-0.170327,-0.026121,
9943,9.943,-0.187862,-0.051714,
9944,9.944,-0.176980,-0.048713,
9945,9.945,-0.218393,-0.057771,
9946,9.946,-0.234287,-0.060695,
9947,9.947,-0.229046,-0.058533,
9948,9.948,-0.168469,-0.060903,
9949,9.949,-0.149006,-0.030341,
9950,9.950,-0.148308,-0.008367,
9951,9.951,-0.148958,-0.004469,
9952,9.952,-0.125066,0.006388,
9953,9.953,-0.128383,0.003279,
9954,9.954,-0.154047,0.000532,
9955,9.955,-0.198290,-0.002060,
9956,9.956,-0.213738,0.015316,
9957,9.957,-0.189352,0.049107,
9958,9.958,-0.196876,0.063597,
9959,9.959,-0.205265,0.068157,
9960,9.960,-0.198608,0.064511,
9961,9.961,-0.230502,0.046711,
9962,9.962,-0.287694,0.056838,
9963,9.963,-0.261403,0.054253,
9964,9.964,-0.249843,0.057252,
9965,9.965,-0.260432,0.055246,
9966,9.966,-0.236268,0.022040,
9967,9.967,-0.172089,-0.011266,
9968,9.968,-0.130599,0.002511,
9969,9.969,-0.094696,0.007062,
9970,9.970,-0.044720,0.004192,
9971,9.971,-0.000748,0.034659,
9972,9.972,0.020334,0.062930,
9973,9.973,0.011624,0.075489,
9974,9.974,-0.011928,0.050866,
9975,9.975,-0.073486,0.008668,
9976,9.976,-0.025143,-0.007983,
9977,9.977,-0.032650,-0.012423,
9978,9.978,-0.009527,-0.006860,
9979,9.979,0.024448,0.015962,
9980,9.980,0.002488,0.028598,
9981,9.981,0.040265,0.047469,
9982,9.982,0.075243,0.078044,
9983,9.983,0.106083,0.082734,
9984,9.984,0.121535,0.072729,
9985,9.985,0.156263,0.063780,
9986,9.986,0.162795,0.055884,
9987,9.987,0.179910,0.037698,
9988,9.988,0.216381,0.001364,
9989,9.989,0.237943,-0.077788,
9990,9.990,0.280727,-0.180521,
9991,9.991,0.306725,-0.165900,
9992,9.992,0.317320,-0.127438,
9993,9.993,0.338761,-0.069215,
9994,9.994,0.347659,-0.078837,
9995,9.995,0.346279,-0.068676,
9996,9.996,0.327813,-0.076641,
9997,9.997,0.327341,-0.099367,
9998,9.998,0.320321,-0.077455,
9999,9.999,0.321066,-0.044599,
10000,10.000,0.310723,-0.003121,
10001,10.001,0.296393,-0.007832,
10002,10.002,0.313931,0.007039,
10003,10.003,0.304000,0.029469,
10004,10.004,0.308161,0.041684,
10005,10.005,0.301847,0.038420,
10006,10.006,0.310773,0.035412,
10007,10.007,0.295539,0.008490,
10008,10.008,0.293038,-0.024264,
10009,10.009,0.277178,-0.037487,
10010,10.010,0.257395,-0.033707,
10011,10.011,0.247435,-0.008492,
10012,10.012,0.226578,0.014324,
10013,10.013,0.216287,0.022881,
10014,10.014,0.201373,0.019876,
10015,10.015,0.196189,0.017202,
10016,10.016,0.181022,0.010254,
10017,10.017,0.175507,-0.004332,
10018,10.018,0.158995,0.000874,
10019,10.019,0.144941,0.002111,
10020,10.020,0.133948,-0.009077,
10021,10.021,0.119030,0.002865,
10022,10.022,0.098281,0.007287,
10023,10.023,0.089719,0.005072,
10024,10.024,0.074828,0.005658,
10025,10.025,0.063027,-0.003993,
10026,10.026,0.053898,-0.017432,
10027,10.027,0.053889,-0.030239,
10028,10.028,0.043366,-0.026665,
10029,10.029,0.019816,-0.034602,
10030,10.030,-0.000879,-0.039347,
10031,10.031,-0.008671,-0.030069,
10032,10.032,-0.040941,-0.027064,
10033,10.033,-0.057126,-0.014249,
10034,10.034,-0.082148,-0.013469,
10035,10.035,-0.114585,-0.012885,
10036,10.036,-0.144492,0.005924,
10037,10.037,-0.170621,0.007457,
10038,10.038,-0.182838,0.008657,
10039,10.039,-0.202827,0.005308,
10040,10.040,-0.211534,0.002087,
10041,10.041,-0.250954,-0.004734,
10042,10.042,-0.260216,-0.017715,
10043,10.043,-0.281169,-0.014164,
10044,10.044,-0.287939,-0.008159,
10045,10.045,-0.304601,0.009899,
10046,10.046,-0.290749,0.011771,
10047,10.047,-0.313264,0.028216,
10048,10.048,-0.309707,0.025223,
10049,10.049,-0.313932,0.014338,
10050,10.050,-0.311378,0.011820,
10051,10.051,-0.321367,0.019699,
10052,10.052,-0.314627,0.023694,
10053,10.053,-0.299132,0.038382,
10054,10.054,-0.294699,0.048023,
10055,10.055,-0.287259,0.053120,
10056,10.056,-0.277479,0.071258,
10057,10.057,-0.272803,0.078097,
10058,10.058,-0.257162,0.071059,
10059,10.059,-0.274860,0.040023,
10060,10.060,-0.271765,-0.000102,
10061,10.061,-0.277467,-0.005633,
10062,10.062,-0.273660,-0.010532,
10063,10.063,-0.283667,-0.041412,
10064,10.064,-0.269060,-0.045343,
10065,10.065,-0.267183,-0.070747,
10066,10.066,-0.266684,-0.100542,
10067,10.067,-0.262630,-0.048487,
10068,10.068,-0.246863,-0.012952,
10069,10.069,-0.226615,-0.006403,
10070,10.070,-0.216744,0.034716,
10071,10.071,-0.201979,0.040178,
10072,10.072,-0.183308,0.054816,
10073,10.073,-0.165259,0.056964,
10074,10.074,-0.141191,0.044076,
10075,10.075,-0.100244,0.040501,
10076,10.076,-0.120002,0.037231,
10077,10.077,-0.061713,0.027718,
10078,10.078,-0.027508,0.036819,
10079,10.079,0.002293,0.034459,
10080,10.080,0.027881,0.032470,
10081,10.081,0.035589,0.026288,
10082,10.082,0.041204,0.020652,
10083,10.083,0.068456,0.011838,
10084,10.084,0.092011,0.020820,
10085,10.085,0.131725,0.016805,
10086,10.086,0.153769,-0.003405,
10087,10.087,0.172748,-0.029785,
10088,10.088,0.188875,-0.025528,
10089,10.089,0.213186,-0.015055,
10090,10.090,0.214946,-0.023231,
10091,10.091,0.224633,-0.036293,
10092,10.092,0.224499,-0.023301,
10093,10.093,0.231045,-0.024884,
10094,10.094,0.229724,-0.022277,
10095,10.095,0.246142,-0.012419,
10096,10.096,0.246816,-0.003409,
10097,10.097,0.247028,0.001710,
10098,10.098,0.235088,-0.004665,
10099,10.099,0.234731,-0.010380,
10100,10.100,0.224492,0.000455,
10101,10.101,0.241949,0.002292,
10102,10.102,0.251743,0.009010,
10103,10.103,0.248650,0.010431,
10104,10.104,0.235240,0.007763,
10105,10.105,0.232989,-0.004037,
10106,10.106,0.222441,0.001389,
10107,10.107,0.217149,-0.008936,
10108,10.108,0.212723,-0.015581,
10109,10.109,0.209148,-0.034304,
10110,10.110,0.200313,-0.064269,
10111,10.111,0.187258,-0.060278,
10112,10.112,0.178932,-0.056649,
10113,10.113,0.159757,-0.033582,
10114,10.114,0.153079,-0.012724,
10115,10.115,0.142846,0.023018,
10116,10.116,0.134434,-0.001118,
10117,10.117,0.115303,-0.040846,
10118,10.118,0.104382,-0.046033,
10119,10.119,0.089821,-0.041231,
10120,10.120,0.082613,-0.027983,
10121,10.121,0.072740,-0.016042,
10122,10.122,0.068802,-0.005120,
10123,10.123,0.066200,0.011369,
10124,10.124,0.051380,0.044393,
10125,10.125,0.044126,0.039985,
10126,10.126,0.038482,0.043819,
10127,10.127,0.019663,0.032912,
10128,10.128,0.010350,0.022975,
10129,10.129,0.009722,0.014063,
10130,10.130,0.010358,0.011246,
10131,10.131,-0.004650,0.003815,
10132,10.132,-0.004575,0.001444,
10133,10.133,-0.021599,-0.004812,
10134,10.134,-0.014907,-0.021733,
10135,10.135,-0.014345,-0.055545,
10136,10.136,-0.012649,-0.050960,
10137,10.137,-0.004819,-0.011360,
10138,10.138,-0.011518,0.015022,
10139,10.139,-0.007602,0.000482,
10140,10.140,-0.007280,-0.004076,
10141,10.141,-0.024810,0.007574,
10142,10.142,-0.026420,0.032749,
10143,10.143,-0.041701,0.042390,
10144,10.144,-0.048187,0.039331,
10145,10.145,-0.059268,0.025501,
10146,10.146,-0.063474,0.013036,
10147,10.147,-0.071467,0.006319,
10148,10.148,-0.082768,0.004169,
10149,10.149,-0.093191,0.009642,
10150,10.150,-0.097146,0.014594,
10151,10.151,-0.095662,0.031440,
10152,10.152,-0.106324,0.033596,
10153,10.153,-0.111225,0.011095,
10154,10.154,-0.110720,0.008220,
10155,10.155,-0.118207,0.005489,
10156,10.156,-0.132334,0.007786,
10157,10.157,-0.129085,0.018867,
10158,10.158,-0.130781,0.024888,
10159,10.159,-0.136768,0.011797,
10160,10.160,-0.138081,0.010056,
10161,10.161,-0.128117,0.005436,
10162,10.162,-0.132589,-0.012694,
10163,10.163,-0.139666,-0.015084,
10164,10.164,-0.137851,-0.030647,
10165,10.165,-0.131345,-0.020466,
10166,10.166,-0.123386,-0.007376,
10167,10.167,-0.116157,0.001137,
10168,10.168,-0.119158,-0.000377,
10169,10.169,-0.118804,-0.021190,
10170,10.170,-0.112728,-0.029976,
10171,10.171,-0.101592,-0.027247,
10172,10.172,-0.096902,-0.014870,
10173,10.173,-0.101174,-0.008240,
10174,10.174,-0.093751,0.003478,
10175,10.175,-0.095793,0.001515,
10176,10.176,-0.079879,0.010868,
10177,10.177,-0.118547,-0.004312,
10178,10.178,-0.083065,-0.018484,
10179,10.179,-0.080326,0.002016,
10180,10.180,-0.069363,-0.000677,
10181,10.181,-0.051844,-0.013022,
10182,10.182,-0.072606,-0.015229,
10183,10.183,-0.065652,-0.025383,
10184,10.184,-0.065814,-0.023542,
10185,10.185,-0.049898,-0.028643,
10186,10.186,-0.040887,-0.018014,
10187,10.187,-0.015105,-0.013949,
10188,10.188,-0.006869,-0.000037,
10189,10.189,0.000234,0.020478,
10190,10.190,0.032791,0.023226,
10191,10.191,0.033624,0.016012,
10192,10.192,0.042812,0.027244,
10193,10.193,0.050576,-0.003264,
10194,10.194,0.071809,0.001237,
10195,10.195,0.070848,0.013165,
10196,10.196,0.075424,0.016797,
10197,10.197,0.090320,0.007065,
10198,10.198,0.093376,0.015924,
10199,10.199,0.091349,-0.008679,
10200,10.200,0.089169,-0.018344,
10201,10.201,0.086837,-0.033039,
10202,10.202,0.081011,-0.024730,
10203,10.203,0.084514,-0.002211,
10204,10.204,0.090125,0.024977,
10205,10.205,0.087326,0.035854,
10206,10.206,0.080205,0.019474,
10207,10.207,0.083632,0.016679,
10208,10.208,0.084425,0.003122,
10209,10.209,0.076487,0.000933,
10210,10.210,0.067624,0.003359,
10211,10.211,0.067633,0.013765,
10212,10.212,0.068419,0.019544,
10213,10.213,0.058626,0.014487,
10214,10.214,0.064808,0.009635,
10215,10.215,0.062796,-0.000419,
10216,10.216,0.074567,0.010528,
10217,10.217,0.061381,0.020828,
10218,10.218,0.052849,0.016440,
10219,10.219,0.044885,0.017271,
10220,10.220,0.043601,0.017943,
10221,10.221,0.036801,0.016573,
10222,10.222,0.025335,0.009867,
10223,10.223,0.023721,0.003728,
10224,10.224,0.022169,0.001398,
10225,10.225,0.009325,-0.005175,
10226,10.226,-0.000088,-0.014773,
10227,10.227,-0.006241,-0.021196,
10228,10.228,-0.016434,-0.015799,
10229,10.229,-0.032511,-0.012936,
10230,10.230,-0.040372,-0.010415,
10231,10.231,-0.044330,-0.013167,
10232,10.232,-0.057175,-0.006467,
10233,10.233,-0.058026,-0.009406,
10234,10.234,-0.068992,-0.019086,
10235,10.235,-0.065543,-0.025558,
10236,10.236,-0.066612,-0.017970,
10237,10.237,-0.069482,-0.006615,
10238,10.238,-0.075702,-0.014364,
10239,10.239,-0.073951,-0.026991,
10240,10.240,-0.065266,-0.022018,
10241,10.241,-0.059566,-0.035983,
10242,10.242,-0.057406,-0.026783,
10243,10.243,-0.060479,-0.021802,
10244,10.244,-0.049856,-0.026490,
10245,10.245,-0.056783,-0.030664,
10246,10.246,-0.057113,-0.019435,
10247,10.247,-0.046417,-0.036449,
10248,10.248,-0.043138,-0.056850,
10249,10.249,-0.031008,-0.070643,
10250,10.250,-0.038323,-0.048439,
10251,10.251,-0.024807,-0.039775,
10252,10.252,-0.036638,-0.004213,
10253,10.253,-0.021532,0.039332,
10254,10.254,-0.025309,0.045040,
10255,10.255,-0.016661,0.007864,
10256,10.256,-0.005082,-0.025853,
10257,10.257,0.008771,-0.038913,
10258,10.258,0.005432,-0.066618,
10259,10.259,0.017226,-0.069914,
10260,10.260,0.017769,-0.020116,
10261,10.261,0.024306,0.086781,
10262,10.262,0.032966,0.255196,
10263,10.263,0.033278,0.277664,
10264,10.264,0.042829,0.216887,
10265,10.265,0.051831,0.161530,
10266,10.266,0.052488,0.111253,
10267,10.267,0.062393,0.096168,
10268,10.268,0.058022,0.054676,
10269,10.269,0.066630,0.042212,
10270,10.270,0.069761,-0.015334,
10271,10.271,0.085547,-0.046657,
10272,10.272,0.079120,-0.094418,
10273,10.273,0.089585,-0.069012,
10274,10.274,0.088158,-0.077223,
10275,10.275,0.094483,-0.042230,
10276,10.276,0.086706,-0.035410,
10277,10.277,0.107475,-0.042067,
10278,10.278,0.067312,-0.024831,
10279,10.279,0.085803,-0.009060,
10280,10.280,0.060457,-0.004421,
10281,10.281,0.076189,-0.008860,
10282,10.282,0.073281,-0.028826,
10283,10.283,0.063046,-0.017957,
10284,10.284,0.053954,-0.027702,
10285,10.285,0.032806,-0.042473,
10286,10.286,0.037664,-0.039593,
10287,10.287,0.037048,-0.041701,
10288,10.288,0.046519,-0.030218,
10289,10.289,0.028540,-0.031898,
10290,10.290,0.022851,-0.025962,
10291,10.291,0.023023,-0.023924,
10292,10.292,0.032232,-0.019056,
10293,10.293,0.016482,-0.014653,
10294,10.294,0.016868,-0.008013,
10295,10.295,0.004145,-0.008618,
10296,10.296,0.000939,-0.007190,
10297,10.297,-0.024046,-0.004018,
10298,10.298,-0.017189,0.009285,
10299,10.299,-0.017756,0.015272,
10300,10.300,-0.017941,0.013932,
10301,10.301,-0.023684,0.006736,
10302,10.302,-0.034304,-0.008126,
10303,10.303,-0.048505,-0.038500,
10304,10.304,-0.047632,-0.069194,
10305,10.305,-0.058787,-0.073061,
10306,10.306,-0.050190,-0.098359,
10307,10.307,-0.052277,-0.108004,
10308,10.308,-0.056938,-0.062754,
10309,10.309,-0.052686,0.008693,
10310,10.310,-0.051013,0.056288,
10311,10.311,-0.058544,0.030703,
10312,10.312,-0.062777,0.038908,
10313,10.313,-0.068941,0.032348,
10314,10.314,-0.067431,0.026434,
10315,10.315,-0.057728,0.032587,
10316,10.316,-0.054561,0.048821,
10317,10.317,-0.058273,0.082997,
10318,10.318,-0.046205,0.123153,
10319,10.319,-0.051171,0.203552,
10320,10.320,-0.043059,0.284432,
10321,10.321,-0.053852,0.274442,
10322,10.322,-0.040413,0.189349,
10323,10.323,-0.040461,0.109162,
10324,10.324,-0.026596,0.036641,
10325,10.325,-0.023690,-0.010374,
10326,10.326,-0.024117,-0.035926,
10327,10.327,-0.019094,-0.058940,
10328,10.328,-0.029572,-0.065648,
10329,10.329,-0.030393,-0.084382,
10330,10.330,-0.028468,-0.089486,
10331,10.331,-0.019188,-0.094055,
10332,10.332,-0.013271,-0.088743,
10333,10.333,-0.014065,-0.101629,
10334,10.334,-0.009390,-0.113456,
10335,10.335,-0.001631,-0.131684,
10336,10.336,0.001298,-0.128564,
10337,10.337,-0.011068,-0.119744,
10338,10.338,-0.013027,-0.094894,
10339,10.339,-0.014903,-0.058307,
10340,10.340,-0.000129,-0.014473,
10341,10.341,0.001368,-0.020098,
10342,10.342,0.002643,-0.025290,
10343,10.343,-0.006448,-0.030117,
10344,10.344,-0.002587,-0.017201,
10345,10.345,0.000691,-0.029461,
10346,10.346,0.006123,-0.011775,
10347,10.347,0.013037,0.017539,
10348,10.348,0.002673,0.053070,
10349,10.349,-0.009569,0.028396,
10350,10.350,-0.015089,0.067724,
10351,10.351,-0.003538,0.147380,
10352,10.352,-0.012979,0.227620,
10353,10.353,-0.012454,0.217080,
10354,10.354,0.001755,0.112477,
10355,10.355,0.002803,0.014983,
10356,10.356,0.003625,-0.048344,
10357,10.357,0.000862,-0.037039,
10358,10.358,-0.004659,-0.026880,
10359,10.359,-0.001653,-0.036505,
10360,10.360,0.008713,-0.062492,
10361,10.361,0.006200,-0.070388,
10362,10.362,0.017775,-0.077635,
10363,10.363,0.021893,-0.071374,
10364,10.364,0.028575,-0.077388,
10365,10.365,0.029036,-0.114884,
10366,10.366,0.036966,-0.148939,
10367,10.367,0.030554,-0.135896,
10368,10.368,0.030771,-0.100039,
10369,10.369,0.032726,-0.085925,
10370,10.370,0.037916,-0.073214,
10371,10.371,0.025736,-0.062076,
10372,10.372,0.026761,-0.044757,
10373,10.373,0.024611,0.003964,
10374,10.374,0.017075,0.052785,
10375,10.375,0.012796,0.058318,
10376,10.376,0.008720,0.014823,
10377,10.377,0.005005,-0.062476,
10378,10.378,0.020272,-0.094397,
10379,10.379,-0.013826,-0.085622,
10380,10.380,0.019599,-0.008550,
10381,10.381,0.014824,0.147525,
10382,10.382,0.010588,0.304054,
10383,10.383,0.021113,0.324173,
10384,10.384,0.004416,0.231510,
10385,10.385,-0.004639,0.113659,
10386,10.386,-0.007584,0.006599,
10387,10.387,-0.000537,-0.034873,
10388,10.388,0.001435,-0.022121,
10389,10.389,0.003250,0.012686,
10390,10.390,-0.006253,0.044139,
10391,10.391,-0.011498,0.110704,
10392,10.392,-0.010147,0.188443,
10393,10.393,0.004921,0.219528,
10394,10.394,-0.005362,0.152948,
10395,10.395,-0.007336,0.126603,
10396,10.396,-0.026033,0.102687,
10397,10.397,-0.023711,0.052370,
10398,10.398,-0.008225,-0.019330,
10399,10.399,-0.010226,-0.086057,
10400,10.400,-0.011802,-0.146791,
10401,10.401,-0.013574,-0.186154,
10402,10.402,-0.009027,-0.179213,
10403,10.403,-0.027099,-0.172767,
10404,10.404,0.010108,-0.143409,
10405,10.405,0.036714,-0.148611,
10406,10.406,-0.036015,-0.143804,
10407,10.407,0.036939,-0.095125,
10408,10.408,-0.010417,-0.075574,
10409,10.409,0.015496,-0.045957,
10410,10.410,-0.007787,-0.050832,
10411,10.411,0.013577,-0.036102,
10412,10.412,0.007216,0.012865,
10413,10.413,0.001520,0.006780,
10414,10.414,0.006836,-0.033943,
10415,10.415,0.002119,-0.071165,
10416,10.416,-0.002259,-0.037430,
10417,10.417,-0.006153,0.028807,
10418,10.418,-0.002641,0.171297,
10419,10.419,-0.012501,0.273339,
10420,10.420,-0.003759,0.218133,
10421,10.421,-0.001110,0.134221,
10422,10.422,0.001184,0.088449,
10423,10.423,-0.001092,0.018851,
10424,10.424,-0.003202,-0.018894,
10425,10.425,-0.001428,-0.030374,
10426,10.426,-0.003194,-0.040666,
10427,10.427,-0.010877,-0.069112,
10428,10.428,-0.006890,-0.112310,
10429,10.429,-0.005758,-0.167022,
10430,10.430,-0.002615,-0.174106,
10431,10.431,-0.009959,-0.167530,
10432,10.432,-0.001503,-0.137946,
10433,10.433,-0.002521,-0.089506,
10434,10.434,0.002790,-0.121479,
10435,10.435,0.009268,-0.127038,
10436,10.436,0.013505,-0.111073,
10437,10.437,0.015746,-0.077298,
10438,10.438,0.015141,-0.028871,
10439,10.439,0.014731,0.068102,
10440,10.440,0.022446,0.165217,
10441,10.441,0.019488,0.228096,
10442,10.442,0.005559,0.331366,
10443,10.443,0.003655,0.400578,
10444,10.444,-0.001776,0.387683,
10445,10.445,-0.016821,0.329681,
10446,10.446,0.013980,0.214463,
10447,10.447,-0.051997,0.137508,
10448,10.448,-0.194089,0.039875,
10449,10.449,0.070719,0.001794,
10450,10.450,0.034964,-0.056090,
10451,10.451,0.002374,-0.150372,
10452,10.452,0.032352,-0.213832,
10453,10.453,0.005506,-0.225583,
10454,10.454,0.030220,-0.256785,
10455,10.455,0.008096,-0.266166,
10456,10.456,0.028615,-0.274589,
10457,10.457,0.010304,-0.250991,
10458,10.458,-0.006292,-0.201037,
10459,10.459,0.009034,-0.142608,
10460,10.460,-0.004738,-0.134770,
10461,10.461,0.007834,-0.042082,
10462,10.462,-0.003615,0.071923,
10463,10.463,0.027550,0.210202,
10464,10.464,0.018111,0.229239,
10465,10.465,0.026767,0.078292,
10466,10.466,0.034554,0.017742,
10467,10.467,0.027441,-0.037409,
10468,10.468,0.021001,0.047060,
10469,10.469,0.015222,0.123918,
10470,10.470,0.009914,0.165794,
10471,10.471,0.005127,0.228994,
10472,10.472,0.000670,0.171450,
10473,10.473,-0.003249,0.119247,
10474,10.474,-0.014167,0.071761,
10475,10.475,-0.017468,0.045721,
10476,10.476,-0.014670,0.006458,
10477,10.477,-0.017119,-0.007133,
10478,10.478,-0.019934,-0.056775,
10479,10.479,0.002297,-0.088870,
10480,10.480,-0.042780,-0.117816,
10481,10.481,-0.036441,-0.112155,
10482,10.482,-0.065800,-0.106979,
10483,10.483,-0.049982,-0.102065,
10484,10.484,-0.016231,-0.097557,
10485,10.485,-0.029489,-0.071584,
10486,10.486,-0.033453,-0.034669,
10487,10.487,-0.037056,-0.009901,
10488,10.488,-0.027283,0.030493,
10489,10.489,-0.012443,0.079143,
10490,10.490,-0.020613,0.111954,
10491,10.491,-0.018263,0.141363,
10492,10.492,-0.016081,0.135781,
10493,10.493,-0.030328,0.111285,
10494,10.494,-0.021041,0.080271,
10495,10.495,-0.009191,0.020024,
10496,10.496,-0.001592,-0.092290,
10497,10.497,-0.022359,-0.107755,
10498,10.498,-0.037228,-0.094015,
10499,10.499,0.003808,-0.056382,
10500,10.500,0.021416,-0.044890,
10501,10.501,0.016332,-0.055305,
10502,10.502,0.030849,-0.102837,
10503,10.503,0.035421,-0.129018,
10504,10.504,0.031693,-0.137151,
10505,10.505,0.042723,-0.101966,
10506,10.506,0.059316,-0.005008,
10507,10.507,0.050732,0.120244,
10508,10.508,0.053657,0.137207,
10509,10.509,0.056228,0.061117,
10510,10.510,0.054270,-0.035661,
10511,10.511,0.044385,-0.148914,
10512,10.512,0.031650,-0.133368,
10513,10.513,0.026868,-0.035865,
10514,10.514,0.028720,0.027192,
10515,10.515,0.024995,0.061519,
10516,10.516,0.016547,0.050680,
10517,10.517,0.020117,0.097416,
10518,10.518,0.029945,0.174462,
10519,10.519,0.016419,0.163659,
10520,10.520,0.014896,0.134808,
10521,10.521,-0.010131,0.108465,
10522,10.522,0.023021,0.053346,
10523,10.523,0.010181,0.045675,
10524,10.524,-0.001292,0.051578,
10525,10.525,-0.004476,-0.036921,
10526,10.526,0.005708,-0.125424,
10527,10.527,-0.002702,-0.182952,
10528,10.528,-0.016013,-0.214039,
10529,10.529,-0.008366,-0.204540,
10530,10.530,-0.010156,-0.144160,
10531,10.531,-0.011836,-0.120833,
10532,10.532,-0.013384,-0.113729,
10533,10.533,-0.021474,-0.081381,
10534,10.534,-0.010481,-0.016577,
10535,10.535,-0.022611,-0.007720,
10536,10.536,-0.027366,-0.015238,
10537,10.537,-0.019481,0.034764,
10538,10.538,-0.015101,0.132108,
10539,10.539,-0.028705,0.340957,
10540,10.540,-0.026598,0.549788,
10541,10.541,-0.014526,0.414640,
10542,10.542,-0.022013,0.242852,
10543,10.543,-0.031563,0.086746,
10544,10.544,-0.012552,-0.054812,
10545,10.545,-0.020665,-0.109755,
10546,10.546,-0.027963,-0.227301,
10547,10.547,-0.016845,-0.273465,
10548,10.548,-0.010847,-0.288019,
10549,10.549,-0.016615,-0.200773,
10550,10.550,-0.015175,-0.144445,
10551,10.551,-0.013939,-0.030860,
10552,10.552,-0.015611,0.044499,
10553,10.553,-0.019696,0.057125,
10554,10.554,-0.012363,-0.032416,
10555,10.555,-0.011918,-0.114136,
10556,10.556,-0.018953,-0.125518,
10557,10.557,-0.006806,-0.135867,
10558,10.558,-0.013196,-0.127877,
10559,10.559,-0.025901,-0.042258,
10560,10.560,-0.022232,0.083896,
10561,10.561,-0.019202,0.167723,
10562,10.562,-0.016523,0.335736,
10563,10.563,-0.018718,0.313061,
10564,10.564,-0.016862,0.332959,
10565,10.565,-0.013510,0.276931,
10566,10.566,-0.013950,0.158507,
10567,10.567,-0.008359,0.081210,
10568,10.568,-0.003322,0.038696,
10569,10.569,-0.010653,0.025222,
10570,10.570,-0.000605,0.012655,
10571,10.571,-0.013966,-0.019612,
10572,10.572,-0.020046,-0.106209,
10573,10.573,-0.020060,-0.233942,
10574,10.574,-0.017689,-0.319104,
10575,10.575,-0.019992,-0.396431,
10576,10.576,-0.020182,-0.355609,
10577,10.577,-0.007244,-0.293294,
10578,10.578,-0.018595,-0.211220,
10579,10.579,-0.005366,-0.154571,
10580,10.580,0.021726,-0.103325,
10581,10.581,-0.031011,-0.075729,
10582,10.582,0.003821,-0.119489,
10583,10.583,-0.015989,-0.096528,
10584,10.584,0.012787,-0.061291,
10585,10.585,0.028291,-0.016176,
10586,10.586,-0.015640,0.024785,
10587,10.587,0.013429,0.030010,
10588,10.588,0.018547,0.054174,
10589,10.589,0.004162,-0.011935,
10590,10.590,0.052789,-0.154054,
10591,10.591,0.046537,-0.214871,
10592,10.592,0.029372,-0.196659,
10593,10.593,0.045636,-0.079409,
10594,10.594,0.041349,0.118875,
10595,10.595,0.028697,0.362050,
10596,10.596,0.017449,0.525376,
10597,10.597,0.043494,0.673663,
10598,10.598,0.074026,0.645956,
10599,10.599,0.063012,0.473102,
10600,10.600,0.038530,0.360948,
10601,10.601,0.036278,0.340688,
10602,10.602,0.052193,0.248400,
10603,10.603,0.083377,0.164803,
10604,10.604,0.064540,0.058377,
10605,10.605,0.091091,-0.038174,
10606,10.606,0.095520,-0.151074,
10607,10.607,0.081878,-0.257340,
10608,10.608,0.058460,-0.353768,
10609,10.609,0.096148,-0.441198,
10610,10.610,0.053853,-0.382736,
10611,10.611,0.096147,-0.267073,
10612,10.612,0.060281,-0.128435,
10613,10.613,0.047273,0.002251,
10614,10.614,0.061856,0.087420,
10615,10.615,0.067153,0.134279,
10616,10.616,0.072091,0.149043,
10617,10.617,0.063668,0.162323,
10618,10.618,0.062170,0.151623,
10619,10.619,0.082644,0.121407,
10620,10.620,0.046739,0.075045,
10621,10.621,-0.031991,0.033067,
10622,10.622,-0.042269,-0.051818,
10623,10.623,-0.072215,-0.177257,
10624,10.624,-0.099488,-0.226782,
10625,10.625,-0.124276,-0.210848,
10626,10.626,-0.131010,-0.140891,
10627,10.627,-0.122913,-0.052303,
10628,10.628,-0.167121,0.005457,
10629,10.629,-0.219171,0.057740,
10630,10.630,-0.111590,-0.027518,
10631,10.631,-0.156615,-0.130927,
10632,10.632,-0.114289,-0.117000,
10633,10.633,-0.101119,-0.180076,
10634,10.634,-0.112004,-0.168552,
10635,10.635,-0.101164,-0.095579,
10636,10.636,-0.072271,-0.029257,
10637,10.637,-0.080546,-0.003311,
10638,10.638,-0.072480,0.020135,
10639,10.639,-0.065155,0.112799,
10640,10.640,-0.045746,0.150557,
10641,10.641,-0.051421,0.161967,
10642,10.642,-0.046168,0.151479,
10643,10.643,-0.031873,0.141834,
10644,10.644,-0.010039,0.133160,
10645,10.645,-0.006392,0.094193,
10646,10.646,-0.003201,0.058936,
10647,10.647,0.006191,0.013998,
10648,10.648,0.008612,-0.062353,
10649,10.649,0.010841,-0.093636,
10650,10.650,0.012651,-0.103639,
10651,10.651,0.023173,-0.164744,
10652,10.652,0.024494,-0.220165,
10653,10.653,0.029345,-0.242351,
10654,10.654,0.033656,-0.236836,
10655,10.655,0.037395,-0.173112,
10656,10.656,0.043503,-0.113495,
10657,10.657,0.033861,-0.059470,
10658,10.658,0.025187,-0.010194,
10659,10.659,0.039983,0.060742,
10660,10.660,0.054632,0.108018,
10661,10.661,0.047567,0.047840,
10662,10.662,0.037315,-0.006361,
10663,10.663,0.027883,0.015583,
10664,10.664,0.040803,0.022680,
10665,10.665,0.030562,0.017645,
10666,10.666,0.031336,-0.051007,
10667,10.667,0.031967,-0.116577,
10668,10.668,0.040753,-0.141595,
10669,10.669,0.041103,-0.195258,
10670,10.670,0.045875,-0.187026,
10671,10.671,0.044063,-0.088605,
10672,10.672,0.036808,0.038208,
10673,10.673,0.040278,0.157731,
10674,10.674,0.034329,0.327833,
10675,10.675,0.034345,0.441727,
10676,10.676,0.024254,0.464068,
10677,10.677,0.016795,0.484703,
10678,10.678,0.022631,0.436690,
10679,10.679,0.004668,0.402866,
10680,10.680,0.001125,0.359635,
10681,10.681,0.016740,0.264890,
10682,10.682,-0.016986,0.204130,
10683,10.683,0.016897,0.125783,
10684,10.684,0.003815,0.117311,
10685,10.685,0.007888,0.033498,
10686,10.686,0.018977,-0.045431,
10687,10.687,0.009509,-0.096061,
10688,10.688,0.012760,-0.104080,
10689,10.689,0.015870,-0.111279,
10690,10.690,-0.000928,-0.086530,
10691,10.691,-0.002605,-0.063821,
10692,10.692,0.004036,-0.081742,
10693,10.693,0.006489,-0.097878,
10694,10.694,0.025699,-0.123087,
10695,10.695,0.009080,-0.097454,
10696,10.696,0.003124,-0.056318,
10697,10.697,-0.010448,-0.028511,
10698,10.698,-0.007931,0.006430,
10699,10.699,-0.005588,-0.014728,
10700,10.700,0.002682,-0.034194,
10701,10.701,-0.006320,-0.059358,
10702,10.702,-0.001980,-0.082437,
10703,10.703,-0.002389,-0.127788,
10704,10.704,-0.017526,-0.199566,
10705,10.705,-0.028128,-0.266540,
10706,10.706,-0.025549,-0.293146,
10707,10.707,-0.023138,-0.301698,
10708,10.708,-0.027693,-0.295357,
10709,10.709,-0.019592,-0.276957,
10710,10.710,-0.017749,-0.201346,
10711,10.711,-0.023543,-0.129404,
10712,10.712,-0.038013,-0.007215,
10713,10.713,-0.027485,0.041972,
10714,10.714,-0.025272,0.086482,
10715,10.715,-0.026628,0.071151,
10716,10.716,-0.036979,0.006348,
10717,10.717,-0.029772,-0.053141,
10718,10.718,-0.013121,-0.128339,
10719,10.719,-0.019504,-0.216337,
10720,10.720,-0.009171,-0.345714,
10721,10.721,-0.014607,-0.365492,
10722,10.722,-0.016177,-0.292161,
10723,10.723,-0.005448,-0.253812,
10724,10.724,0.009804,-0.194014,
10725,10.725,0.003712,-0.139780,
10726,10.726,0.001831,-0.132962,
10727,10.727,0.003448,-0.127334,
10728,10.728,0.014000,-0.088475,
10729,10.729,-0.001331,-0.038525,
10730,10.730,-0.007554,0.063222,
10731,10.731,-0.002103,0.195705,
10732,10.732,0.009609,0.356937,
10733,10.733,0.001823,0.463489,
10734,10.734,-0.002412,0.437755,
10735,10.735,-0.001383,0.450864,
10736,10.736,0.006197,0.361466,
10737,10.737,0.021717,0.279664,
10738,10.738,0.014890,0.232782,
10739,10.739,0.004497,0.139399,
10740,10.740,0.002396,0.053930,
10741,10.741,-0.002935,-0.002974,
10742,10.742,0.013695,-0.131061,
10743,10.743,0.011191,-0.253500,
10744,10.744,0.012911,-0.273317,
10745,10.745,0.018212,-0.236150,
10746,10.746,0.009427,-0.202619,
10747,10.747,0.010582,-0.102983,
10748,10.748,0.003261,0.046366,
10749,10.749,0.009133,0.144770,
10750,10.750,0.019064,0.197291,
10751,10.751,0.014613,0.245089,
10752,10.752,0.010497,0.258020,
10753,10.753,0.017882,0.214348,
10754,10.754,0.010209,0.174865,
10755,10.755,-0.004232,0.115977,
10756,10.756,-0.006661,0.020965,
10757,10.757,-0.005191,0.007610,
10758,10.758,-0.014014,-0.096431,
10759,10.759,-0.006784,-0.110466,
10760,10.760,-0.000207,-0.148037,
10761,10.761,-0.001752,-0.205040,
10762,10.762,-0.007671,-0.193779,
10763,10.763,-0.007014,-0.183035,
10764,10.764,-0.011919,-0.103841,
10765,10.765,-0.006328,-0.049860,
10766,10.766,-0.004437,0.037673,
10767,10.767,-0.001196,0.120493,
10768,10.768,-0.001992,0.175209,
10769,10.769,0.002977,0.206614,
10770,10.770,-0.003712,0.218548,
10771,10.771,0.003812,0.245481,
10772,10.772,0.013022,0.185318,
10773,10.773,0.006497,0.111988,
10774,10.774,-0.001519,0.147758,
10775,10.775,0.009741,0.200109,
10776,10.776,0.007957,0.300237,
10777,10.777,-0.004825,0.343300,
10778,10.778,-0.010154,0.337285,
10779,10.779,-0.021061,0.290854,
10780,10.780,-0.021992,0.221950,
10781,10.781,-0.018187,0.123650,
10782,10.782,-0.004536,0.032693,
10783,10.783,-0.032662,-0.049123,
10784,10.784,-0.004955,-0.077140,
10785,10.785,-0.001600,-0.060465,
10786,10.786,-0.004998,-0.063681,
10787,10.787,-0.002281,-0.100616,
10788,10.788,-0.010553,-0.086597,
10789,10.789,-0.013077,-0.058909,
10790,10.790,0.002335,0.031886,
10791,10.791,0.012330,0.073124,
10792,10.792,0.010325,0.090352,
10793,10.793,-0.005036,0.087934,
10794,10.794,0.009034,0.052038,
10795,10.795,0.025651,0.004859,
10796,10.796,0.023326,-0.051503,
10797,10.797,0.021183,-0.086493,
10798,10.798,0.019217,-0.132617,
10799,10.799,0.020787,-0.187838,
10800,10.800,0.013061,-0.204563,
10801,10.801,0.014319,-0.156156,
10802,10.802,0.013037,-0.153804,
10803,10.803,0.005153,-0.202606,
10804,10.804,0.002032,-0.138414,
10805,10.805,0.002807,-0.079189,
10806,10.806,-0.006730,-0.037407,
10807,10.807,0.007093,-0.010550,
10808,10.808,0.001468,0.036107,
10809,10.809,0.006517,0.069667,
10810,10.810,-0.007357,0.039242,
10811,10.811,0.005693,0.085765,
10812,10.812,0.004035,0.099740,
10813,10.813,0.005608,0.069201,
10814,10.814,-0.003967,0.073147,
10815,10.815,-0.000166,0.077583,
10816,10.816,-0.003281,0.020465,
10817,10.817,0.002077,-0.056044,
10818,10.818,-0.006242,-0.081818,
10819,10.819,0.001684,-0.083568,
10820,10.820,0.004893,-0.065640,
10821,10.821,0.007764,-0.014181,
10822,10.822,-0.003205,0.017364,
10823,10.823,0.010884,0.032456,
10824,10.824,0.016694,0.085361,
10825,10.825,0.015229,0.169333,
10826,10.826,0.007859,0.207729,
10827,10.827,0.009467,0.224287,
10828,10.828,0.003452,0.222499,
10829,10.829,0.002695,0.221249,
10830,10.830,-0.012781,0.191869,
10831,10.831,-0.005927,0.191171,
10832,10.832,-0.011742,0.237446,
10833,10.833,-0.013302,0.279634,
10834,10.834,-0.014703,0.308389,
10835,10.835,-0.018967,0.255173,
10836,10.836,-0.008968,0.172901,
10837,10.837,-0.007456,0.072955,
10838,10.838,-0.010318,-0.049023,
10839,10.839,-0.002711,-0.130269,
10840,10.840,-0.005088,-0.173610,
10841,10.841,0.004733,-0.212966,
10842,10.842,0.008821,-0.248809,
10843,10.843,0.005966,-0.235862,
10844,10.844,0.009373,-0.245220,
10845,10.845,-0.000599,-0.330222,
10846,10.846,0.001103,-0.364894,
10847,10.847,0.012776,-0.396782,
10848,10.848,0.014636,-0.407602,
10849,10.849,0.010900,-0.400788,
10850,10.850,0.012386,-0.379693,
10851,10.851,0.015878,-0.375249,
10852,10.852,0.006673,-0.333158,
10853,10.853,0.003206,-0.260117,
10854,10.854,-0.002132,-0.232755,
10855,10.855,-0.002924,-0.208485,
10856,10.856,0.003706,-0.169995,
10857,10.857,-0.002024,-0.136174,
10858,10.858,-0.002500,-0.077868,
10859,10.859,-0.005885,-0.058295,
10860,10.860,-0.004039,-0.026090,
10861,10.861,-0.007960,0.001905,
10862,10.862,-0.007317,0.013275,
10863,10.863,-0.006884,0.034321,
10864,10.864,-0.005615,0.095160,
10865,10.865,-0.004543,0.114732,
10866,10.866,-0.009765,0.148530,
10867,10.867,-0.004506,0.130877,
10868,10.868,-0.006547,0.056254,
10869,10.869,-0.002335,-0.015240,
10870,10.870,-0.011175,-0.081556,
10871,10.871,-0.012413,-0.129183,
10872,10.872,-0.015698,-0.148108,
10873,10.873,-0.010547,-0.120120,
10874,10.874,-0.007950,-0.096248,
10875,10.875,-0.010602,-0.105147,
10876,10.876,-0.003810,-0.123379,
10877,10.877,-0.008548,-0.133542,
10878,10.878,-0.004518,-0.115114,
10879,10.879,0.003726,-0.090055,
10880,10.880,0.000280,-0.089073,
10881,10.881,-0.002849,-0.090141,
10882,10.882,-0.006169,-0.052045,
10883,10.883,0.007592,0.025357,
10884,10.884,-0.023327,0.022791,
10885,10.885,-0.001639,-0.026735,
10886,10.886,-0.013802,-0.010736,
10887,10.887,-0.003298,0.021550,
10888,10.888,-0.000396,0.015070,
10889,10.889,-0.003601,-0.023519,
10890,10.890,-0.012055,-0.017422,
10891,10.891,-0.010013,-0.000190,
10892,10.892,-0.021508,0.025714,
10893,10.893,-0.003401,0.058861,
10894,10.894,-0.001387,0.115376,
10895,10.895,-0.003951,0.167199,
10896,10.896,-0.010408,0.213215,
10897,10.897,-0.008897,0.175544,
10898,10.898,-0.000800,0.125667,
10899,10.899,0.003407,0.092202,
10900,10.900,0.001683,0.095758,
10901,10.901,0.002490,0.023636,
10902,10.902,-0.003446,-0.059874,
10903,10.903,0.003472,-0.043828,
10904,10.904,0.009546,0.022023,
10905,10.905,0.003247,0.125594,
10906,10.906,-0.002315,0.161028,
10907,10.907,0.007925,0.165108,
10908,10.908,0.009035,0.193607,
10909,10.909,0.001794,0.242490,
10910,10.910,0.002733,0.161510,
10911,10.911,0.017341,0.030607,
10912,10.912,0.010999,-0.094273,
10913,10.913,0.012620,-0.146686,
10914,10.914,0.024252,-0.083103,
10915,10.915,0.013383,-0.025470,
10916,10.916,0.020133,0.095968,
10917,10.917,0.006069,0.209053,
10918,10.918,0.015208,0.311910,
10919,10.919,0.009978,0.321919,
10920,10.920,0.008324,0.330953,
10921,10.921,0.004127,0.362318,
10922,10.922,0.010269,0.349342,
10923,10.923,0.002380,0.299863,
10924,10.924,0.005327,0.220686,
10925,10.925,0.006099,0.146894,
10926,10.926,0.011954,0.156149,
10927,10.927,0.004968,0.147892,
10928,10.928,0.005772,0.109785,
10929,10.929,0.001508,0.061712,
10930,10.930,0.011474,-0.007120,
10931,10.931,0.001816,-0.108470,
10932,10.932,0.008062,-0.174376,
10933,10.933,0.002471,-0.233233,
10934,10.934,0.005518,-0.193828,
10935,10.935,0.006352,-0.240545,
10936,10.936,-0.006510,-0.206431,
10937,10.937,-0.000900,-0.088294,
10938,10.938,0.000795,-0.036275,
10939,10.939,-0.009841,-0.016126,
10940,10.940,-0.005758,0.078551,
10941,10.941,-0.006937,0.119648,
10942,10.942,0.000872,0.157756,
10943,10.943,0.003950,0.174605,
10944,10.944,-0.004457,0.225377,
10945,10.945,-0.014713,0.350622,
10946,10.946,-0.002135,0.510105,
10947,10.947,-0.003786,0.538688,
10948,10.948,-0.002235,0.491658,
10949,10.949,0.001863,0.382516,
10950,10.950,-0.011972,0.284070,
10951,10.951,-0.013805,0.139919,
10952,10.952,-0.012091,0.047170,
10953,10.953,0.004849,-0.110412,
10954,10.954,-0.028791,-0.258047,
10955,10.955,0.043955,-0.309642,
10956,10.956,0.033655,-0.318708,
10957,10.957,-0.032667,-0.326079,
10958,10.958,-0.058553,-0.331941,
10959,10.959,-0.019491,-0.280944,
10960,10.960,-0.026616,-0.208370,
10961,10.961,-0.020205,-0.233414,
10962,10.962,-0.025969,-0.276157,
10963,10.963,-0.010082,-0.200562,
10964,10.964,-0.014838,-0.096566,
10965,10.965,-0.001656,-0.049888,
10966,10.966,-0.005574,-0.029442,
10967,10.967,-0.002035,0.010548,
10968,10.968,-0.005286,0.047537,
10969,10.969,0.003493,0.116068,
10970,10.970,0.000761,0.100355,
10971,10.971,0.003104,0.072045,
10972,10.972,0.009678,0.046587,
10973,10.973,0.003579,-0.023383,
10974,10.974,0.005417,-0.111067,
10975,10.975,0.007090,-0.142919,
10976,10.976,0.005562,-0.171776,
10977,10.977,0.009615,-0.239292,
10978,10.978,0.005892,-0.319685,
10979,10.979,0.009105,-0.349585,
10980,10.980,0.010124,-0.355731,
10981,10.981,0.009280,-0.361547,
10982,10.982,0.012512,-0.381455,
10983,10.983,0.008294,-0.352401,
10984,10.984,0.019821,-0.247566,
10985,10.985,-0.005528,-0.119463,
10986,10.986,0.019882,0.034654,
10987,10.987,0.010116,0.179394,
10988,10.988,0.007286,0.274097,
10989,10.989,0.015463,0.292562,
10990,10.990,0.003165,0.186793,
10991,10.991,-0.003357,0.090419,
10992,10.992,-0.001260,0.078395,
10993,10.993,-0.006739,0.090187,
10994,10.994,-0.004955,0.059151,
10995,10.995,0.005801,0.030762,
10996,10.996,0.012833,-0.029709,
10997,10.997,0.009225,-0.069083,
10998,10.998,0.008326,-0.034146,
10999,10.999,0.009461,-0.054452,
11000,11.000,0.008738,-0.120639,
11001,11.001,0.001074,-0.165934,
11002,11.002,0.002216,-0.160799,
11003,11.003,0.012675,-0.142425,
11004,11.004,-0.005268,-0.100552,
11005,11.005,0.007218,-0.086578,
11006,11.006,0.005226,-0.095339,
11007,11.007,0.007434,-0.123054,
11008,11.008,0.001962,-0.192677,
11009,11.009,-0.003004,-0.262405,
11010,11.010,-0.001318,-0.274296,
11011,11.011,-0.008087,-0.285142,
11012,11.012,-0.006738,-0.181394,
11013,11.013,-0.007592,-0.077315,
11014,11.014,-0.008426,-0.094038,
11015,11.015,-0.014682,-0.059005,
11016,11.016,-0.008583,0.064940,
11017,11.017,-0.015349,0.213794,
11018,11.018,-0.012467,0.312919,
11019,11.019,-0.011458,0.328807,
11020,11.020,-0.013479,0.309577,
11021,11.021,-0.015336,0.261336,
11022,11.022,-0.008229,0.161839,
11023,11.023,-0.005352,0.096652,
11024,11.024,-0.011110,-0.008973,
11025,11.025,-0.004014,-0.024907,
11026,11.026,-0.008421,0.010914,
11027,11.027,-0.004033,0.066655,
11028,11.028,-0.006081,0.116996,
11029,11.029,0.004720,0.200637,
11030,11.030,-0.009008,0.187318,
11031,11.031,0.004155,0.028941,
11032,11.032,-0.004178,-0.040174,
11033,11.033,0.000510,-0.103062,
11034,11.034,-0.000735,-0.123347,
11035,11.035,-0.009418,-0.074531,
11036,11.036,0.000974,0.031242,
11037,11.037,-0.000320,0.155312,
11038,11.038,0.003500,0.204762,
11039,11.039,-0.004249,0.280444,
11040,11.040,0.007288,0.293616,
11041,11.041,-0.006580,0.179316,
11042,11.042,0.006440,0.071758,
11043,11.043,0.001371,-0.081471,
11044,11.044,0.002862,-0.142583,
11045,11.045,0.004211,-0.124267,
11046,11.046,0.005409,-0.141005,
11047,11.047,0.006444,-0.094914,
11048,11.048,0.009468,0.002787,
11049,11.049,0.006735,0.142293,
11050,11.050,0.004151,0.198507,
11051,11.051,0.000377,0.182533,
11052,11.052,0.002328,0.198645,
11053,11.053,-0.000795,0.130271,
11054,11.054,-0.003745,0.093957,
11055,11.055,0.003946,0.061022,
11056,11.056,0.009446,0.010551,
11057,11.057,0.004127,-0.035246,
11058,11.058,-0.002378,-0.094123,
11059,11.059,-0.003335,-0.163155,
11060,11.060,0.005007,-0.190190,
11061,11.061,0.005906,-0.163050,
11062,11.062,0.002727,-0.169504,
11063,11.063,0.005317,-0.175170,
11064,11.064,0.006047,-0.179976,
11065,11.065,0.005258,-0.160719,
11066,11.066,0.000222,-0.110622,
11067,11.067,0.003144,-0.063245,
11068,11.068,-0.005759,-0.055206,
11069,11.069,-0.007045,-0.100967,
11070,11.070,-0.008176,-0.182975,
11071,11.071,-0.007286,-0.215136,
11072,11.072,-0.010109,-0.160723,
11073,11.073,-0.011040,-0.130047,
11074,11.074,-0.013314,-0.136275,
11075,11.075,-0.015427,-0.110674,
11076,11.076,-0.011253,-0.030308,
11077,11.077,-0.011814,0.065226,
11078,11.078,-0.012362,0.180217,
11079,11.079,-0.012068,0.318833,
11080,11.080,-0.007362,0.412057,
11081,11.081,-0.006881,0.463005,
11082,11.082,-0.006386,0.417447,
11083,11.083,-0.007055,0.339015,
11084,11.084,0.000746,0.241956,
11085,11.085,0.017859,0.204548,
11086,11.086,-0.019318,0.170647,
11087,11.087,0.017961,0.077565,
11088,11.088,0.013305,0.015465,
11089,11.089,0.017807,-0.087080,
11090,11.090,0.014016,-0.183373,
11091,11.091,0.003325,-0.220303,
11092,11.092,0.019879,-0.185185,
11093,11.093,-0.000761,-0.174403,
11094,11.094,-0.008688,-0.183475,
11095,11.095,-0.010852,-0.260621,
11096,11.096,0.009663,-0.270324,
11097,11.097,0.007190,-0.241295,
11098,11.098,0.014706,-0.197510,
11099,11.099,0.012779,-0.142166,
11100,11.100,0.019153,-0.120144,
11101,11.101,0.013866,-0.164627,
11102,11.102,0.012478,-0.193116,
11103,11.103,0.008227,-0.154971,
11104,11.104,0.007211,-0.081322,
11105,11.105,-0.001220,0.034198,
11106,11.106,0.000185,0.111482,
11107,11.107,0.016314,0.126167,
11108,11.108,0.014505,0.215182,
11109,11.109,0.012869,0.319234,
11110,11.110,0.018862,0.277992,
11111,11.111,0.007451,0.265820,
11112,11.112,0.006362,0.185616,
11113,11.113,0.005428,0.029463,
11114,11.114,0.014668,-0.082194,
11115,11.115,0.014091,-0.102161,
11116,11.116,0.000812,-0.083311,
11117,11.117,0.003110,-0.065977,
11118,11.118,0.015380,-0.080439,
11119,11.119,0.020370,-0.204746,
11120,11.120,0.013833,-0.220508,
11121,11.121,0.000357,-0.234751,
11122,11.122,-0.001123,-0.331063,
11123,11.123,0.004330,-0.241787,
11124,11.124,-0.005965,-0.068219,
11125,11.125,-0.004268,0.203864,
11126,11.126,-0.005118,0.385267,
11127,11.127,0.000791,0.550466,
11128,11.128,0.002112,0.581446,
11129,11.129,-0.004043,0.501544,
11130,11.130,-0.001247,0.429246,
11131,11.131,-0.012515,0.318870,
11132,11.132,-0.010618,0.218769,
11133,11.133,-0.008916,0.090597,
11134,11.134,-0.012833,-0.093334,
11135,11.135,-0.013887,-0.166189,
11136,11.136,-0.016987,-0.232643,
11137,11.137,-0.019979,-0.211817,
11138,11.138,-0.011489,-0.193005,
11139,11.139,-0.019236,-0.108632,
11140,11.140,-0.022322,-0.093139,
11141,11.141,-0.017809,-0.078964,
11142,11.142,-0.025683,-0.116249,
11143,11.143,-0.020575,-0.173057,
11144,11.144,-0.016166,-0.182325,
11145,11.145,-0.017201,-0.133741,
11146,11.146,-0.012167,-0.089318,
11147,11.147,-0.020164,-0.048871,
11148,11.148,-0.019390,0.016670,
11149,11.149,-0.016935,0.026683,
11150,11.150,-0.014689,-0.073843,
11151,11.151,-0.011263,-0.169850,
11152,11.152,-0.016481,-0.181265,
11153,11.153,-0.025100,-0.122758,
11154,11.154,-0.024459,-0.111484,
11155,11.155,-0.015369,-0.101117,
11156,11.156,-0.006967,-0.022556,
11157,11.157,-0.006350,0.093063,
11158,11.158,-0.009787,0.170447,
11159,11.159,-0.011043,0.185232,
11160,11.160,-0.007260,0.223853,
11161,11.161,0.003813,0.213103,
11162,11.162,-0.008478,0.203406,
11163,11.163,-0.001328,0.194385,
11164,11.164,0.007831,0.151457,
11165,11.165,-0.003974,0.065434,
11166,11.166,0.003165,-0.015068,
11167,11.167,0.001332,-0.067181,
11168,11.168,0.014718,-0.133531,
11169,11.169,0.012390,-0.124932,
11170,11.170,0.017002,-0.070314,
11171,11.171,0.011967,-0.006079,
11172,11.172,0.015537,0.002643,
11173,11.173,0.018790,-0.020730,
11174,11.174,0.015117,0.014796,
11175,11.175,0.013625,0.034158,
11176,11.176,0.015868,0.005083,
11177,11.177,0.024893,-0.021321,
11178,11.178,0.020742,-0.093986,
11179,11.179,0.023552,-0.187966,
11180,11.180,0.026186,-0.175832,
11181,11.181,0.024947,-0.141972,
11182,11.182,0.028790,-0.048991,
11183,11.183,0.021482,0.013036,
11184,11.184,0.018582,0.084558,
11185,11.185,0.017386,0.140720,
11186,11.186,0.029898,0.149649,
11187,11.187,0.001669,0.138784,
11188,11.188,0.029274,0.094319,
11189,11.189,0.010899,0.038364,
11190,11.190,0.007415,-0.027004,
11191,11.191,0.022040,-0.123112,
11192,11.192,0.002675,-0.263095,
11193,11.193,0.000083,-0.282496,
11194,11.194,-0.002331,-0.266634,
11195,11.195,-0.004551,-0.221679,
11196,11.196,-0.006593,-0.153040,
11197,11.197,-0.011826,-0.040220,
11198,11.198,-0.004368,0.066037,
11199,11.199,-0.014152,0.106867,
11200,11.200,-0.020539,0.169161,
11201,11.201,-0.021673,0.202742,
11202,11.202,-0.006036,0.212092,
11203,11.203,-0.012727,0.239626,
11204,11.204,-0.018907,0.212987,
11205,11.205,-0.020835,0.157630,
11206,11.206,-0.022561,0.078604,
11207,11.207,-0.018015,0.046830,
11208,11.208,-0.002796,0.017834,
11209,11.209,-0.017009,-0.008590,
11210,11.210,-0.015126,-0.016915,
11211,11.211,-0.010026,-0.024564,
11212,11.212,0.000683,-0.005883,
11213,11.213,-0.006211,-0.012313,
11214,11.214,-0.007335,0.002848,
11215,11.215,-0.010480,0.016417,
11216,11.216,-0.003144,0.019945,
11217,11.217,-0.007631,-0.016972,
11218,11.218,-0.006700,-0.090588,
11219,11.219,-0.005917,-0.164379,
11220,11.220,0.004856,-0.117849,
11221,11.221,-0.005684,-0.058185,
11222,11.222,-0.001514,-0.004190,
11223,11.223,0.009937,0.030742,
11224,11.224,0.008550,0.049457,
11225,11.225,0.004640,0.066362,
11226,11.226,0.003601,0.071148,
11227,11.227,-0.004025,0.046526,
11228,11.228,0.005637,0.050521,
11229,11.229,0.004638,0.061973,
11230,11.230,0.003822,0.065182,
11231,11.231,0.007066,0.041951,
11232,11.232,0.011864,0.021040,
11233,11.233,0.011273,-0.003660,
11234,11.234,0.016746,-0.000449,
11235,11.235,0.007693,-0.003355,
11236,11.236,0.011674,0.004687,
11237,11.237,0.006383,0.036826,
11238,11.238,0.009714,0.058515,
11239,11.239,0.014572,0.038130,
11240,11.240,0.019159,-0.017036,
11241,11.241,0.007983,-0.103744,
11242,11.242,0.016806,-0.138880,
11243,11.243,0.012595,-0.087380,
11244,11.244,0.014313,-0.021540,
11245,11.245,0.010978,0.004037,
11246,11.246,0.012417,0.011620,
11247,11.247,0.013859,0.018586,
11248,11.248,0.013473,0.024917,
11249,11.249,0.016494,0.042237,
11250,11.250,0.008518,0.026174,
11251,11.251,0.012217,-0.007845,
11252,11.252,0.011714,-0.030099,
11253,11.253,0.005826,-0.026600,
11254,11.254,-0.001436,-0.008988,
11255,11.255,0.002150,0.006823,
11256,11.256,-0.001868,0.014893,
11257,11.257,0.001213,0.005932,
11258,11.258,-0.008223,-0.017295,
11259,11.259,-0.000736,-0.027028,
11260,11.260,-0.006453,-0.025251,
11261,11.261,-0.000339,-0.008930,
11262,11.262,-0.002840,0.001247,
11263,11.263,0.000397,0.002314,
11264,11.264,0.003427,-0.011661,
11265,11.265,-0.001344,-0.031273,
11266,11.266,-0.000208,-0.034695,
11267,11.267,-0.002808,-0.024618,
11268,11.268,-0.007633,-0.003214,
11269,11.269,-0.002321,-0.007200,
11270,11.270,0.002295,-0.000218,
11271,11.271,0.002149,-0.013621,
11272,11.272,-0.005304,-0.021202,
11273,11.273,-0.012789,-0.016021,
11274,11.274,-0.005225,-0.029906,
11275,11.275,-0.005820,-0.045944,
11276,11.276,-0.016768,-0.052853,
11277,11.277,-0.012003,-0.066718,
11278,11.278,-0.013206,-0.092988,
11279,11.279,-0.006819,-0.097458,
11280,11.280,-0.021616,-0.095153,
11281,11.281,-0.027646,-0.063052,
11282,11.282,-0.007138,-0.006590,
11283,11.283,-0.015264,0.047161,
11284,11.284,-0.012936,0.081785,
11285,11.285,-0.018585,0.106134,
11286,11.286,-0.020903,0.137600,
11287,11.287,0.001436,0.142528,
11288,11.288,-0.043777,0.136497,
11289,11.289,-0.011708,0.121372,
11290,11.290,-0.017723,0.072064,
11291,11.291,-0.012776,0.000057,
11292,11.292,-0.008397,-0.048124,
11293,11.293,-0.013184,-0.092023,
11294,11.294,-0.025437,-0.084905,
11295,11.295,-0.015052,-0.049953,
11296,11.296,-0.025314,-0.005321,
11297,11.297,-0.022910,0.035107,
11298,11.298,-0.015296,0.050531,
11299,11.299,-0.008556,0.045365,
11300,11.300,-0.015734,0.049345,
11301,11.301,-0.014315,0.068868,
11302,11.302,0.001803,0.072008,
11303,11.303,-0.010010,0.055205,
11304,11.304,-0.008657,0.046041,
11305,11.305,-0.000059,0.032030,
11306,11.306,0.004294,0.019433,
11307,11.307,0.008123,0.008058,
11308,11.308,0.003325,-0.022752,
11309,11.309,0.008825,-0.027311,
11310,11.310,0.000289,0.000490,
11311,11.311,0.008999,-0.010389,
11312,11.312,0.019567,-0.026792,
11313,11.313,0.020333,0.012341,
11314,11.314,0.015551,0.039003,
11315,11.315,0.015994,0.043863,
11316,11.316,0.016263,0.013217,
11317,11.317,0.010277,-0.014522,
11318,11.318,0.008689,-0.017849,
11319,11.319,0.013862,-0.020797,
11320,11.320,0.010925,-0.017656,
11321,11.321,0.015115,-0.031068,
11322,11.322,0.006118,-0.043103,
11323,11.323,0.008627,-0.063073,
11324,11.324,0.006905,-0.049006,
11325,11.325,-0.002238,-0.036263,
11326,11.326,0.004870,-0.015556,
11327,11.327,0.003199,-0.001415,
11328,11.328,0.005278,-0.003318,
11329,11.329,0.002122,-0.018415,
11330,11.330,-0.005404,-0.028090,
11331,11.331,0.004329,-0.025759,
11332,11.332,0.002414,-0.016813,
11333,11.333,-0.001832,-0.023889,
11334,11.334,0.003234,-0.013666,
11335,11.335,0.007973,-0.004266,
11336,11.336,0.015927,0.004127,
11337,11.337,0.009861,-0.000509,
11338,11.338,0.002142,0.006504,
11339,11.339,0.002524,0.012963,
11340,11.340,0.011563,0.011237,
11341,11.341,0.012364,0.000975,
11342,11.342,0.001631,0.008925,
11343,11.343,-0.000115,0.016177,
11344,11.344,-0.014381,0.025293,
11345,11.345,-0.016668,0.026642,
11346,11.346,-0.008595,0.021766,
11347,11.347,-0.007484,0.008151,
11348,11.348,0.007357,0.022806,
11349,11.349,0.004943,0.036253,
11350,11.350,0.002692,0.014653,
11351,11.351,0.000605,0.012177,
11352,11.352,0.001720,0.020728,
11353,11.353,0.005354,0.013913,
11354,11.354,0.006082,0.003194,
11355,11.355,0.004608,0.001579,
11356,11.356,-0.003109,0.003820,
11357,11.357,-0.000865,-0.007662,
11358,11.358,-0.005574,-0.017986,
11359,11.359,-0.006778,-0.024633,
11360,11.360,-0.005292,-0.025549,
11361,11.361,-0.015317,-0.026266,
11362,11.362,-0.033980,-0.031213,
11363,11.363,-0.017323,-0.026355,
11364,11.364,-0.015740,-0.021770,
11365,11.365,-0.014360,-0.016083,
11366,11.366,-0.013178,-0.017514,
11367,11.367,-0.008792,-0.008634,
11368,11.368,-0.008001,0.006808,
11369,11.369,-0.015696,0.009414,
11370,11.370,-0.015283,0.000674,
11371,11.371,-0.015088,0.002976,
11372,11.372,-0.010685,-0.001025,
11373,11.373,-0.012410,-0.010146,
11374,11.374,-0.012464,-0.008453,
11375,11.375,-0.020328,-0.011144,
11376,11.376,-0.024001,-0.013640,
11377,11.377,-0.019079,-0.004622,
11378,11.378,-0.022292,0.010851,
11379,11.379,-0.021312,0.033947,
11380,11.380,-0.025458,0.049447,
11381,11.381,-0.024858,0.047370,
11382,11.382,-0.022378,0.035649,
11383,11.383,-0.016536,0.020696,
11384,11.384,-0.010347,0.007085,
11385,11.385,-0.014090,0.002102,
11386,11.386,-0.017662,-0.006437,
11387,11.387,-0.019539,-0.004126,
11388,11.388,-0.009052,0.007141,
11389,11.389,-0.035425,0.011778,
11390,11.390,-0.003592,0.003527,
11391,11.391,-0.008946,-0.003775,
11392,11.392,-0.005973,-0.012824,
11393,11.393,0.011250,0.001449,
11394,11.394,-0.005969,0.011156,
11395,11.395,0.008183,0.003088,
11396,11.396,-0.006179,0.008023,
11397,11.397,0.000522,0.020904,
11398,11.398,0.006649,0.022945,
11399,11.399,0.004260,0.006382,
11400,11.400,0.009574,-0.013576,
11401,11.401,0.024640,-0.037955,
11402,11.402,0.026635,-0.040868,
11403,11.403,0.021143,-0.025683,
11404,11.404,0.006108,-0.011704,
11405,11.405,0.012526,-0.004180,
11406,11.406,0.014831,0.007216,
11407,11.407,0.030606,0.021641,
11408,11.408,0.029249,0.034866,
11409,11.409,0.017027,0.029958,
11410,11.410,0.016261,0.022481,
11411,11.411,0.031154,0.018541,
11412,11.412,0.026694,-0.000294,
11413,11.413,0.029596,-0.041299,
11414,11.414,0.032469,-0.129361,
11415,11.415,0.024354,-0.116779,
11416,11.416,0.034687,-0.082226,
11417,11.417,0.037290,-0.071877,
11418,11.418,0.033649,-0.043427,
11419,11.419,0.049406,-0.052010,
11420,11.420,0.049122,-0.012881,
11421,11.421,0.052760,0.022659,
11422,11.422,0.052888,0.029100,
11423,11.423,0.056270,0.034858,
11424,11.424,0.062219,0.029611,
11425,11.425,0.072895,0.034337,
11426,11.426,0.066984,0.021105,
11427,11.427,0.076142,0.009190,
11428,11.428,0.092009,-0.008986,
11429,11.429,0.067232,-0.018918,
11430,11.430,0.050879,-0.010269,
11431,11.431,0.055809,0.008625,
11432,11.432,0.042578,0.010701,
11433,11.433,0.014054,0.012590,
11434,11.434,0.019478,0.014341,
11435,11.435,0.024502,-0.002725,
11436,11.436,0.016103,-0.005295,
11437,11.437,0.008648,0.012757,
11438,11.438,0.012638,0.024766,
11439,11.439,0.011490,0.049253,
11440,11.440,0.001454,0.058852,
11441,11.441,-0.011697,0.055664,
11442,11.442,-0.031167,0.036148,
11443,11.443,-0.054939,0.028438,
11444,11.444,-0.063891,0.021386,
11445,11.445,-0.071914,0.002418,
11446,11.446,-0.090351,-0.010492,
11447,11.447,-0.102071,-0.017553,
11448,11.448,-0.108128,-0.015794,
11449,11.449,-0.121844,-0.025314,
11450,11.450,-0.138146,-0.023885,
11451,11.451,-0.148893,-0.025636,
11452,11.452,-0.138351,-0.024508,
11453,11.453,-0.154742,-0.020917,
11454,11.454,-0.152183,-0.015349,
11455,11.455,-0.145741,-0.012375,
11456,11.456,-0.143489,-0.015093,
11457,11.457,-0.148100,-0.005601,
11458,11.458,-0.142927,0.005781,
11459,11.459,-0.121401,0.007401,
11460,11.460,-0.111734,0.006133,
11461,11.461,-0.096980,0.002460,
11462,11.462,-0.098061,0.017377,
11463,11.463,-0.130195,0.015347,
11464,11.464,-0.055656,0.020900,
11465,11.465,-0.022441,0.015757,
11466,11.466,0.027293,0.008162,
11467,11.467,0.004092,-0.004239,
11468,11.468,0.030420,-0.019285,
11469,11.469,0.055031,-0.008924,
11470,11.470,0.065097,-0.014294,
11471,11.471,0.074839,-0.019136,
11472,11.472,0.084442,-0.023483,
11473,11.473,0.113350,-0.019244,
11474,11.474,0.131632,-0.007748,
11475,11.475,0.133208,0.009302,
11476,11.476,0.179133,0.007202,
11477,11.477,0.201224,0.033798,
11478,11.478,0.212557,0.044651,
11479,11.479,0.215133,0.074424,
11480,11.480,0.234273,0.086258,
11481,11.481,0.252729,0.060891,
11482,11.482,0.257482,0.011320,
11483,11.483,0.262915,0.018355,
11484,11.484,0.257827,0.037558,
11485,11.485,0.259520,0.031689,
11486,11.486,0.253229,-0.005654,
11487,11.487,0.254983,-0.079368,
11488,11.488,0.254600,-0.065108,
11489,11.489,0.270148,0.000917,
11490,11.490,0.254935,0.048151,
11491,11.491,0.254366,0.056627,
11492,11.492,0.254912,0.064225,
11493,11.493,0.250392,0.099500,
11494,11.494,0.268850,0.092785,
11495,11.495,0.241890,0.016009,
11496,11.496,0.257225,-0.099038,
11497,11.497,0.242952,-0.114616,
11498,11.498,0.230582,-0.073338,
11499,11.499,0.211999,-0.086202,
11500,11.500,0.202834,-0.075072,
11501,11.501,0.194872,-0.106569,
11502,11.502,0.163754,-0.135379,
11503,11.503,0.144633,-0.058129,
11504,11.504,0.117693,-0.068855,
11505,11.505,0.075422,-0.059823,
11506,11.506,0.009786,-0.051646,
11507,11.507,-0.032680,-0.059870,
11508,11.508,-0.088933,-0.038961,
11509,11.509,-0.140286,-0.007008,
11510,11.510,-0.201972,0.010081,
11511,11.511,-0.260852,0.025627,
11512,11.512,-0.314878,0.029955,
11513,11.513,-0.364967,0.025146,
11514,11.514,-0.398610,0.004758,
11515,11.515,-0.430099,-0.013792,
11516,11.516,-0.449186,-0.024086,
11517,11.517,-0.467727,-0.009715,
11518,11.518,-0.486122,-0.002065,
11519,11.519,-0.512303,0.014801,
11520,11.520,-0.537616,0.039206,
11521,11.521,-0.549067,0.055345,
11522,11.522,-0.561191,0.052343,
11523,11.523,-0.574163,0.049702,
11524,11.524,-0.573068,0.057192,
11525,11.525,-0.574145,0.068674,
11526,11.526,-0.597529,0.050542,
11527,11.527,-0.598666,0.043564,
11528,11.528,-0.588379,0.032733,
11529,11.529,-0.579014,0.018871,
11530,11.530,-0.566142,0.028519,
11531,11.531,-0.572023,0.054253,
11532,11.532,-0.565209,0.043793,
11533,11.533,-0.574700,0.047372,
11534,11.534,-0.561775,0.026984,
11535,11.535,-0.542811,0.013733,
11536,11.536,-0.516217,0.006899,
11537,11.537,-0.479905,0.000746,
11538,11.538,-0.463421,0.007243,
11539,11.539,-0.408183,0.005814,
11540,11.540,-0.379554,0.004644,
11541,11.541,-0.317928,0.019112,
11542,11.542,-0.261449,0.021578,
11543,11.543,-0.191686,0.020501,
11544,11.544,-0.102173,0.022720,
11545,11.545,-0.049783,0.008208,
11546,11.546,0.051416,-0.009620,
11547,11.547,0.111786,-0.001823,
11548,11.548,0.195545,0.009853,
11549,11.549,0.297884,0.008415,
11550,11.550,0.359679,0.018327,
11551,11.551,0.414473,0.020679,
11552,11.552,0.435193,0.025924,
11553,11.553,0.478246,0.044704,
11554,11.554,0.539669,0.043093,
11555,11.555,0.552679,0.028280,
11556,11.556,0.582940,0.006547,
11557,11.557,0.644549,-0.019727,
11558,11.558,0.681841,-0.029774,
11559,11.559,0.715685,-0.012566,
11560,11.560,0.712131,0.021239,
11561,11.561,0.724692,0.026438,
11562,11.562,0.708287,0.031096,
11563,11.563,0.681230,0.042655,
11564,11.564,0.657633,0.053163,
11565,11.565,0.637217,0.062577,
11566,11.566,0.610194,0.022030,
11567,11.567,0.595914,-0.030386,
11568,11.568,0.560588,-0.065398,
11569,11.569,0.538860,-0.058501,
11570,11.570,0.512312,-0.122708,
11571,11.571,0.498379,-0.199986,
11572,11.572,0.480819,-0.230785,
11573,11.573,0.467395,-0.221027,
11574,11.574,0.457935,-0.143133,
11575,11.575,0.446312,-0.090840,
11576,11.576,0.431312,-0.062270,
11577,11.577,0.427746,-0.036321,
11578,11.578,0.420344,0.002730,
11579,11.579,0.403485,0.009738,
11580,11.580,0.419743,0.003152,
11581,11.581,0.393585,-0.002778,
11582,11.582,0.410864,-0.008232,
11583,11.583,0.430039,0.005853,
11584,11.584,0.440225,0.027502,
11585,11.585,0.443173,0.023171,
11586,11.586,0.449285,0.033492,
11587,11.587,0.458310,0.055938,
11588,11.588,0.446789,0.052110,
11589,11.589,0.422517,0.036556,
11590,11.590,0.398826,0.038534,
11591,11.591,0.323408,0.035401,
11592,11.592,0.278559,0.000945,
11593,11.593,0.213111,-0.014237,
11594,11.594,0.181903,0.015768,
11595,11.595,0.110196,0.026813,
11596,11.596,0.016568,0.051397,
11597,11.597,-0.069974,0.040795,
11598,11.598,-0.146330,0.037172,
11599,11.599,-0.185736,0.022748,
11600,11.600,-0.270005,0.009675,
11601,11.601,-0.348536,0.011104,
11602,11.602,-0.418227,0.016415,
11603,11.603,-0.454842,0.017458,
11604,11.604,-0.464031,0.011547,
11605,11.605,-0.471101,-0.003169,
11606,11.606,-0.514722,-0.002182,
11607,11.607,-0.553846,-0.008171,
11608,11.608,-0.573128,-0.013680,
11609,11.609,-0.590422,-0.010507,
11610,11.610,-0.618970,-0.002543,
11611,11.611,-0.633311,-0.004363,
11612,11.612,-0.657308,-0.010430,
11613,11.613,-0.679717,0.002822,
11614,11.614,-0.692101,0.004136,
11615,11.615,-0.720357,-0.005864,
11616,11.616,-0.758049,-0.008275,
11617,11.617,-0.759694,-0.001435,
11618,11.618,-0.773319,0.012988,
11619,11.619,-0.787245,0.018264,
11620,11.620,-0.792990,0.011930,
11621,11.621,-0.792257,-0.004068,
11622,11.622,-0.800752,-0.019030,
11623,11.623,-0.791015,-0.014121,
11624,11.624,-0.784520,-0.019766,
11625,11.625,-0.764477,-0.012567,
11626,11.626,-0.732197,0.007959,
11627,11.627,-0.704568,0.010613,
11628,11.628,-0.682191,0.007706,
11629,11.629,-0.645215,-0.004744,
11630,11.630,-0.613200,-0.002626,
11631,11.631,-0.561005,0.011436,
11632,11.632,-0.533891,0.009391,
11633,11.633,-0.477709,0.027820,
11634,11.634,-0.427358,0.030069,
11635,11.635,-0.384638,0.032198,
11636,11.636,-0.331550,0.034167,
11637,11.637,-0.263109,0.043434,
11638,11.638,-0.226242,0.051845,
11639,11.639,-0.149684,0.044121,
11640,11.640,-0.080012,0.039931,
11641,11.641,-0.045042,0.020845,
11642,11.642,0.006884,-0.015009,
11643,11.643,0.071804,-0.019899,
11644,11.644,0.156326,-0.042032,
11645,11.645,0.234104,-0.053973,
11646,11.646,0.274276,-0.072119,
11647,11.647,0.333260,-0.075343,
11648,11.648,0.384639,-0.066573,
11649,11.649,0.428695,-0.025502,
11650,11.650,0.466552,-0.019845,
11651,11.651,0.498975,0.006600,
11652,11.652,0.526185,0.020834,
11653,11.653,0.563516,0.016281,
11654,11.654,0.580657,0.020035,
11655,11.655,0.594617,0.030718,
11656,11.656,0.605955,0.033777,
11657,11.657,0.615040,0.000600,
11658,11.658,0.610285,-0.012823,
11659,11.659,0.605132,-0.001259,
11660,11.660,0.589967,0.016494,
11661,11.661,0.593255,-0.000297,
11662,11.662,0.587645,-0.033673,
11663,11.663,0.582317,-0.029609,
11664,11.664,0.564272,-0.001865,
11665,11.665,0.553660,0.016200,
11666,11.666,0.538823,0.019391,
11667,11.667,0.510826,0.028183,
11668,11.668,0.485955,0.014435,
11669,11.669,0.476055,0.021678,
11670,11.670,0.467761,0.006060,
11671,11.671,0.437369,-0.008217,
11672,11.672,0.422993,-0.013909,
11673,11.673,0.404438,-0.022518,
11674,11.674,0.382863,-0.042635,
11675,11.675,0.369741,-0.034688,
11676,11.676,0.344464,-0.012506,
11677,11.677,0.314944,-0.039686,
11678,11.678,0.279761,-0.036216,
11679,11.679,0.237527,0.013284,
11680,11.680,0.173319,0.034526,
11681,11.681,0.171997,0.028032,
11682,11.682,0.138104,-0.001276,
11683,11.683,0.109306,-0.017219,
11684,11.684,0.085051,-0.021996,
11685,11.685,0.064938,-0.026424,
11686,11.686,0.037049,-0.006475,
11687,11.687,0.024335,0.026338,
11688,11.688,-0.004734,0.021944,
11689,11.689,-0.030118,0.022795,
11690,11.690,-0.055233,0.026680,
11691,11.691,-0.054801,0.001326,
11692,11.692,-0.110796,-0.008407,
11693,11.693,-0.103992,-0.011246,
11694,11.694,-0.114974,-0.035920,
11695,11.695,-0.123158,-0.039094,
11696,11.696,-0.144367,-0.030214,
11697,11.697,-0.161946,-0.021992,
11698,11.698,-0.163259,0.010423,
11699,11.699,-0.186253,0.014910,
11700,11.700,-0.173657,0.034987,
11701,11.701,-0.170369,0.038681,
11702,11.702,-0.183689,0.022439,
11703,11.703,-0.194403,0.019686,
11704,11.704,-0.195625,0.017032,
11705,11.705,-0.195514,0.039405,
11706,11.706,-0.206444,0.054353,
11707,11.707,-0.216120,0.073581,
11708,11.708,-0.210685,0.106044,
11709,11.709,-0.210835,0.110647,
11710,11.710,-0.210321,0.090952,
11711,11.711,-0.218969,0.036597,
11712,11.712,-0.220696,-0.064953,
11713,11.713,-0.210834,-0.134199,
11714,11.714,-0.206134,-0.121393,
11715,11.715,-0.210335,-0.109560,
11716,11.716,-0.213780,-0.057083,
11717,11.717,-0.220381,-0.047195,
11718,11.718,-0.222036,-0.020845,
11719,11.719,-0.207040,-0.012526,
11720,11.720,-0.226658,0.009377,
11721,11.721,-0.215066,0.029212,
11722,11.722,-0.189886,0.035508,
11723,11.723,-0.166999,0.041331,
11724,11.724,-0.175997,0.027593,
11725,11.725,-0.173426,0.015088,
11726,11.726,-0.156364,-0.004132,
11727,11.727,-0.150026,-0.014202,
11728,11.728,-0.140349,-0.010265,
11729,11.729,-0.128019,-0.006677,
11730,11.730,-0.110294,-0.008689,
11731,11.731,-0.106284,-0.005630,
11732,11.732,-0.095450,0.006260,
11733,11.733,-0.089299,0.000923,
11734,11.734,-0.078009,-0.007667,
11735,11.735,-0.068147,-0.008647,
11736,11.736,-0.051901,-0.006333,
11737,11.737,-0.041256,-0.001477,
11738,11.738,-0.031960,0.003062,
11739,11.739,-0.012680,-0.013223,
11740,11.740,0.004921,-0.049667,
11741,11.741,0.010399,-0.022323,
11742,11.742,0.019519,0.002691,
11743,11.743,0.027369,-0.000833,
11744,11.744,0.041586,-0.011811,
11745,11.745,0.050102,-0.007435,
11746,11.746,0.061428,0.016372,
11747,11.747,0.063969,0.050152,
11748,11.748,0.072636,0.064089,
11749,11.749,0.086246,0.052989,
11750,11.750,0.080648,0.050185,
11751,11.751,0.087290,0.080714,
11752,11.752,0.100466,0.109349,
11753,11.753,0.099020,0.099188,
11754,11.754,0.089240,0.076826,
11755,11.755,0.091092,0.032489,
11756,11.756,0.082249,-0.011929,
11757,11.757,0.086065,-0.040429,
11758,11.758,0.080933,-0.055641,
11759,11.759,0.068353,-0.040588,
11760,11.760,0.049701,-0.035543,
11761,11.761,0.060152,-0.031048,
11762,11.762,0.061986,-0.012372,
11763,11.763,0.059976,-0.008655,
11764,11.764,0.048705,-0.017007,
11765,11.765,0.046440,-0.030235,
11766,11.766,0.046581,-0.047007,
11767,11.767,0.028156,-0.080166,
11768,11.768,0.026704,-0.084447,
11769,11.769,0.013970,-0.044300,
11770,11.770,0.012295,-0.028066,
11771,11.771,0.010485,-0.032529,
11772,11.772,0.003167,-0.054303,
11773,11.773,0.013846,-0.066001,
11774,11.774,0.005175,-0.062429,
11775,11.775,0.003785,-0.032730,
11776,11.776,-0.003840,-0.004946,
11777,11.777,0.002817,0.020272,
11778,11.778,-0.003857,0.063039,
11779,11.779,-0.009975,0.068577,
11780,11.780,-0.011817,0.031096,
11781,11.781,-0.017333,-0.003046,
11782,11.782,-0.014196,0.018619,
11783,11.783,-0.014752,0.022146,
11784,11.784,-0.019531,-0.025666,
11785,11.785,-0.030545,-0.006878,
11786,11.786,-0.034245,-0.001636,
11787,11.787,-0.031705,0.003104,
11788,11.788,-0.020357,0.016937,
11789,11.789,-0.025104,0.003173,
11790,11.790,-0.022893,-0.037151,
11791,11.791,-0.034897,-0.065638,
11792,11.792,-0.012221,-0.048132,
11793,11.793,-0.062301,-0.025730,
11794,11.794,-0.019862,-0.005565,
11795,11.795,-0.028344,0.007453,
11796,11.796,-0.036324,0.039060,
11797,11.797,-0.024680,0.042717,
11798,11.798,-0.040635,0.022024,
11799,11.799,-0.015496,0.010510,
11800,11.800,-0.021818,0.013154,
11801,11.801,-0.021386,0.021414,
11802,11.802,-0.027058,0.012785,
11803,11.803,-0.021720,-0.014973,
11804,11.804,-0.012125,-0.070188,
11805,11.805,-0.008283,-0.078573,
11806,11.806,-0.025234,-0.029479,
11807,11.807,-0.011217,-0.023761,
11808,11.808,-0.011706,-0.030271,
11809,11.809,-0.000149,-0.036291,
11810,11.810,0.006529,-0.061250,
11811,11.811,-0.001158,-0.066375,
11812,11.812,0.003917,-0.047099,
11813,11.813,0.008382,-0.036944,
11814,11.814,0.012229,-0.021163,
11815,11.815,0.015469,-0.000969,
11816,11.816,0.012188,0.028584,
11817,11.817,0.016439,0.064120,
11818,11.818,0.022134,0.078085,
11819,11.819,0.027402,0.090906,
11820,11.820,0.026337,0.094495,
11821,11.821,0.033996,0.097733,
11822,11.822,0.013363,0.127167,
11823,11.823,0.036474,0.122915,
11824,11.824,0.051427,0.097197,
11825,11.825,0.041287,0.060620,
11826,11.826,0.048214,0.046178,
11827,11.827,0.044772,0.024150,
11828,11.828,0.041632,0.027965,
11829,11.829,0.038783,0.024389,
11830,11.830,0.039937,0.007969,
11831,11.831,0.041072,0.010815,
11832,11.832,0.051312,0.029914,
11833,11.833,0.049685,0.027581,
11834,11.834,0.035679,0.007318,
11835,11.835,0.059875,-0.017367,
11836,11.836,0.056788,-0.007458,
11837,11.837,0.071931,-0.010119,
11838,11.838,0.058622,-0.034565,
11839,11.839,0.061512,-0.057278,
11840,11.840,0.051008,-0.029920,
11841,11.841,0.053848,-0.018790,
11842,11.842,0.052909,-0.008640,
11843,11.843,0.048892,0.000567,
11844,11.844,0.042410,0.003772,
11845,11.845,0.034023,0.026655,
11846,11.846,0.039151,0.018369,
11847,11.847,0.039596,-0.022383,
11848,11.848,0.031711,-0.110503,
11849,11.849,0.027105,-0.123081,
11850,11.850,0.032066,-0.111698,
11851,11.851,0.022395,-0.080742,
11852,11.852,0.001300,-0.052476,
11853,11.853,0.000044,-0.044052,
11854,11.854,-0.000782,-0.036482,
11855,11.855,-0.001361,-0.001140,
11856,11.856,-0.011558,0.031121,
11857,11.857,-0.015980,0.048573,
11858,11.858,-0.015772,0.064534,
11859,11.859,-0.004210,0.050176,
11860,11.860,-0.013750,0.036988,
11861,11.861,-0.019061,0.048809,
11862,11.862,-0.018120,0.030704,
11863,11.863,-0.024626,0.027544,
11864,11.864,-0.025538,0.000560,
11865,11.865,-0.030516,-0.024699,
11866,11.866,-0.040405,-0.060922,
11867,11.867,-0.029681,-0.046375,
11868,11.868,-0.032003,-0.032968,
11869,11.869,-0.025734,0.011237,
11870,11.870,-0.037437,0.040744,
11871,11.871,-0.029719,0.056820,
11872,11.872,-0.032710,0.052111,
11873,11.873,-0.032221,-0.014195,
11874,11.874,-0.048326,-0.061833,
11875,11.875,-0.044018,-0.036221,
11876,11.876,-0.039951,0.018086,
11877,11.877,-0.036129,0.010615,
11878,11.878,-0.025091,0.003851,
11879,11.879,-0.035279,-0.002227,
11880,11.880,-0.038275,-0.018425,
11881,11.881,-0.038113,-0.023430,
11882,11.882,-0.037857,-0.010407,
11883,11.883,-0.039684,-0.006649,
11884,11.884,-0.033117,-0.032138,
11885,11.885,-0.027315,-0.081922,
11886,11.886,-0.025276,-0.075300,
11887,11.887,-0.015708,-0.069417,
11888,11.888,-0.024987,-0.052481,
11889,11.889,-0.036548,-0.058100,
11890,11.890,-0.030603,-0.063131,
11891,11.891,-0.026087,-0.065880,
11892,11.892,-0.020813,-0.079267,
11893,11.893,-0.002071,-0.075512,
11894,11.894,-0.033820,-0.020991,
11895,11.895,-0.002545,0.096368,
11896,11.896,-0.013966,0.281490,
11897,11.897,-0.002770,0.257006,
11898,11.898,0.007358,0.234684,
11899,11.899,-0.001188,0.214448,
11900,11.900,-0.003700,0.159150,
11901,11.901,0.008809,0.142703,
11902,11.902,-0.006654,0.097196,
11903,11.903,-0.012689,0.028040,
11904,11.904,0.007801,-0.059828,
11905,11.905,0.010503,-0.070798,
11906,11.906,0.003186,-0.080494,
11907,11.907,0.009719,-0.051419,
11908,11.908,0.003535,-0.042194,
11909,11.909,0.016456,-0.034014,
11910,11.910,0.021403,-0.040805,
11911,11.911,0.025814,-0.059805,
11912,11.912,0.015986,-0.065382,
11913,11.913,0.014605,-0.070688,
11914,11.914,0.008780,-0.075686,
11915,11.915,0.009549,-0.071591,
11916,11.916,0.008425,-0.083694,
11917,11.917,0.014066,-0.087448,
11918,11.918,0.017501,-0.097379,
11919,11.919,0.009432,-0.058372,
11920,11.920,0.016425,0.021646,
11921,11.921,0.017007,0.125261,
11922,11.922,0.005528,0.139264,
11923,11.923,0.009638,0.076282,
11924,11.924,0.008081,0.064836,
11925,11.925,0.016646,0.054510,
11926,11.926,0.006158,0.007152,
11927,11.927,0.010048,-0.001392,
11928,11.928,0.013655,-0.024592,
11929,11.929,0.003232,-0.045689,
11930,11.930,0.004470,-0.090537,
11931,11.931,-0.004400,-0.084398,
11932,11.932,-0.012250,-0.078680,
11933,11.933,-0.009268,-0.005376,
11934,11.934,-0.015724,0.151703,
11935,11.935,-0.011509,0.174581,
11936,11.936,-0.007793,0.114032,
11937,11.937,-0.011322,0.021539,
11938,11.938,-0.001790,-0.028739,
11939,11.939,-0.005791,-0.043803,
11940,11.940,0.005581,-0.029762,
11941,11.941,0.001062,-0.042168,
11942,11.942,0.005192,-0.030550,
11943,11.943,0.006453,-0.061510,
11944,11.944,0.003316,-0.089666,
11945,11.945,0.000342,-0.063389,
11946,11.946,-0.002304,-0.039527,
11947,11.947,0.000360,-0.088643,
11948,11.948,0.001099,-0.120401,
11949,11.949,-0.005237,-0.125685,
11950,11.950,-0.000939,-0.077249,
11951,11.951,-0.007840,-0.044665,
11952,11.952,-0.006922,-0.050194,
11953,11.953,-0.009400,-0.076571,
11954,11.954,-0.002404,-0.081211,
11955,11.955,-0.008764,-0.059185,
11956,11.956,-0.004434,0.000922,
11957,11.957,-0.008085,0.130374,
11958,11.958,0.002667,0.148824,
11959,11.959,0.004257,0.132085,
11960,11.960,0.011278,0.177929,
11961,11.961,0.010174,0.275208,
11962,11.962,0.027340,0.338368,
11963,11.963,0.020128,0.280951,
11964,11.964,0.031325,0.187221,
11965,11.965,0.021229,0.099219,
11966,11.966,0.026869,0.042146,
11967,11.967,0.021831,0.011571,
11968,11.968,0.017297,-0.016261,
11969,11.969,-0.000764,-0.058834,
11970,11.970,0.036491,-0.081608,
11971,11.971,0.116524,-0.073962,
11972,11.972,-0.056050,-0.067044,
11973,11.973,-0.031556,-0.037304,
11974,11.974,-0.053931,-0.020949,
11975,11.975,-0.033659,-0.034900,
11976,11.976,-0.052136,-0.074396,
11977,11.977,-0.035453,-0.111648,
11978,11.978,-0.020321,-0.155611,
11979,11.979,-0.034271,-0.173567,
11980,11.980,-0.021845,-0.189988,
11981,11.981,-0.010431,-0.195147,
11982,11.982,-0.020870,-0.173466,
11983,11.983,-0.011558,-0.113712,
11984,11.984,-0.003073,0.015510,
11985,11.985,-0.010998,0.219108,
11986,11.986,-0.018230,0.137721,
11987,11.987,-0.011914,0.112742,
11988,11.988,0.005400,0.089579,
11989,11.989,0.010527,0.108807,
11990,11.990,0.005635,0.089142,
11991,11.991,0.009838,0.037471,
11992,11.992,0.021711,-0.022908,
11993,11.993,0.009746,-0.069786,
11994,11.994,0.034986,-0.084619,
11995,11.995,-0.014747,-0.072964,
11996,11.996,0.034747,-0.085293,
11997,11.997,0.015194,-0.075697,
11998,11.998,0.020653,-0.066929,
11999,11.999,0.036232,-0.041670,
12000,12.000,0.011696,-0.034478,
12001,12.001,0.006940,-0.042180,
12002,12.002,0.002668,-0.023442,
12003,12.003,0.005816,-0.018225,
12004,12.004,-0.017597,-0.013488,
12005,12.005,-0.003102,0.010153,
12006,12.006,-0.017224,0.058041,
12007,12.007,-0.005301,0.063683,
12008,12.008,-0.012338,0.068710,
12009,12.009,-0.010744,0.052145,
12010,12.010,-0.013045,0.007850,
12011,12.011,-0.011794,-0.010084,
12012,12.012,0.001627,-0.037038,
12013,12.013,-0.019310,-0.110134,
12014,12.014,-0.022483,-0.162710,
12015,12.015,-0.010606,-0.191757,
12016,12.016,-0.008891,-0.166677,
12017,12.017,-0.015464,-0.112978,
12018,12.018,-0.021538,-0.064241,
12019,12.019,-0.006810,0.006035,
12020,12.020,0.015174,0.071584,
12021,12.021,0.005906,0.045130,
12022,12.022,0.008205,-0.009939,
12023,12.023,-0.009602,-0.017371,
12024,12.024,-0.003522,0.066585,
12025,12.025,0.002063,0.192845,
12026,12.026,0.014648,0.310409,
12027,12.027,-0.001001,0.356198,
12028,12.028,-0.003421,0.258990,
12029,12.029,-0.009353,0.120197,
12030,12.030,0.002154,0.027788,
12031,12.031,0.018772,0.011135,
12032,12.032,0.002939,-0.034690,
12033,12.033,-0.003397,-0.048624,
12034,12.034,-0.012915,-0.011047,
12035,12.035,-0.021553,0.069466,
12036,12.036,-0.023231,0.205410,
12037,12.037,-0.013724,0.260990,
12038,12.038,0.005118,0.277608,
12039,12.039,0.029740,0.231592,
12040,12.040,-0.019878,0.106364,
12041,12.041,-0.027013,-0.011305,
12042,12.042,-0.020601,-0.087578,
12043,12.043,-0.003154,-0.156811,
12044,12.044,0.034100,-0.143895,
12045,12.045,0.038920,-0.177851,
12046,12.046,0.043375,-0.187465,
12047,12.047,0.047370,-0.215047,
12048,12.048,0.043962,-0.188201,
12049,12.049,0.040892,-0.116599,
12050,12.050,0.038209,-0.106058,
12051,12.051,0.041103,-0.096394,
12052,12.052,0.028940,-0.103133,
12053,12.053,0.013593,-0.052280,
12054,12.054,0.019929,0.046026,
12055,12.055,0.018345,0.144589,
12056,12.056,0.016960,0.133510,
12057,12.057,0.012685,0.054532,
12058,12.058,0.008970,0.004018,
12059,12.059,0.005601,-0.079892,
12060,12.060,0.004978,-0.113135,
12061,12.061,0.016893,-0.122284,
12062,12.062,0.003443,-0.092835,
12063,12.063,0.005714,-0.048887,
12064,12.064,0.001057,0.022252,
12065,12.065,-0.000042,0.089021,
12066,12.066,-0.000947,0.115377,
12067,12.067,-0.001679,0.076758,
12068,12.068,0.001976,-0.029648,
12069,12.069,-0.004862,-0.105828,
12070,12.070,-0.008991,-0.119317,
12071,12.071,-0.011095,-0.106367,
12072,12.072,-0.002214,-0.048449,
12073,12.073,-0.007393,0.004064,
12074,12.074,-0.018546,-0.024014,
12075,12.075,-0.019760,-0.066872,
12076,12.076,-0.012543,-0.090146,
12077,12.077,-0.013445,-0.054783,
12078,12.078,-0.014244,-0.009831,
12079,12.079,-0.013074,0.066364,
12080,12.080,-0.010219,0.159842,
12081,12.081,-0.016032,0.247627,
12082,12.082,-0.015262,0.327608,
12083,12.083,-0.017291,0.274979,
12084,12.084,-0.021588,0.151234,
12085,12.085,-0.019971,0.167640,
12086,12.086,-0.018588,0.243768,
12087,12.087,-0.011830,0.201838,
12088,12.088,-0.011087,0.087790,
12089,12.089,-0.015947,-0.019859,
12090,12.090,-0.008432,-0.117921,
12091,12.091,-0.015965,-0.182085,
12092,12.092,-0.018994,-0.217803,
12093,12.093,-0.021498,-0.253089,
12094,12.094,-0.017591,-0.264659,
12095,12.095,-0.006417,-0.275167,
12096,12.096,-0.032108,-0.267462,
12097,12.097,-0.014307,-0.245030,
12098,12.098,-0.024454,-0.167711,
12099,12.099,-0.021876,-0.095790,
12100,12.100,-0.008485,-0.068222,
12101,12.101,-0.016081,-0.077626,
12102,12.102,-0.018593,-0.101670,
12103,12.103,-0.033138,-0.123486,
12104,12.104,-0.024177,-0.168883,
12105,12.105,-0.005879,-0.174720,
12106,12.106,-0.018527,-0.169559,
12107,12.107,-0.012238,-0.097051,
12108,12.108,-0.022671,0.059021,
12109,12.109,-0.021076,0.080885,
12110,12.110,-0.012870,0.141421,
12111,12.111,0.009902,0.233735,
12112,12.112,-0.000125,0.284111,
12113,12.113,0.002572,0.299318,
12114,12.114,-0.000301,0.229687,
12115,12.115,0.001923,0.216784,
12116,12.116,0.008421,0.273554,
12117,12.117,0.010389,0.262219,
12118,12.118,0.015916,0.156729,
12119,12.119,0.024351,0.086332,
12120,12.120,0.016754,0.022468,
12121,12.121,0.020859,-0.058628,
12122,12.122,0.034802,-0.048757,
12123,12.123,0.051667,-0.001678,
12124,12.124,0.053997,0.127501,
12125,12.125,0.039954,0.219781,
12126,12.126,0.053177,0.135426,
12127,12.127,0.068631,-0.002558,
12128,12.128,0.046380,-0.058101,
12129,12.129,0.055458,-0.074720,
12130,12.130,0.047653,-0.089762,
12131,12.131,0.070319,-0.131200,
12132,12.132,0.079464,-0.194170,
12133,12.133,0.049728,-0.205631,
12134,12.134,0.061960,-0.153526,
12135,12.135,0.058806,-0.106127,
12136,12.136,0.095596,-0.080107,
12137,12.137,0.081655,0.006119,
12138,12.138,0.042350,0.063587,
12139,12.139,-0.015885,0.115489,
12140,12.140,0.007914,0.105728,
12141,12.141,-0.012943,0.096903,
12142,12.142,-0.006062,0.042226,
12143,12.143,0.000147,-0.064405,
12144,12.144,-0.025977,-0.110005,
12145,12.145,-0.049727,-0.067988,
12146,12.146,-0.036072,0.020809,
12147,12.147,-0.071673,0.055997,
12148,12.148,-0.066533,0.025762,
12149,12.149,-0.061681,-0.001536,
12150,12.150,-0.065173,-0.026057,
12151,12.151,-0.053926,-0.126406,
12152,12.152,-0.050339,-0.222155,
12153,12.153,-0.058793,-0.208033,
12154,12.154,-0.055772,-0.125861,
12155,12.155,-0.038209,-0.030373,
12156,12.156,-0.044502,0.034200,
12157,12.157,-0.042201,0.047025,
12158,12.158,-0.036392,-0.045674,
12159,12.159,-0.031145,-0.107752,
12160,12.160,-0.020346,-0.164538,
12161,12.161,-0.035431,-0.090935,
12162,12.162,-0.021116,0.033147,
12163,12.163,-0.019205,0.252504,
12164,12.164,-0.027661,0.461539,
12165,12.165,-0.029221,0.542954,
12166,12.166,-0.011183,0.469366,
12167,12.167,-0.008915,0.178180,
12168,12.168,-0.015659,0.059191,
12169,12.169,-0.013810,-0.049216,
12170,12.170,-0.008445,-0.082563,
12171,12.171,-0.010397,-0.112932,
12172,12.172,-0.000046,-0.086513,
12173,12.173,-0.007321,-0.062542,
12174,12.174,-0.003969,-0.040704,
12175,12.175,0.001214,-0.020834,
12176,12.176,0.008041,-0.113772,
12177,12.177,0.004845,-0.164666,
12178,12.178,0.001786,-0.119345,
12179,12.179,0.006456,-0.050366,
12180,12.180,0.010770,0.012134,
12181,12.181,0.008452,0.069000,
12182,12.182,0.010707,0.016153,
12183,12.183,0.014801,-0.088981,
12184,12.184,0.013597,-0.131249,
12185,12.185,0.011200,-0.068621,
12186,12.186,0.015226,0.011583,
12187,12.187,0.010298,0.042502,
12188,12.188,0.018366,0.051879,
12189,12.189,0.021322,-0.025741,
12190,12.190,0.019514,-0.098577,
12191,12.191,0.013520,-0.126963,
12192,12.192,0.024952,-0.135621,
12193,12.193,0.019144,-0.143610,
12194,12.194,0.005745,-0.109959,
12195,12.195,0.006574,-0.132122,
12196,12.196,0.026717,-0.165425,
12197,12.197,-0.018903,-0.183911,
12198,12.198,0.012796,-0.222271,
12199,12.199,-0.005182,-0.218592,
12200,12.200,0.010215,-0.179700,
12201,12.201,0.014492,-0.185636,
12202,12.202,0.009694,-0.162069,
12203,12.203,0.005446,-0.096568,
12204,12.204,0.001571,0.026259,
12205,12.205,-0.001917,0.143644,
12206,12.206,0.012761,0.250498,
12207,12.207,0.020714,0.375526,
12208,12.208,0.018236,0.459507,
12209,12.209,0.002616,0.382858,
12210,12.210,0.012740,0.257514,
12211,12.211,0.014637,0.240748,
12212,12.212,0.019764,0.225861,
12213,12.213,0.015308,0.212577,
12214,12.214,0.005796,0.125061,
12215,12.215,0.007175,0.091300,
12216,12.216,0.010618,0.102089,
12217,12.217,0.007830,0.111736,
12218,12.218,0.007268,0.137283,
12219,12.219,0.003341,0.082118,
12220,12.220,0.008926,0.031705,
12221,12.221,0.009972,-0.040214,
12222,12.222,0.008694,-0.069208,
12223,12.223,0.000362,-0.060923,
12224,12.224,-0.002886,-0.068851,
12225,12.225,0.007934,-0.104370,
12226,12.226,0.009813,-0.162532,
12227,12.227,0.006642,-0.154473,
12228,12.228,0.001617,-0.104215,
12229,12.229,0.001172,-0.058297,
12230,12.230,-0.006676,-0.004325,
12231,12.231,-0.005033,-0.010152,
12232,12.232,-0.001350,-0.053895,
12233,12.233,0.000173,-0.105315,
12234,12.234,-0.006903,-0.139278,
12235,12.235,-0.003167,-0.156871,
12236,12.236,-0.001601,-0.149274,
12237,12.237,-0.003367,-0.173848,
12238,12.238,-0.009548,-0.157466,
12239,12.239,-0.009632,-0.124765,
12240,12.240,-0.006320,-0.079097,
12241,12.241,0.004452,0.010542,
12242,12.242,0.009298,0.150884,
12243,12.243,0.001311,0.318930,
12244,12.244,-0.005688,0.387503,
12245,12.245,0.002378,0.409353,
12246,12.246,0.004005,0.392694,
12247,12.247,0.002283,0.243340,
12248,12.248,0.003725,0.062450,
12249,12.249,0.005161,-0.058114,
12250,12.250,0.002926,-0.122412,
12251,12.251,0.006578,-0.099004,
12252,12.252,0.008901,-0.114077,
12253,12.253,0.008484,-0.093723,
12254,12.254,0.004493,-0.074749,
12255,12.255,0.001019,-0.057128,
12256,12.256,-0.005853,-0.066110,
12257,12.257,-0.008149,-0.028370,
12258,12.258,0.002875,-0.035822,
12259,12.259,-0.006062,-0.099488,
12260,12.260,0.000851,-0.209591,
12261,12.261,-0.004084,-0.223268,
12262,12.262,0.008035,-0.180328,
12263,12.263,-0.014380,-0.040331,
12264,12.264,-0.010622,0.127252,
12265,12.265,0.004791,0.195121,
12266,12.266,0.007983,0.297403,
12267,12.267,0.010815,0.316377,
12268,12.268,0.004643,0.333580,
12269,12.269,0.007073,0.318748,
12270,12.270,-0.005586,0.221779,
12271,12.271,-0.013704,0.108312,
12272,12.272,-0.005776,0.031978,
12273,12.273,-0.004143,-0.009618,
12274,12.274,-0.002721,-0.072759,
12275,12.275,-0.001497,-0.107351,
12276,12.276,0.003928,-0.201392,
12277,12.277,0.004910,-0.214262,
12278,12.278,-0.007845,-0.249309,
12279,12.279,-0.005906,-0.281153,
12280,12.280,-0.004169,-0.253631,
12281,12.281,-0.018053,-0.263326,
12282,12.282,-0.023682,-0.241313,
12283,12.283,-0.005134,-0.235815,
12284,12.284,-0.017585,-0.192459,
12285,12.285,-0.038019,-0.153486,
12286,12.286,-0.019070,-0.086125,
12287,12.287,-0.011992,0.016358,
12288,12.288,-0.014421,0.139695,
12289,12.289,-0.020787,0.221972,
12290,12.290,-0.015492,0.235517,
12291,12.291,-0.020869,0.247751,
12292,12.292,-0.004290,0.233543,
12293,12.293,-0.015808,0.151169,
12294,12.294,-0.006047,-0.007359,
12295,12.295,-0.016619,-0.163057,
12296,12.296,-0.007759,-0.277753,
12297,12.297,0.013753,-0.382431,
12298,12.298,-0.031748,-0.441366,
12299,12.299,0.000042,-0.462028,
12300,12.300,-0.017924,-0.512161,
12301,12.301,-0.002605,-0.530516,
12302,12.302,0.001551,-0.471938,
12303,12.303,-0.012256,-0.326950,
12304,12.304,-0.009007,-0.107686,
12305,12.305,-0.013226,0.096319,
12306,12.306,0.009107,0.281274,
12307,12.307,-0.006476,0.301105,
12308,12.308,0.006517,0.453290,
12309,12.309,0.003416,0.509634,
12310,12.310,0.009262,0.449654,
12311,12.311,0.010524,0.394752,
12312,12.312,0.019057,0.313891,
12313,12.313,0.006427,0.268075,
12314,12.314,0.016258,0.175747,
12315,12.315,0.011360,0.114392,
12316,12.316,0.014273,0.058483,
12317,12.317,0.010257,0.007268,
12318,12.318,0.008426,-0.057120,
12319,12.319,0.008442,-0.100280,
12320,12.320,0.003378,-0.139997,
12321,12.321,0.004731,-0.125065,
12322,12.322,0.005912,-0.123727,
12323,12.323,0.002041,-0.144007,
12324,12.324,0.005267,-0.153135,
12325,12.325,0.012228,-0.091402,
12326,12.326,0.008217,-0.010311,
12327,12.327,-0.002042,0.065947,
12328,12.328,-0.001617,0.113908,
12329,12.329,0.010148,0.138226,
12330,12.330,0.011109,0.177441,
12331,12.331,-0.000264,0.197137,
12332,12.332,0.005981,0.172370,
12333,12.333,0.001597,0.136881,
12334,12.334,0.004199,0.045768,
12335,12.335,0.002580,-0.095887,
12336,12.336,0.002836,-0.191019,
12337,12.337,0.008218,-0.243816,
12338,12.338,-0.003789,-0.322401,
12339,12.339,-0.009336,-0.338205,
12340,12.340,0.000882,-0.276804,
12341,12.341,-0.006468,-0.151759,
12342,12.342,-0.005657,-0.035252,
12343,12.343,-0.004969,0.101478,
12344,12.344,-0.002231,0.119183,
12345,12.345,0.003943,0.135389,
12346,12.346,0.001169,0.180803,
12347,12.347,-0.002759,0.249978,
12348,12.348,-0.002228,0.312893,
12349,12.349,0.007091,0.301572,
12350,12.350,-0.005539,0.250191,
12351,12.351,0.002866,0.185095,
12352,12.352,0.007413,0.126691,
12353,12.353,0.008786,0.106334,
12354,12.354,0.000014,0.131502,
12355,12.355,0.003273,0.090652,
12356,12.356,0.002341,0.030711,
12357,12.357,0.016533,-0.042260,
12358,12.358,0.014667,-0.110735,
12359,12.359,0.020457,-0.134799,
12360,12.360,0.012223,-0.139299,
12361,12.361,0.023138,-0.174613,
12362,12.362,0.027469,-0.149641,
12363,12.363,0.031501,-0.139503,
12364,12.364,0.014726,-0.106337,
12365,12.365,0.007809,-0.022166,
12366,12.366,0.014778,0.063019,
12367,12.367,0.017190,0.099270,
12368,12.368,0.019452,0.133326,
12369,12.369,0.018170,0.165388,
12370,12.370,0.017089,0.148828,
12371,12.371,0.010599,0.120814,
12372,12.372,0.019864,0.161219,
12373,12.373,0.014767,0.199020,
12374,12.374,0.005804,0.202475,
12375,12.375,0.007498,0.187116,
12376,12.376,-0.002301,0.200407,
12377,12.377,-0.003123,0.253378,
12378,12.378,-0.003787,0.221368,
12379,12.379,-0.000045,0.171772,
12380,12.380,-0.008971,0.157816,
12381,12.381,-0.012129,0.117561,
12382,12.382,-0.014782,0.120662,
12383,12.383,-0.008960,0.136105,
12384,12.384,-0.007538,0.161812,
12385,12.385,-0.007802,0.166912,
12386,12.386,-0.006552,0.145930,
12387,12.387,-0.008008,0.167489,
12388,12.388,-0.011662,0.122607,
12389,12.389,-0.002302,0.061841,
12390,12.390,-0.010544,-0.013777,
12391,12.391,-0.008969,-0.084367,
12392,12.392,-0.007415,-0.147048,
12393,12.393,-0.013309,-0.183963,
12394,12.394,-0.008560,-0.130267,
12395,12.395,-0.001106,-0.017901,
12396,12.396,-0.008898,0.043838,
12397,12.397,-0.007560,0.012634,
12398,12.398,0.005767,-0.090747,
12399,12.399,-0.021688,-0.157061,
12400,12.400,-0.009422,-0.355779,
12401,12.401,-0.012572,-0.614783,
12402,12.402,-0.002368,-0.713805,
12403,12.403,0.006811,-0.540989,
12404,12.404,-0.000959,-0.383445,
12405,12.405,-0.012988,-0.076893,
12406,12.406,-0.010490,0.209074,
12407,12.407,-0.012245,0.397198,
12408,12.408,-0.006410,0.568754,
12409,12.409,-0.007888,0.725021,
12410,12.410,-0.000081,0.704850,
12411,12.411,-0.006846,0.588152,
12412,12.412,-0.000447,0.437443,
12413,12.413,-0.010645,0.259945,
12414,12.414,-0.009198,-0.005916,
12415,12.415,-0.000348,-0.181700,
12416,12.416,-0.003549,-0.341959,
12417,12.417,0.001693,-0.487954,
12418,12.418,-0.006782,-0.621312,
12419,12.419,-0.001244,-0.792362,
12420,12.420,-0.004365,-0.814151,
12421,12.421,-0.003607,-0.753446,
12422,12.422,-0.011500,-0.550504,
12423,12.423,-0.000114,-0.361978,
12424,12.424,0.004306,-0.141567,
12425,12.425,0.000075,0.005652,
12426,12.426,0.006145,0.193326,
12427,12.427,0.006938,0.166551,
12428,12.428,0.003667,0.052091,
12429,12.429,-0.005020,0.069449,
12430,12.430,-0.006279,0.084307,
12431,12.431,-0.009563,-0.004116,
12432,12.432,-0.009009,-0.055225,
12433,12.433,-0.008473,-0.075166,
12434,12.434,-0.003600,-0.069534,
12435,12.435,-0.004603,0.003865,
12436,12.436,-0.004459,0.006943,
12437,12.437,-0.005336,0.008888,
12438,12.438,-0.004191,0.026734,
12439,12.439,-0.004236,0.010264,
12440,12.440,0.000955,-0.105739,
12441,12.441,-0.000125,-0.192023,
12442,12.442,0.003013,-0.216453,
12443,12.443,-0.001643,-0.240514,
12444,12.444,0.006742,-0.264435,
12445,12.445,-0.002483,-0.267232,
12446,12.446,0.000313,-0.252376,
12447,12.447,-0.001135,-0.240560,
12448,12.448,0.012491,-0.200363,
12449,12.449,0.005983,-0.122358,
12450,12.450,0.003687,-0.073543,
12451,12.451,-0.001838,-0.053188,
12452,12.452,0.005380,-0.098430,
12453,12.453,0.003587,-0.235903,
12454,12.454,0.004359,-0.232958,
12455,12.455,0.002917,-0.169981,
12456,12.456,0.007719,-0.169301,
12457,12.457,0.011867,-0.220004,
12458,12.458,0.007206,-0.175485,
12459,12.459,-0.001661,-0.073853,
12460,12.460,0.005721,-0.071795,
12461,12.461,0.000102,-0.015468,
12462,12.462,-0.001127,0.110033,
12463,12.463,-0.002352,0.226085,
12464,12.464,0.002476,0.397477,
12465,12.465,0.000074,0.556040,
12466,12.466,-0.006039,0.699058,
12467,12.467,-0.002679,0.746336,
12468,12.468,0.000518,0.751482,
12469,12.469,-0.008149,0.688251,
12470,12.470,-0.009531,0.507545,
12471,12.471,-0.012945,0.294354,
12472,12.472,-0.008753,0.039680,
12473,12.473,-0.009977,-0.068817,
12474,12.474,-0.006624,-0.346700,
12475,12.475,-0.000573,-0.463622,
12476,12.476,-0.006876,-0.570311,
12477,12.477,-0.012491,-0.548232,
12478,12.478,-0.006419,-0.420316,
12479,12.479,-0.019653,-0.206164,
12480,12.480,0.007886,0.054978,
12481,12.481,0.011399,0.228355,
12482,12.482,0.043853,0.385583,
12483,12.483,0.003729,0.170269,
12484,12.484,0.019260,-0.080086,
12485,12.485,0.014158,-0.184672,
12486,12.486,0.009407,-0.101158,
12487,12.487,0.005175,0.028952,
12488,12.488,0.008392,0.097892,
12489,12.489,0.004850,0.161202,
12490,12.490,0.007402,0.341439,
12491,12.491,0.009802,0.659568,
12492,12.492,-0.007757,0.876182,
12493,12.493,0.003111,0.993880,
12494,12.494,-0.003276,0.956813,
12495,12.495,-0.001701,0.923104,
12496,12.496,-0.013821,0.773591,
12497,12.497,-0.005809,0.460071,
12498,12.498,-0.010654,0.054511,
12499,12.499,0.007185,-0.233814,
12500,12.500,-0.030285,-0.389253,
12501,12.501,0.006683,-0.337583,
12502,12.502,-0.007946,-0.377194,
12503,12.503,-0.003783,-0.412687,
12504,12.504,-0.000107,-0.372863,
12505,12.505,-0.011135,-0.336690,
12506,12.506,-0.001501,-0.244332,
12507,12.507,-0.010474,-0.160177,
12508,12.508,-0.013350,-0.083452,
12509,12.509,-0.020774,-0.147407,
12510,12.510,-0.014311,-0.123355,
12511,12.511,-0.008341,-0.100555,
12512,12.512,0.012010,-0.044913,
12513,12.513,-0.012783,0.006766,
12514,12.514,-0.009646,0.054800,
12515,12.515,-0.006838,0.049155,
12516,12.516,-0.004187,-0.001228,
12517,12.517,0.008124,-0.087918,
12518,12.518,0.005907,-0.118512,
12519,12.519,0.007947,-0.284167,
12520,12.520,0.013556,-0.351148,
12521,12.521,0.011897,-0.277407,
12522,12.522,0.013467,-0.210096,
12523,12.523,0.020487,-0.148350,
12524,12.524,0.019397,-0.158888,
12525,12.525,0.013942,-0.137440,
12526,12.526,0.004603,0.021971,
12527,12.527,0.016098,0.211964,
12528,12.528,0.008677,0.243565,
12529,12.529,0.012935,0.228514,
12530,12.530,0.004353,0.338081,
12531,12.531,0.012384,0.439234,
12532,12.532,0.013671,0.431332,
12533,12.533,0.014836,0.455376,
12534,12.534,0.007351,0.477531,
12535,12.535,0.002424,0.396856,
12536,12.536,0.001899,0.231267,
12537,12.537,0.001372,-0.131846,
12538,12.538,0.002367,-0.389898,
12539,12.539,-0.002204,-0.528288,
12540,12.540,-0.000161,-0.479109,
12541,12.541,0.000733,-0.433928,
12542,12.542,0.001624,-0.175804,
12543,12.543,0.002355,0.059649,
12544,12.544,-0.002813,0.094894,
12545,12.545,0.002873,0.018849,
12546,12.546,0.006874,-0.198108,
12547,12.547,0.006818,-0.581405,
12548,12.548,0.000865,-0.630356,
12549,12.549,0.000499,-0.675195,
12550,12.550,0.004737,-0.541505,
12551,12.551,0.004576,-0.261344,
12552,12.552,-0.004368,0.137754,
12553,12.553,-0.005139,0.615391,
12554,12.554,-0.013388,0.937276,
12555,12.555,-0.002504,0.997596,
12556,12.556,0.002125,0.947102,
12557,12.557,-0.006104,0.805361,
12558,12.558,-0.011117,0.502224,
12559,12.559,-0.005307,0.147641,
12560,12.560,-0.000161,-0.282004,
12561,12.561,-0.005479,-0.453314,
12562,12.562,-0.005546,-0.608834,
12563,12.563,0.001508,-0.654333,
12564,12.564,0.002929,-0.608585,
12565,12.565,-0.001736,-0.487965,
12566,12.566,-0.000487,-0.378558,
12567,12.567,-0.005661,-0.213504,
12568,12.568,-0.007278,-0.183048,
12569,12.569,0.001087,-0.155588,
12570,12.570,0.002663,-0.130914,
12571,12.571,-0.005252,-0.108374,
12572,12.572,0.000846,-0.046891,
12573,12.573,-0.005938,-0.101609,
12574,12.574,0.004862,-0.184834,
12575,12.575,-0.004309,-0.260511,
12576,12.576,-0.012667,-0.246222,
12577,12.577,0.000273,-0.157718,
12578,12.578,-0.004386,-0.330147,
12579,12.579,0.000554,-0.551645,
12580,12.580,-0.003154,-0.521519,
12581,12.581,-0.009084,-0.385722,
12582,12.582,-0.009781,-0.163822,
12583,12.583,-0.004242,0.104414,
12584,12.584,-0.001249,0.428374,
12585,12.585,0.004920,0.645379,
12586,12.586,0.010386,0.841873,
12587,12.587,0.008568,0.803405,
12588,12.588,0.001814,0.702188,
12589,12.589,-0.010198,0.490808,
12590,12.590,0.001789,0.298455,
12591,12.591,-0.005685,0.123702,
12592,12.592,-0.004208,0.054400,
12593,12.593,-0.015437,-0.049083,
12594,12.594,-0.007737,-0.106140,
12595,12.595,-0.006326,-0.158129,
12596,12.596,-0.007454,-0.113914,
12597,12.597,-0.004190,-0.045870,
12598,12.598,-0.009755,0.025287,
12599,12.599,-0.021277,0.137629,
12600,12.600,0.001698,0.212897,
12601,12.601,-0.034702,0.198044,
12602,12.602,-0.000921,0.083478,
12603,12.603,-0.005394,-0.024433,
12604,12.604,-0.009390,-0.039089,
12605,12.605,0.001320,-0.103124,
12606,12.606,-0.002019,-0.207905,
12607,12.607,0.000722,-0.306545,
12608,12.608,-0.007556,-0.396332,
12609,12.609,-0.015011,-0.501563,
12610,12.610,-0.013001,-0.406199,
12611,12.611,-0.011163,-0.218960,
12612,12.612,0.005371,0.022736,
12613,12.613,0.002947,0.184622,
12614,12.614,0.004744,0.271884,
12615,12.615,-0.001088,0.297189,
12616,12.616,-0.003041,0.271039,
12617,12.617,-0.010935,0.292041,
12618,12.618,-0.001571,0.230374,
12619,12.619,0.004394,0.063361,
12620,12.620,0.009689,-0.183266,
12621,12.621,0.014636,-0.281870,
12622,12.622,0.009744,-0.311883,
12623,12.623,0.001635,-0.285030,
12624,12.624,0.006541,-0.063557,
12625,12.625,-0.000216,0.085222,
12626,12.626,-0.001413,0.112067,
12627,12.627,0.009735,-0.109935,
12628,12.628,0.011078,-0.259016,
12629,12.629,0.006153,-0.231962,
12630,12.630,0.004441,-0.158259,
12631,12.631,0.005257,-0.046178,
12632,12.632,-0.002896,0.218741,
12633,12.633,0.004018,0.399709,
12634,12.634,0.004506,0.499062,
12635,12.635,-0.001769,0.529941,
12636,12.636,0.004826,0.395479,
12637,12.637,0.001788,0.224043,
12638,12.638,0.000605,0.112679,
12639,12.639,-0.004979,-0.029268,
12640,12.640,-0.005987,-0.084698,
12641,12.641,-0.004609,-0.101463,
12642,12.642,-0.004415,-0.116514,
12643,12.643,0.000027,-0.102636,
12644,12.644,-0.006017,-0.115341,
12645,12.645,-0.011539,-0.288299,
12646,12.646,-0.001138,-0.411892,
12647,12.647,0.006233,-0.300361,
12648,12.648,0.001941,-0.239943,
12649,12.649,-0.007079,-0.147897,
12650,12.650,-0.004075,0.036723,
12651,12.651,-0.003246,0.208801,
12652,12.652,0.006884,0.320541,
12653,12.653,-0.000223,0.381194,
12654,12.654,0.003392,0.362564,
12655,12.655,0.002247,0.177381,
12656,12.656,0.003148,0.004873,
12657,12.657,0.007602,-0.107271,
12658,12.658,0.006660,-0.168350,
12659,12.659,0.002863,-0.112911,
12660,12.660,0.004832,-0.062320,
12661,12.661,0.005294,-0.015699,
12662,12.662,0.005778,0.027299,
12663,12.663,0.008318,0.016451,
12664,12.664,0.005282,0.121649,
12665,12.665,0.010901,0.081509,
12666,12.666,-0.000559,-0.106868,
12667,12.667,0.004581,-0.241663,
12668,12.668,0.000078,-0.265672,
12669,12.669,0.001514,-0.153508,
12670,12.670,0.010397,-0.011258,
12671,12.671,0.009499,0.044013,
12672,12.672,0.008633,0.094319,
12673,12.673,0.004207,0.048631,
12674,12.674,0.010251,0.035460,
12675,12.675,0.005132,0.099762,
12676,12.676,0.007300,0.066645,
12677,12.677,0.007951,-0.004917,
12678,12.678,0.008624,-0.013381,
12679,12.679,0.011340,0.013514,
12680,12.680,0.008470,0.006924,
12681,12.681,0.002234,-0.013263,
12682,12.682,0.005118,-0.031446,
12683,12.683,0.004450,-0.036004,
12684,12.684,0.000926,0.023782,
12685,12.685,-0.002421,0.048072,
12686,12.686,0.002017,0.070281,
12687,12.687,0.001731,0.064702,
12688,12.688,-0.005825,0.012613,
12689,12.689,-0.004589,-0.093133,
12690,12.690,-0.003348,-0.291010,
12691,12.691,-0.007684,-0.154471,
12692,12.692,-0.006602,-0.030270,
12693,12.693,-0.002631,0.127430,
12694,12.694,-0.007294,0.148507,
12695,12.695,-0.008737,0.204614,
12696,12.696,-0.003240,0.255289,
12697,12.697,-0.003655,0.270531,
12698,12.698,-0.007627,0.256765,
12699,12.699,0.000753,0.145415,
12700,12.700,-0.007787,0.057630,
12701,12.701,0.011402,-0.022048,
12702,12.702,-0.024060,-0.093882,
12703,12.703,0.000382,-0.102179,
12704,12.704,0.005009,-0.075179,
12705,12.705,0.009124,-0.050707,
12706,12.706,0.005796,-0.014228,
12707,12.707,-0.003783,-0.058656,
12708,12.708,-0.006444,-0.146252,
12709,12.709,-0.003538,-0.335369,
12710,12.710,-0.005723,-0.470640,
12711,12.711,-0.003343,-0.396816,
12712,12.712,-0.001153,-0.239966,
12713,12.713,-0.010308,-0.056703,
12714,12.714,-0.008480,0.165072,
12715,12.715,-0.012927,0.314139,
12716,12.716,-0.005882,0.341283,
12717,12.717,-0.002084,0.415091,
12718,12.718,0.005778,0.347935,
12719,12.719,-0.005662,0.287152,
12720,12.720,-0.016280,0.157878,
12721,12.721,-0.006612,0.006859,
12722,12.722,0.007277,-0.257303,
12723,12.723,0.012868,-0.364978,
12724,12.724,0.004406,-0.331865,
12725,12.725,0.005905,-0.242321,
12726,12.726,0.001799,-0.106608,
12727,12.727,-0.001980,-0.131027,
12728,12.728,0.001170,-0.153388,
12729,12.729,-0.006185,-0.011215,
12730,12.730,0.007771,0.081158,
12731,12.731,0.005631,0.131358,
12732,12.732,-0.000078,0.207635,
12733,12.733,-0.001903,0.221425,
12734,12.734,-0.003566,0.133065,
12735,12.735,-0.005077,-0.016455,
12736,12.736,-0.006432,-0.158692,
12737,12.737,-0.001028,-0.288269,
12738,12.738,-0.004251,-0.338758,
12739,12.739,-0.005306,-0.262515,
12740,12.740,-0.004655,-0.193381,
12741,12.741,-0.010105,-0.029676,
12742,12.742,-0.001008,0.081948,
12743,12.743,-0.007488,0.183314,
12744,12.744,-0.010913,0.312740,
12745,12.745,-0.008097,0.396689,
12746,12.746,-0.001896,0.381379,
12747,12.747,-0.008037,0.256103,
12748,12.748,-0.010467,0.138212,
12749,12.749,-0.000035,0.000327,
12750,12.750,0.004298,-0.092553,
12751,12.751,-0.005575,-0.143435,
12752,12.752,0.000479,-0.128783,
12753,12.753,0.001264,-0.198958,
12754,12.754,-0.004206,-0.212136,
12755,12.755,-0.012838,-0.155269,
12756,12.756,-0.002718,-0.061991,
12757,12.757,0.001161,0.051113,
12758,12.758,0.002144,0.157628,
12759,12.759,-0.001272,0.254326,
12760,12.760,0.005842,0.241136,
12761,12.761,0.004843,0.182949,
12762,12.762,0.005546,0.151340,
12763,12.763,0.006119,0.122678,
12764,12.764,0.006692,0.010475,
12765,12.765,0.012363,-0.096497,
12766,12.766,0.003808,-0.110221,
12767,12.767,0.004767,-0.147883,
12768,12.768,0.012001,-0.159395,
12769,12.769,0.014691,-0.107478,
12770,12.770,0.008745,-0.098310,
12771,12.771,0.003507,-0.090139,
12772,12.772,-0.000006,-0.051661,
12773,12.773,0.008351,-0.031138,
12774,12.774,0.009463,-0.012619,
12775,12.775,0.008527,0.004182,
12776,12.776,0.004073,0.030269,
12777,12.777,0.006736,0.044337,
12778,12.778,0.001635,0.074824,
12779,12.779,0.008210,0.070637,
12780,12.780,0.007528,0.015843,
12781,12.781,0.005515,-0.070360,
12782,12.782,0.003681,-0.081945,
12783,12.783,0.006932,-0.092309,
12784,12.784,0.007658,-0.082919,
12785,12.785,0.009419,-0.057234,
12786,12.786,0.003587,-0.018505,
12787,12.787,0.015015,0.030805,
12788,12.788,0.001416,0.075501,
12789,12.789,0.007284,0.080825,
12790,12.790,0.002502,0.053963,
12791,12.791,0.010437,0.077939,
12792,12.792,0.003814,0.038125,
12793,12.793,0.010401,-0.009886,
12794,12.794,0.007497,-0.042126,
12795,12.795,0.004772,-0.047782,
12796,12.796,0.009658,-0.042472,
12797,12.797,0.004065,-0.066732,
12798,12.798,0.012847,-0.045011,
12799,12.799,0.005376,-0.017524,
12800,12.800,-0.000733,0.011688,
12801,12.801,-0.001432,0.036434,
12802,12.802,0.012912,0.058828,
12803,12.803,-0.017392,0.079087,
12804,12.804,0.004911,0.070417,
12805,12.805,-0.006654,0.067542,
12806,12.806,0.004443,0.037862,
12807,12.807,0.007925,0.009642,
12808,12.808,-0.012632,0.012973,
12809,12.809,-0.009678,0.009596,
12810,12.810,-0.007084,0.006578,
12811,12.811,-0.022430,-0.007343,
12812,12.812,-0.016154,-0.010030,
12813,12.813,-0.017836,-0.003829,
12814,12.814,0.000925,0.001787,
12815,12.815,-0.011304,0.003060,
12816,12.816,-0.008990,0.014257,
12817,12.817,-0.010935,0.015156,
12818,12.818,-0.001577,-0.000658,
12819,12.819,-0.016770,-0.011344,
12820,12.820,-0.018789,-0.009951,
12821,12.821,-0.016936,-0.001944,
12822,12.822,-0.022036,-0.013038,
12823,12.823,-0.005181,-0.014762,
12824,12.824,-0.016420,-0.003752,
12825,12.825,-0.014475,0.000514,
12826,12.826,-0.016447,-0.001120,
12827,12.827,-0.004727,0.004858,
12828,12.828,-0.009447,0.001342,
12829,12.829,-0.005557,0.004089,
12830,12.830,-0.004546,-0.004697,
12831,12.831,-0.005752,-0.019980,
12832,12.832,-0.004947,-0.026526,
12833,12.833,-0.009746,-0.032546,
12834,12.834,-0.012527,-0.024511,
12835,12.835,-0.005851,-0.032517,
12836,12.836,-0.001555,-0.028835,
12837,12.837,-0.004378,-0.022915,
12838,12.838,-0.002472,-0.006134,
12839,12.839,-0.013458,0.010818,
12840,12.840,-0.003142,0.012687,
12841,12.841,-0.002139,-0.001903,
12842,12.842,0.008836,-0.004167,
12843,12.843,0.003887,-0.002953,
12844,12.844,0.007544,-0.008025,
12845,12.845,0.005967,-0.004446,
12846,12.846,0.004539,-0.003736,
12847,12.847,0.011371,-0.003179,
12848,12.848,0.008196,-0.000623,
12849,12.849,0.008570,0.005344,
12850,12.850,0.005876,-0.006240,
12851,12.851,-0.002424,-0.008136,
12852,12.852,-0.003979,-0.009841,
12853,12.853,0.009531,-0.003922,
12854,12.854,0.002886,0.003506,
12855,12.855,0.004181,0.006170,
12856,12.856,0.008717,0.010343,
12857,12.857,0.000500,0.009066,
12858,12.858,0.003950,0.007947,
12859,12.859,0.002117,0.002616,
12860,12.860,0.009231,-0.003554,
12861,12.861,0.001315,0.002968,
12862,12.862,0.005188,0.014719,
12863,12.863,0.012263,0.015991,
12864,12.864,0.002076,0.004927,
12865,12.865,0.002553,0.008598,
12866,12.866,0.007380,-0.005624,
12867,12.867,0.009618,-0.011521,
12868,12.868,0.006092,0.003374,
12869,12.869,-0.002538,0.017224,
12870,12.870,-0.008672,0.026158,
12871,12.871,-0.001142,0.013974,
12872,12.872,-0.003120,-0.000218,
12873,12.873,-0.011387,-0.002379,
12874,12.874,-0.009703,-0.007698,
12875,12.875,-0.018559,0.002798,
12876,12.876,-0.010196,0.012295,
12877,12.877,-0.015071,0.010998,
12878,12.878,-0.021830,0.009900,
12879,12.879,-0.022048,0.010833,
12880,12.880,-0.022477,0.002307,
12881,12.881,-0.021261,-0.003326,
12882,12.882,-0.021970,-0.004381,
12883,12.883,-0.022723,-0.003568,
12884,12.884,-0.024704,0.009255,
12885,12.885,-0.029092,0.007381,
12886,12.886,-0.027092,0.005690,
12887,12.887,-0.021754,0.013323,
12888,12.888,-0.020366,0.012014,
12889,12.889,-0.026638,0.010902,
12890,12.890,-0.025866,0.021326,
12891,12.891,-0.023964,0.028397,
12892,12.892,-0.016535,0.009595,
12893,12.893,-0.034851,-0.020380,
12894,12.894,-0.030240,-0.016332,
12895,12.895,-0.018057,-0.012597,
12896,12.896,-0.014550,0.004026,
12897,12.897,-0.018375,0.007143,
12898,12.898,-0.019052,-0.000703,
12899,12.899,-0.017257,-0.012778,
12900,12.900,-0.013318,-0.014700,
12901,12.901,-0.022624,-0.014773,
12902,12.902,-0.032838,-0.004363,
12903,12.903,-0.019579,-0.002247,
12904,12.904,-0.051341,-0.003657,
12905,12.905,-0.009904,-0.001804,
12906,12.906,-0.018253,-0.008347,
12907,12.907,-0.015630,-0.011633,
12908,12.908,-0.013562,-0.010229,
12909,12.909,-0.038237,-0.006848,
12910,12.910,-0.020980,0.003807,
12911,12.911,-0.020144,0.005513,
12912,12.912,-0.026084,0.009696,
12913,12.913,-0.031693,0.009274,
12914,12.914,-0.020709,-0.005838,
12915,12.915,-0.001113,-0.011868,
12916,12.916,-0.012606,0.007133,
12917,12.917,-0.007134,0.024907,
12918,12.918,-0.007358,0.032023,
12919,12.919,-0.003297,0.022388,
12920,12.920,0.000319,0.021017,
12921,12.921,-0.003930,0.009652,
12922,12.922,0.002249,-0.012921,
12923,12.923,0.004636,-0.042339,
12924,12.924,0.003928,-0.030136,
12925,12.925,0.005687,-0.033332,
12926,12.926,0.000650,-0.029765,
12927,12.927,0.006245,-0.014553,
12928,12.928,0.007411,-0.006148,
12929,12.929,0.008580,-0.008250,
12930,12.930,0.018903,-0.005757,
12931,12.931,0.016269,0.004719,
12932,12.932,0.010998,0.018039,
12933,12.933,0.006480,0.023366,
12934,12.934,0.007482,0.022111,
12935,12.935,0.010783,0.023792,
12936,12.936,0.018408,0.023022,
12937,12.937,0.019962,0.022424,
12938,12.938,0.025081,0.015558,
12939,12.939,0.036306,0.001884,
12940,12.940,0.042068,-0.003884,
12941,12.941,0.038116,0.009407,
12942,12.942,0.055736,0.004543,
12943,12.943,0.052817,-0.005943,
12944,12.944,0.054494,-0.012725,
12945,12.945,0.063496,-0.018812,
12946,12.946,0.081688,-0.026422,
12947,12.947,0.091929,-0.012567,
12948,12.948,0.098647,-0.003131,
12949,12.949,0.102520,0.005466,
12950,12.950,0.112343,0.013212,
12951,12.951,0.114751,0.020269,
12952,12.952,0.115618,0.009062,
12953,12.953,0.123398,-0.013803,
12954,12.954,0.138918,-0.043450,
12955,12.955,0.138491,-0.055178,
12956,12.956,0.149172,-0.015009,
12957,12.957,0.148702,0.022254,
12958,12.958,0.151309,0.017536,
12959,12.959,0.156758,0.004362,
12960,12.960,0.155141,-0.055641,
12961,12.961,0.162676,-0.115964,
12962,12.962,0.160455,-0.108081,
12963,12.963,0.171243,-0.058181,
12964,12.964,0.159853,-0.038676,
12965,12.965,0.148625,-0.009170,
12966,12.966,0.139141,-0.003677,
12967,12.967,0.131535,0.010989,
12968,12.968,0.125652,0.033235,
12969,12.969,0.112765,0.037325,
12970,12.970,0.101498,0.048310,
12971,12.971,0.097209,0.078256,
12972,12.972,0.084198,0.058462,
12973,12.973,0.096242,0.047755,
12974,12.974,0.080528,0.044683,
12975,12.975,0.079576,0.053664,
12976,12.976,0.079467,0.061979,
12977,12.977,0.063274,0.054961,
12978,12.978,0.048661,0.021606,
12979,12.979,0.011941,-0.011894,
12980,12.980,-0.012396,0.001611,
12981,12.981,-0.033989,0.021904,
12982,12.982,-0.063849,0.004170,
12983,12.983,-0.080963,-0.031851,
12984,12.984,-0.087512,-0.084788,
12985,12.985,-0.141346,-0.077320,
12986,12.986,-0.075158,-0.057709,
12987,12.987,-0.124440,-0.028185,
12988,12.988,-0.226287,-0.001410,
12989,12.989,-0.390186,0.032617,
12990,12.990,-0.408528,0.054737,
12991,12.991,-0.425213,0.050938,
12992,12.992,-0.403591,0.032918,
12993,12.993,-0.384147,0.016599,
12994,12.994,-0.366548,0.013850,
12995,12.995,-0.322756,0.027766,
12996,12.996,-0.308287,0.030396,
12997,12.997,-0.295096,0.010317,
12998,12.998,-0.283403,0.002389,
12999,12.999,-0.272866,0.004926,
13000,13.000,-0.246269,-0.001515,
13001,13.001,-0.222631,-0.007481,
13002,13.002,-0.185254,0.000936,
13003,13.003,-0.178767,0.002889,
13004,13.004,-0.134558,0.021523,
13005,13.005,-0.176748,0.028809,
13006,13.006,-0.119621,0.035417,
13007,13.007,-0.144857,0.025264,
13008,13.008,-0.125751,0.001037,
13009,13.009,-0.082996,-0.008882,
13010,13.010,-0.091450,-0.029867,
13011,13.011,-0.067814,-0.065816,
13012,13.012,-0.056509,-0.090346,
13013,13.013,-0.055301,-0.095097,
13014,13.014,0.001486,-0.083545,
13015,13.015,0.041250,-0.080209,
13016,13.016,0.061110,-0.037371,
13017,13.017,0.121635,0.003530,
13018,13.018,0.161101,0.019455,
13019,13.019,0.211997,0.005072,
13020,13.020,0.215274,0.000619,
13021,13.021,0.243643,0.020496,
13022,13.022,0.268893,-0.005002,
13023,13.023,0.238250,-0.014990,
13024,13.024,0.229369,-0.012317,
13025,13.025,0.211935,-0.037244,
13026,13.026,0.147587,-0.047302,
13027,13.027,0.082897,-0.044701,
13028,13.028,0.133252,-0.020331,
13029,13.029,0.164523,-0.023935,
13030,13.030,0.179616,-0.033158,
13031,13.031,0.157950,-0.008885,
13032,13.032,0.223071,-0.006072,
13033,13.033,0.266238,-0.015247,
13034,13.034,0.287951,0.009071,
13035,13.035,0.307123,0.045002,
13036,13.036,0.324263,0.058957,
13037,13.037,0.339473,0.054177,
13038,13.038,0.318002,0.073826,
13039,13.039,0.255257,0.077106,
13040,13.040,0.227735,0.073627,
13041,13.041,0.244739,0.046317,
13042,13.042,0.143281,0.005974,
13043,13.043,-0.013974,-0.052979,
13044,13.044,-0.119970,-0.076580,
13045,13.045,-0.179854,-0.041318,
13046,13.046,-0.201075,-0.009267,
13047,13.047,-0.220821,0.007895,
13048,13.048,-0.211610,0.012873,
13049,13.049,-0.153405,0.027005,
13050,13.050,-0.077945,0.013590,
13051,13.051,-0.031109,0.017248,
13052,13.052,-0.046080,0.035123,
13053,13.053,-0.077682,0.018514,
13054,13.054,-0.091431,0.009555,
13055,13.055,-0.090571,0.034143,
13056,13.056,-0.090771,0.057082,
13057,13.057,-0.150660,0.071928,
13058,13.058,-0.136560,0.079994,
13059,13.059,-0.163432,0.072656,
13060,13.060,-0.212266,0.079214,
13061,13.061,-0.268509,0.081231,
13062,13.062,-0.322169,0.053322,
13063,13.063,-0.348359,0.001255,
13064,13.064,-0.352174,-0.048399,
13065,13.065,-0.347065,-0.106615,
13066,13.066,-0.343408,-0.129778,
13067,13.067,-0.333269,-0.093999,
13068,13.068,-0.310525,-0.061385,
13069,13.069,-0.263491,-0.043650,
13070,13.070,-0.234965,-0.016815,
13071,13.071,-0.210222,-0.011761,
13072,13.072,-0.176046,-0.015790,
13073,13.073,-0.134266,-0.011562,
13074,13.074,-0.110095,-0.007664,
13075,13.075,-0.115150,0.002506,
13076,13.076,-0.132471,0.017727,
13077,13.077,-0.149366,0.026163,
13078,13.078,-0.185300,0.024096,
13079,13.079,-0.130827,0.026605,
13080,13.080,-0.113959,0.016737,
13081,13.081,-0.116747,-0.010949,
13082,13.082,-0.104765,-0.022552,
13083,13.083,-0.066186,0.003065,
13084,13.084,-0.057817,0.013145,
13085,13.085,-0.051079,0.010667,
13086,13.086,-0.066714,-0.008002,
13087,13.087,-0.081534,-0.009898,
13088,13.088,-0.025117,0.006062,
13089,13.089,0.107769,0.000332,
13090,13.090,0.159660,-0.001226,
13091,13.091,0.169576,-0.009470,
13092,13.092,0.178389,-0.010908,
13093,13.093,0.216837,-0.001268,
13094,13.094,0.251648,0.009974,
13095,13.095,0.233039,0.014414,
13096,13.096,0.262270,0.010279,
13097,13.097,0.330789,0.001500,
13098,13.098,0.336793,-0.003872,
13099,13.099,0.360158,0.012180,
13100,13.100,0.381993,0.014670,
13101,13.101,0.388591,0.012779,
13102,13.102,0.382632,-0.000173,
13103,13.103,0.407055,-0.012306,
13104,13.104,0.438662,-0.024158,
13105,13.105,0.468555,-0.025741,
13106,13.106,0.419609,-0.010600,
13107,13.107,0.460484,-0.004576,
13108,13.108,0.460387,-0.010214,
13109,13.109,0.426775,-0.018744,
13110,13.110,0.408533,-0.023430,
13111,13.111,0.374120,-0.024935,
13112,13.112,0.355032,-0.021418,
13113,13.113,0.318023,-0.024902,
13114,13.114,0.310655,-0.015784,
13115,13.115,0.306051,-0.015014,
13116,13.116,0.303827,-0.009876,
13117,13.117,0.284538,0.001205,
13118,13.118,0.277947,0.017764,
13119,13.119,0.250165,-0.007239,
13120,13.120,0.237808,-0.023944,
13121,13.121,0.218160,-0.009349,
13122,13.122,0.192666,-0.012396,
13123,13.123,0.170417,-0.010385,
13124,13.124,0.141549,0.000412,
13125,13.125,0.115969,0.014279,
13126,13.126,0.130126,0.030697,
13127,13.127,0.123755,0.036960,
13128,13.128,0.090826,0.046762,
13129,13.129,0.061604,0.066861,
13130,13.130,0.088646,0.058337,
13131,13.131,0.080019,0.040668,
13132,13.132,0.052562,0.006555,
13133,13.133,0.040714,-0.066634,
13134,13.134,0.008060,-0.077357,
13135,13.135,-0.007429,-0.087222,
13136,13.136,-0.032841,-0.044494,
13137,13.137,-0.042720,-0.021560,
13138,13.138,-0.060982,-0.000647,
13139,13.139,-0.095730,0.031288,
13140,13.140,-0.141688,0.071825,
13141,13.141,-0.184485,0.076683,
13142,13.142,-0.238081,0.081054,
13143,13.143,-0.288123,0.076299,
13144,13.144,-0.332944,0.048044,
13145,13.145,-0.372762,-0.006928,
13146,13.146,-0.408504,-0.124651,
13147,13.147,-0.427669,-0.175383,
13148,13.148,-0.444666,-0.129851,
13149,13.149,-0.449243,-0.032893,
13150,13.150,-0.453268,0.004525,
13151,13.151,-0.465916,0.015742,
13152,13.152,-0.461500,0.025802,
13153,13.153,-0.479631,0.035027,
13154,13.154,-0.489830,0.043425,
13155,13.155,-0.499565,0.019841,
13156,13.156,-0.514590,-0.001722,
13157,13.157,-0.494387,-0.008366,
13158,13.158,-0.499132,-0.002791,
13159,13.159,-0.467687,0.002331,
13160,13.160,-0.463621,0.016686,
13161,13.161,-0.404999,0.021071,
13162,13.162,-0.364378,0.032928,
13163,13.163,-0.344610,0.036511,
13164,13.164,-0.313668,0.026736,
13165,13.165,-0.312797,0.011929,
13166,13.166,-0.325003,0.003937,
13167,13.167,-0.316479,-0.003145,
13168,13.168,-0.271466,0.003661,
13169,13.169,-0.245044,0.014024,
13170,13.170,-0.209822,0.038419,
13171,13.171,-0.179620,0.035423,
13172,13.172,-0.153874,0.032811,
13173,13.173,-0.132232,0.008402,
13174,13.174,-0.105308,-0.001104,
13175,13.175,-0.092209,0.002097,
13176,13.176,-0.043139,0.005136,
13177,13.177,-0.031775,0.007850,
13178,13.178,0.023805,0.019376,
13179,13.179,0.055755,0.009608,
13180,13.180,0.083092,0.011867,
13181,13.181,0.121639,0.003800,
13182,13.182,0.155019,-0.009700,
13183,13.183,0.183587,-0.011220,
13184,13.184,0.184221,-0.002482,
13185,13.185,0.193859,-0.009785,
13186,13.186,0.210699,-0.010816,
13187,13.187,0.215665,-0.014134,
13188,13.188,0.194770,0.003412,
13189,13.189,0.195924,-0.003352,
13190,13.190,0.195488,-0.013985,
13191,13.191,0.181668,-0.011384,
13192,13.192,0.173288,-0.005238,
13193,13.193,0.164279,0.000366,
13194,13.194,0.154906,0.002387,
13195,13.195,0.161789,0.004178,
13196,13.196,0.179565,0.000814,
13197,13.197,0.177995,0.006665,
13198,13.198,0.183695,0.018431,
13199,13.199,0.195345,0.011146,
13200,13.200,0.198581,-0.000940,
13201,13.201,0.200893,-0.005528,
13202,13.202,0.191631,-0.009598,
13203,13.203,0.192628,0.006114,
13204,13.204,0.185114,0.024695,
13205,13.205,0.186205,0.023114,
13206,13.206,0.207433,0.010497,
13207,13.207,0.158965,-0.014512,
13208,13.208,0.188188,-0.061529,
13209,13.209,0.195268,-0.041896,
13210,13.210,0.193104,-0.035808,
13211,13.211,0.199099,-0.019581,
13212,13.212,0.175896,-0.004904,
13213,13.213,0.168283,-0.009014,
13214,13.214,0.131601,-0.020588,
13215,13.215,0.133009,-0.038450,
13216,13.216,0.126775,-0.021855,
13217,13.217,0.106977,-0.000888,
13218,13.218,0.109132,0.001973,
13219,13.219,0.111612,-0.000262,
13220,13.220,0.098146,-0.006748,
13221,13.221,0.101375,-0.008665,
13222,13.222,0.082510,-0.003002,
13223,13.223,0.087210,0.002141,
13224,13.224,0.082461,0.012833,
13225,13.225,0.078906,0.016893,
13226,13.226,0.059924,0.010617,
13227,13.227,0.066823,0.002801,
13228,13.228,0.063144,0.001730,
13229,13.229,0.060766,-0.001030,
13230,13.230,0.045734,0.001427,
13231,13.231,0.043240,0.006585,
13232,13.232,0.046815,0.015796,
13233,13.233,0.032748,0.009413,
13234,13.234,0.025513,0.014863,
13235,13.235,0.019844,0.001022,
13236,13.236,0.020080,-0.012165,
13237,13.237,0.020996,-0.024181,
13238,13.238,0.015104,-0.016755,
13239,13.239,0.007088,-0.023880,
13240,13.240,0.004222,-0.022887,
13241,13.241,0.013429,-0.008184,
13242,13.242,-0.004569,-0.002266,
13243,13.243,-0.015274,0.010586,
13244,13.244,-0.024287,0.025632,
13245,13.245,-0.031802,0.023427,
13246,13.246,-0.043565,0.021373,
13247,13.247,-0.053504,0.026233,
13248,13.248,-0.048472,0.018392,
13249,13.249,-0.059774,-0.002660,
13250,13.250,-0.065094,-0.011724,
13251,13.251,-0.055999,-0.009296,
13252,13.252,-0.055343,-0.011930,
13253,13.253,-0.058085,-0.001012,
13254,13.254,-0.070320,-0.003256,
13255,13.255,-0.071416,0.002111,
13256,13.256,-0.076612,0.000206,
13257,13.257,-0.076943,-0.004603,
13258,13.258,-0.084482,-0.003525,
13259,13.259,-0.094450,-0.000094,
13260,13.260,-0.095492,0.005246,
13261,13.261,-0.092580,0.001968,
13262,13.262,-0.106682,-0.000970,
13263,13.263,-0.119727,-0.003728,
13264,13.264,-0.118027,0.007548,
13265,13.265,-0.124568,0.005639,
13266,13.266,-0.119382,-0.005220,
13267,13.267,-0.121387,0.001547,
13268,13.268,-0.126216,0.007632,
13269,13.269,-0.133374,0.004218,
13270,13.270,-0.124903,0.005043,
13271,13.271,-0.123975,-0.005463,
13272,13.272,-0.121282,-0.009713,
13273,13.273,-0.120730,-0.001116,
13274,13.274,-0.115380,0.001908,
13275,13.275,-0.126017,0.004741,
13276,13.276,-0.116926,0.009065,
13277,13.277,-0.124155,0.001022,
13278,13.278,-0.111479,0.001768,
13279,13.279,-0.109853,-0.003067,
13280,13.280,-0.096267,-0.011132,
13281,13.281,-0.087474,-0.004145,
13282,13.282,-0.066178,-0.003567,
13283,13.283,-0.064177,0.000413,
13284,13.284,-0.035129,0.005428,
13285,13.285,-0.032464,0.007233,
13286,13.286,-0.023008,0.007504,
13287,13.287,-0.008113,0.012511,
13288,13.288,0.005136,0.001605,
13289,13.289,0.011488,-0.012510,
13290,13.290,0.016898,-0.018310,
13291,13.291,0.021549,-0.013426,
13292,13.292,0.025621,-0.009033,
13293,13.293,0.032837,-0.013249,
13294,13.294,0.032390,-0.002071,
13295,13.295,0.034776,0.005407,
13296,13.296,0.042225,0.012208,
13297,13.297,0.046271,0.020842,
13298,13.298,0.049642,0.021707,
13299,13.299,0.050519,0.014280,
13300,13.300,0.051082,0.000077,
13301,13.301,0.056755,-0.014277,
13302,13.302,0.061977,-0.023734,
13303,13.303,0.057259,-0.012047,
13304,13.304,0.059542,-0.016750,
13305,13.305,0.062242,-0.006204,
13306,13.306,0.061133,0.003344,
13307,13.307,0.070082,-0.005542,
13308,13.308,0.045466,-0.013425,
13309,13.309,0.053756,-0.006256,
13310,13.310,0.055222,0.007687,
13311,13.311,0.056629,0.009651,
13312,13.312,0.072707,0.011465,
13313,13.313,0.060466,-0.000423,
13314,13.314,0.065596,-0.014335,
13315,13.315,0.048039,-0.016225,
13316,13.316,0.045156,0.002365,
13317,13.317,0.063039,0.019606,
13318,13.318,0.060256,0.008439,
13319,13.319,0.048798,0.002365,
13320,13.320,0.046581,0.004268,
13321,13.321,0.044686,0.012829,
13322,13.322,0.056603,0.008413,
13323,13.323,0.049176,0.023849,
13324,13.324,0.034241,0.038345,
13325,13.325,0.028558,0.036821,
13326,13.326,0.027186,0.028771,
13327,13.327,0.022700,0.021576,
13328,13.328,0.021841,0.026059,
13329,13.329,0.023940,0.025298,
13330,13.330,0.013431,0.010817,
13331,13.331,0.009764,0.001108,
13332,13.332,0.009381,-0.015159,
13333,13.333,0.004164,-0.012466,
13334,13.334,-0.002550,-0.009976,
13335,13.335,-0.000418,-0.011437,
13336,13.336,-0.003871,-0.002731,
13337,13.337,-0.000196,0.004898,
13338,13.338,-0.010558,-0.010412,
13339,13.339,-0.017873,-0.016666,
13340,13.340,-0.018273,-0.011285,
13341,13.341,-0.026808,-0.013202,
13342,13.342,-0.031993,-0.002748,
13343,13.343,-0.031966,-0.006953,
13344,13.344,-0.042463,-0.008192,
13345,13.345,-0.039976,0.008924,
13346,13.346,-0.043116,0.001673,
13347,13.347,-0.056112,-0.000571,
13348,13.348,-0.057137,-0.002669,
13349,13.349,-0.054654,-0.012026,
13350,13.350,-0.052393,0.003137,
13351,13.351,-0.042068,0.009135,
13352,13.352,-0.045165,0.007140,
13353,13.353,-0.054908,-0.004842,
13354,13.354,-0.053021,-0.006463,
13355,13.355,-0.046256,-0.005191,
13356,13.356,-0.046829,0.006096,
13357,13.357,-0.041211,0.013650,
13358,13.358,-0.047286,0.012245,
13359,13.359,-0.042772,-0.001661,
13360,13.360,-0.043237,-0.010967,
13361,13.361,-0.035228,-0.005856,
13362,13.362,-0.034053,-0.004275,
13363,13.363,-0.044217,-0.000141,
13364,13.364,-0.040044,-0.003764,
13365,13.365,-0.031186,-0.006871,
13366,13.366,-0.036724,-0.003682,
13367,13.367,-0.029436,-0.006222,
13368,13.368,-0.015373,-0.018904,
13369,13.369,-0.025517,-0.046647,
13370,13.370,-0.012514,-0.066482,
13371,13.371,-0.004109,-0.084535,
13372,13.372,0.003450,-0.101005,
13373,13.373,0.002051,-0.104051,
13374,13.374,0.010789,-0.117998,
13375,13.375,0.016289,-0.090976,
13376,13.376,0.023490,-0.073044,
13377,13.377,0.031888,-0.050204,
13378,13.378,0.030809,-0.023342,
13379,13.379,0.033810,-0.034360,
13380,13.380,0.031086,-0.037772,
13381,13.381,0.028537,-0.029206,
13382,13.382,0.040032,0.006279,
13383,13.383,0.041742,0.049740,
13384,13.384,0.055653,0.137738,
13385,13.385,0.050136,0.251294,
13386,13.386,0.055301,0.266427,
13387,13.387,0.053895,0.252487,
13388,13.388,0.058117,0.214732,
13389,13.389,0.054565,0.180212,
13390,13.390,0.057980,0.128141,
13391,13.391,0.057201,0.061908,
13392,13.392,0.056615,-0.015627,
13393,13.393,0.052675,-0.067576,
13394,13.394,0.050787,-0.057925,
13395,13.395,0.049088,-0.014542,
13396,13.396,0.039980,-0.006404,
13397,13.397,0.033438,-0.027294,
13398,13.398,0.030130,-0.033223,
13399,13.399,0.027375,-0.026927,
13400,13.400,0.028875,-0.010475,
13401,13.401,0.020934,-0.014680,
13402,13.402,0.006609,-0.036161,
13403,13.403,-0.011259,-0.047441,
13404,13.404,-0.003403,-0.057697,
13405,13.405,0.003799,-0.040753,
13406,13.406,-0.015027,-0.047041,
13407,13.407,-0.016427,-0.055460,
13408,13.408,0.004699,-0.063213,
13409,13.409,-0.035749,-0.070060,
13410,13.410,-0.017658,-0.071775,
13411,13.411,-0.032883,-0.069318,
13412,13.412,-0.036940,-0.078344,
13413,13.413,-0.023076,-0.073219,
13414,13.414,-0.042370,-0.077790,
13415,13.415,-0.038161,-0.062584,
13416,13.416,-0.047322,-0.044049,
13417,13.417,-0.049558,-0.036534,
13418,13.418,-0.046226,-0.002566,
13419,13.419,-0.033266,0.051091,
13420,13.420,-0.039281,0.115600,
13421,13.421,-0.040740,0.159175,
13422,13.422,-0.038331,0.182977,
13423,13.423,-0.029361,0.133695,
13424,13.424,-0.033446,0.075764,
13425,13.425,-0.034359,0.052718,
13426,13.426,-0.025159,0.059999,
13427,13.427,-0.028003,0.040770,
13428,13.428,-0.030739,0.035079,
13429,13.429,-0.025912,0.040417,
13430,13.430,-0.012865,0.016382,
13431,13.431,-0.014586,-0.005506,
13432,13.432,-0.012811,-0.025409,
13433,13.433,-0.014302,-0.021914,
13434,13.434,-0.007376,-0.031863,
13435,13.435,-0.006245,-0.029025,
13436,13.436,-0.011936,-0.037034,
13437,13.437,-0.000587,-0.044214,
13438,13.438,-0.002310,-0.055314,
13439,13.439,-0.001221,-0.061370,
13440,13.440,0.002205,-0.059511,
13441,13.441,0.005091,-0.057996,
13442,13.442,0.014202,-0.053788,
13443,13.443,0.017537,-0.075042,
13444,13.444,0.018151,-0.108350,
13445,13.445,0.018759,-0.121783,
13446,13.446,0.019178,-0.133869,
13447,13.447,0.010927,-0.123341,
13448,13.448,0.015726,-0.094015,
13449,13.449,0.014379,-0.042589,
13450,13.450,0.007969,-0.008045,
13451,13.451,0.014357,-0.028445,
13452,13.452,0.014712,-0.023785,
13453,13.453,0.013306,0.012364,
13454,13.454,0.012048,0.055042,
13455,13.455,0.017900,0.118866,
13456,13.456,0.007866,0.109440,
13457,13.457,0.008486,0.053975,
13458,13.458,0.008905,0.003388,
13459,13.459,0.003076,0.034921,
13460,13.460,0.005161,0.122356,
13461,13.461,0.008764,0.235349,
13462,13.462,-0.000273,0.219456,
13463,13.463,0.004685,0.177212,
13464,13.464,0.005098,0.063103,
13465,13.465,-0.000063,-0.044279,
13466,13.466,0.001852,-0.086077,
13467,13.467,0.004984,-0.123899,
13468,13.468,0.000856,-0.135489,
13469,13.469,-0.001374,-0.145872,
13470,13.470,-0.002383,-0.136362,
13471,13.471,0.003895,-0.110298,
13472,13.472,-0.003023,-0.070918,
13473,13.473,0.004299,0.021964,
13474,13.474,0.002831,0.110660,
13475,13.475,-0.000293,0.168581,
13476,13.476,0.012180,0.137875,
13477,13.477,0.009966,0.090944,
13478,13.478,0.021461,0.013681,
13479,13.479,0.016565,0.024247,
13480,13.480,0.017599,0.033813,
13481,13.481,0.021014,0.094191,
13482,13.482,0.012940,0.117329,
13483,13.483,0.011630,0.038709,
13484,13.484,0.008636,-0.055479,
13485,13.485,0.005801,-0.093458,
13486,13.486,0.001794,-0.128184,
13487,13.487,0.012161,-0.159467,
13488,13.488,-0.001987,-0.169052,
13489,13.489,-0.007855,-0.091427,
13490,13.490,-0.013208,-0.018482,
13491,13.491,-0.021103,-0.008908,
13492,13.492,-0.033905,-0.103642,
13493,13.493,-0.046026,-0.115903,
13494,13.494,-0.044778,-0.058074,
13495,13.495,-0.032523,-0.005554,
13496,13.496,-0.058181,0.080387,
13497,13.497,-0.025639,0.207520,
13498,13.498,-0.039102,0.359576,
13499,13.499,-0.003347,0.380560,
13500,13.500,-0.047279,0.288757,
13501,13.501,-0.006627,0.205408,
13502,13.502,-0.001670,0.099021,
13503,13.503,0.002786,-0.025491,
13504,13.504,-0.001911,-0.008131,
13505,13.505,-0.006092,0.007695,
13506,13.506,0.018965,0.022117,
13507,13.507,0.024502,-0.026653,
13508,13.508,0.027379,-0.063916,
13509,13.509,0.042014,-0.051941,
13510,13.510,0.006067,-0.041117,
13511,13.511,0.039631,-0.049963,
13512,13.512,0.034945,-0.144187,
13513,13.513,0.022819,-0.181407,
13514,13.514,0.047896,-0.192662,
13515,13.515,0.024628,-0.182284,
13516,13.516,0.021501,-0.134937,
13517,13.517,0.007553,-0.091814,
13518,13.518,0.000039,-0.099520,
13519,13.519,-0.002400,-0.134870,
13520,13.520,0.007557,-0.166949,
13521,13.521,-0.001919,-0.160936,
13522,13.522,0.006377,-0.187224,
13523,13.523,-0.010689,-0.182288,
13524,13.524,-0.021983,-0.151402,
13525,13.525,-0.024118,-0.107475,
13526,13.526,-0.018620,-0.043093,
13527,13.527,-0.020377,0.068652,
13528,13.528,-0.012807,0.175241,
13529,13.529,-0.005880,0.216342,
13530,13.530,-0.009604,0.304260,
13531,13.531,-0.001788,0.315425,
13532,13.532,-0.002741,0.284008,
13533,13.533,0.011361,0.217370,
13534,13.534,0.005375,0.173831,
13535,13.535,0.007362,0.118799,
13536,13.536,0.005830,0.083037,
13537,13.537,0.010576,0.024513,
13538,13.538,0.006740,0.001063,
13539,13.539,0.010710,-0.020368,
13540,13.540,0.011990,-0.039755,
13541,13.541,0.011267,-0.069080,
13542,13.542,0.007003,-0.085136,
13543,13.543,-0.002146,-0.129120,
13544,13.544,0.009552,-0.146992,
13545,13.545,0.002324,-0.152608,
13546,13.546,-0.006865,-0.128642,
13547,13.547,0.002383,-0.089128,
13548,13.548,0.008482,-0.062823,
13549,13.549,0.003763,-0.029184,
13550,13.550,0.008917,-0.016170,
13551,13.551,0.005244,0.003457,
13552,13.552,0.015847,0.050374,
13553,13.553,0.009554,0.056198,
13554,13.554,0.029161,0.084848,
13555,13.555,0.059930,0.089644,
13556,13.556,0.024562,0.016548,
13557,13.557,-0.028029,-0.035846,
13558,13.558,-0.020219,-0.045618,
13559,13.559,-0.000232,-0.089148,
13560,13.560,0.017885,-0.081684,
13561,13.561,0.013299,-0.017653,
13562,13.562,0.028348,0.077408,
13563,13.563,0.007037,0.090204,
13564,13.564,0.003798,0.056051,
13565,13.565,0.008031,0.025386,
13566,13.566,0.011867,-0.040506,
13567,13.567,0.015339,-0.083328,
13568,13.568,-0.008761,-0.091092,
13569,13.569,-0.011413,-0.069963,
13570,13.570,-0.002031,-0.037903,
13571,13.571,-0.004152,0.038252,
13572,13.572,-0.001226,0.131732,
13573,13.573,-0.007286,0.219425,
13574,13.574,-0.008818,0.276320,
13575,13.575,-0.002763,0.265499,
13576,13.576,-0.007383,0.199024,
13577,13.577,-0.011519,0.104265,
13578,13.578,-0.007029,-0.009120,
13579,13.579,-0.017953,-0.054636,
13580,13.580,-0.019090,-0.068226,
13581,13.581,-0.009094,-0.055449,
13582,13.582,-0.022628,-0.066727,
13583,13.583,-0.020448,-0.118665,
13584,13.584,-0.025232,-0.204105,
13585,13.585,-0.020436,-0.215764,
13586,13.586,-0.024295,-0.205699,
13587,13.587,-0.027869,-0.139623,
13588,13.588,-0.019946,-0.062117,
13589,13.589,-0.018850,-0.031045,
13590,13.590,-0.008467,0.035253,
13591,13.591,-0.007055,0.095648,
13592,13.592,-0.015845,0.150333,
13593,13.593,-0.003339,0.114840,
13594,13.594,-0.018664,0.030656,
13595,13.595,-0.008648,0.065244,
13596,13.596,-0.010710,0.096403,
13597,13.597,-0.005903,0.067910,
13598,13.598,-0.010771,-0.009983,
13599,13.599,-0.001504,-0.020498,
13600,13.600,-0.008128,-0.030113,
13601,13.601,-0.009552,-0.004339,
13602,13.602,-0.010994,-0.059131,
13603,13.603,-0.005042,-0.123506,
13604,13.604,-0.006344,-0.132317,
13605,13.605,-0.008983,-0.124479,
13606,13.606,-0.011476,-0.102924,
13607,13.607,-0.008933,-0.018428,
13608,13.608,0.000938,-0.023980,
13609,13.609,-0.001322,-0.127186,
13610,13.610,0.005927,-0.224317,
13611,13.611,-0.011700,-0.262128,
13612,13.612,-0.004973,-0.227860,
13613,13.613,-0.016661,-0.197147,
13614,13.614,0.001222,-0.074523,
13615,13.615,0.007954,0.075895,
13616,13.616,-0.008143,0.298629,
13617,13.617,0.005519,0.386969,
13618,13.618,-0.015507,0.359091,
13619,13.619,-0.013351,0.334061,
13620,13.620,-0.006628,0.356091,
13621,13.621,0.004015,0.416828,
13622,13.622,0.009617,0.361350,
13623,13.623,0.011011,0.243722,
13624,13.624,0.012225,0.014351,
13625,13.625,0.019389,-0.149522,
13626,13.626,0.006446,-0.179209,
13627,13.627,0.011118,-0.152184,
13628,13.628,0.015289,-0.127828,
13629,13.629,0.016277,-0.105791,
13630,13.630,0.012194,-0.126390,
13631,13.631,0.004086,-0.145130,
13632,13.632,0.011071,-0.095006,
13633,13.633,0.024830,-0.049460,
13634,13.634,0.018493,-0.035884,
13635,13.635,0.027574,-0.073930,
13636,13.636,0.008790,-0.154710,
13637,13.637,0.020998,-0.186064,
13638,13.638,0.009696,-0.176775,
13639,13.639,-0.008826,-0.151012,
13640,13.640,0.003453,-0.143291,
13641,13.641,-0.007750,-0.093527,
13642,13.642,0.022844,-0.086982,
13643,13.643,0.027244,-0.057542,
13644,13.644,0.039104,0.011892,
13645,13.645,0.049947,0.116273,
13646,13.646,0.046780,0.241534,
13647,13.647,0.067658,0.191207,
13648,13.648,0.026638,0.145388,
13649,13.649,0.032479,0.103720,
13650,13.650,0.016696,0.116230,
13651,13.651,0.031215,0.173815,
13652,13.652,-0.008390,0.080112,
13653,13.653,-0.024118,-0.083864,
13654,13.654,-0.009558,-0.195496,
13655,13.655,-0.022576,-0.215353,
13656,13.656,0.013628,-0.270336,
13657,13.657,-0.020029,-0.185738,
13658,13.658,-0.033034,-0.047490,
13659,13.659,-0.020992,0.119542,
13660,13.660,-0.024328,0.231784,
13661,13.661,-0.033944,0.333715,
13662,13.662,-0.024963,0.426694,
13663,13.663,-0.032933,0.477724,
13664,13.664,-0.030351,0.401961,
13665,13.665,-0.014614,0.221842,
13666,13.666,-0.004285,0.050100,
13667,13.667,-0.017145,-0.151006,
13668,13.668,-0.008526,-0.231717,
13669,13.669,-0.012937,-0.255781,
13670,13.670,-0.025307,-0.277631,
13671,13.671,-0.023447,-0.256863,
13672,13.672,-0.006390,-0.238016,
13673,13.673,-0.012828,-0.221021,
13674,13.674,-0.010643,-0.144740,
13675,13.675,-0.012345,-0.103758,
13676,13.676,-0.003750,-0.066822,
13677,13.677,-0.005141,-0.033110,
13678,13.678,0.001935,-0.023550,
13679,13.679,-0.004190,0.004035,
13680,13.680,-0.005062,0.029076,
13681,13.681,0.000280,0.051620,
13682,13.682,-0.002328,0.043882,
13683,13.683,-0.001387,0.049813,
13684,13.684,-0.009769,0.043641,
13685,13.685,-0.012914,0.069774,
13686,13.686,0.002910,0.103175,
13687,13.687,-0.008193,0.107154,
13688,13.688,0.002029,0.078902,
13689,13.689,0.003945,0.045867,
13690,13.690,0.009078,0.006092,
13691,13.691,0.001535,-0.020380,
13692,13.692,0.011235,0.003965,
13693,13.693,0.015045,-0.009122,
13694,13.694,0.011923,-0.036940,
13695,13.695,0.006788,-0.025935,
13696,13.696,0.009606,-0.009228,
13697,13.697,0.013936,-0.000045,
13698,13.698,0.008808,-0.024405,
13699,13.699,-0.000428,-0.060479,
13700,13.700,0.003368,-0.094034,
13701,13.701,-0.004353,-0.151080,
13702,13.702,0.003001,-0.174037,
13703,13.703,0.011521,-0.166580,
13704,13.704,0.017158,-0.133959,
13705,13.705,0.016213,-0.080726,
13706,13.706,0.011731,-0.016315,
13707,13.707,0.012698,0.078739,
13708,13.708,0.001305,0.116418,
13709,13.709,0.019518,0.069374,
13710,13.710,0.014578,-0.034368,
13711,13.711,0.037742,-0.076171,
13712,13.712,-0.011666,-0.063711,
13713,13.713,0.024047,0.016935,
13714,13.714,0.017801,0.131769,
13715,13.715,0.012257,0.238852,
13716,13.716,0.017720,0.197119,
13717,13.717,0.003575,0.083330,
13718,13.718,0.008198,-0.023804,
13719,13.719,-0.003406,-0.065344,
13720,13.720,0.014918,-0.052681,
13721,13.721,-0.001283,-0.041004,
13722,13.722,-0.003947,0.115626,
13723,13.723,-0.011835,0.227758,
13724,13.724,0.000717,0.207478,
13725,13.725,-0.010248,0.189048,
13726,13.726,-0.016140,0.172285,
13727,13.727,-0.014094,0.218111,
13728,13.728,-0.022367,0.204287,
13729,13.729,0.000810,0.141281,
13730,13.730,-0.008843,0.014864,
13731,13.731,-0.005816,-0.035408,
13732,13.732,0.008027,-0.050422,
13733,13.733,0.000874,-0.036181,
13734,13.734,-0.014570,-0.048175,
13735,13.735,-0.008399,-0.082050,
13736,13.736,-0.010188,-0.112532,
13737,13.737,-0.008429,-0.140389,
13738,13.738,-0.019043,-0.200382,
13739,13.739,-0.014935,-0.208023,
13740,13.740,-0.011179,-0.172584,
13741,13.741,-0.012160,-0.101691,
13742,13.742,-0.013167,-0.054792,
13743,13.743,-0.019595,-0.063781,
13744,13.744,-0.017089,-0.087342,
13745,13.745,-0.014947,-0.094556,
13746,13.746,-0.017047,-0.113845,
13747,13.747,-0.010202,-0.119435,
13748,13.748,-0.009445,-0.124298,
13749,13.749,-0.007008,-0.118969,
13750,13.750,-0.007798,-0.131339,
13751,13.751,-0.012816,-0.142197,
13752,13.752,-0.004675,-0.159187,
13753,13.753,0.002971,-0.128161,
13754,13.754,-0.004454,-0.066683,
13755,13.755,-0.000037,0.064359,
13756,13.756,-0.004449,0.269835,
13757,13.757,-0.002453,0.407219,
13758,13.758,0.000882,0.433699,
13759,13.759,-0.006276,0.368446,
13760,13.760,-0.000068,0.228062,
13761,13.761,-0.006237,0.063339,
13762,13.762,0.003508,-0.001875,
13763,13.763,-0.003699,-0.020206,
13764,13.764,0.004823,-0.073720,
13765,13.765,0.003583,-0.155839,
13766,13.766,0.004325,-0.230447,
13767,13.767,0.003214,-0.242612,
13768,13.768,0.010709,-0.177861,
13769,13.769,0.013450,-0.095693,
13770,13.770,0.012320,0.020755,
13771,13.771,0.007832,0.099183,
13772,13.772,0.019062,0.226511,
13773,13.773,0.017127,0.279209,
13774,13.774,0.012320,0.296707,
13775,13.775,0.019036,0.284826,
13776,13.776,0.010006,0.223464,
13777,13.777,0.015372,0.167414,
13778,13.778,0.009938,0.137571,
13779,13.779,0.007044,0.110181,
13780,13.780,0.007741,0.050612,
13781,13.781,0.009803,-0.066034,
13782,13.782,0.001910,-0.149259,
13783,13.783,0.013339,-0.194090,
13784,13.784,0.008724,-0.151367,
13785,13.785,0.010017,-0.061979,
13786,13.786,0.008821,0.042546,
13787,13.787,0.001043,0.168720,
13788,13.788,0.000059,0.253830,
13789,13.789,-0.006316,0.331391,
13790,13.790,-0.003712,0.346391,
13791,13.791,-0.002929,0.233785,
13792,13.792,0.007856,0.096989,
13793,13.793,0.009531,0.005115,
13794,13.794,0.002782,-0.044854,
13795,13.795,0.006712,-0.121012,
13796,13.796,-0.003378,-0.218148,
13797,13.797,-0.007179,-0.306418,
13798,13.798,-0.010621,-0.386914,
13799,13.799,-0.013520,-0.397238,
13800,13.800,0.000511,-0.387787,
13801,13.801,-0.008436,-0.362038,
13802,13.802,0.000396,-0.338938,
13803,13.803,-0.003770,-0.332242,
13804,13.804,0.009165,-0.300451,
13805,13.805,0.011294,-0.224592,
13806,13.806,0.013282,-0.152356,
13807,13.807,0.004102,-0.067626,
13808,13.808,0.008305,-0.056936,
13809,13.809,0.016590,-0.089022,
13810,13.810,0.012867,-0.082702,
13811,13.811,0.003920,-0.036666,
13812,13.812,0.023407,0.039391,
13813,13.813,-0.017142,0.110607,
13814,13.814,0.012687,0.194247,
13815,13.815,0.008023,0.203824,
13816,13.816,0.013328,0.128736,
13817,13.817,0.027098,0.059993,
13818,13.818,0.007716,-0.020242,
13819,13.819,0.004740,-0.116750,
13820,13.820,0.008532,-0.182372,
13821,13.821,-0.005782,-0.150209,
13822,13.822,-0.002504,-0.079502,
13823,13.823,0.000434,0.060701,
13824,13.824,0.012156,0.160296,
13825,13.825,0.006607,0.250719,
13826,13.826,0.001577,0.298878,
13827,13.827,0.007182,0.342298,
13828,13.828,0.006192,0.325803,
13829,13.829,0.002664,0.209300,
13830,13.830,-0.000550,0.068611,
13831,13.831,-0.005634,-0.064177,
13832,13.832,-0.014600,-0.118047,
13833,13.833,-0.000232,-0.106456,
13834,13.834,-0.012761,-0.068657,
13835,13.835,-0.007215,-0.084988,
13836,13.836,-0.008285,-0.123171,
13837,13.837,-0.011913,-0.178667,
13838,13.838,-0.000186,-0.172339,
13839,13.839,-0.007431,-0.097701,
13840,13.840,-0.005741,0.035025,
13841,13.841,-0.006625,0.161503,
13842,13.842,-0.014155,0.208550,
13843,13.843,-0.008704,0.189800,
13844,13.844,-0.003971,0.200187,
13845,13.845,-0.008079,0.159054,
13846,13.846,-0.002764,0.075273,
13847,13.847,-0.010545,0.019989,
13848,13.848,-0.003313,-0.030499,
13849,13.849,-0.009833,-0.024935,
13850,13.850,-0.009130,-0.020020,
13851,13.851,-0.008645,0.012828,
13852,13.852,-0.003990,0.029611,
13853,13.853,-0.011208,0.033037,
13854,13.854,-0.016119,0.046684,
13855,13.855,-0.005349,0.039670,
13856,13.856,-0.007313,0.024105,
13857,13.857,-0.011857,-0.038351,
13858,13.858,-0.008683,-0.118348,
13859,13.859,-0.010271,-0.172676,
13860,13.860,-0.016126,-0.165277,
13861,13.861,-0.014055,-0.175707,
13862,13.862,-0.015588,-0.153829,
13863,13.863,-0.015623,-0.119398,
13864,13.864,-0.005746,-0.023121,
13865,13.865,-0.008102,0.073489,
13866,13.866,-0.010238,0.135966,
13867,13.867,-0.004852,0.146683,
13868,13.868,-0.006728,0.072825,
13869,13.869,-0.006630,-0.032667,
13870,13.870,-0.012131,-0.131135,
13871,13.871,-0.008844,-0.195430,
13872,13.872,-0.007606,-0.207890,
13873,13.873,-0.006535,-0.218861,
13874,13.874,-0.016979,-0.171917,
13875,13.875,-0.013880,-0.129077,
13876,13.876,-0.018591,-0.058778,
13877,13.877,-0.027365,0.026371,
13878,13.878,-0.018866,0.083520,
13879,13.879,-0.018658,0.156042,
13880,13.880,-0.029938,0.221979,
13881,13.881,-0.032247,0.264719,
13882,13.882,-0.031999,0.334865,
13883,13.883,-0.025130,0.325008,
13884,13.884,-0.020764,0.247123,
13885,13.885,-0.018909,0.090592,
13886,13.886,-0.008570,-0.021228,
13887,13.887,-0.004788,-0.081734,
13888,13.888,-0.001483,-0.099432,
13889,13.889,0.009159,-0.014163,
13890,13.890,0.022357,0.063963,
13891,13.891,0.034743,0.079954,
13892,13.892,0.035835,0.019354,
13893,13.893,0.033748,-0.012404,
13894,13.894,0.040190,-0.082330,
13895,13.895,0.051086,-0.088549,
13896,13.896,0.046108,-0.059271,
13897,13.897,0.047101,-0.016707,
13898,13.898,0.047967,-0.020171,
13899,13.899,0.055489,-0.009888,
13900,13.900,0.054250,0.011574,
13901,13.901,0.045630,0.020992,
13902,13.902,0.048740,0.078590,
13903,13.903,0.053926,0.189799,
13904,13.904,0.047476,0.332043,
13905,13.905,0.039711,0.392139,
13906,13.906,0.040806,0.379991,
13907,13.907,0.026889,0.277531,
13908,13.908,0.025023,0.157064,
13909,13.909,0.008479,0.010369,
13910,13.910,0.010944,-0.127173,
13911,13.911,0.011926,-0.253508,
13912,13.912,0.010245,-0.304084,
13913,13.913,0.038541,-0.282186,
13914,13.914,-0.021099,-0.231023,
13915,13.915,0.022484,-0.100324,
13916,13.916,-0.000385,0.023097,
13917,13.917,0.007229,0.136001,
13918,13.918,0.001337,0.183466,
13919,13.919,-0.003866,0.201714,
13920,13.920,-0.008532,0.126879,
13921,13.921,-0.012683,0.038669,
13922,13.922,-0.007691,0.031805,
13923,13.923,-0.010971,0.048947,
13924,13.924,0.000476,0.085699,
13925,13.925,-0.002110,0.138779,
13926,13.926,-0.010286,0.204976,
13927,13.927,-0.006973,0.187435,
13928,13.928,-0.013642,0.114876,
13929,13.929,-0.010809,0.089430,
13930,13.930,-0.016301,0.085549,
13931,13.931,-0.021300,0.134166,
13932,13.932,-0.019016,0.131761,
13933,13.933,-0.026032,0.115706,
13934,13.934,-0.018519,0.049550,
13935,13.935,-0.024204,-0.011912,
13936,13.936,-0.022623,-0.136763,
13937,13.937,-0.031552,-0.262021,
13938,13.938,-0.022236,-0.341948,
13939,13.939,-0.016180,-0.383785,
13940,13.940,-0.016740,-0.393630,
13941,13.941,-0.015464,-0.377139,
13942,13.942,-0.027935,-0.384844,
13943,13.943,-0.029451,-0.391546,
13944,13.944,-0.017320,-0.340773,
13945,13.945,-0.015551,-0.277185,
13946,13.946,-0.016693,-0.235062,
13947,13.947,-0.017716,-0.225077,
13948,13.948,-0.012019,-0.164027,
13949,13.949,-0.019224,-0.090849,
13950,13.950,-0.021896,-0.022032,
13951,13.951,-0.015987,0.006161,
13952,13.952,-0.010819,0.062928,
13953,13.953,-0.006039,0.114695,
13954,13.954,-0.009228,0.187829,
13955,13.955,-0.008962,0.217897,
13956,13.956,-0.007845,0.175894,
13957,13.957,-0.001989,0.199601,
13958,13.958,-0.015143,0.220503,
13959,13.959,-0.013570,0.251612,
13960,13.960,-0.012217,0.196749,
13961,13.961,-0.008021,0.101863,
13962,13.962,-0.001447,0.061401,
13963,13.963,0.004421,0.024001,
13964,13.964,0.003045,-0.009812,
13965,13.965,-0.000397,-0.059575,
13966,13.966,0.001904,-0.070304,
13967,13.967,0.007440,-0.033395,
13968,13.968,0.001781,-0.056983,
13969,13.969,0.006305,-0.078920,
13970,13.970,0.012853,-0.064578,
13971,13.971,0.009733,-0.030959,
13972,13.972,0.010199,-0.010882,
13973,13.973,0.004586,-0.037434,
13974,13.974,0.014892,-0.078403,
13975,13.975,0.022186,-0.059523,
13976,13.976,0.017816,-0.034270,
13977,13.977,0.003641,-0.019966,
13978,13.978,0.023844,-0.014976,
13979,13.979,0.020865,-0.017899,
13980,13.980,0.008271,-0.051372,
13981,13.981,0.001451,-0.068873,
13982,13.982,0.011404,-0.085553,
13983,13.983,0.005636,-0.119647,
13984,13.984,0.000405,-0.123175,
13985,13.985,0.007886,-0.113813,
13986,13.986,0.009142,-0.105934,
13987,13.987,0.020396,-0.093783,
13988,13.988,0.015759,-0.138061,
13989,13.989,0.014374,-0.150344,
13990,13.990,0.020646,-0.133152,
13991,13.991,0.017452,-0.153228,
13992,13.992,0.020537,-0.132054,
13993,13.993,0.019731,-0.127932,
13994,13.994,0.015555,-0.124823,
13995,13.995,0.011921,-0.098471,
13996,13.996,0.011347,-0.065293,
13997,13.997,0.009771,-0.151805,
13998,13.998,0.005820,-0.169656,
13999,13.999,0.004413,-0.144699,
14000,14.000,0.011471,-0.141128,
14001,14.001,0.016848,-0.172636,
14002,14.002,0.002954,-0.170232,
14003,14.003,0.033716,-0.082820,
14004,14.004,0.100013,0.076518,
14005,14.005,-0.042110,0.318181,
14006,14.006,-0.021663,0.477546,
14007,14.007,-0.039974,0.621907,
14008,14.008,-0.023084,0.698595,
14009,14.009,-0.007746,0.620475,
14010,14.010,-0.021515,0.549097,
14011,14.011,-0.008903,0.402708,
14012,14.012,-0.020656,0.106885,
14013,14.013,-0.032078,-0.174698,
14014,14.014,-0.000870,-0.376709,
14015,14.015,-0.029233,-0.343951,
14016,14.016,-0.003316,-0.313993,
14017,14.017,-0.026653,-0.167327,
14018,14.018,-0.019557,-0.033810,
14019,14.019,-0.000296,0.087691,
14020,14.020,-0.017773,0.198298,
14021,14.021,-0.012597,0.298819,
14022,14.022,-0.017428,0.353305,
14023,14.023,-0.021941,0.402813,
14024,14.024,-0.018188,0.356202,
14025,14.025,-0.014792,0.258236,
14026,14.026,-0.024774,0.169343,
14027,14.027,-0.010083,0.157529,
14028,14.028,-0.013028,0.167835,
14029,14.029,-0.015641,0.196659,
14030,14.030,-0.018117,0.206004,
14031,14.031,-0.008289,0.167694,
14032,14.032,-0.014215,0.076087,
14033,14.033,-0.009496,-0.061769,
14034,14.034,-0.017486,-0.153108,
14035,14.035,-0.010946,-0.235756,
14036,14.036,-0.005108,-0.188362,
14037,14.037,-0.008756,-0.172771,
14038,14.038,-0.018672,-0.133167,
14039,14.039,-0.007803,-0.119650,
14040,14.040,-0.006759,-0.107157,
14041,14.041,-0.000312,-0.038541,
14042,14.042,0.002909,0.041534,
14043,14.043,-0.000826,0.096297,
14044,14.044,-0.000336,0.146478,
14045,14.045,-0.000020,0.158043,
14046,14.046,0.010610,0.106421,
14047,14.047,0.014638,0.073979,
14048,14.048,0.010051,-0.007152,
14049,14.049,0.005809,-0.084459,
14050,14.050,0.004289,-0.154133,
14051,14.051,0.011067,-0.198287,
14052,14.052,0.006014,-0.203823,
14053,14.053,0.009769,-0.146208,
14054,14.054,0.005622,-0.107730,
14055,14.055,0.015910,-0.085266,
14056,14.056,0.004771,-0.087624,
14057,14.057,0.011280,-0.078940,
14058,14.058,0.014594,-0.061263,
14059,14.059,0.013227,-0.053718,
14060,14.060,0.011918,-0.054627,
14061,14.061,0.010802,-0.062727,
14062,14.062,0.002796,-0.076820,
14063,14.063,0.007837,-0.119957,
14064,14.064,0.008516,-0.215636,
14065,14.065,0.014343,-0.311580,
14066,14.066,0.013593,-0.297653,
14067,14.067,0.005790,-0.284830,
14068,14.068,0.013090,-0.231512,
14069,14.069,0.010417,-0.145109,
14070,14.070,0.009687,-0.017927,
14071,14.071,0.007602,0.100055,
14072,14.072,0.004191,0.145978,
14073,14.073,0.007447,0.215553,
14074,14.074,0.003632,0.278693,
14075,14.075,0.001369,0.221164,
14076,14.076,0.006781,0.148126,
14077,14.077,0.007791,0.005618,
14078,14.078,0.009856,-0.055534,
14079,14.079,0.016689,0.036718,
14080,14.080,0.012896,0.053042,
14081,14.081,0.012687,0.098375,
14082,14.082,0.011151,0.083954,
14083,14.083,0.008629,0.045627,
14084,14.084,0.017981,0.079422,
14085,14.085,0.014835,0.068359,
14086,14.086,0.014414,0.058094,
14087,14.087,0.014015,0.031466,
14088,14.088,0.011928,0.007290,
14089,14.089,0.011728,0.013415,
14090,14.090,0.008655,-0.007114,
14091,14.091,0.015751,-0.073216,
14092,14.092,0.010509,-0.100676,
14093,14.093,0.005939,-0.109757,
14094,14.094,0.004587,-0.089050,
14095,14.095,0.005775,-0.069759,
14096,14.096,-0.002343,-0.098765,
14097,14.097,-0.005393,-0.125011,
14098,14.098,-0.010306,-0.081286,
14099,14.099,-0.004409,-0.040560,
14100,14.100,-0.002926,0.028154,
14101,14.101,-0.010092,0.093373,
14102,14.102,-0.014728,0.117698,
14103,14.103,-0.011443,-0.001628,
14104,14.104,-0.010037,-0.087719,
14105,14.105,-0.011699,-0.135621,
14106,14.106,-0.011851,-0.095829,
14107,14.107,-0.014412,-0.109801,
14108,14.108,-0.020384,-0.191200,
14109,14.109,-0.020788,-0.181251,
14110,14.110,-0.018179,-0.095941,
14111,14.111,-0.015768,-0.038281,
14112,14.112,-0.018476,0.055899,
14113,14.113,-0.022398,0.006899,
14114,14.114,-0.025007,-0.005700,
14115,14.115,-0.016983,0.074467,
14116,14.116,-0.033857,0.188524,
14117,14.117,-0.006433,0.325477,
14118,14.118,-0.024374,0.454349,
14119,14.119,-0.007820,0.571439,
14120,14.120,0.001069,0.494469,
14121,14.121,-0.023572,0.313547,
14122,14.122,-0.020337,0.141312,
14123,14.123,-0.011534,-0.015200,
14124,14.124,-0.025246,-0.116381,
14125,14.125,-0.002967,-0.171201,
14126,14.126,-0.000191,-0.221058,
14127,14.127,-0.002997,-0.235836,
14128,14.128,-0.005487,-0.165895,
14129,14.129,-0.007839,-0.152936,
14130,14.130,-0.001891,-0.186895,
14131,14.131,-0.007652,-0.217408,
14132,14.132,-0.009545,-0.207241,
14133,14.133,-0.011273,-0.197897,
14134,14.134,-0.004556,-0.158284,
14135,14.135,-0.003604,-0.108162,
14136,14.136,0.001727,-0.010633,
14137,14.137,-0.010020,0.115028,
14138,14.138,0.003593,0.266956,
14139,14.139,-0.002274,0.369171,
14140,14.140,-0.000868,0.388384,
14141,14.141,0.006457,0.170607,
14142,14.142,0.002108,-0.275637,
14143,14.143,0.000627,-0.594331,
14144,14.144,0.001349,-0.651279,
14145,14.145,0.008343,-0.597464,
14146,14.146,0.005364,-0.356415,
14147,14.147,0.005948,-0.137401,
14148,14.148,0.006373,0.141163,
14149,14.149,0.011041,0.394543,
14150,14.150,0.009139,0.625271,
14151,14.151,0.014182,0.775376,
14152,14.152,0.014660,0.749425,
14153,14.153,0.012783,0.676697,
14154,14.154,0.012106,0.431005,
14155,14.155,0.015508,0.136156,
14156,14.156,0.020438,-0.220766,
14157,14.157,0.012521,-0.460602,
14158,14.158,0.013424,-0.503688,
14159,14.159,0.012486,-0.542457,
14160,14.160,0.020197,-0.505307,
14161,14.161,0.014901,-0.339806,
14162,14.162,0.023322,-0.069892,
14163,14.163,0.017707,0.111789,
14164,14.164,0.018708,0.276912,
14165,14.165,0.010252,0.366948,
14166,14.166,0.004691,0.340426,
14167,14.167,-0.000523,0.316340,
14168,14.168,0.011708,0.249563,
14169,14.169,0.013486,0.026148,
14170,14.170,0.015086,-0.062698,
14171,14.171,0.002673,-0.143478,
14172,14.172,-0.002322,-0.216892,
14173,14.173,0.005395,-0.283797,
14174,14.174,0.018031,-0.222888,
14175,14.175,0.002916,-0.167565,
14176,14.176,0.000997,-0.184559,
14177,14.177,0.006723,-0.169555,
14178,14.178,-0.011755,-0.128062,
14179,14.179,-0.004359,-0.115499,
14180,14.180,-0.002037,-0.103791,
14181,14.181,-0.012045,-0.093160,
14182,14.182,-0.013753,0.030663,
14183,14.183,-0.008560,0.149052,
14184,14.184,-0.006940,0.103891,
14185,14.185,-0.019321,0.062947,
14186,14.186,-0.014127,0.025820,
14187,14.187,-0.003329,0.014881,
14188,14.188,-0.007254,-0.099301,
14189,14.189,-0.010828,-0.175333,
14190,14.190,-0.007483,-0.188878,
14191,14.191,-0.006364,-0.125486,
14192,14.192,-0.010816,-0.090797,
14193,14.193,-0.016642,0.003136,
14194,14.194,-0.015879,0.167499,
14195,14.195,-0.020699,0.280010,
14196,14.196,-0.020107,0.138521,
14197,14.197,-0.020532,0.047130,
14198,14.198,-0.023013,0.065195,
14199,14.199,-0.016018,0.051466,
14200,14.200,-0.010718,0.039124,
14201,14.201,-0.009826,0.078345,
14202,14.202,-0.005549,0.137103,
14203,14.203,-0.004841,0.231838,
14204,14.204,0.001612,0.270069,
14205,14.205,0.005853,0.235587,
14206,14.206,0.000629,0.078728,
14207,14.207,-0.002900,-0.123638,
14208,14.208,-0.003401,-0.259955,
14209,14.209,-0.000542,-0.334303,
14210,14.210,0.003005,-0.267526,
14211,14.211,0.009931,-0.125277,
14212,14.212,0.006873,0.041798,
14213,14.213,0.006003,0.199570,
14214,14.214,0.008511,0.280585,
14215,14.215,0.004254,0.302370,
14216,14.216,0.015710,0.285356,
14217,14.217,-0.009724,0.202479,
14218,14.218,0.015578,0.065690,
14219,14.219,0.005720,-0.063381,
14220,14.220,0.014478,-0.181069,
14221,14.221,0.006315,-0.227043,
14222,14.222,0.008625,-0.130002,
14223,14.223,0.010770,-0.041719,
14224,14.224,0.024935,0.016044,
14225,14.225,0.004435,0.006153,
14226,14.226,0.012503,-0.021677,
14227,14.227,0.014815,-0.046940,
14228,14.228,0.012573,-0.100964,
14229,14.229,0.002377,-0.135923,
14230,14.230,-0.006961,-0.206631,
14231,14.231,0.015007,-0.215665,
14232,14.232,0.023781,-0.154843,
14233,14.233,-0.000926,-0.068207,
14234,14.234,0.008883,0.035951,
14235,14.235,-0.006011,0.106115,
14236,14.236,-0.008713,0.169858,
14237,14.237,-0.011061,0.227990,
14238,14.238,-0.004430,0.238930,
14239,14.239,0.009813,0.154056,
14240,14.240,0.000551,0.028098,
14241,14.241,0.005675,-0.122676,
14242,14.242,0.004205,-0.223683,
14243,14.243,0.000217,-0.352574,
14244,14.244,-0.000894,-0.301417,
14245,14.245,-0.006399,-0.254768,
14246,14.246,0.005192,-0.156687,
14247,14.247,-0.002312,-0.092942,
14248,14.248,-0.003551,-0.011867,
14249,14.249,-0.004614,0.040781,
14250,14.250,-0.007694,0.145674,
14251,14.251,-0.002310,0.215691,
14252,14.252,-0.004864,0.228724,
14253,14.253,-0.002175,0.263740,
14254,14.254,-0.010494,0.274584,
14255,14.255,-0.013548,0.265573,
14256,14.256,-0.010347,0.222814,
14257,14.257,0.001979,0.121165,
14258,14.258,-0.009733,0.051662,
14259,14.259,-0.005040,-0.062035,
14260,14.260,-0.008975,-0.169075,
14261,14.261,-0.000060,-0.266108,
14262,14.262,-0.003152,-0.353983,
14263,14.263,-0.006096,-0.318879,
14264,14.264,0.000427,-0.224320,
14265,14.265,0.004740,-0.109977,
14266,14.266,0.010057,0.028277,
14267,14.267,-0.000518,0.195309,
14268,14.268,-0.005038,0.307544,
14269,14.269,-0.000931,0.327943,
14270,14.270,0.002847,0.309537,
14271,14.271,-0.000341,0.124478,
14272,14.272,0.000691,-0.047833,
14273,14.273,-0.000149,-0.069915,
14274,14.274,0.005757,-0.089859,
14275,14.275,0.009483,-0.071018,
14276,14.276,0.004544,-0.020262,
14277,14.277,0.000287,0.056469,
14278,14.278,0.001944,0.098332,
14279,14.279,0.000362,0.136268,
14280,14.280,-0.000911,0.124937,
14281,14.281,-0.003877,0.093948,
14282,14.282,0.001121,0.046757,
14283,14.283,0.008827,-0.030625,
14284,14.284,-0.000774,-0.082339,
14285,14.285,-0.002072,-0.091372,
14286,14.286,0.001017,-0.099590,
14287,14.287,0.001916,-0.106967,
14288,14.288,-0.000928,-0.127903,
14289,14.289,-0.000225,-0.121131,
14290,14.290,0.001844,-0.067954,
14291,14.291,-0.008975,-0.046486,
14292,14.292,-0.007619,-0.027025,
14293,14.293,-0.003728,0.002355,
14294,14.294,-0.007621,0.007690,
14295,14.295,-0.013393,-0.016238,
14296,14.296,-0.010531,-0.029135,
14297,14.297,-0.009867,-0.024978,
14298,14.298,-0.009188,-0.028379,
14299,14.299,-0.005642,-0.025072,
14300,14.300,-0.010774,-0.028005,
14301,14.301,-0.005253,-0.009017,
14302,14.302,0.003072,-0.001875,
14303,14.303,-0.007499,0.013473,
14304,14.304,-0.003614,0.003073,
14305,14.305,-0.002655,0.012005,
14306,14.306,0.004911,0.013212,
14307,14.307,0.003698,0.005008,
14308,14.308,0.002654,-0.013831,
14309,14.309,0.005014,-0.037001,
14310,14.310,0.001116,-0.035048,
14311,14.311,0.007362,-0.033316,
14312,14.312,0.004645,-0.011985,
14313,14.313,0.006670,-0.004211,
14314,14.314,0.004460,0.025044,
14315,14.315,-0.001130,0.052783,
14316,14.316,0.001746,0.056090,
14317,14.317,0.010374,0.044755,
14318,14.318,-0.008746,0.014540,
14319,14.319,0.010192,-0.005856,
14320,14.320,0.002727,-0.024486,
14321,14.321,0.004747,-0.041522,
14322,14.322,0.010665,-0.033619,
14323,14.323,-0.002538,-0.021024,
14324,14.324,0.002347,0.010146,
14325,14.325,-0.002386,0.039766,
14326,14.326,-0.003898,0.034758,
14327,14.327,0.004734,0.030188,
14328,14.328,0.010145,0.045664,
14329,14.329,0.000493,0.041870,
14330,14.330,-0.000870,0.032833,
14331,14.331,-0.004254,0.024610,
14332,14.332,0.009271,-0.005652,
14333,14.333,-0.000211,0.005126,
14334,14.334,-0.005474,0.029372,
14335,14.335,-0.013274,0.018391,
14336,14.336,-0.000960,0.008436,
14337,14.337,0.003889,-0.022792,
14338,14.338,-0.000914,-0.043800,
14339,14.339,0.008506,-0.084862,
14340,14.340,0.009461,-0.165773,
14341,14.341,0.003655,-0.132088,
14342,14.342,-0.001833,-0.122551,
14343,14.343,0.006381,-0.132803,
14344,14.344,-0.004180,-0.073156,
14345,14.345,-0.000366,0.027961,
14346,14.346,-0.017027,0.124534,
14347,14.347,-0.010682,0.161601,
14348,14.348,0.019706,0.218484,
14349,14.349,0.015070,0.228170,
14350,14.350,-0.045235,0.161230,
14351,14.351,0.032183,0.117508,
14352,14.352,-0.020137,0.062324,
14353,14.353,0.008070,0.054685,
14354,14.354,-0.000760,0.034874,
14355,14.355,-0.008727,0.005083,
14356,14.356,-0.001801,-0.011328,
14357,14.357,-0.021255,-0.016546,
14358,14.358,-0.015689,-0.039011,
14359,14.359,-0.010616,-0.051301,
14360,14.360,-0.006040,-0.055276,
14361,14.361,-0.010590,-0.039264,
14362,14.362,-0.006841,-0.072640,
14363,14.363,-0.003415,-0.086192,
14364,14.364,-0.006728,-0.058650,
14365,14.365,-0.003930,-0.033612,
14366,14.366,-0.006703,-0.017493,
14367,14.367,-0.004392,-0.020627,
14368,14.368,0.006735,-0.018173,
14369,14.369,0.000614,-0.030776,
14370,14.370,-0.004985,-0.006365,
14371,14.371,0.000127,0.023102,
14372,14.372,0.007754,0.034629,
14373,14.373,-0.004723,0.045162,
14374,14.374,-0.006364,0.028489,
14375,14.375,-0.004802,-0.004726,
14376,14.376,-0.000681,-0.018096,
14377,14.377,0.005633,-0.014404,
14378,14.378,0.004718,-0.011088,
14379,14.379,-0.000419,-0.014539,
14380,14.380,0.004257,-0.011906,
14381,14.381,0.008581,0.001553,
14382,14.382,0.017129,0.008619,
14383,14.383,0.009431,0.023979,
14384,14.384,0.018993,0.033959,
14385,14.385,0.030397,0.024493,
14386,14.386,0.031989,0.002323,
14387,14.387,0.016850,-0.024928,
14388,14.388,0.018948,-0.028677,
14389,14.389,0.013420,-0.012458,
14390,14.390,0.018550,-0.003836,
14391,14.391,0.017066,0.020670,
14392,14.392,0.015748,0.023769,
14393,14.393,0.014584,0.014898,
14394,14.394,0.013577,-0.004282,
14395,14.395,0.014579,-0.021547,
14396,14.396,0.000512,-0.014870,
14397,14.397,0.006536,-0.000518,
14398,14.398,0.015784,0.012631,
14399,14.399,-0.002878,-0.002484,
14400,14.400,-0.005317,-0.004438,
14401,14.401,-0.003245,0.004822,
14402,14.402,-0.013479,0.016542,
14403,14.403,-0.019195,0.014828,
14404,14.404,-0.017632,0.015972,
14405,14.405,-0.016272,0.004417,
14406,14.406,-0.003931,0.002660,
14407,14.407,-0.012578,-0.012799,
14408,14.408,-0.014332,-0.023155,
14409,14.409,-0.018637,-0.017759,
14410,14.410,-0.017704,-0.002691,
14411,14.411,-0.023558,0.003290,
14412,14.412,-0.033341,0.023707,
14413,14.413,-0.039931,0.020957,
14414,14.414,-0.039274,0.003702,
14415,14.415,-0.032387,-0.016525,
14416,14.416,-0.031105,-0.022662,
14417,14.417,-0.036117,-0.030636,
14418,14.418,-0.023733,-0.008183,
14419,14.419,-0.052127,0.006838,
14420,14.420,-0.024742,0.015078,
14421,14.421,-0.028854,0.017591,
14422,14.422,-0.032652,0.015547,
14423,14.423,-0.012432,0.013667,
14424,14.424,-0.021183,-0.002895,
14425,14.425,-0.009497,0.008450,
14426,14.426,-0.025748,0.027040,
14427,14.427,-0.020344,0.029561,
14428,14.428,-0.019169,0.023128,
14429,14.429,-0.004656,0.013150,
14430,14.430,0.000724,-0.014588,
14431,14.431,0.013049,-0.026249,
14432,14.432,0.003889,-0.029615,
14433,14.433,0.013848,-0.013007,
14434,14.434,0.009084,-0.004000,
14435,14.435,0.004665,-0.001113,
14436,14.436,0.016490,-0.003355,
14437,14.437,0.017500,-0.005452,
14438,14.438,0.015278,-0.019565,
14439,14.439,0.018631,-0.021279,
14440,14.440,0.009097,-0.016013,
14441,14.441,0.009403,-0.008212,
14442,14.442,0.013915,0.004510,
14443,14.443,0.012343,0.019910,
14444,14.444,0.014136,0.018042,
14445,14.445,0.020326,0.012642,
14446,14.446,0.009262,0.014569,
14447,14.447,0.012589,0.016348,
14448,14.448,0.005607,0.001374,
14449,14.449,-0.000662,0.007739,
14450,14.450,0.005927,0.009865,
14451,14.451,-0.005053,0.011803,
14452,14.452,-0.001603,0.013588,
14453,14.453,0.001557,0.006914,
14454,14.454,-0.004524,0.003430,
14455,14.455,-0.003923,0.002682,
14456,14.456,0.002172,-0.006492,
14457,14.457,0.002776,-0.014974,
14458,14.458,-0.001092,-0.020253,
14459,14.459,0.002432,-0.029446,
14460,14.460,0.010793,-0.032884,
14461,14.461,0.012035,-0.031586,
14462,14.462,0.015417,-0.036533,
14463,14.463,0.016814,-0.038919,
14464,14.464,0.016892,-0.032694,
14465,14.465,0.021357,-0.020867,
14466,14.466,0.024403,0.004851,
14467,14.467,0.019773,0.008754,
14468,14.468,0.028008,0.018915,
14469,14.469,0.028553,0.022167,
14470,14.470,0.030942,0.030694,
14471,14.471,0.021119,0.033480,
14472,14.472,0.028100,0.009202,
14473,14.473,0.034643,-0.000204,
14474,14.474,0.038102,0.003035,
14475,14.475,0.026482,0.000654,
14476,14.476,0.019551,0.003344,
14477,14.477,0.027094,0.005892,
14478,14.478,0.015803,0.008265,
14479,14.479,0.009181,0.010439,
14480,14.480,0.010279,0.015765,
14481,14.481,0.011612,0.011382,
14482,14.482,0.010469,0.010212,
14483,14.483,0.014606,0.029369,
14484,14.484,0.018636,0.048699,
14485,14.485,0.014403,0.041641,
14486,14.486,0.022015,0.026335,
14487,14.487,0.034554,-0.003973,
14488,14.488,0.056541,-0.016807,
14489,14.489,0.045864,-0.004605,
14490,14.490,0.066125,-0.000704,
14491,14.491,0.066895,0.016031,
14492,14.492,0.084045,0.013443,
14493,14.493,0.088781,-0.010958,
14494,14.494,0.093264,-0.047036,
14495,14.495,0.085323,-0.042050,
14496,14.496,0.092010,-0.019859,
14497,14.497,0.083181,-0.023587,
14498,14.498,0.084054,-0.019852,
14499,14.499,0.082234,-0.003214,
14500,14.500,0.067921,-0.005844,
14501,14.501,0.054311,0.002494,
14502,14.502,0.037668,0.015030,
14503,14.503,0.016973,-0.005084,
14504,14.504,0.003529,-0.029516,
14505,14.505,-0.008899,-0.032441,
14506,14.506,-0.030153,-0.023400,
14507,14.507,-0.056347,-0.004095,
14508,14.508,-0.066486,0.003331,
14509,14.509,-0.102384,0.014628,
14510,14.510,-0.106881,0.008681,
14511,14.511,-0.173022,0.003274,
14512,14.512,-0.315527,0.008553,
14513,14.513,-0.092204,-0.014213,
14514,14.514,-0.182228,-0.030370,
14515,14.515,-0.156109,-0.027266,
14516,14.516,-0.181806,-0.018956,
14517,14.517,-0.141911,-0.014057,
14518,14.518,-0.165852,-0.021181,
14519,14.519,-0.147368,-0.018855,
14520,14.520,-0.204864,-0.016752,
14521,14.521,-0.156633,-0.007389,
14522,14.522,-0.143729,0.018035,
14523,14.523,-0.160034,0.028858,
14524,14.524,-0.150069,0.032032,
14525,14.525,-0.141198,0.017081,
14526,14.526,-0.133584,0.014317,
14527,14.527,-0.126848,0.021532,
14528,14.528,-0.120955,0.046136,
14529,14.529,-0.100341,0.062420,
14530,14.530,-0.081727,0.047371,
14531,14.531,-0.065101,0.022470,
14532,14.532,-0.061964,0.025472,
14533,14.533,-0.048579,0.022389,
14534,14.534,-0.026733,-0.007897,
14535,14.535,-0.015651,-0.044111,
14536,14.536,0.010372,-0.068522,
14537,14.537,0.019536,-0.064422,
14538,14.538,0.027878,-0.044835,
14539,14.539,0.035443,-0.019915,
14540,14.540,0.037213,0.009338,
14541,14.541,0.058933,0.004859,
14542,14.542,0.079418,0.007802,
14543,14.543,0.087553,0.023612,
14544,14.544,0.100272,0.037853,
14545,14.545,0.116537,0.045343,
14546,14.546,0.127697,0.017605,
14547,14.547,0.153229,-0.030072,
14548,14.548,0.164731,-0.036703,
14549,14.549,0.175578,-0.019396,
14550,14.550,0.180674,-0.003582,
14551,14.551,0.190714,-0.008334,
14552,14.552,0.214159,-0.065696,
14553,14.553,0.209516,-0.073498,
14554,14.554,0.225670,-0.038078,
14555,14.555,0.240976,-0.005909,
14556,14.556,0.235302,0.011380,
14557,14.557,0.245722,0.016480,
14558,14.558,0.266123,0.001972,
14559,14.559,0.285828,-0.020151,
14560,14.560,0.297149,-0.032108,
14561,14.561,0.308269,-0.050308,
14562,14.562,0.303856,-0.047201,
14563,14.563,0.308842,-0.020227,
14564,14.564,0.304253,0.012478,
14565,14.565,0.294107,0.034359,
14566,14.566,0.294415,0.030379,
14567,14.567,0.287044,0.033874,
14568,14.568,0.273402,0.050245,
14569,14.569,0.250008,0.041444,
14570,14.570,0.212626,0.027744,
14571,14.571,0.178064,0.030101,
14572,14.572,0.157625,0.032300,
14573,14.573,0.119899,0.034378,
14574,14.574,0.084482,0.013998,
14575,14.575,0.041622,0.005953,
14576,14.576,0.001217,0.018362,
14577,14.577,-0.035425,0.025005,
14578,14.578,-0.068791,0.035172,
14579,14.579,-0.089642,0.044480,
14580,14.580,-0.099982,0.029263,
14581,14.581,-0.133726,0.010810,
14582,14.582,-0.195142,-0.011531,
14583,14.583,-0.271716,-0.008652,
14584,14.584,-0.323374,-0.000507,
14585,14.585,-0.351996,0.026749,
14586,14.586,-0.344251,0.044872,
14587,14.587,-0.353593,0.074708,
14588,14.588,-0.405611,0.102715,
14589,14.589,-0.440922,0.120951,
14590,14.590,-0.450404,0.111323,
14591,14.591,-0.470777,0.072482,
14592,14.592,-0.500163,0.067452,
14593,14.593,-0.501682,0.024030,
14594,14.594,-0.488364,-0.052196,
14595,14.595,-0.477646,-0.145849,
14596,14.596,-0.482518,-0.183349,
14597,14.597,-0.482506,-0.194655,
14598,14.598,-0.467313,-0.163349,
14599,14.599,-0.480729,-0.172624,
14600,14.600,-0.488729,-0.129248,
14601,14.601,-0.464536,-0.089919,
14602,14.602,-0.442814,-0.025559,
14603,14.603,-0.424712,0.000515,
14604,14.604,-0.410014,0.008501,
14605,14.605,-0.420149,0.030080,
14606,14.606,-0.417907,0.036817,
14607,14.607,-0.399534,0.042894,
14608,14.608,-0.357194,0.037974,
14609,14.609,-0.349176,0.023907,
14610,14.610,-0.315047,0.028592,
14611,14.611,-0.259695,0.024965,
14612,14.612,-0.228385,0.028732,
14613,14.613,-0.166947,0.025673,
14614,14.614,-0.131146,0.022950,
14615,14.615,-0.024165,0.015016,
14616,14.616,0.043584,0.012880,
14617,14.617,0.103846,-0.002453,
14618,14.618,0.160907,0.005439,
14619,14.619,0.214651,0.024174,
14620,14.620,0.312837,0.026849,
14621,14.621,0.312933,0.011518,
14622,14.622,0.395482,-0.006755,
14623,14.623,0.418990,0.005816,
14624,14.624,0.462862,0.008284,
14625,14.625,0.501988,0.018613,
14626,14.626,0.499182,0.039263,
14627,14.627,0.513573,0.053186,
14628,14.628,0.495126,0.046045,
14629,14.629,0.506704,0.039533,
14630,14.630,0.517219,0.017087,
14631,14.631,0.503717,0.008290,
14632,14.632,0.491764,-0.005427,
14633,14.633,0.481382,-0.012707,
14634,14.634,0.472437,-0.019320,
14635,14.635,0.457267,-0.037797,
14636,14.636,0.451638,-0.030549,
14637,14.637,0.434413,-0.023989,
14638,14.638,0.420011,-0.026034,
14639,14.639,0.408095,-0.031625,
14640,14.640,0.393952,-0.013068,
14641,14.641,0.378121,-0.010827,
14642,14.642,0.359246,-0.008845,
14643,14.643,0.356582,0.001040,
14644,14.644,0.338006,0.006295,
14645,14.645,0.322465,0.004180,
14646,14.646,0.336832,-0.007001,
14647,14.647,0.334376,-0.011578,
14648,14.648,0.328942,-0.018312,
14649,14.649,0.306619,-0.010959,
14650,14.650,0.296107,-0.006114,
14651,14.651,0.289096,0.003851,
14652,14.652,0.258810,0.002179,
14653,14.653,0.232868,-0.006866,
14654,14.654,0.235556,-0.014867,
14655,14.655,0.229931,-0.016156,
14656,14.656,0.227414,-0.015656,
14657,14.657,0.209998,-0.018547,
14658,14.658,0.195695,-0.013608,
14659,14.659,0.194969,-0.003252,
14660,14.660,0.179160,0.019416,
14661,14.661,0.166354,0.055390,
14662,14.662,0.157341,0.059678,
14663,14.663,0.142750,0.037239,
14664,14.664,0.130947,0.000731,
14665,14.665,0.093390,-0.014140,
14666,14.666,0.058668,-0.054424,
14667,14.667,0.029634,-0.060189,
14668,14.668,0.005321,-0.075092,
14669,14.669,-0.027896,-0.035851,
14670,14.670,-0.042247,0.000838,
14671,14.671,-0.067719,-0.043324,
14672,14.672,-0.102474,-0.073120,
14673,14.673,-0.150073,-0.025601,
14674,14.674,-0.175188,-0.032535,
14675,14.675,-0.214188,-0.050460,
14676,14.676,-0.232701,0.007773,
14677,14.677,-0.277305,0.030693,
14678,14.678,-0.301955,0.037388,
14679,14.679,-0.323681,0.043410,
14680,14.680,-0.342977,0.025580,
14681,14.681,-0.360259,-0.001405,
14682,14.682,-0.375702,0.002925,
14683,14.683,-0.421838,0.015743,
14684,14.684,-0.449638,0.011485,
14685,14.685,-0.446799,0.014687,
14686,14.686,-0.470530,-0.002085,
14687,14.687,-0.504265,-0.011194,
14688,14.688,-0.525009,0.002263,
14689,14.689,-0.544754,0.019295,
14690,14.690,-0.563684,0.030251,
14691,14.691,-0.565903,0.036189,
14692,14.692,-0.569165,0.034215,
14693,14.693,-0.573456,0.045977,
14694,14.694,-0.578753,0.062817,
14695,14.695,-0.579822,0.051615,
14696,14.696,-0.577645,0.037420,
14697,14.697,-0.563707,0.043033,
14698,14.698,-0.552244,0.031253,
14699,14.699,-0.548782,0.035920,
14700,14.700,-0.525240,0.034705,
14701,14.701,-0.463786,0.015919,
14702,14.702,-0.403296,-0.003004,
14703,14.703,-0.350488,0.019562,
14704,14.704,-0.304631,0.052838,
14705,14.705,-0.249606,0.031179,
14706,14.706,-0.180627,-0.020563,
14707,14.707,-0.140434,-0.041461,
14708,14.708,-0.127444,-0.034623,
14709,14.709,-0.136871,-0.004972,
14710,14.710,-0.147816,0.011332,
14711,14.711,-0.175822,-0.002624,
14712,14.712,-0.175306,0.002271,
14713,14.713,-0.164292,-0.001089,
14714,14.714,-0.168614,0.010251,
14715,14.715,-0.132033,-0.005667,
14716,14.716,-0.083974,-0.013998,
14717,14.717,-0.040406,-0.016266,
14718,14.718,0.031573,0.001471,
14719,14.719,0.089076,-0.006649,
14720,14.720,0.154316,-0.008266,
14721,14.721,0.211831,-0.017796,
14722,14.722,0.199244,-0.015355,
14723,14.723,0.261937,-0.009682,
14724,14.724,0.250944,-0.019664,
14725,14.725,0.322658,-0.028595,
14726,14.726,0.338576,-0.024174,
14727,14.727,0.374728,-0.024430,
14728,14.728,0.384985,-0.018406,
14729,14.729,0.412042,-0.007317,
14730,14.730,0.400963,-0.010651,
14731,14.731,0.405280,-0.018792,
14732,14.732,0.408295,-0.007846,
14733,14.733,0.423077,-0.000270,
14734,14.734,0.435557,0.019334,
14735,14.735,0.446144,0.011861,
14736,14.736,0.445426,-0.004766,
14737,14.737,0.426796,0.002436,
14738,14.738,0.417363,0.013172,
14739,14.739,0.408525,0.008170,
14740,14.740,0.393865,0.003680,
14741,14.741,0.374605,0.002701,
14742,14.742,0.357032,0.023959,
14743,14.743,0.346220,0.015440,
14744,14.744,0.327632,-0.003476,
14745,14.745,0.302771,-0.000959,
14746,14.746,0.299717,-0.003057,
14747,14.747,0.274980,-0.009088,
14748,14.748,0.263417,-0.007211,
14749,14.749,0.238617,0.001248,
14750,14.750,0.222215,0.002740,
14751,14.751,0.191512,-0.009846,
14752,14.752,0.163948,-0.028504,
14753,14.753,0.154358,-0.035834,
14754,14.754,0.140027,-0.029276,
14755,14.755,0.122099,-0.039461,
14756,14.756,0.095621,-0.011629,
14757,14.757,0.080043,0.024250,
14758,14.758,0.052290,0.028797,
14759,14.759,0.044747,0.032993,
14760,14.760,0.031014,0.004901,
14761,14.761,0.012402,-0.013348,
14762,14.762,0.003258,-0.010306,
14763,14.763,-0.009799,-0.007607,
14764,14.764,0.001114,0.011319,
14765,14.765,-0.007519,0.018393,
14766,14.766,-0.018788,0.002582,
14767,14.767,-0.034096,-0.003774,
14768,14.768,-0.040794,-0.013349,
14769,14.769,-0.057858,-0.008563,
14770,14.770,-0.065756,-0.001249,
14771,14.771,-0.078371,-0.016749,
14772,14.772,-0.094925,-0.027179,
14773,14.773,-0.109745,-0.044216,
14774,14.774,-0.115592,-0.033357,
14775,14.775,-0.119891,-0.031626,
14776,14.776,-0.134064,-0.033794,
14777,14.777,-0.140018,-0.029026,
14778,14.778,-0.138455,-0.006329,
14779,14.779,-0.152970,0.016342,
14780,14.780,-0.165944,0.007208,
14781,14.781,-0.176923,-0.006849,
14782,14.782,-0.159192,-0.019556,
14783,14.783,-0.152175,-0.022066,
14784,14.784,-0.149666,-0.016250,
14785,14.785,-0.138806,-0.018336,
14786,14.786,-0.143260,-0.016822,
14787,14.787,-0.140068,-0.012407,
14788,14.788,-0.130613,-0.016588,
14789,14.789,-0.135517,0.002260,
14790,14.790,-0.140079,0.043266,
14791,14.791,-0.140757,0.119642,
14792,14.792,-0.146673,0.129858,
14793,14.793,-0.138723,0.120297,
14794,14.794,-0.131286,0.094315,
14795,14.795,-0.118772,0.070815,
14796,14.796,-0.114723,0.063541,
14797,14.797,-0.108787,0.031053,
14798,14.798,-0.107253,0.025113,
14799,14.799,-0.088948,0.019645,
14800,14.800,-0.082978,-0.024240,
14801,14.801,-0.070023,-0.041957,
14802,14.802,-0.058239,-0.047574,
14803,14.803,-0.050648,-0.043250,
14804,14.804,-0.035355,-0.039292,
14805,14.805,-0.037934,-0.027909,
14806,14.806,-0.040264,-0.017546,
14807,14.807,-0.020172,-0.008139,
14808,14.808,-0.025700,-0.011368,
14809,14.809,-0.021972,-0.030831,
14810,14.810,-0.022675,-0.028774,
14811,14.811,-0.015953,-0.026896,
14812,14.812,-0.006542,-0.025190,
14813,14.813,-0.004246,-0.016202,
14814,14.814,0.000419,-0.001296,
14815,14.815,0.012209,0.000431,
14816,14.816,0.014030,-0.001748,
14817,14.817,0.018245,0.013169,
14818,14.818,0.037205,0.006795,
14819,14.819,0.034374,-0.013931,
14820,14.820,0.040053,-0.015542,
14821,14.821,0.032434,-0.007663,
14822,14.822,0.065656,0.004424,
14823,14.823,0.021465,-0.007039,
14824,14.824,0.061777,-0.005318,
14825,14.825,0.045189,0.000002,
14826,14.826,0.039711,0.001481,
14827,14.827,0.052095,0.021261,
14828,14.828,0.039404,0.023792,
14829,14.829,0.027693,0.025993,
14830,14.830,0.023574,0.019242,
14831,14.831,0.013842,-0.007488,
14832,14.832,0.031983,-0.025757,
14833,14.833,0.033369,-0.042298,
14834,14.834,0.012095,-0.069474,
14835,14.835,0.008397,-0.080409,
14836,14.836,0.009754,-0.077277,
14837,14.837,0.002144,-0.068538,
14838,14.838,0.003166,-0.054898,
14839,14.839,0.004018,-0.052619,
14840,14.840,-0.005464,-0.027975,
14841,14.841,-0.004960,-0.018188,
14842,14.842,-0.001922,-0.009363,
14843,14.843,-0.006674,0.020721,
14844,14.844,-0.006677,0.032480,
14845,14.845,-0.012931,0.035908,
14846,14.846,-0.009367,0.038924,
14847,14.847,-0.012905,0.059483,
14848,14.848,-0.013222,0.067328,
14849,14.849,-0.024882,0.089378,
14850,14.850,-0.015222,0.116152,
14851,14.851,-0.012146,0.112284,
14852,14.852,-0.027016,0.108792,
14853,14.853,-0.018722,0.105712,
14854,14.854,-0.021455,0.086511,
14855,14.855,-0.027087,0.049273,
14856,14.856,-0.021227,0.022722,
14857,14.857,-0.031120,0.008356,
14858,14.858,-0.031212,-0.022421,
14859,14.859,-0.037591,-0.034256,
14860,14.860,-0.039574,-0.037793,
14861,14.861,-0.032947,-0.034510,
14862,14.862,-0.031078,-0.025621,
14863,14.863,-0.023807,-0.022800,
14864,14.864,-0.019427,-0.010285,
14865,14.865,-0.019611,-0.025626,
14866,14.866,-0.016238,-0.039614,
14867,14.867,-0.004596,-0.052453,
14868,14.868,-0.007694,-0.037089,
14869,14.869,-0.007237,-0.034926,
14870,14.870,-0.006965,-0.021798,
14871,14.871,0.001412,0.003680,
14872,14.872,0.001317,0.007370,
14873,14.873,-0.000942,-0.008900,
14874,14.874,-0.001205,-0.029589,
14875,14.875,0.007848,-0.037579,
14876,14.876,0.005260,-0.025066,
14877,14.877,0.007715,-0.009305,
14878,14.878,-0.003821,-0.002952,
14879,14.879,-0.000994,0.002948,
14880,14.880,0.011657,-0.005146,
14881,14.881,0.019774,-0.027775,
14882,14.882,0.010173,-0.030610,
14883,14.883,0.016715,-0.015353,
14884,14.884,0.028214,-0.023085,
14885,14.885,0.018728,-0.025059,
14886,14.886,0.013180,-0.009101,
14887,14.887,0.016314,0.013762,
14888,14.888,0.019168,0.005250,
14889,14.889,0.012788,0.008230,
14890,14.890,0.015100,0.006213,
14891,14.891,0.019001,0.026894,
14892,14.892,0.017573,0.035428,
14893,14.893,0.017731,0.028581,
14894,14.894,0.020830,0.049350,
14895,14.895,0.018753,0.063545,
14896,14.896,0.015573,0.051663,
14897,14.897,0.021110,0.045489,
14898,14.898,0.023157,0.047908,
14899,14.899,0.012426,0.038984,
14900,14.900,0.023089,0.013942,
14901,14.901,0.027249,-0.018634,
14902,14.902,0.038764,-0.067135,
14903,14.903,0.046633,-0.073482,
14904,14.904,0.034474,-0.056055,
14905,14.905,0.033218,-0.029528,
14906,14.906,0.035246,-0.005380,
14907,14.907,0.034492,0.007763,
14908,14.908,0.023820,0.003855,
14909,14.909,0.023051,-0.014249,
14910,14.910,0.027914,-0.011000,
14911,14.911,0.027602,-0.008020,
14912,14.912,0.025340,-0.021553,
14913,14.913,0.014843,-0.033634,
14914,14.914,0.008311,-0.017839,
14915,14.915,0.013532,0.012886,
14916,14.916,0.020988,0.052617,
14917,14.917,0.019027,0.047339,
14918,14.918,0.017299,0.052112,
14919,14.919,0.021374,0.047784,
14920,14.920,0.018534,0.027914,
14921,14.921,0.008277,0.031277,
14922,14.922,0.002796,0.034969,
14923,14.923,0.018324,0.025187,
14924,14.924,-0.010802,0.004183,
14925,14.925,0.012698,-0.015182,
14926,14.926,-0.005728,-0.042564,
14927,14.927,0.006628,-0.067991,
14928,14.928,0.004955,-0.084388,
14929,14.929,-0.002304,-0.081405,
14930,14.930,-0.014473,-0.078487,
14931,14.931,-0.025291,-0.060978,
14932,14.932,-0.030361,-0.058537,
14933,14.933,-0.006374,-0.052199,
14934,14.934,-0.007778,-0.031421,
14935,14.935,-0.009036,0.009958,
14936,14.936,-0.014906,0.074796,
14937,14.937,-0.020138,0.083674,
14938,14.938,-0.020838,0.029380,
14939,14.939,-0.025134,0.022604,
14940,14.940,-0.032343,0.003594,
14941,14.941,-0.023518,-0.001817,
14942,14.942,-0.020997,-0.017303,
14943,14.943,-0.016159,-0.031266,
14944,14.944,-0.022883,-0.017595,
14945,14.945,-0.027113,0.002930,
14946,14.946,-0.017693,0.021703,
14947,14.947,-0.017809,0.012500,
14948,14.948,-0.022193,0.033850,
14949,14.949,-0.024082,0.075456,
14950,14.950,-0.022478,0.152336,
14951,14.951,-0.025489,0.079668,
14952,14.952,-0.032612,0.089049,
14953,14.953,-0.028967,0.062545,
14954,14.954,-0.023847,0.022517,
14955,14.955,-0.027593,0.000214,
14956,14.956,-0.021940,-0.032844,
14957,14.957,-0.029373,-0.050842,
14958,14.958,-0.013347,-0.067233,
14959,14.959,-0.010915,-0.091920,
14960,14.960,-0.012752,-0.105623,
14961,14.961,-0.003305,-0.133954,
14962,14.962,-0.008281,-0.079699,
14963,14.963,-0.018885,0.021777,
14964,14.964,-0.006372,0.090977,
14965,14.965,-0.008110,0.078146,
14966,14.966,-0.012762,0.020336,
14967,14.967,-0.019814,0.009654,
14968,14.968,-0.006093,-0.000226,
14969,14.969,-0.000709,-0.026446,
14970,14.970,-0.002603,-0.003399,
14971,14.971,-0.007463,0.060427,
14972,14.972,0.001779,0.172281,
14973,14.973,0.002635,0.156785,
14974,14.974,-0.000885,0.059311,
14975,14.975,0.006031,-0.003937,
14976,14.976,0.002928,-0.038548,
14977,14.977,0.000032,-0.090751,
14978,14.978,0.004889,-0.138292,
14979,14.979,0.009386,-0.147246,
14980,14.980,0.007261,-0.124285,
14981,14.981,0.015599,-0.103237,
14982,14.982,0.016322,-0.109793,
14983,14.983,0.019066,-0.068928,
14984,14.984,0.021685,-0.020931,
14985,14.985,0.022100,-0.027372,
14986,14.986,0.022511,-0.068369,
14987,14.987,0.025793,-0.052551,
14988,14.988,0.018902,-0.009010,
14989,14.989,0.015919,-0.050075,
14990,14.990,0.017688,-0.076689,
14991,14.991,0.017946,-0.062288,
14992,14.992,0.023276,-0.092927,
14993,14.993,0.017611,-0.120607,
14994,14.994,0.015163,-0.160372,
14995,14.995,0.017795,-0.101154,
14996,14.996,0.009777,-0.045790,
14997,14.997,0.002112,-0.009375,
14998,14.998,-0.000984,0.036721,
14999,14.999,0.001175,0.125766,
15000,15.000,0.000122,0.290728,
15001,15.001,0.006186,0.537738,
15002,15.002,-0.000098,0.636651,
15003,15.003,-0.001140,0.547499,
15004,15.004,0.007817,0.303515,
15005,15.005,0.008677,0.139203,
15006,15.006,0.005144,0.049787,
15007,15.007,0.001787,0.022708,
15008,15.008,-0.006986,-0.001712,
15009,15.009,-0.004062,-0.068788,
15010,15.010,-0.007387,-0.089040,
15011,15.011,-0.010374,-0.107502,
15012,15.012,-0.006405,-0.124488,
15013,15.013,-0.008870,-0.109580,
15014,15.014,-0.005591,-0.095958,
15015,15.015,-0.006362,-0.032967,
15016,15.016,-0.009499,-0.021434,
15017,15.017,-0.001977,-0.073367,
15018,15.018,-0.019314,-0.101456,
15019,15.019,0.017672,-0.109674,
15020,15.020,0.054654,-0.085843,
15021,15.021,-0.018309,-0.092377,
15022,15.022,-0.035620,-0.123971,
15023,15.023,-0.025522,-0.142440,
15024,15.024,0.002683,-0.147435,
15025,15.025,-0.040658,-0.120209,
15026,15.026,-0.017528,-0.046789,
15027,15.027,-0.010649,0.068522,
15028,15.028,-0.004444,0.114787,
15029,15.029,0.001095,0.045335,
15030,15.030,-0.004360,-0.018041,
15031,15.031,0.000165,-0.030026,
15032,15.032,-0.013255,-0.020274,
15033,15.033,-0.009601,-0.011351,
15034,15.034,-0.006290,0.048680,
15035,15.035,-0.003337,0.087536,
15036,15.036,0.011307,0.080178,
15037,15.037,0.002927,0.047562,
15038,15.038,-0.004601,-0.005745,
15039,15.039,-0.007068,-0.055727,
15040,15.040,0.006865,-0.114331,
15041,15.041,0.012167,-0.137883,
15042,15.042,0.016960,-0.159399,
15043,15.043,0.012123,-0.217994,
15044,15.044,0.010484,-0.272890,
15045,15.045,0.011377,-0.294369,
15046,15.046,0.014293,-0.249283,
15047,15.047,0.008756,-0.161239,
15048,15.048,0.011149,0.028132,
15049,15.049,0.010006,0.163589,
15050,15.050,0.011908,0.139107,
15051,15.051,0.015184,0.296067,
15052,15.052,0.010684,0.357198,
15053,15.053,0.003988,0.375732,
15054,15.054,0.004567,0.224082,
15055,15.055,0.008041,0.121821,
15056,15.056,0.009849,0.028536,
15057,15.057,0.006582,0.044367,
15058,15.058,0.003498,0.058512,
15059,15.059,0.004821,0.098949,
15060,15.060,-0.001453,0.211459,
15061,15.061,0.000911,0.256302,
15062,15.062,0.002948,0.213836,
15063,15.063,0.004843,0.099434,
15064,15.064,0.003023,-0.038865,
15065,15.065,0.000043,-0.168954,
15066,15.066,-0.005789,-0.253448,
15067,15.067,-0.008053,-0.269063,
15068,15.068,-0.001667,-0.283374,
15069,15.069,-0.009489,-0.271368,
15070,15.070,-0.008478,-0.283362,
15071,15.071,-0.003892,-0.252658,
15072,15.072,-0.008150,-0.205509,
15073,15.073,-0.015125,-0.179672,
15074,15.074,-0.002955,-0.187389,
15075,15.075,0.002151,-0.123076,
15076,15.076,-0.002410,0.006777,
15077,15.077,-0.006453,0.211172,
15078,15.078,-0.005183,0.401720,
15079,15.079,-0.006132,0.476503,
15080,15.080,0.005454,0.455042,
15081,15.081,0.010099,0.354032,
15082,15.082,0.008802,0.187814,
15083,15.083,0.017669,0.076041,
15084,15.084,0.000656,0.055934,
15085,15.085,0.008014,0.037761,
15086,15.086,0.001508,0.054934,
15087,15.087,0.003652,-0.021124,
15088,15.088,0.005610,-0.062416,
15089,15.089,0.007396,-0.099909,
15090,15.090,0.005981,-0.088178,
15091,15.091,-0.000824,-0.077588,
15092,15.092,0.005564,-0.067752,
15093,15.093,0.006708,-0.127675,
15094,15.094,0.012069,-0.119441,
15095,15.095,0.003729,-0.069401,
15096,15.096,0.014179,-0.050162,
15097,15.097,0.004666,-0.068015,
15098,15.098,0.008506,-0.094822,
15099,15.099,-0.001692,-0.099470,
15100,15.100,0.002501,-0.085917,
15101,15.101,0.001441,-0.041506,
15102,15.102,0.004785,0.023640,
15103,15.103,0.001888,0.032721,
15104,15.104,-0.010191,0.009880,
15105,15.105,-0.004918,0.060061,
15106,15.106,-0.009281,0.144751,
15107,15.107,-0.010480,0.179755,
15108,15.108,-0.009202,0.128087,
15109,15.109,-0.008052,0.024061,
15110,15.110,-0.006930,-0.045116,
15111,15.111,-0.011374,-0.082413,
15112,15.112,-0.007026,-0.093423,
15113,15.113,-0.010636,-0.082674,
15114,15.114,-0.015427,-0.053840,
15115,15.115,-0.014803,-0.027634,
15116,15.116,-0.014188,0.011671,
15117,15.117,-0.012560,0.076065,
15118,15.118,-0.005525,0.085060,
15119,15.119,0.001864,0.077713,
15120,15.120,-0.004451,-0.028528,
15121,15.121,0.005155,-0.104365,
15122,15.122,0.004110,-0.117588,
15123,15.123,0.001861,-0.134110,
15124,15.124,0.002988,-0.196741,
15125,15.125,0.018845,-0.254034,
15126,15.126,-0.014711,-0.243771,
15127,15.127,0.009585,-0.234650,
15128,15.128,0.005296,-0.123098,
15129,15.129,0.009293,0.013987,
15130,15.130,0.027488,0.179968,
15131,15.131,0.011166,0.291294,
15132,15.132,0.014120,0.270317,
15133,15.133,0.011492,0.214077,
15134,15.134,0.009194,0.095625,
15135,15.135,0.002629,0.079715,
15136,15.136,0.008755,0.092949,
15137,15.137,0.006920,0.104860,
15138,15.138,-0.001508,0.069653,
15139,15.139,-0.006069,0.017037,
15140,15.140,-0.002010,-0.030493,
15141,15.141,-0.000831,-0.073575,
15142,15.142,0.002362,-0.050017,
15143,15.143,-0.000724,0.056971,
15144,15.144,-0.009204,0.286515,
15145,15.145,-0.006027,0.515982,
15146,15.146,-0.003033,0.366616,
15147,15.147,-0.003912,0.176521,
15148,15.148,-0.011749,0.003578,
15149,15.149,-0.004525,-0.109220,
15150,15.150,-0.007316,-0.130146,
15151,15.151,-0.020238,-0.112098,
15152,15.152,0.007602,-0.196420,
15153,15.153,-0.052521,-0.273158,
15154,15.154,-0.043974,-0.315257,
15155,15.155,-0.005000,-0.353823,
15156,15.156,0.030434,-0.251400,
15157,15.157,-0.001981,-0.155376,
15158,15.158,0.015341,-0.118922,
15159,15.159,-0.000683,-0.108602,
15160,15.160,0.003949,-0.140893,
15161,15.161,0.008251,-0.132634,
15162,15.162,0.004248,-0.177122,
15163,15.163,0.000579,-0.155124,
15164,15.164,0.003678,-0.106540,
15165,15.165,0.000710,-0.113840,
15166,15.166,0.003303,-0.097108,
15167,15.167,-0.004072,-0.070931,
15168,15.168,-0.006387,-0.037188,
15169,15.169,-0.016632,-0.059293,
15170,15.170,-0.014864,0.000474,
15171,15.171,-0.003131,0.112213,
15172,15.172,-0.001705,0.188308,
15173,15.173,-0.003156,0.313183,
15174,15.174,0.008074,0.464282,
15175,15.175,0.003403,0.606107,
15176,15.176,-0.003628,0.698037,
15177,15.177,-0.002577,0.579536,
15178,15.178,0.002871,0.410539,
15179,15.179,0.010045,0.208630,
15180,15.180,0.010763,0.019091,
15181,15.181,0.002867,-0.103763,
15182,15.182,0.005794,-0.215403,
15183,15.183,0.014110,-0.235367,
15184,15.184,0.008401,-0.253489,
15185,15.185,0.005208,-0.236632,
15186,15.186,-0.001366,-0.190789,
15187,15.187,0.009662,-0.288061,
15188,15.188,0.008011,-0.452330,
15189,15.189,0.003799,-0.474678,
15190,15.190,0.004808,-0.454406,
15191,15.191,0.014961,-0.361983,
15192,15.192,-0.003307,-0.143527,
15193,15.193,0.003796,0.064654,
15194,15.194,0.001414,0.145667,
15195,15.195,-0.008918,0.219530,
15196,15.196,-0.003521,0.242170,
15197,15.197,-0.008780,0.344099,
15198,15.198,0.004900,0.177776,
15199,15.199,-0.008319,0.021241,
15200,15.200,-0.006811,-0.039350,
15201,15.201,-0.008514,0.016432,
15202,15.202,-0.004637,0.134512,
15203,15.203,0.001457,0.303047,
15204,15.204,-0.004344,0.415172,
15205,15.205,0.000708,0.435519,
15206,15.206,-0.002145,0.343083,
15207,15.207,0.010596,0.158205,
15208,15.208,-0.002571,0.035376,
15209,15.209,-0.007779,0.013603,
15210,15.210,-0.000314,0.075548,
15211,15.211,0.003605,0.058434,
15212,15.212,-0.000247,-0.057758,
15213,15.213,-0.017464,-0.193726,
15214,15.214,-0.000342,-0.247323,
15215,15.215,-0.007055,-0.363096,
15216,15.216,0.002984,-0.437753,
15217,15.217,-0.006422,-0.338849,
15218,15.218,-0.004838,-0.173362,
15219,15.219,-0.000368,-0.105338,
15220,15.220,-0.004514,-0.124790,
15221,15.221,-0.005770,-0.105247,
15222,15.222,-0.004789,-0.053334,
15223,15.223,-0.005821,0.055426,
15224,15.224,-0.004485,0.169202,
15225,15.225,0.000110,0.296004,
15226,15.226,0.012981,0.246895,
15227,15.227,-0.014907,0.048764,
15228,15.228,0.005091,-0.086558,
15229,15.229,0.001606,-0.111396,
15230,15.230,-0.008125,-0.089542,
15231,15.231,0.006832,-0.110324,
15232,15.232,-0.006789,-0.129023,
15233,15.233,0.005658,-0.045190,
15234,15.234,-0.000821,0.031061,
15235,15.235,-0.002734,0.044753,
15236,15.236,-0.008184,0.056997,
15237,15.237,0.003799,0.045186,
15238,15.238,0.017830,0.034391,
15239,15.239,0.012421,0.081188,
15240,15.240,0.014296,0.175726,
15241,15.241,0.016005,0.263969,
15242,15.242,0.020271,0.160696,
15243,15.243,0.014203,0.063972,
15244,15.244,0.017631,0.001551,
15245,15.245,0.016826,-0.101497,
15246,15.246,0.019740,-0.226388,
15247,15.247,0.015747,-0.243106,
15248,15.248,0.013794,-0.227869,
15249,15.249,0.009146,-0.130959,
15250,15.250,0.006363,-0.068499,
15251,15.251,0.010692,0.034303,
15252,15.252,0.014513,0.103089,
15253,15.253,0.009721,0.190606,
15254,15.254,0.005101,0.178384,
15255,15.255,0.003692,0.208624,
15256,15.256,-0.001264,0.179120,
15257,15.257,0.003920,0.048515,
15258,15.258,0.002524,-0.230509,
15259,15.259,0.002295,-0.350558,
15260,15.260,-0.000994,-0.387435,
15261,15.261,-0.001898,-0.420836,
15262,15.262,-0.001267,-0.391555,
15263,15.263,-0.006715,-0.310816,
15264,15.264,-0.007270,-0.138983,
15265,15.265,-0.007636,0.017120,
15266,15.266,-0.002433,0.280630,
15267,15.267,-0.005164,0.459657,
15268,15.268,-0.010086,0.359972,
15269,15.269,-0.009089,0.150601,
15270,15.270,-0.018259,-0.093693,
15271,15.271,-0.019320,-0.192206,
15272,15.272,-0.010233,-0.221855,
15273,15.273,-0.024824,-0.086268,
15274,15.274,-0.010344,0.086090,
15275,15.275,-0.011932,0.287553,
15276,15.276,-0.009969,0.422785,
15277,15.277,-0.017322,0.446908,
15278,15.278,-0.013027,0.289564,
15279,15.279,0.001059,0.105828,
15280,15.280,-0.004279,-0.116439,
15281,15.281,-0.005773,-0.146580,
15282,15.282,-0.007079,-0.119827,
15283,15.283,-0.002830,-0.095376,
15284,15.284,-0.006397,0.016773,
15285,15.285,-0.007241,0.078006,
15286,15.286,-0.004041,0.133892,
15287,15.287,-0.006611,0.117568,
15288,15.288,-0.007309,0.010839,
15289,15.289,-0.000254,-0.114100,
15290,15.290,-0.001023,-0.197824,
15291,15.291,0.004964,-0.212492,
15292,15.292,0.001285,-0.170006,
15293,15.293,0.007735,-0.030185,
15294,15.294,0.010264,0.063338,
15295,15.295,0.000262,0.148461,
15296,15.296,-0.001140,0.103662,
15297,15.297,0.005063,0.146414,
15298,15.298,-0.000600,0.160071,
15299,15.299,0.002348,0.126649,
15300,15.300,0.006810,0.117445,
15301,15.301,0.004150,0.146987,
15302,15.302,0.007744,0.105028,
15303,15.303,0.008290,0.160930,
15304,15.304,0.008660,0.169378,
15305,15.305,0.013743,0.073570,
15306,15.306,0.007122,-0.050265,
15307,15.307,0.009467,-0.200374,
15308,15.308,0.014530,-0.341521,
15309,15.309,0.006548,-0.396218,
15310,15.310,-0.000935,-0.378741,
15311,15.311,-0.011481,-0.362705,
15312,15.312,-0.010342,-0.264510,
15313,15.313,-0.011751,-0.073955,
15314,15.314,-0.006387,0.171175,
15315,15.315,-0.011865,0.336632,
15316,15.316,-0.022414,0.367966,
15317,15.317,-0.018584,0.180157,
15318,15.318,-0.004956,-0.039681,
15319,15.319,-0.003330,-0.186911,
15320,15.320,-0.005259,-0.212472,
15321,15.321,-0.010072,-0.088203,
15322,15.322,0.002215,0.069483,
15323,15.323,-0.003065,0.212428,
15324,15.324,-0.004775,0.268589,
15325,15.325,0.003338,0.244784,
15326,15.326,-0.003792,0.161416,
15327,15.327,0.014977,0.085597,
15328,15.328,-0.015277,0.072134,
15329,15.329,0.004537,0.034447,
15330,15.330,-0.006412,0.022683,
15331,15.331,-0.003283,-0.092561,
15332,15.332,0.017431,-0.138903,
15333,15.333,-0.007345,-0.153017,
15334,15.334,-0.004217,-0.140678,
15335,15.335,-0.001425,-0.106222,
15336,15.336,-0.009611,-0.033305,
15337,15.337,0.007589,0.052121,
15338,15.338,0.018713,0.017482,
15339,15.339,0.012611,-0.055703,
15340,15.340,0.014462,-0.198457,
15341,15.341,0.016130,-0.260075,
15342,15.342,0.017667,-0.279414,
15343,15.343,0.013632,-0.263722,
15344,15.344,0.017379,-0.219012,
15345,15.345,0.009634,-0.234079,
15346,15.346,0.010654,-0.121630,
15347,15.347,0.007984,0.014841,
15348,15.348,0.002095,0.106204,
15349,15.349,0.002806,0.155547,
15350,15.350,0.000847,0.169744,
15351,15.351,-0.002118,0.127097,
15352,15.352,-0.007292,0.088293,
15353,15.353,0.000572,0.075564,
15354,15.354,0.014375,0.022137,
15355,15.355,0.005183,0.011151,
15356,15.356,-0.003155,0.035275,
15357,15.357,0.004548,0.103816,
15358,15.358,0.006018,0.111148,
15359,15.359,0.012389,0.083093,
15360,15.360,-0.000047,0.041947,
15361,15.361,0.005091,0.004413,
15362,15.362,-0.002441,0.021606,
15363,15.363,0.007298,0.013699,
15364,15.364,0.003661,-0.047119,
15365,15.365,0.006975,-0.119687,
15366,15.366,0.012314,-0.169083,
15367,15.367,0.003958,-0.214453,
15368,15.368,0.007286,-0.177862,
15369,15.369,0.008428,-0.073787,
15370,15.370,0.002134,0.030581,
15371,15.371,-0.005506,0.125294,
15372,15.372,-0.019078,0.160758,
15373,15.373,-0.009630,0.147375,
15374,15.374,0.005733,0.156174,
15375,15.375,-0.000219,0.126367,
15376,15.376,-0.020531,0.133541,
15377,15.377,-0.006683,0.139809,
15378,15.378,-0.008881,0.116979,
15379,15.379,-0.029035,0.109041,
15380,15.380,-0.015187,0.019283,
15381,15.381,-0.017380,-0.146703,
15382,15.382,-0.001661,-0.170999,
15383,15.383,0.000545,-0.193447,
15384,15.384,-0.004869,-0.214204,
15385,15.385,-0.003043,-0.199898,
15386,15.386,-0.007471,-0.156543,
15387,15.387,-0.016980,-0.145119,
15388,15.388,-0.005495,-0.084231,
15389,15.389,0.008551,0.017336,
15390,15.390,-0.008063,0.112920,
15391,15.391,-0.010159,0.199739,
15392,15.392,0.000085,0.255872,
15393,15.393,-0.001696,0.244249,
15394,15.394,0.016963,0.195740,
15395,15.395,-0.000237,0.065474,
15396,15.396,0.010949,-0.027828,
15397,15.397,0.008950,-0.146206,
15398,15.398,-0.007775,-0.223205,
15399,15.399,-0.005563,-0.237518,
15400,15.400,0.004582,-0.200163,
15401,15.401,0.002727,-0.143010,
15402,15.402,-0.005734,-0.070590,
15403,15.403,-0.007264,0.014305,
15404,15.404,-0.005907,0.071274,
15405,15.405,0.013024,0.122681,
15406,15.406,-0.000693,0.112361,
15407,15.407,0.006559,0.068386,
15408,15.408,0.022088,0.012941,
15409,15.409,0.028152,0.033418,
15410,15.410,0.011372,0.129649,
15411,15.411,0.004737,0.226098,
15412,15.412,0.014829,0.263141,
15413,15.413,0.009192,0.251170,
15414,15.414,0.010837,0.219827,
15415,15.415,0.003170,0.229223,
15416,15.416,0.001750,0.168962,
15417,15.417,0.002871,0.098599,
15418,15.418,-0.000419,0.032560,
15419,15.419,-0.005752,-0.061974,
15420,15.420,0.000579,-0.149793,
15421,15.421,-0.002053,-0.275739,
15422,15.422,-0.001492,-0.392856,
15423,15.423,-0.003639,-0.407532,
15424,15.424,-0.010684,-0.337562,
15425,15.425,-0.008055,-0.299410,
15426,15.426,-0.014749,-0.278656,
15427,15.427,-0.013998,-0.220553,
15428,15.428,-0.002583,-0.105042,
15429,15.429,-0.028026,0.003203,
15430,15.430,-0.010014,0.129873,
15431,15.431,-0.013295,0.249321,
15432,15.432,-0.022156,0.358182,
15433,15.433,0.002502,0.429648,
15434,15.434,-0.000753,0.444323,
15435,15.435,-0.003673,0.412190,
15436,15.436,-0.006438,0.258386,
15437,15.437,-0.018836,0.059730,
15438,15.438,0.001416,-0.126597,
15439,15.439,0.015080,-0.246187,
15440,15.440,0.012685,-0.220034,
15441,15.441,0.014838,-0.155090,
15442,15.442,0.020896,-0.132422,
15443,15.443,0.011567,-0.178565,
15444,15.444,0.020006,-0.128428,
15445,15.445,0.006136,-0.054516,
15446,15.446,0.004256,0.012960,
15447,15.447,0.002556,0.028894,
15448,15.448,0.010160,0.023062,
15449,15.449,-0.002391,0.037114,
15450,15.450,-0.000714,0.102234,
15451,15.451,-0.002248,0.114956,
15452,15.452,-0.006321,0.127290,
15453,15.453,0.010073,0.204000,
15454,15.454,-0.001100,0.295147,
15455,15.455,-0.003140,0.289543,
15456,15.456,0.006178,0.285368,
15457,15.457,-0.002287,0.282271,
15458,15.458,0.002278,0.262915,
15459,15.459,-0.004651,0.198989,
15460,15.460,0.009217,0.101290,
15461,15.461,-0.000099,0.010732,
15462,15.462,-0.001815,-0.096294,
15463,15.463,-0.000299,-0.135647,
15464,15.464,0.006621,-0.198872,
15465,15.465,0.002872,-0.129607,
15466,15.466,0.003862,-0.088999,
15467,15.467,0.011112,-0.009981,
15468,15.468,0.011943,0.062472,
15469,15.469,0.004131,0.111813,
15470,15.470,0.011365,0.172725,
15471,15.471,0.004907,0.243057,
15472,15.472,0.005712,0.292197,
15473,15.473,-0.005826,0.290206,
15474,15.474,0.002601,0.246170,
15475,15.475,-0.008104,0.167611,
15476,15.476,-0.001217,0.046680,
15477,15.477,-0.012611,-0.132943,
15478,15.478,-0.005082,-0.250787,
15479,15.479,-0.006353,-0.312701,
15480,15.480,-0.005031,-0.287393,
15481,15.481,-0.008162,-0.227150,
15482,15.482,-0.005101,-0.205840,
15483,15.483,-0.004347,-0.186333,
15484,15.484,0.006790,-0.196190,
15485,15.485,-0.000901,-0.205131,
15486,15.486,-0.005053,-0.236482,
15487,15.487,-0.001434,-0.202674,
15488,15.488,-0.000521,-0.172104,
15489,15.489,0.002436,-0.144560,
15490,15.490,-0.006106,-0.119861,
15491,15.491,-0.002987,-0.040298,
15492,15.492,-0.006145,-0.007895,
15493,15.493,-0.009003,-0.034951,
15494,15.494,-0.004941,-0.025114,
15495,15.495,-0.004437,-0.016323,
15496,15.496,-0.006657,-0.008415,
15497,15.497,0.001418,0.011322,
15498,15.498,-0.006581,0.028568,
15499,15.499,-0.001558,0.022310,
15500,15.500,-0.000951,-0.032748,
15501,15.501,-0.003736,-0.070684,
15502,15.502,-0.006190,-0.092993,
15503,15.503,-0.001543,-0.113868,
15504,15.504,-0.006014,-0.186955,
15505,15.505,-0.001001,-0.276210,
15506,15.506,0.000779,-0.314682,
15507,15.507,0.001041,-0.308501,
15508,15.508,0.006038,-0.246541,
15509,15.509,-0.001982,-0.156265,
15510,15.510,0.000834,-0.047487,
15511,15.511,-0.005818,0.054493,
15512,15.512,-0.003500,0.118667,
15513,15.513,0.003225,0.125559,
15514,15.514,-0.003414,0.108244,
15515,15.515,-0.004448,0.008278,
15516,15.516,-0.008362,-0.086339,
15517,15.517,0.000762,-0.173464,
15518,15.518,0.004331,-0.253208,
15519,15.519,0.000959,-0.231884,
15520,15.520,0.006046,-0.127043,
15521,15.521,0.001335,-0.027452,
15522,15.522,-0.003018,0.034585,
15523,15.523,0.005334,0.064876,
15524,15.524,0.006236,0.091882,
15525,15.525,0.009190,0.136355,
15526,15.526,0.023137,0.157078,
15527,15.527,-0.075730,0.134740,
15528,15.528,-0.106407,0.187217,
15529,15.529,-0.040302,0.218172,
15530,15.530,0.007049,0.174267,
15531,15.531,0.067425,0.159248,
15532,15.532,0.028342,0.097714,
15533,15.533,0.049669,0.110403,
15534,15.534,0.043256,0.082383,
15535,15.535,0.037544,0.044350,
15536,15.536,0.021673,0.051564,
15537,15.537,0.016962,0.067382,
15538,15.538,0.012605,0.028569,
15539,15.539,0.008758,-0.039231,
15540,15.540,0.012360,-0.176097,
15541,15.541,0.028817,-0.350023,
15542,15.542,0.020073,-0.379455,
15543,15.543,0.017414,-0.325575,
15544,15.544,0.010184,-0.276966,
15545,15.545,0.016820,-0.165966,
15546,15.546,0.010770,0.056992,
15547,15.547,0.008953,0.345979,
15548,15.548,0.007297,0.538358,
15549,15.549,0.008848,0.640810,
15550,15.550,0.007520,0.668301,
15551,15.551,0.003810,0.573864,
15552,15.552,-0.001761,0.433450,
15553,15.553,-0.017499,0.207029,
15554,15.554,-0.006337,-0.006022,
15555,15.555,-0.004340,-0.145922,
15556,15.556,-0.009958,-0.224109,
15557,15.557,-0.011703,-0.250736,
15558,15.558,-0.019379,-0.275050,
15559,15.559,-0.012513,-0.333947,
15560,15.560,-0.018857,-0.320217,
15561,15.561,-0.019978,-0.276782,
15562,15.562,-0.014867,-0.237113,
15563,15.563,-0.021439,-0.150519,
15564,15.564,-0.015665,-0.025527,
15565,15.565,-0.018031,0.090706,
15566,15.566,-0.025992,0.165625,
15567,15.567,-0.016708,0.233583,
15568,15.568,-0.015711,0.244557,
15569,15.569,-0.014892,0.231684,
15570,15.570,-0.024582,0.116078,
15571,15.571,-0.025992,-0.021914,
15572,15.572,-0.018444,-0.077234,
15573,15.573,-0.017664,-0.093479,
15574,15.574,-0.013337,-0.138590,
15575,15.575,-0.011047,-0.151639,
15576,15.576,-0.018240,-0.138167,
15577,15.577,-0.015782,-0.010489,
15578,15.578,-0.020351,0.175872,
15579,15.579,-0.009187,0.349715,
15580,15.580,-0.007765,0.373690,
15581,15.581,-0.009501,0.395821,
15582,15.582,-0.002767,0.453502,
15583,15.583,-0.006688,0.439193,
15584,15.584,0.000883,0.365326,
15585,15.585,0.005923,0.159453,
15586,15.586,0.002985,0.013319,
15587,15.587,0.005283,-0.064785,
15588,15.588,0.005735,-0.135216,
15589,15.589,0.004846,-0.109413,
15590,15.590,0.006341,-0.085606,
15591,15.591,0.010244,-0.026572,
15592,15.592,0.011624,-0.039655,
15593,15.593,0.018409,-0.020690,
15594,15.594,0.015236,-0.003099,
15595,15.595,0.010563,-0.037202,
15596,15.596,0.018260,-0.114012,
15597,15.597,0.015155,-0.224935,
15598,15.598,0.015963,-0.266879,
15599,15.599,0.020179,-0.249090,
15600,15.600,0.013254,-0.207414,
15601,15.601,0.017860,-0.192094,
15602,15.602,0.013686,-0.115643,
15603,15.603,0.023757,-0.008010,
15604,15.604,0.019792,0.147995,
15605,15.605,0.023652,0.212037,
15606,15.606,0.020607,0.197217,
15607,15.607,0.017774,0.015684,
15608,15.608,0.013435,-0.005500,
15609,15.609,0.019617,-0.159310,
15610,15.610,0.023629,-0.217511,
15611,15.611,0.021914,-0.159605,
15612,15.612,0.016499,-0.107079,
15613,15.613,0.016178,0.001918,
15614,15.614,0.014534,0.101129,
15615,15.615,0.010732,0.191476,
15616,15.616,0.007107,0.251108,
15617,15.617,0.006034,0.222293,
15618,15.618,0.009556,0.082459,
15619,15.619,0.009729,-0.098221,
15620,15.620,0.004490,-0.169516,
15621,15.621,-0.002771,-0.189358,
15622,15.622,0.000803,-0.166501,
15623,15.623,0.000510,-0.071338,
15624,15.624,0.003602,-0.018225,
15625,15.625,-0.001074,-0.030792,
15626,15.626,0.004386,-0.042207,
15627,15.627,0.000711,-0.027452,
15628,15.628,0.003797,-0.044672,
15629,15.629,-0.004462,-0.100383,
15630,15.630,0.012490,-0.234285,
15631,15.631,-0.020631,-0.288194,
15632,15.632,-0.005737,-0.236464,
15633,15.633,-0.018437,-0.189477,
15634,15.634,-0.006123,-0.202329,
15635,15.635,-0.009229,-0.188984,
15636,15.636,-0.018603,-0.199913,
15637,15.637,-0.021076,-0.189112,
15638,15.638,-0.023408,-0.122304,
15639,15.639,-0.035407,-0.095972,
15640,15.640,-0.023926,-0.118919,
15641,15.641,-0.013488,-0.026058,
15642,15.642,-0.018822,0.138442,
15643,15.643,-0.023673,0.295324,
15644,15.644,-0.018914,0.315561,
15645,15.645,-0.022823,0.370942,
15646,15.646,-0.021531,0.354152,
15647,15.647,-0.020434,0.308291,
15648,15.648,-0.017347,0.183177,
15649,15.649,-0.018182,0.132935,
15650,15.650,-0.012295,0.117968,
15651,15.651,-0.019325,0.104349,
15652,15.652,-0.009104,0.016250,
15653,15.653,-0.010587,-0.155999,
15654,15.654,-0.009562,-0.475946,
15655,15.655,-0.020082,-0.344517,
15656,15.656,-0.010660,-0.145620,
15657,15.657,-0.014625,0.107276,
15658,15.658,-0.009350,0.271947,
15659,15.659,-0.008665,0.421869,
15660,15.660,-0.004453,0.558098,
15661,15.661,0.002951,0.583235,
15662,15.662,-0.004726,0.471815,
15663,15.663,-0.011590,0.329928,
15664,15.664,-0.002555,0.200456,
15665,15.665,-0.001834,-0.018435,
15666,15.666,-0.001296,-0.167966,
15667,15.667,-0.011259,-0.304222,
15668,15.668,-0.000442,-0.329654,
15669,15.669,-0.002487,-0.442501,
15670,15.670,0.001042,-0.544806,
15671,15.671,-0.003209,-0.563724,
15672,15.672,0.001835,-0.547337,
15673,15.673,-0.001747,-0.471072,
15674,15.674,0.009895,-0.290415,
15675,15.675,0.004304,-0.118272,
15676,15.676,0.008352,0.038172,
15677,15.677,0.009191,0.221011,
15678,15.678,0.007506,0.196351,
15679,15.679,0.001424,0.174062,
15680,15.680,0.010395,0.194570,
15681,15.681,0.016176,0.176352,
15682,15.682,0.014681,0.092386,
15683,15.683,0.021476,0.046538,
15684,15.684,0.012610,0.004822,
15685,15.685,0.015407,-0.058489,
15686,15.686,0.016047,-0.116197,
15687,15.687,0.012975,-0.106129,
15688,15.688,0.013458,-0.040115,
15689,15.689,0.012474,0.020100,
15690,15.690,0.017076,0.090629,
15691,15.691,0.011056,0.157127,
15692,15.692,0.011514,0.200769,
15693,15.693,0.011990,0.178359,
15694,15.694,0.012317,0.072766,
15695,15.695,0.009297,-0.002586,
15696,15.696,0.008667,-0.098987,
15697,15.697,0.005538,-0.136183,
15698,15.698,0.011916,-0.124533,
15699,15.699,0.022203,-0.051924,
15700,15.700,0.001406,0.013891,
15701,15.701,-0.001451,0.004661,
15702,15.702,0.001308,-0.035013,
15703,15.703,0.003772,-0.000120,
15704,15.704,-0.002694,0.005536,
15705,15.705,-0.008658,-0.071822,
15706,15.706,0.011963,-0.228924,
15707,15.707,0.004023,-0.386143,
15708,15.708,0.006585,-0.284680,
15709,15.709,0.004599,-0.155167,
15710,15.710,0.002798,-0.037312,
15711,15.711,0.004921,0.131283,
15712,15.712,-0.006634,0.333192,
15713,15.713,-0.001764,0.468752,
15714,15.714,-0.005535,0.591802,
15715,15.715,-0.006379,0.613927,
15716,15.716,0.004284,0.511850,
15717,15.717,0.003290,0.270601,
15718,15.718,0.002474,-0.025255,
15719,15.719,-0.004914,-0.144413,
15720,15.720,-0.003493,-0.180593,
15721,15.721,-0.002225,-0.213494,
15722,15.722,-0.000961,-0.124198,
15723,15.723,-0.010513,-0.043035,
15724,15.724,-0.006009,0.030727,
15725,15.725,-0.001817,0.008472,
15726,15.726,-0.006939,-0.133595,
15727,15.727,0.000798,-0.225745,
15728,15.728,0.003975,-0.309268,
15729,15.729,0.005448,-0.304779,
15730,15.730,-0.003567,-0.166402,
15731,15.731,0.015850,0.000996,
15732,15.732,-0.024785,0.113827,
15733,15.733,0.004949,0.175502,
15734,15.734,-0.010493,0.157789,
15735,15.735,-0.005308,0.175258,
15736,15.736,0.008325,0.191081,
15737,15.737,-0.011208,0.121930,
15738,15.738,0.000047,0.008433,
15739,15.739,0.003663,-0.129155,
15740,15.740,-0.004740,-0.258627,
15741,15.741,-0.001651,-0.409843,
15742,15.742,0.001086,-0.429892,
15743,15.743,-0.000759,-0.374075,
15744,15.744,0.001623,-0.188680,
15745,15.745,-0.003630,-0.015985,
15746,15.746,-0.005001,0.141200,
15747,15.747,0.002921,0.283910,
15748,15.748,-0.006425,0.302852,
15749,15.749,0.007734,0.286651,
15750,15.750,-0.001274,0.210772,
15751,15.751,-0.006111,0.141827,
15752,15.752,-0.013506,0.129830,
15753,15.753,0.007510,0.072725,
15754,15.754,-0.001093,0.042085,
15755,15.755,0.001788,0.052152,
15756,15.756,0.004304,0.061518,
15757,15.757,0.006654,0.023268,
15758,15.758,0.008810,-0.068430,
15759,15.759,-0.000385,-0.155702,
15760,15.760,-0.001990,-0.189116,
15761,15.761,-0.006500,-0.156903,
15762,15.762,0.008763,-0.146409,
15763,15.763,-0.009647,-0.136878,
15764,15.764,-0.002369,-0.081580,
15765,15.765,-0.004577,-0.017032,
15766,15.766,-0.006624,-0.025448,
15767,15.767,-0.008514,-0.096020,
15768,15.768,-0.010253,-0.086874,
15769,15.769,-0.011841,-0.044289,
15770,15.770,-0.004984,0.041308,
15771,15.771,-0.003892,0.167451,
15772,15.772,-0.011785,0.251272,
15773,15.773,-0.017145,0.327656,
15774,15.774,-0.010856,0.313850,
15775,15.775,-0.006774,0.225700,
15776,15.776,-0.010666,0.145330,
15777,15.777,-0.003072,0.030705,
15778,15.778,-0.006306,-0.076293,
15779,15.779,-0.009208,-0.145668,
15780,15.780,-0.008584,-0.208510,
15781,15.781,-0.009495,-0.196554,
15782,15.782,-0.003315,-0.164783,
15783,15.783,-0.006140,-0.154552,
15784,15.784,-0.001191,-0.076117,
15785,15.785,-0.000787,0.060287,
15786,15.786,-0.008031,0.190544,
15787,15.787,0.003858,0.241564,
15788,15.788,0.001846,0.226788,
15789,15.789,0.003022,0.157529,
15790,15.790,0.001347,0.094541,
15791,15.791,0.002209,0.014042,
15792,15.792,-0.003690,-0.038084,
15793,15.793,0.003272,-0.104292,
15794,15.794,-0.001638,-0.164406,
15795,15.795,-0.002818,-0.218518,
15796,15.796,-0.003846,-0.210712,
15797,15.797,-0.002153,-0.164742,
15798,15.798,-0.011952,-0.099262,
15799,15.799,0.005815,-0.038111,
15800,15.800,0.007866,0.001606,
15801,15.801,0.005352,0.051811,
15802,15.802,0.007060,0.019815,
15803,15.803,0.004891,-0.044561,
15804,15.804,0.009690,-0.156593,
15805,15.805,0.007903,-0.233030,
15806,15.806,0.006307,-0.219160,
15807,15.807,0.007249,-0.181439,
15808,15.808,0.008069,-0.077973,
15809,15.809,0.013123,0.019161,
15810,15.810,0.013802,0.132666,
15811,15.811,0.000770,0.239578,
15812,15.812,0.009932,0.336736,
15813,15.813,0.004746,0.374387,
15814,15.814,0.000062,0.339826,
15815,15.815,0.004043,0.266917,
15816,15.816,0.002793,0.200648,
15817,15.817,0.003760,0.123033,
15818,15.818,-0.001518,0.029115,
15819,15.819,-0.000690,-0.033985,
15820,15.820,0.003536,-0.091454,
15821,15.821,-0.001694,-0.101665,
15822,15.822,0.000377,-0.110980,
15823,15.823,0.000937,-0.102202,
15824,15.824,0.009789,-0.094304,
15825,15.825,0.008684,-0.087214,
15826,15.826,0.005564,-0.093830,
15827,15.827,0.002628,-0.111591,
15828,15.828,0.011219,-0.096161,
15829,15.829,0.005768,-0.082363,
15830,15.830,0.015727,-0.081612,
15831,15.831,0.010632,-0.086611,
15832,15.832,0.024840,-0.083265,
15833,15.833,-0.005595,-0.072893,
15834,15.834,0.016575,-0.043520,
15835,15.835,0.004913,-0.015908,
15836,15.836,0.008658,0.023988,
15837,15.837,0.025261,0.061059,
15838,15.838,0.004653,0.085087,
15839,15.839,-0.003268,0.089253,
15840,15.840,-0.005443,0.077056,
15841,15.841,-0.007451,0.043794,
15842,15.842,0.011176,0.021264,
15843,15.843,0.004087,0.000734,
15844,15.844,0.010862,-0.010708,
15845,15.845,0.000876,-0.014554,
15846,15.846,-0.000832,-0.023969,
15847,15.847,0.000996,-0.016402,
15848,15.848,-0.000398,-0.014492,
15849,15.849,-0.004353,-0.003686,
15850,15.850,0.002024,0.014456,
15851,15.851,-0.005653,0.016559,
15852,15.852,-0.008625,0.031901,
15853,15.853,-0.015006,0.054162,
15854,15.854,-0.019203,0.050994,
15855,15.855,-0.009213,0.031522,
15856,15.856,-0.030042,0.028785,
15857,15.857,-0.021303,0.017315,
15858,15.858,-0.029499,0.002887,
15859,15.859,-0.012332,0.004655,
15860,15.860,-0.023613,0.006344,
15861,15.861,-0.021728,0.001828,
15862,15.862,-0.016320,0.005957,
15863,15.863,-0.021593,0.007193,
15864,15.864,-0.017241,0.008173,
15865,15.865,-0.016141,-0.001495,
15866,15.866,-0.012684,-0.005574,
15867,15.867,-0.009751,-0.016385,
15868,15.868,-0.007007,-0.023910,
15869,15.869,-0.002762,-0.025777,
15870,15.870,-0.009019,-0.018711,
15871,15.871,-0.008684,-0.016399,
15872,15.872,-0.001265,-0.014396,
15873,15.873,-0.002659,-0.005591,
15874,15.874,-0.000354,0.000052,
15875,15.875,-0.003302,0.011989,
15876,15.876,-0.005924,0.013146,
15877,15.877,0.000069,0.023293,
15878,15.878,-0.004616,0.013142,
15879,15.879,0.001871,0.006425,
15880,15.880,-0.005018,0.009239,
15881,15.881,-0.006323,-0.002628,
15882,15.882,0.000133,-0.007547,
15883,15.883,0.004244,-0.011946,
15884,15.884,-0.002167,-0.005998,
15885,15.885,-0.004856,0.004048,
15886,15.886,-0.000412,-0.003138,
15887,15.887,-0.002597,-0.012130,
15888,15.888,0.001019,-0.006739,
15889,15.889,-0.000964,-0.005937,
15890,15.890,-0.001068,0.002248,
15891,15.891,-0.004383,-0.001323,
15892,15.892,0.000940,0.007723,
15893,15.893,0.003083,0.010983,
15894,15.894,0.003363,0.007266,
15895,15.895,0.007902,0.007755,
15896,15.896,0.007012,0.004530,
15897,15.897,0.009504,-0.001909,
15898,15.898,0.002387,0.001288,
15899,15.899,0.002902,0.001458,
15900,15.900,0.010375,-0.008496,
15901,15.901,0.015343,-0.024164,
15902,15.902,0.010514,-0.022573,
15903,15.903,0.014503,-0.024859,
15904,15.904,0.017987,-0.023569,
15905,15.905,0.024196,-0.016389,
15906,15.906,0.019803,-0.018237,
15907,15.907,0.011189,-0.022491,
15908,15.908,0.016662,-0.026262,
15909,15.909,0.017594,-0.017362,
15910,15.910,0.012960,-0.009129,
15911,15.911,0.017132,-0.004099,
15912,15.912,0.010169,0.002629,
15913,15.913,0.016579,0.016129,
15914,15.914,0.010671,0.021674,
15915,15.915,0.006983,0.026728,
15916,15.916,0.006357,0.017750,
15917,15.917,0.004739,0.015731,
15918,15.918,0.003120,0.008319,
15919,15.919,-0.002534,0.006657,
15920,15.920,-0.001743,0.007206,
15921,15.921,0.000397,0.005749,
15922,15.922,0.006261,0.002609,
15923,15.923,0.005717,0.008111,
15924,15.924,0.002313,0.002472,
15925,15.925,-0.000578,0.002765,
15926,15.926,0.003648,0.011860,
15927,15.927,-0.003971,0.007408,
15928,15.928,-0.004798,-0.006855,
15929,15.929,-0.005626,-0.012806,
15930,15.930,-0.000854,-0.008093,
15931,15.931,-0.011990,0.000206,
15932,15.932,-0.009246,-0.001643,
15933,15.933,0.002479,-0.003307,
15934,15.934,-0.022678,-0.002400,
15935,15.935,0.002899,-0.019731,
15936,15.936,-0.019908,-0.012692,
15937,15.937,-0.016831,-0.001754,
15938,15.938,-0.024747,0.016477,
15939,15.939,-0.017285,0.038623,
15940,15.940,-0.014909,0.041335,
15941,15.941,-0.016776,0.033075,
15942,15.942,-0.011033,0.035319,
15943,15.943,-0.015951,0.033014,
15944,15.944,-0.001934,0.018734,
15945,15.945,0.007484,0.009372,
15946,15.946,-0.004269,0.014390,
15947,15.947,-0.005744,0.000480,
15948,15.948,-0.009767,-0.012570,
15949,15.949,-0.013482,-0.027811,
15950,15.950,-0.012497,-0.029833,
15951,15.951,-0.011537,-0.031656,
15952,15.952,-0.001316,-0.036669,
15953,15.953,-0.000098,-0.022701,
15954,15.954,-0.014145,0.001601,
15955,15.955,-0.012501,0.018148,
15956,15.956,-0.017833,0.021217,
15957,15.957,-0.019645,0.018719,
15958,15.958,-0.001888,0.011674,
15959,15.959,0.000100,0.005330,
15960,15.960,-0.002526,-0.000485,
15961,15.961,0.007146,0.001656,
15962,15.962,-0.002668,0.007008,
15963,15.963,-0.001537,-0.000308,
15964,15.964,-0.000599,-0.006934,
15965,15.965,-0.002588,-0.015401,
15966,15.966,0.008091,-0.022828,
15967,15.967,-0.000220,-0.010964,
15968,15.968,-0.002298,-0.006017,
15969,15.969,0.003227,-0.004281,
15970,15.970,0.005681,0.002378,
15971,15.971,-0.000336,0.003827,
15972,15.972,-0.007538,0.003242,
15973,15.973,-0.007492,0.006357,
15974,15.974,-0.013523,0.014580,
15975,15.975,-0.009404,0.026519,
15976,15.976,-0.019650,0.031488,
15977,15.977,-0.019054,0.011073,
15978,15.978,-0.023516,0.008582,
15979,15.979,-0.021009,-0.004693,
15980,15.980,-0.024740,-0.001885,
15981,15.981,-0.028093,-0.003622,
15982,15.982,-0.022789,-0.013300,
15983,15.983,-0.016410,-0.014689,
15984,15.984,-0.017751,-0.002378,
15985,15.985,-0.017349,-0.000397,
15986,15.986,-0.022979,-0.004017,
15987,15.987,-0.012623,-0.002389,
15988,15.988,-0.011280,-0.000903,
15989,15.989,-0.007357,0.000637,
15990,15.990,-0.013759,0.000329,
15991,15.991,-0.012629,0.005097,
15992,15.992,-0.011313,-0.005883,
15993,15.993,0.001371,-0.003716,
15994,15.994,0.010447,0.007385,
15995,15.995,0.021936,0.003737,
15996,15.996,0.015974,0.002999,
15997,15.997,0.018257,0.011282,
15998,15.998,0.027306,0.006598,
15999,15.999,0.031763,-0.004998,
16000,16.000,0.043640,-0.012874,
16001,16.001,0.043996,-0.013885,
16002,16.002,0.052116,-0.006441,
16003,16.003,0.057349,-0.004782,
16004,16.004,0.062526,-0.019195,
16005,16.005,0.056328,-0.012675,
16006,16.006,0.064285,-0.010388,
16007,16.007,0.067791,-0.011689,
16008,16.008,0.074954,-0.003715,
16009,16.009,0.080201,0.009179,
16010,16.010,0.079270,0.021364,
16011,16.011,0.084169,0.017097,
16012,16.012,0.080168,0.018701,
16013,16.013,0.087719,0.010142,
16014,16.014,0.077871,-0.002160,
16015,16.015,0.086500,-0.007030,
16016,16.016,0.084499,-0.014453,
16017,16.017,0.073719,-0.012882,
16018,16.018,0.074931,-0.016346,
16019,16.019,0.072915,-0.028609,
16020,16.020,0.065306,-0.016509,
16021,16.021,0.077973,0.003719,
16022,16.022,0.062019,-0.009703,
16023,16.023,0.056838,-0.002144,
16024,16.024,0.047372,0.022823,
16025,16.025,0.043571,0.032873,
16026,16.026,0.036120,0.030231,
16027,16.027,0.025672,-0.005219,
16028,16.028,0.026441,-0.009740,
16029,16.029,0.021174,-0.013953,
16030,16.030,0.016463,-0.009910,
16031,16.031,0.004720,-0.006218,
16032,16.032,-0.000872,-0.002708,
16033,16.033,-0.015739,0.007198,
16034,16.034,-0.002881,0.010160,
16035,16.035,-0.032030,0.012948,
16036,16.036,-0.061585,0.000691,
16037,16.037,-0.040617,-0.023906,
16038,16.038,0.014794,-0.020602,
16039,16.039,-0.102054,-0.023415,
16040,16.040,-0.152137,-0.020639,
16041,16.041,-0.197881,0.006672,
16042,16.042,-0.184141,0.017560,
16043,16.043,-0.222240,0.020812,
16044,16.044,-0.211346,-0.012138,
16045,16.045,-0.201878,-0.042900,
16046,16.046,-0.212465,-0.078946,
16047,16.047,-0.205261,-0.083716,
16048,16.048,-0.199190,-0.070567,
16049,16.049,-0.194080,-0.010592,
16050,16.050,-0.189900,-0.002061,
16051,16.051,-0.186622,0.021204,
16052,16.052,-0.162777,0.028284,
16053,16.053,-0.161003,0.060576,
16054,16.054,-0.142231,0.054818,
16055,16.055,-0.133820,0.060045,
16056,16.056,-0.119342,0.055300,
16057,16.057,-0.106689,0.024506,
16058,16.058,-0.089736,0.028421,
16059,16.059,-0.079910,0.039275,
16060,16.060,-0.061489,0.055699,
16061,16.061,-0.050596,0.046921,
16062,16.062,-0.024511,0.038794,
16063,16.063,-0.016601,0.026416,
16064,16.064,-0.009607,0.019742,
16065,16.065,0.003042,-0.011004,
16066,16.066,0.020274,-0.033140,
16067,16.067,0.030606,-0.029417,
16068,16.068,0.034654,-0.033141,
16069,16.069,0.038178,-0.036550,
16070,16.070,0.037184,-0.045573,
16071,16.071,0.043648,-0.048475,
16072,16.072,0.049458,-0.036303,
16073,16.073,0.063877,-0.016208,
16074,16.074,0.081882,-0.013715,
16075,16.075,0.099037,-0.026277,
16076,16.076,0.109881,-0.024275,
16077,16.077,0.111074,-0.010270,
16078,16.078,0.112585,-0.001230,
16079,16.079,0.092125,0.003574,
16080,16.080,0.078944,0.004802,
16081,16.081,0.087240,0.014154,
16082,16.082,0.118198,0.012683,
16083,16.083,0.156500,0.015614,
16084,16.084,0.193021,0.001628,
16085,16.085,0.209494,-0.011654,
16086,16.086,0.233227,-0.006807,
16087,16.087,0.233843,0.006836,
16088,16.088,0.235264,-0.002716,
16089,16.089,0.231465,-0.011429,
16090,16.090,0.234113,-0.004066,
16091,16.091,0.242118,-0.000235,
16092,16.092,0.245874,-0.001635,
16093,16.093,0.250151,0.005947,
16094,16.094,0.266009,0.021471,
16095,16.095,0.298164,0.023451,
16096,16.096,0.315955,0.025258,
16097,16.097,0.332821,0.030634,
16098,16.098,0.325000,0.025364,
16099,16.099,0.307264,0.002185,
16100,16.100,0.297717,-0.034287,
16101,16.101,0.301550,-0.029618,
16102,16.102,0.310761,-0.034037,
16103,16.103,0.294746,-0.030146,
16104,16.104,0.267727,-0.026564,
16105,16.105,0.224798,-0.023338,
16106,16.106,0.171687,-0.038208,
16107,16.107,0.090563,-0.030100,
16108,16.108,0.037598,-0.012886,
16109,16.109,0.031418,-0.010700,
16110,16.110,0.006606,-0.000529,
16111,16.111,-0.085138,0.008776,
16112,16.112,-0.145542,0.027348,
16113,16.113,-0.177953,0.044529,
16114,16.114,-0.249375,0.042235,
16115,16.115,-0.314841,0.044165,
16116,16.116,-0.323346,0.038471,
16117,16.117,-0.316143,0.043453,
16118,16.118,-0.239134,0.047954,
16119,16.119,-0.251500,0.027105,
16120,16.120,-0.244848,0.018260,
16121,16.121,-0.222643,0.020916,
16122,16.122,-0.219285,0.023269,
16123,16.123,-0.288541,0.025523,
16124,16.124,-0.406668,0.007207,
16125,16.125,-0.520493,0.000096,
16126,16.126,-0.597521,0.011416,
16127,16.127,-0.668843,0.009587,
16128,16.128,-0.712337,0.019126,
16129,16.129,-0.732409,0.014318,
16130,16.130,-0.847239,0.010024,
16131,16.131,-0.872146,0.006256,
16132,16.132,-0.795436,0.007729,
16133,16.133,-0.818581,-0.011948,
16134,16.134,-0.796749,-0.028726,
16135,16.135,-0.715980,-0.030793,
16136,16.136,-0.666486,-0.023922,
16137,16.137,-0.553976,-0.009438,
16138,16.138,-0.551631,-0.007294,
16139,16.139,-0.459258,-0.012091,
16140,16.140,-0.404696,-0.001154,
16141,16.141,-0.356709,-0.004922,
16142,16.142,-0.291495,0.001620,
16143,16.143,-0.213002,-0.008430,
16144,16.144,-0.140090,-0.012246,
16145,16.145,-0.051858,-0.025866,
16146,16.146,0.058196,-0.012590,
16147,16.147,0.194717,-0.000497,
16148,16.148,0.281775,-0.001806,
16149,16.149,0.359941,-0.014161,
16150,16.150,0.430003,-0.025886,
16151,16.151,0.462290,-0.030367,
16152,16.152,0.546559,-0.028935,
16153,16.153,0.597284,-0.020061,
16154,16.154,0.620118,-0.020988,
16155,16.155,0.557033,-0.005184,
16156,16.156,0.575245,-0.002934,
16157,16.157,0.557246,-0.013069,
16158,16.158,0.587886,-0.022366,
16159,16.159,0.545025,0.003032,
16160,16.160,0.493689,0.021167,
16161,16.161,0.518030,0.037577,
16162,16.162,0.519605,0.040447,
16163,16.163,0.521952,0.037740,
16164,16.164,0.560669,0.030438,
16165,16.165,0.566296,0.014815,
16166,16.166,0.572812,0.012671,
16167,16.167,0.562801,0.006931,
16168,16.168,0.571299,0.021978,
16169,16.169,0.617509,0.027857,
16170,16.170,0.587891,0.014590,
16171,16.171,0.543688,-0.011076,
16172,16.172,0.575507,-0.029499,
16173,16.173,0.568072,-0.039618,
16174,16.174,0.551948,-0.024993,
16175,16.175,0.518298,-0.038984,
16176,16.176,0.514586,-0.036945,
16177,16.177,0.525634,-0.039475,
16178,16.178,0.495632,-0.029683,
16179,16.179,0.417807,-0.031909,
16180,16.180,0.368773,-0.017060,
16181,16.181,0.352617,-0.011362,
16182,16.182,0.340790,-0.021072,
16183,16.183,0.291617,-0.019802,
16184,16.184,0.287778,-0.003292,
16185,16.185,0.270018,0.002907,
16186,16.186,0.241507,0.004528,
16187,16.187,0.204246,0.002278,
16188,16.188,0.171318,-0.003144,
16189,16.189,0.113222,-0.004990,
16190,16.190,0.130156,0.001622,
16191,16.191,0.106760,0.007563,
16192,16.192,0.069296,0.022112,
16193,16.193,0.020552,0.015684,
16194,16.194,-0.023467,0.006046,
16195,16.195,-0.080191,-0.002723,
16196,16.196,-0.109217,0.013902,
16197,16.197,-0.091409,0.029197,
16198,16.198,-0.111100,0.030982,
16199,16.199,-0.144447,0.021415,
16200,16.200,-0.188716,0.022813,
16201,16.201,-0.229597,0.014914,
16202,16.202,-0.282733,0.005031,
16203,16.203,-0.290364,0.011123,
16204,16.204,-0.315335,0.018797,
16205,16.205,-0.337242,0.023972,
16206,16.206,-0.387884,0.023084,
16207,16.207,-0.473643,0.010176,
16208,16.208,-0.525974,-0.006626,
16209,16.209,-0.598512,0.008890,
16210,16.210,-0.664755,0.002797,
16211,16.211,-0.683118,-0.006441,
16212,16.212,-0.700209,0.002108,
16213,16.213,-0.750813,0.000666,
16214,16.214,-0.750408,0.015945,
16215,16.215,-0.708259,0.018039,
16216,16.216,-0.670898,0.012565,
16217,16.217,-0.661608,0.014405,
16218,16.218,-0.686233,0.003901,
16219,16.219,-0.700248,0.016603,
16220,16.220,-0.670704,0.021891,
16221,16.221,-0.621553,-0.000897,
16222,16.222,-0.590688,-0.037057,
16223,16.223,-0.564650,-0.032130,
16224,16.224,-0.496075,-0.009945,
16225,16.225,-0.453462,-0.005813,
16226,16.226,-0.436068,0.005291,
16227,16.227,-0.422685,0.008809,
16228,16.228,-0.413317,0.006240,
16229,16.229,-0.393223,0.009272,
16230,16.230,-0.377817,0.011981,
16231,16.231,-0.319640,0.018923,
16232,16.232,-0.245332,-0.003202,
16233,16.233,-0.177798,-0.011646,
16234,16.234,-0.119893,0.002895,
16235,16.235,-0.131399,0.000511,
16236,16.236,-0.103328,-0.011542,
16237,16.237,-0.156709,-0.017825,
16238,16.238,-0.139375,-0.011424,
16239,16.239,-0.111315,-0.001813,
16240,16.240,-0.074539,0.013712,
16241,16.241,-0.042089,0.020115,
16242,16.242,-0.031499,0.014851,
16243,16.243,0.017911,0.003326,
16244,16.244,0.019786,-0.007037,
16245,16.245,0.056576,-0.002697,
16246,16.246,0.087249,-0.001273,
16247,16.247,0.127984,0.016061,
16248,16.248,0.183611,0.033588,
16249,16.249,0.211382,0.027259,
16250,16.250,0.212932,0.005012,
16251,16.251,0.249889,-0.027778,
16252,16.252,0.263997,-0.040834,
16253,16.253,0.258688,-0.044598,
16254,16.254,0.280220,-0.033652,
16255,16.255,0.284860,-0.010543,
16256,16.256,0.322422,-0.001676,
16257,16.257,0.356396,0.001079,
16258,16.258,0.354005,-0.001256,
16259,16.259,0.350351,-0.025906,
16260,16.260,0.319778,-0.022641,
16261,16.261,0.325786,-0.007712,
16262,16.262,0.351535,0.011430,
16263,16.263,0.349549,0.004181,
16264,16.264,0.323567,-0.025078,
16265,16.265,0.256423,-0.036899,
16266,16.266,0.244937,-0.026069,
16267,16.267,0.222474,-0.022882,
16268,16.268,0.244138,-0.025786,
16269,16.269,0.283048,-0.023119,
16270,16.270,0.319619,-0.015886,
16271,16.271,0.340006,0.004361,
16272,16.272,0.346768,0.012394,
16273,16.273,0.353237,0.005024,
16274,16.274,0.330642,-0.010637,
16275,16.275,0.310509,-0.008704,
16276,16.276,0.324758,0.004211,
16277,16.277,0.323755,0.009186,
16278,16.278,0.343354,0.007567,
16279,16.279,0.355953,0.020000,
16280,16.280,0.362906,0.008076,
16281,16.281,0.340518,0.018643,
16282,16.282,0.326678,0.033777,
16283,16.283,0.315114,0.043812,
16284,16.284,0.305925,0.052986,
16285,16.285,0.276396,0.030895,
16286,16.286,0.237753,0.021982,
16287,16.287,0.214367,0.013717,
16288,16.288,0.215801,0.011211,
16289,16.289,0.208898,-0.000077,
16290,16.290,0.186428,-0.006304,
16291,16.291,0.135387,-0.004604,
16292,16.292,0.084721,-0.003095,
16293,16.293,0.055989,-0.007872,
16294,16.294,0.031416,0.007113,
16295,16.295,0.010589,0.000770,
16296,16.296,0.005167,-0.016242,
16297,16.297,-0.008913,-0.023109,
16298,16.298,-0.049283,-0.025386,
16299,16.299,-0.071529,0.002280,
16300,16.300,-0.103124,0.021976,
16301,16.301,-0.118576,0.010856,
16302,16.302,-0.109760,0.007313,
16303,16.303,-0.119721,0.009855,
16304,16.304,-0.136177,0.017655,
16305,16.305,-0.141701,0.015006,
16306,16.306,-0.145307,0.003637,
16307,16.307,-0.140597,-0.023084,
16308,16.308,-0.140976,-0.019669,
16309,16.309,-0.140250,-0.022999,
16310,16.310,-0.128301,-0.020222,
16311,16.311,-0.129680,-0.017584,
16312,16.312,-0.134064,-0.010315,
16313,16.313,-0.142504,-0.016868,
16314,16.314,-0.149642,-0.010685,
16315,16.315,-0.160919,-0.001277,
16316,16.316,-0.151009,-0.006238,
16317,16.317,-0.158952,-0.010666,
16318,16.318,-0.171075,-0.006473,
16319,16.319,-0.168581,-0.002648,
16320,16.320,-0.171451,0.000577,
16321,16.321,-0.167862,-0.013228,
16322,16.322,-0.163798,-0.004118,
16323,16.323,-0.182099,0.007492,
16324,16.324,-0.191490,0.014892,
16325,16.325,-0.177788,0.007743,
16326,16.326,-0.171286,0.001311,
16327,16.327,-0.159116,-0.011360,
16328,16.328,-0.152960,-0.013193,
16329,16.329,-0.156866,-0.008714,
16330,16.330,-0.151047,-0.007466,
16331,16.331,-0.153616,-0.006442,
16332,16.332,-0.140917,-0.001046,
16333,16.333,-0.132547,-0.010747,
16334,16.334,-0.115665,-0.002206,
16335,16.335,-0.103807,0.009888,
16336,16.336,-0.105410,0.001860,
16337,16.337,-0.081589,-0.001399,
16338,16.338,-0.107236,0.012442,
16339,16.339,-0.059192,0.030707,
16340,16.340,-0.061276,0.037817,
16341,16.341,-0.042077,0.039853,
16342,16.342,-0.024803,0.041736,
16343,16.343,-0.017883,0.036030,
16344,16.344,-0.011804,0.037641,
16345,16.345,-0.013498,0.032994,
16346,16.346,-0.015153,0.020394,
16347,16.347,0.006944,0.018601,
16348,16.348,0.021663,0.016927,
16349,16.349,0.024765,0.015436,
16350,16.350,0.018670,0.016504,
16351,16.351,0.020964,0.015363,
16352,16.352,0.030323,0.007963,
16353,16.353,0.028518,-0.006180,
16354,16.354,0.023643,-0.036891,
16355,16.355,0.030093,-0.050164,
16356,16.356,0.033175,-0.054128,
16357,16.357,0.033392,-0.057770,
16358,16.358,0.033490,-0.067674,
16359,16.359,0.018392,-0.064842,
16360,16.360,0.007067,-0.078558,
16361,16.361,0.011370,-0.080917,
16362,16.362,0.015041,-0.096457,
16363,16.363,0.008965,-0.094369,
16364,16.364,0.006019,-0.077563,
16365,16.365,0.003131,-0.061931,
16366,16.366,0.002372,-0.035293,
16367,16.367,-0.000476,-0.002415,
16368,16.368,0.002193,0.063782,
16369,16.369,-0.003998,0.130173,
16370,16.370,0.005520,0.173385,
16371,16.371,-0.001582,0.165717,
16372,16.372,-0.005154,0.116148,
16373,16.373,-0.011276,0.084068,
16374,16.374,-0.009641,0.043364,
16375,16.375,-0.001426,0.027714,
16376,16.376,-0.002169,0.013591,
16377,16.377,-0.003083,-0.025969,
16378,16.378,-0.010751,-0.009955,
16379,16.379,-0.013846,0.014269,
16380,16.380,-0.015063,0.027486,
16381,16.381,-0.023028,0.047486,
16382,16.382,-0.016598,0.051095,
16383,16.383,-0.003710,0.034780,
16384,16.384,-0.011768,0.001903,
16385,16.385,-0.000688,-0.028762,
16386,16.386,-0.004301,-0.040415,
16387,16.387,0.007667,-0.050985,
16388,16.388,0.011354,-0.053877,
16389,16.389,-0.002373,-0.044722,
16390,16.390,0.003394,-0.041606,
16391,16.391,0.002943,-0.043553,
16392,16.392,0.002310,-0.058757,
16393,16.393,0.010861,-0.036022,
16394,16.394,0.010478,-0.027137,
16395,16.395,0.007540,-0.013278,
16396,16.396,0.008993,0.024169,
16397,16.397,0.012487,0.019182,
16398,16.398,0.004316,0.024124,
16399,16.399,0.006860,0.037423,
16400,16.400,0.008915,0.025624,
16401,16.401,0.003698,0.007596,
16402,16.402,0.011538,0.004487,
16403,16.403,0.011272,0.001770,
16404,16.404,0.008471,-0.000720,
16405,16.405,0.017197,0.006795,
16406,16.406,0.008713,0.000399,
16407,16.407,0.015979,-0.017930,
16408,16.408,0.015497,-0.025203,
16409,16.409,0.015035,-0.023044,
16410,16.410,0.023910,-0.017027,
16411,16.411,0.023838,-0.022733,
16412,16.412,0.013676,-0.014505,
16413,16.413,0.029449,-0.007212,
16414,16.414,0.020900,-0.000531,
16415,16.415,0.021866,0.013142,
16416,16.416,0.022722,0.018583,
16417,16.417,0.023452,0.006693,
16418,16.418,0.013914,0.014333,
16419,16.419,0.017452,-0.006391,
16420,16.420,0.015116,-0.039237,
16421,16.421,0.010487,-0.061075,
16422,16.422,0.006416,-0.040994,
16423,16.423,0.008648,-0.037407,
16424,16.424,0.010583,-0.034188,
16425,16.425,0.014106,0.010791,
16426,16.426,0.012794,0.055918,
16427,16.427,0.012875,0.096790,
16428,16.428,0.002863,0.091436,
16429,16.429,0.001026,0.067134,
16430,16.430,-0.000592,0.045027,
16431,16.431,-0.001981,0.017014,
16432,16.432,-0.005348,-0.001146,
16433,16.433,0.000814,-0.004414,
16434,16.434,0.001453,-0.037510,
16435,16.435,-0.000903,-0.077381,
16436,16.436,0.016409,-0.104095,
16437,16.437,0.005686,-0.099023,
16438,16.438,0.016328,-0.103895,
16439,16.439,-0.004448,-0.090786,
16440,16.440,0.022661,-0.038678,
16441,16.441,0.004655,0.039746,
16442,16.442,-0.005020,0.112809,
16443,16.443,0.015967,0.046669,
16444,16.444,0.024305,-0.013478,
16445,16.445,0.022188,-0.036532,
16446,16.446,0.033634,-0.000639,
16447,16.447,0.007396,0.058149,
16448,16.448,0.004199,0.081884,
16449,16.449,0.007795,0.046730,
16450,16.450,-0.000590,0.014722,
16451,16.451,0.007959,-0.025994,
16452,16.452,0.015680,-0.063053,
16453,16.453,0.009559,-0.077291,
16454,16.454,-0.000081,-0.037429,
16455,16.455,0.006020,0.032016,
16456,16.456,0.001485,0.098286,
16457,16.457,0.006600,0.106862,
16458,16.458,-0.002488,0.114692,
16459,16.459,0.004353,0.121978,
16460,16.460,-0.005375,0.167330,
16461,16.461,-0.008831,0.184943,
16462,16.462,-0.007044,0.115670,
16463,16.463,-0.005421,0.068255,
16464,16.464,-0.012086,0.025051,
16465,16.465,-0.006917,-0.029644,
16466,16.466,-0.007159,-0.065234,
16467,16.467,-0.004346,-0.071800,
16468,16.468,-0.003067,-0.089453,
16469,16.469,-0.011961,-0.094963,
16470,16.470,-0.012725,-0.099928,
16471,16.471,-0.005902,-0.086941,
16472,16.472,0.000224,-0.090943,
16473,16.473,-0.004474,-0.094487,
16474,16.474,-0.010373,-0.078018,
16475,16.475,-0.000378,-0.057226,
16476,16.476,-0.003580,-0.038157,
16477,16.477,-0.008658,-0.015954,
16478,16.478,-0.005141,0.004698,
16479,16.479,-0.009265,0.001833,
16480,16.480,-0.009674,-0.015655,
16481,16.481,-0.005534,-0.018209,
16482,16.482,-0.003108,0.007937,
16483,16.483,-0.008496,-0.003245,
16484,16.484,0.000321,0.012928,
16485,16.485,-0.002545,0.027624,
16486,16.486,-0.001199,0.008315,
16487,16.487,-0.003584,-0.009116,
16488,16.488,0.006179,-0.042986,
16489,16.489,0.000193,-0.076962,
16490,16.490,-0.002775,-0.081462,
16491,16.491,-0.007801,-0.069698,
16492,16.492,-0.004852,-0.073189,
16493,16.493,-0.005523,-0.069810,
16494,16.494,-0.006002,-0.084545,
16495,16.495,-0.010699,-0.076239,
16496,16.496,-0.011126,-0.038765,
16497,16.497,-0.013713,-0.011867,
16498,16.498,-0.011946,0.041780,
16499,16.499,-0.004974,0.077533,
16500,16.500,-0.003923,0.096626,
16501,16.501,-0.004689,0.090197,
16502,16.502,-0.012462,0.094834,
16503,16.503,-0.007208,0.089595,
16504,16.504,-0.004499,0.155389,
16505,16.505,-0.005382,0.126687,
16506,16.506,0.003042,0.031585,
16507,16.507,-0.009513,-0.056856,
16508,16.508,-0.007878,-0.045428,
16509,16.509,-0.006420,-0.035113,
16510,16.510,-0.002438,0.031229,
16511,16.511,-0.008783,0.108971,
16512,16.512,0.001415,0.098786,
16513,16.513,-0.000060,0.070442,
16514,16.514,-0.001365,0.061934,
16515,16.515,-0.009286,0.085439,
16516,16.516,-0.002147,0.106936,
16517,16.517,0.004146,0.100815,
16518,16.518,-0.003778,0.036622,
16519,16.519,0.007574,-0.005950,
16520,16.520,0.011966,-0.075772,
16521,16.521,0.002145,-0.122354,
16522,16.522,0.008216,-0.130207,
16523,16.523,0.007026,-0.059117,
16524,16.524,0.001593,-0.011311,
16525,16.525,0.002238,0.049652,
16526,16.526,0.013213,0.057994,
16527,16.527,0.014528,0.023004,
16528,16.528,0.007363,0.029929,
16529,16.529,0.008319,0.071253,
16530,16.530,0.011303,0.066248,
16531,16.531,0.018350,0.003358,
16532,16.532,0.011693,-0.073924,
16533,16.533,0.005541,-0.104606,
16534,16.534,0.003119,-0.094634,
16535,16.535,0.004946,-0.085475,
16536,16.536,0.004236,-0.030413,
16537,16.537,0.006254,-0.047949,
16538,16.538,-0.002711,-0.040747,
16539,16.539,0.016086,-0.008347,
16540,16.540,-0.025180,-0.049187,
16541,16.541,0.003958,-0.075718,
16542,16.542,-0.012048,-0.099917,
16543,16.543,-0.026513,-0.130748,
16544,16.544,0.039558,-0.150672,
16545,16.545,-0.102759,-0.139761,
16546,16.546,-0.082475,-0.090036,
16547,16.547,0.047098,0.016994,
16548,16.548,0.030363,0.246908,
16549,16.549,-0.015444,0.477101,
16550,16.550,0.026229,0.328603,
16551,16.551,0.013790,0.193710,
16552,16.552,0.002392,0.071208,
16553,16.553,0.012822,0.049530,
16554,16.554,0.003480,0.029809,
16555,16.555,-0.004989,0.011885,
16556,16.556,0.002963,-0.038142,
16557,16.557,-0.003943,-0.083810,
16558,16.558,0.002676,-0.097694,
16559,16.559,-0.002854,-0.110271,
16560,16.560,0.013261,-0.121843,
16561,16.561,0.008764,-0.111630,
16562,16.562,0.004610,-0.140308,
16563,16.563,0.008764,-0.149422,
16564,16.564,0.005491,-0.142225,
16565,16.565,0.002564,-0.178301,
16566,16.566,0.005725,-0.185285,
16567,16.567,0.008726,-0.203231,
16568,16.568,0.016297,-0.219636,
16569,16.569,0.014399,-0.176537,
16570,16.570,0.020794,-0.089008,
16571,16.571,0.011796,0.099706,
16572,16.572,0.013786,0.180108,
16573,16.573,0.015615,0.105634,
16574,16.574,0.011856,0.127372,
16575,16.575,0.018399,0.147156,
16576,16.576,0.026456,0.165058,
16577,16.577,0.023680,0.214944,
16578,16.578,0.019378,0.260317,
16579,16.579,0.015398,0.218316,
16580,16.580,0.017836,0.079141,
16581,16.581,0.018738,0.023399,
16582,16.582,0.009479,-0.027307,
16583,16.583,0.002733,-0.042839,
16584,16.584,0.001710,0.026408,
16585,16.585,-0.008459,0.114469,
16586,16.586,-0.012378,0.148803,
16587,16.587,-0.013444,0.096574,
16588,16.588,-0.005563,0.049039,
16589,16.589,-0.021228,0.074654,
16590,16.590,-0.027768,0.082118,
16591,16.591,-0.025727,0.074659,
16592,16.592,-0.023869,0.003106,
16593,16.593,-0.025551,-0.044561,
16594,16.594,-0.036243,-0.088046,
16595,16.595,-0.026594,-0.142967,
16596,16.596,-0.025545,-0.164440,
16597,16.597,-0.024658,-0.196818,
16598,16.598,-0.021614,-0.214209,
16599,16.599,-0.020811,-0.240543,
16600,16.600,-0.025148,-0.254565,
16601,16.601,-0.018300,-0.232391,
16602,16.602,-0.015712,-0.172251,
16603,16.603,-0.018414,-0.094585,
16604,16.604,-0.014876,-0.042503,
16605,16.605,-0.017114,0.023697,
16606,16.606,-0.007877,0.083968,
16607,16.607,-0.015046,0.107220,
16608,16.608,0.001100,0.100101,
16609,16.609,-0.005769,0.132469,
16610,16.610,-0.004045,0.220608,
16611,16.611,-0.002485,0.283835,
16612,16.612,-0.007882,0.249633,
16613,16.613,-0.006699,0.156184,
16614,16.614,-0.003002,0.118937,
16615,16.615,0.000349,0.061837,
16616,16.616,0.005543,0.009881,
16617,16.617,-0.000100,-0.018598,
16618,16.618,0.005911,-0.010197,
16619,16.619,0.006350,0.044372,
16620,16.620,0.003719,0.051567,
16621,16.621,0.001254,0.006570,
16622,16.622,0.002502,-0.022400,
16623,16.623,0.007308,-0.038197,
16624,16.624,0.010412,0.005203,
16625,16.625,0.014188,-0.012546,
16626,16.626,0.009677,-0.071622,
16627,16.627,0.008719,-0.111187,
16628,16.628,0.008614,-0.133082,
16629,16.629,0.010203,-0.140118,
16630,16.630,0.011624,-0.123302,
16631,16.631,0.012219,-0.118683,
16632,16.632,0.016869,-0.104824,
16633,16.633,0.011564,-0.074449,
16634,16.634,0.008081,-0.070809,
16635,16.635,0.011764,-0.038102,
16636,16.636,0.012902,0.001646,
16637,16.637,0.015575,0.081668,
16638,16.638,0.019108,0.125480,
16639,16.639,0.012364,0.114013,
16640,16.640,0.026103,0.083034,
16641,16.641,-0.004807,0.054781,
16642,16.642,0.008160,0.080762,
16643,16.643,0.004044,0.041687,
16644,16.644,0.007400,-0.008077,
16645,16.645,0.017039,-0.014492,
16646,16.646,-0.003906,-0.008678,
16647,16.647,-0.006738,-0.024454,
16648,16.648,-0.004473,-0.038649,
16649,16.649,-0.006754,-0.069178,
16650,16.650,-0.008847,-0.104823,
16651,16.651,0.000437,-0.118704,
16652,16.652,0.005511,-0.078395,
16653,16.653,0.000968,-0.008476,
16654,16.654,0.002366,0.001607,
16655,16.655,-0.006365,-0.023639,
16656,16.656,-0.000698,-0.062061,
16657,16.657,-0.001605,-0.068574,
16658,16.658,0.006956,0.003097,
16659,16.659,0.001500,-0.044083,
16660,16.660,0.000619,-0.104606,
16661,16.661,-0.000080,-0.143964,
16662,16.662,0.007857,-0.108923,
16663,16.663,0.000736,-0.012417,
16664,16.664,0.003600,0.167778,
16665,16.665,0.004627,0.290215,
16666,16.666,0.010068,0.356647,
16667,16.667,-0.000389,0.213728,
16668,16.668,0.007421,0.120718,
16669,16.669,0.006278,0.103567,
16670,16.670,0.000234,0.087947,
16671,16.671,-0.005138,0.184774,
16672,16.672,0.000309,0.272710,
16673,16.673,-0.000326,0.237870,
16674,16.674,0.000741,0.185498,
16675,16.675,0.003165,0.175806,
16676,16.676,-0.004393,0.167035,
16677,16.677,-0.007218,0.112311,
16678,16.678,-0.006160,0.005510,
16679,16.679,-0.011876,-0.101623,
16680,16.680,-0.003218,-0.199008,
16681,16.681,-0.017898,-0.262167,
16682,16.682,0.012935,-0.319593,
16683,16.683,-0.017654,-0.308914,
16684,16.684,-0.005621,-0.279932,
16685,16.685,-0.001876,-0.236235,
16686,16.686,0.001526,-0.228013,
16687,16.687,-0.007091,-0.234707,
16688,16.688,-0.009635,-0.240860,
16689,16.689,-0.002203,-0.199905,
16690,16.690,-0.022346,-0.120342,
16691,16.691,-0.003065,-0.063528,
16692,16.692,-0.005304,-0.033364,
16693,16.693,-0.007392,-0.043940,
16694,16.694,-0.005207,-0.053571,
16695,16.695,0.004216,-0.046554,
16696,16.696,0.006035,-0.039874,
16697,16.697,0.007641,-0.033776,
16698,16.698,0.009052,-0.063374,
16699,16.699,-0.007279,-0.069032,
16700,16.700,-0.000636,-0.025902,
16701,16.701,-0.002598,0.050075,
16702,16.702,-0.004391,0.080714,
16703,16.703,-0.002631,0.089851,
16704,16.704,-0.004112,0.098261,
16705,16.705,-0.002722,0.137087,
16706,16.706,0.006093,0.186630,
16707,16.707,0.007131,0.283527,
16708,16.708,0.004066,0.408353,
16709,16.709,0.003218,0.424628,
16710,16.710,0.004032,0.439088,
16711,16.711,0.007679,0.340734,
16712,16.712,0.009656,0.200403,
16713,16.713,0.000121,0.143258,
16714,16.714,-0.004025,0.057836,
16715,16.715,-0.000395,-0.050047,
16716,16.716,0.000520,-0.175648,
16717,16.717,-0.002628,-0.192725,
16718,16.718,-0.003594,-0.147399,
16719,16.719,-0.001182,-0.106407,
16720,16.720,0.002395,-0.170247,
16721,16.721,-0.001322,-0.182617,
16722,16.722,-0.005719,-0.193766,
16723,16.723,-0.006381,-0.165951,
16724,16.724,-0.005020,-0.192165,
16725,16.725,-0.007373,-0.215603,
16726,16.726,-0.003640,-0.194287,
16727,16.727,-0.001264,-0.149152,
16728,16.728,-0.000232,-0.061183,
16729,16.729,-0.006812,-0.048949,
16730,16.730,-0.013385,-0.106799,
16731,16.731,-0.004047,-0.221705,
16732,16.732,-0.005367,-0.267413,
16733,16.733,-0.011052,-0.197350,
16734,16.734,-0.008146,-0.057497,
16735,16.735,-0.005559,-0.000891,
16736,16.736,0.002113,0.118101,
16737,16.737,0.001001,0.257256,
16738,16.738,-0.007558,0.462604,
16739,16.739,-0.010012,0.486490,
16740,16.740,-0.006887,0.515579,
16741,16.741,0.008739,0.493087,
16742,16.742,-0.025005,0.293221,
16743,16.743,-0.000880,0.050702,
16744,16.744,-0.005348,-0.177859,
16745,16.745,0.006453,-0.206561,
16746,16.746,0.017259,-0.178345,
16747,16.747,0.000837,-0.103428,
16748,16.748,0.015712,-0.034893,
16749,16.749,-0.003400,-0.053510,
16750,16.750,-0.001039,-0.033210,
16751,16.751,-0.003209,-0.081618,
16752,16.752,0.006970,-0.094686,
16753,16.753,0.005155,-0.050960,
16754,16.754,0.006903,-0.086653,
16755,16.755,0.002404,-0.073402,
16756,16.756,0.023289,0.042884,
16757,16.757,0.008507,0.151250,
16758,16.758,0.016735,0.277644,
16759,16.759,0.034089,0.396683,
16760,16.760,0.009499,0.535726,
16761,16.761,0.012835,0.592627,
16762,16.762,0.015843,0.341549,
16763,16.763,0.013271,0.017933,
16764,16.764,0.011034,-0.199305,
16765,16.765,0.008969,-0.237677,
16766,16.766,0.007088,-0.200465,
16767,16.767,0.009104,-0.166483,
16768,16.768,0.014339,-0.075966,
16769,16.769,0.016016,0.006419,
16770,16.770,0.009227,0.031997,
16771,16.771,0.000592,-0.079202,
16772,16.772,0.001765,-0.261909,
16773,16.773,-0.005353,-0.384688,
16774,16.774,-0.002482,-0.362155,
16775,16.775,-0.004855,-0.260408,
16776,16.776,-0.011622,-0.130669,
16777,16.777,-0.008742,-0.046353,
16778,16.778,-0.012809,-0.000336,
16779,16.779,-0.010445,-0.041884,
16780,16.780,-0.013830,-0.180764,
16781,16.781,-0.013153,-0.310665,
16782,16.782,-0.004182,-0.395469,
16783,16.783,-0.005190,-0.289194,
16784,16.784,-0.006040,-0.192534,
16785,16.785,-0.008903,-0.180362,
16786,16.786,-0.006011,-0.192294,
16787,16.787,-0.011746,-0.203157,
16788,16.788,-0.000052,-0.137475,
16789,16.789,0.005200,-0.008719,
16790,16.790,0.003865,0.231233,
16791,16.791,-0.002877,0.460179,
16792,16.792,0.003592,0.548658,
16793,16.793,-0.008730,0.520498,
16794,16.794,-0.010226,0.395997,
16795,16.795,-0.008452,0.327324,
16796,16.796,-0.004183,0.142581,
16797,16.797,-0.007669,-0.080778,
16798,16.798,-0.004226,-0.171720,
16799,16.799,-0.015519,-0.200410,
16800,16.800,-0.007687,-0.226614,
16801,16.801,-0.011538,-0.161305,
16802,16.802,-0.007603,-0.102414,
16803,16.803,-0.008399,0.062079,
16804,16.804,-0.005126,0.127056,
16805,16.805,-0.009496,0.267053,
16806,16.806,-0.005073,0.246496,
16807,16.807,0.005126,0.127065,
16808,16.808,0.003963,-0.012079,
16809,16.809,0.000436,-0.142756,
16810,16.810,0.001651,-0.194005,
16811,16.811,0.004875,-0.210022,
16812,16.812,0.005898,-0.224872,
16813,16.813,0.006914,-0.289262,
16814,16.814,0.004875,-0.279343,
16815,16.815,0.005705,-0.270678,
16816,16.816,0.005351,-0.224841,
16817,16.817,0.013114,-0.131240,
16818,16.818,0.020546,0.006525,
16819,16.819,0.014288,0.135230,
16820,16.820,0.015297,0.285813,
16821,16.821,0.014774,0.305186,
16822,16.822,0.011366,0.359671,
16823,16.823,0.013200,0.341873,
16824,16.824,0.010471,0.203307,
16825,16.825,0.011142,0.110415,
16826,16.826,0.018240,0.127421,
16827,16.827,0.015378,0.174080,
16828,16.828,0.009142,0.133793,
16829,16.829,0.005124,0.223635,
16830,16.830,0.007561,0.328766,
16831,16.831,0.005762,0.260834,
16832,16.832,0.009053,0.098348,
16833,16.833,0.000528,-0.056587,
16834,16.834,-0.000369,-0.034191,
16835,16.835,0.003131,0.023584,
16836,16.836,-0.001800,0.042706,
16837,16.837,0.001254,0.030061,
16838,16.838,-0.006202,-0.036674,
16839,16.839,-0.006866,-0.147236,
16840,16.840,-0.007842,-0.223941,
16841,16.841,-0.015893,-0.235443,
16842,16.842,0.001599,-0.217743,
16843,16.843,-0.035188,-0.201444,
16844,16.844,0.002459,-0.140398,
16845,16.845,-0.011481,-0.043442,
16846,16.846,-0.015417,0.047729,
16847,16.847,0.005023,0.084965,
16848,16.848,-0.012589,0.097961,
16849,16.849,-0.002267,0.204963,
16850,16.850,-0.004638,0.249013,
16851,16.851,-0.001424,0.288881,
16852,16.852,-0.008193,0.302184,
16853,16.853,0.012617,0.293324,
16854,16.854,0.010402,0.171139,
16855,16.855,0.003614,-0.046789,
16856,16.856,0.010692,-0.135284,
16857,16.857,0.009158,-0.269902,
16858,16.858,0.011525,-0.342853,
16859,16.859,0.006939,-0.274922,
16860,16.860,0.008915,-0.131842,
16861,16.861,0.013427,-0.075385,
16862,16.862,0.015057,-0.023867,
16863,16.863,0.016481,-0.007530,
16864,16.864,0.013799,0.007353,
16865,16.865,0.013300,-0.004256,
16866,16.866,0.009404,0.007973,
16867,16.867,0.004435,-0.001703,
16868,16.868,0.009577,0.084434,
16869,16.869,0.011485,0.211920,
16870,16.870,0.013399,0.229722,
16871,16.871,0.016112,0.215592,
16872,16.872,0.011150,0.119226,
16873,16.873,0.004811,-0.069644,
16874,16.874,0.007398,-0.259193,
16875,16.875,-0.004116,-0.382805,
16876,16.876,-0.002473,-0.495665,
16877,16.877,-0.010159,-0.435955,
16878,16.878,-0.017216,-0.344922,
16879,16.879,-0.006059,-0.262745,
16880,16.880,-0.007823,-0.280167,
16881,16.881,-0.012129,-0.213112,
16882,16.882,-0.016143,-0.127714,
16883,16.883,-0.008716,-0.073510,
16884,16.884,-0.020592,-0.024891,
16885,16.885,-0.031640,-0.075764,
16886,16.886,-0.011262,-0.122503,
16887,16.887,-0.014623,-0.196730,
16888,16.888,-0.023247,-0.266871,
16889,16.889,-0.036140,-0.227564,
16890,16.890,-0.030107,-0.160629,
16891,16.891,-0.032741,-0.116724,
16892,16.892,-0.031517,-0.025141,
16893,16.893,-0.027086,0.135911,
16894,16.894,-0.032349,0.155125,
16895,16.895,-0.031705,0.091152,
16896,16.896,-0.031217,-0.004331,
16897,16.897,-0.035184,0.009562,
16898,16.898,-0.028648,0.144508,
16899,16.899,-0.019080,0.308522,
16900,16.900,-0.015804,0.507527,
16901,16.901,-0.012870,0.640183,
16902,16.902,-0.001134,0.760316,
16903,16.903,0.003140,0.779598,
16904,16.904,0.000823,0.593310,
16905,16.905,-0.009652,0.319226,
16906,16.906,-0.014241,0.135711,
16907,16.907,-0.007331,-0.031540,
16908,16.908,0.005483,-0.183639,
16909,16.909,-0.000999,-0.322084,
16910,16.910,-0.003592,-0.398476,
16911,16.911,0.009356,-0.378519,
16912,16.912,0.025183,-0.319837,
16913,16.913,0.017659,-0.229484,
16914,16.914,0.010650,-0.113944,
16915,16.915,0.030197,-0.070304,
16916,16.916,0.037378,-0.114189,
16917,16.917,0.029169,-0.255427,
16918,16.918,-0.001037,-0.313294,
16919,16.919,0.009871,-0.332293,
16920,16.920,0.027039,-0.288484,
16921,16.921,0.016296,-0.165257,
16922,16.922,0.018270,0.017952,
16923,16.923,0.031087,0.139272,
16924,16.924,0.027853,0.204594,
16925,16.925,0.020420,0.263608,
16926,16.926,0.021635,0.317140,
16927,16.927,0.026425,0.365454,
16928,16.928,0.037511,0.409363,
16929,16.929,0.013771,0.421509,
16930,16.930,0.016290,0.432470,
16931,16.931,0.030520,0.396560,
16932,16.932,0.010778,0.259887,
16933,16.933,-0.002169,0.166779,
16934,16.934,0.003892,0.149862,
16935,16.935,0.013532,0.104077,
16936,16.936,0.003750,0.090241,
16937,16.937,0.005042,-0.023267,
16938,16.938,-0.002922,-0.252660,
16939,16.939,0.003690,-0.351159,
16940,16.940,0.002212,-0.381332,
16941,16.941,-0.000903,-0.365985,
16942,16.942,-0.004308,-0.339455,
16943,16.943,0.011289,-0.266199,
16944,16.944,-0.022457,-0.244310,
16945,16.945,0.001685,-0.224453,
16946,16.946,-0.011502,-0.243391,
16947,16.947,-0.023293,-0.294352,
16948,16.948,-0.005110,-0.187819,
16949,16.949,-0.014782,-0.035356,
16950,16.950,-0.023387,0.066036,
16951,16.951,-0.020438,0.047504,
16952,16.952,-0.017793,0.030762,
16953,16.953,-0.001913,-0.045662,
16954,16.954,0.008584,-0.059549,
16955,16.955,0.007090,-0.047165,
16956,16.956,0.009167,-0.082004,
16957,16.957,0.011096,-0.072107,
16958,16.958,0.004592,-0.100997,
16959,16.959,0.016394,-0.075553,
16960,16.960,0.012307,-0.052518,
16961,16.961,0.014152,0.025709,
16962,16.962,0.008412,0.098899,
16963,16.963,0.007930,0.146976,
16964,16.964,0.019970,0.208630,
16965,16.965,0.015929,0.280907,
16966,16.966,0.020549,0.292412,
16967,16.967,0.022309,0.251481,
16968,16.968,0.026081,0.167695,
16969,16.969,0.029665,0.112705,
16970,16.970,0.016166,0.042636,
16971,16.971,0.010640,-0.001460,
16972,16.972,0.005608,-0.040730,
16973,16.973,0.001085,-0.012835,
16974,16.974,-0.002926,0.084808,
16975,16.975,0.001669,0.229194,
16976,16.976,-0.006609,0.253311,
16977,16.977,-0.002892,0.242244,
16978,16.978,0.000661,0.232478,
16979,16.979,-0.003419,0.168115,
16980,16.980,-0.002119,0.008641,
16981,16.981,0.000532,-0.143519,
16982,16.982,-0.009666,-0.281130,
16983,16.983,-0.007716,-0.294966,
16984,16.984,-0.005977,-0.206190,
16985,16.985,-0.016911,-0.216385,
16986,16.986,-0.021086,-0.141480,
16987,16.987,-0.013781,0.053696,
16988,16.988,-0.009692,0.357688,
16989,16.989,-0.010351,0.482638,
16990,16.990,-0.013049,0.452894,
16991,16.991,-0.017286,0.426594,
16992,16.992,-0.017827,0.403729,
16993,16.993,-0.012282,0.329702,
16994,16.994,-0.018412,0.263400,
16995,16.995,-0.015611,0.203808,
16996,16.996,-0.010114,0.191117,
16997,16.997,-0.014750,0.180386,
16998,16.998,-0.016230,0.104118,
16999,16.999,-0.022427,0.035611,
17000,17.000,-0.017992,-0.025833,
17001,17.001,-0.015629,-0.055533,
17002,17.002,-0.013442,-0.082227,
17003,17.003,-0.009014,-0.147519,
17004,17.004,-0.009436,-0.149663,
17005,17.005,-0.007031,-0.116726,
17006,17.006,-0.002628,-0.070817,
17007,17.007,-0.005383,-0.042866,
17008,17.008,-0.003698,-0.042800,
17009,17.009,-0.000540,-0.042216,
17010,17.010,-0.000720,-0.083999,
17011,17.011,0.005150,-0.136119,
17012,17.012,0.002694,-0.247391,
17013,17.013,0.009728,-0.291862,
17014,17.014,0.001339,-0.270975,
17015,17.015,-0.004146,-0.224028,
17016,17.016,0.003197,-0.181358,
17017,17.017,0.000536,-0.142428,
17018,17.018,0.008337,-0.148963,
17019,17.019,0.003118,-0.193131,
17020,17.020,0.003967,-0.302550,
17021,17.021,0.003116,-0.437931,
17022,17.022,0.003765,-0.528562,
17023,17.023,0.010168,-0.543776,
17024,17.024,0.010973,-0.435374,
17025,17.025,0.014641,-0.253292,
17026,17.026,0.006833,0.018798,
17027,17.027,0.016253,0.271852,
17028,17.028,0.015026,0.501683,
17029,17.029,0.009385,0.530957,
17030,17.030,0.004094,0.448645,
17031,17.031,0.004879,0.373243,
17032,17.032,0.017670,0.259133,
17033,17.033,0.004553,0.073427,
17034,17.034,0.006156,-0.101482,
17035,17.035,0.007584,-0.215968,
17036,17.036,0.000537,-0.279477,
17037,17.037,-0.003305,-0.300736,
17038,17.038,-0.000211,-0.320447,
17039,17.039,0.000673,-0.277838,
17040,17.040,0.006958,-0.323257,
17041,17.041,-0.000976,-0.290082,
17042,17.042,0.000559,-0.267701,
17043,17.043,-0.004850,-0.193210,
17044,17.044,0.009011,-0.105760,
17045,17.045,-0.017744,-0.099954,
17046,17.046,0.007419,-0.118385,
17047,17.047,-0.002606,-0.094310,
17048,17.048,0.000034,-0.073022,
17049,17.049,0.013490,-0.002689,
17050,17.050,0.010853,0.062653,
17051,17.051,-0.023089,0.102081,
17052,17.052,0.049372,0.154136,
17053,17.053,0.163774,0.216068,
17054,17.054,-0.066092,0.235522,
17055,17.055,-0.033595,0.200547,
17056,17.056,-0.063701,0.152389,
17057,17.057,-0.036980,0.093703,
17058,17.058,-0.061874,0.013623,
17059,17.059,-0.039912,-0.099575,
17060,17.060,-0.019983,-0.122253,
17061,17.061,-0.038793,-0.118453,
17062,17.062,-0.022436,-0.092466,
17063,17.063,-0.038058,-0.048492,
17064,17.064,-0.024600,0.010350,
17065,17.065,-0.012506,0.097981,
17066,17.066,-0.001427,0.204708,
17067,17.067,-0.012173,0.243716,
17068,17.068,-0.003137,0.222827,
17069,17.069,-0.012188,0.177805,
17070,17.070,-0.004835,0.158656,
17071,17.071,-0.012367,0.119568,
17072,17.072,-0.006367,0.026043,
17073,17.073,-0.001046,-0.108481,
17074,17.074,-0.017367,-0.166768,
17075,17.075,-0.003400,-0.128443,
17076,17.076,-0.008195,-0.038026,
17077,17.077,0.003246,0.069424,
17078,17.078,-0.007972,0.140009,
17079,17.079,0.001459,0.120736,
17080,17.080,0.003971,0.103029,
17081,17.081,0.011720,0.063488,
17082,17.082,0.008997,-0.098028,
17083,17.083,0.010872,-0.215062,
17084,17.084,0.012584,-0.280848,
17085,17.085,0.014151,-0.230007,
17086,17.086,0.015559,-0.184092,
17087,17.087,0.019861,-0.050724,
17088,17.088,0.020988,0.111810,
17089,17.089,0.019593,0.264802,
17090,17.090,0.013818,0.444495,
17091,17.091,0.014663,0.515089,
17092,17.092,0.020943,0.400395,
17093,17.093,0.021668,0.255942,
17094,17.094,0.025293,0.124755,
17095,17.095,0.020327,0.005728,
17096,17.096,0.023312,-0.102463,
17097,17.097,0.020404,-0.145009,
17098,17.098,0.022967,-0.107878,
17099,17.099,0.022642,0.018238,
17100,17.100,0.016288,0.169377,
17101,17.101,0.015532,0.230121,
17102,17.102,0.019825,0.322610,
17103,17.103,0.016270,0.305946,
17104,17.104,0.015843,0.229756,
17105,17.105,0.015418,0.105106,
17106,17.106,0.016071,0.021861,
17107,17.107,0.008432,-0.023010,
17108,17.108,0.003043,-0.035816,
17109,17.109,-0.004025,-0.097864,
17110,17.110,0.004697,-0.200330,
17111,17.111,-0.000585,-0.407751,
17112,17.112,0.006986,-0.674989,
17113,17.113,0.000900,-0.565502,
17114,17.114,-0.006541,-0.531195,
17115,17.115,-0.003123,-0.380448,
17116,17.116,-0.001887,-0.080361,
17117,17.117,-0.009259,0.199598,
17118,17.118,-0.009853,0.454437,
17119,17.119,-0.010297,0.621399,
17120,17.120,-0.009063,0.654425,
17121,17.121,-0.006458,0.576723,
17122,17.122,-0.008087,0.555754,
17123,17.123,-0.010716,0.447265,
17124,17.124,-0.015554,0.186028,
17125,17.125,-0.013145,0.009002,
17126,17.126,-0.008535,-0.020299,
17127,17.127,-0.011017,-0.165749,
17128,17.128,-0.018398,-0.243284,
17129,17.129,-0.007713,-0.313369,
17130,17.130,-0.008707,-0.242636,
17131,17.131,-0.012050,-0.178229,
17132,17.132,-0.012703,-0.230397,
17133,17.133,-0.015414,-0.277909,
17134,17.134,-0.008656,-0.198879,
17135,17.135,-0.010889,-0.099152,
17136,17.136,-0.022095,-0.033559,
17137,17.137,-0.013344,0.003507,
17138,17.138,-0.008517,0.037300,
17139,17.139,-0.004203,-0.007261,
17140,17.140,-0.007683,-0.064796,
17141,17.141,-0.008484,-0.163809,
17142,17.142,-0.009309,-0.258420,
17143,17.143,-0.008617,-0.186977,
17144,17.144,-0.005747,-0.096556,
17145,17.145,0.007258,-0.036800,
17146,17.146,-0.020506,-0.065558,
17147,17.147,0.007546,0.003231,
17148,17.148,-0.010448,0.083397,
17149,17.149,-0.007116,0.158787,
17150,17.150,0.007868,0.189684,
17151,17.151,-0.005749,0.200874,
17152,17.152,0.001615,0.164391,
17153,17.153,-0.013870,0.060083,
17154,17.154,-0.007693,-0.075462,
17155,17.155,0.001669,-0.091992,
17156,17.156,0.006793,-0.073524,
17157,17.157,0.005324,0.004508,
17158,17.158,0.001306,0.047621,
17159,17.159,0.005063,0.086839,
17160,17.160,0.010683,0.145659,
17161,17.161,0.003471,0.136297,
17162,17.162,0.008086,0.165294,
17163,17.163,0.005616,0.105274,
17164,17.164,0.009404,0.004006,
17165,17.165,0.007428,-0.009038,
17166,17.166,-0.001984,-0.121717,
17167,17.167,0.018892,-0.349927,
17168,17.168,0.021838,-0.512512,
17169,17.169,0.013798,-0.540718,
17170,17.170,0.011524,-0.458059,
17171,17.171,0.005032,-0.333808,
17172,17.172,0.011222,-0.176488,
17173,17.173,0.016926,-0.074815,
17174,17.174,0.018746,-0.093683,
17175,17.175,0.001954,-0.010430,
17176,17.176,-0.000104,0.034408,
17177,17.177,0.010205,0.074906,
17178,17.178,0.012221,0.111421,
17179,17.179,-0.006235,0.121812,
17180,17.180,0.001204,0.193913,
17181,17.181,0.007962,0.335759,
17182,17.182,0.002047,0.437314,
17183,17.183,0.007800,0.418834,
17184,17.184,0.002891,0.368408,
17185,17.185,-0.004531,0.291871,
17186,17.186,0.008172,0.222166,
17187,17.187,-0.000109,0.133501,
17188,17.188,-0.004507,0.075437,
17189,17.189,-0.000280,0.064409,
17190,17.190,0.006146,0.054143,
17191,17.191,0.000720,0.096598,
17192,17.192,0.003915,-0.021284,
17193,17.193,0.003224,-0.240218,
17194,17.194,-0.009489,-0.389147,
17195,17.195,-0.011203,-0.469919,
17196,17.196,0.000780,-0.444831,
17197,17.197,-0.012977,-0.332331,
17198,17.198,-0.007281,-0.230072,
17199,17.199,-0.008851,-0.210877,
17200,17.200,-0.016380,-0.226815,
17201,17.201,-0.009359,-0.119013,
17202,17.202,-0.020629,-0.021106,
17203,17.203,-0.003668,0.017129,
17204,17.204,-0.001434,0.005869,
17205,17.205,-0.007497,0.016103,
17206,17.206,-0.005611,0.006255,
17207,17.207,-0.003891,-0.020233,
17208,17.208,-0.008452,0.049669,
17209,17.209,-0.015414,0.191379,
17210,17.210,-0.006676,0.292673,
17211,17.211,-0.012321,0.274156,
17212,17.212,-0.011392,0.223673,
17213,17.213,-0.003044,0.085946,
17214,17.214,-0.002145,0.067458,
17215,17.215,-0.003283,-0.016488,
17216,17.216,-0.004284,-0.031531,
17217,17.217,-0.005297,-0.045238,
17218,17.218,-0.009181,-0.032575,
17219,17.219,-0.008689,0.048234,
17220,17.220,0.000572,0.205203,
17221,17.221,-0.009294,0.318046,
17222,17.222,-0.008352,0.339400,
17223,17.223,-0.003020,0.285041,
17224,17.224,-0.006311,0.202046,
17225,17.225,-0.009287,0.187762,
17226,17.226,-0.003648,0.119100,
17227,17.227,-0.000228,0.006140,
17228,17.228,0.001507,-0.192217,
17229,17.229,0.005439,-0.327302,
17230,17.230,-0.003674,-0.400655,
17231,17.231,0.002270,-0.377800,
17232,17.232,0.005173,-0.316139,
17233,17.233,-0.004634,-0.148481,
17234,17.234,-0.001239,0.009402,
17235,17.235,-0.000541,0.152779,
17236,17.236,0.010625,0.246411,
17237,17.237,0.011824,0.297766,
17238,17.238,0.010150,0.252597,
17239,17.239,0.011022,0.100162,
17240,17.240,0.009705,-0.082640,
17241,17.241,0.002136,-0.254763,
17242,17.242,0.006414,-0.321736,
17243,17.243,0.000212,-0.382615,
17244,17.244,0.005352,-0.344024,
17245,17.245,0.001370,-0.251619,
17246,17.246,0.011787,-0.201187,
17247,17.247,-0.011445,-0.216072,
17248,17.248,0.011343,-0.173821,
17249,17.249,0.008276,-0.084622,
17250,17.250,0.005387,-0.026079,
17251,17.251,0.012496,0.027118,
17252,17.252,0.001182,0.132868,
17253,17.253,0.003072,0.259710,
17254,17.254,0.001096,0.412863,
17255,17.255,-0.007456,0.516326,
17256,17.256,-0.002978,0.499631,
17257,17.257,0.006605,0.383446,
17258,17.258,0.017875,0.216386,
17259,17.259,0.010211,0.015895,
17260,17.260,0.008823,-0.009905,
17261,17.261,0.015063,-0.033237,
17262,17.262,0.004728,-0.054503,
17263,17.263,0.000663,-0.195853,
17264,17.264,0.009463,-0.176643,
17265,17.265,0.001705,-0.159135,
17266,17.266,0.000720,-0.173722,
17267,17.267,0.005335,-0.214820,
17268,17.268,0.006237,-0.201911,
17269,17.269,0.002579,-0.236117,
17270,17.270,0.001971,-0.162846,
17271,17.271,0.003753,-0.038952,
17272,17.272,-0.004957,0.079530,
17273,17.273,0.003940,0.156691,
17274,17.274,-0.003734,0.226816,
17275,17.275,0.003661,0.290416,
17276,17.276,0.001070,0.325378,
17277,17.277,-0.001343,0.356873,
17278,17.278,-0.001885,0.271693,
17279,17.279,0.000267,0.145251,
17280,17.280,-0.000119,-0.006066,
17281,17.281,0.008795,-0.189110,
17282,17.282,0.005192,-0.262559,
17283,17.283,-0.005004,-0.329198,
17284,17.284,0.004746,-0.348703,
17285,17.285,0.003672,-0.255214,
17286,17.286,-0.001813,-0.102754,
17287,17.287,-0.006940,-0.000067,
17288,17.288,-0.005989,0.056269,
17289,17.289,-0.003377,0.141070,
17290,17.290,-0.005505,0.187388,
17291,17.291,-0.004778,0.201433,
17292,17.292,-0.004235,0.188922,
17293,17.293,-0.013010,0.131339,
17294,17.294,-0.016715,0.058325,
17295,17.295,-0.008932,-0.046001,
17296,17.296,-0.011995,-0.087354,
17297,17.297,-0.014721,-0.124724,
17298,17.298,-0.010542,-0.135926,
17299,17.299,-0.014324,-0.125207,
17300,17.300,-0.007937,-0.191019,
17301,17.301,-0.008865,-0.268110,
17302,17.302,-0.003698,-0.257156,
17303,17.303,-0.007355,-0.246994,
17304,17.304,-0.004447,-0.168652,
17305,17.305,-0.012177,-0.032343,
17306,17.306,0.001406,0.134800,
17307,17.307,-0.000569,0.202272,
17308,17.308,-0.005758,0.141439,
17309,17.309,-0.001314,0.159687,
17310,17.310,0.002588,0.142493,
17311,17.311,0.003611,0.126765,
17312,17.312,0.009025,0.084587,
17313,17.313,0.001571,0.046306,
17314,17.314,0.002221,0.057170,
17315,17.315,-0.003888,0.108712,
17316,17.316,-0.003403,0.155598,
17317,17.317,-0.004279,0.181051,
17318,17.318,-0.000243,0.141553,
17319,17.319,-0.004513,0.034429,
17320,17.320,-0.003197,-0.073044,
17321,17.321,-0.005595,-0.087252,
17322,17.322,-0.002914,-0.099984,
17323,17.323,-0.008878,-0.111648,
17324,17.324,-0.003147,-0.101493,
17325,17.325,-0.002668,-0.092212,
17326,17.326,-0.004868,-0.066598,
17327,17.327,0.004428,-0.043635,
17328,17.328,0.005620,-0.051211,
17329,17.329,0.001747,-0.058289,
17330,17.330,0.002628,-0.053347,
17331,17.331,-0.000544,-0.080844,
17332,17.332,0.002054,-0.106066,
17333,17.333,0.001112,-0.093889,
17334,17.334,0.006251,-0.083062,
17335,17.335,-0.004475,-0.036653,
17336,17.336,0.000034,0.046795,
17337,17.337,0.012511,0.034679,
17338,17.338,0.007403,0.065285,
17339,17.339,0.011949,0.131124,
17340,17.340,0.010594,0.139308,
17341,17.341,0.014330,0.162193,
17342,17.342,0.006571,0.168787,
17343,17.343,0.011857,0.109826,
17344,17.344,0.014621,0.038567,
17345,17.345,0.011645,0.015086,
17346,17.346,0.010904,0.042628,
17347,17.347,0.022522,-0.001351,
17348,17.348,-0.002718,-0.025542,
17349,17.349,0.015543,-0.047670,
17350,17.350,0.005910,-0.093607,
17351,17.351,0.008977,-0.100150,
17352,17.352,0.022892,-0.085052,
17353,17.353,0.000812,-0.042119,
17354,17.354,-0.007727,-0.013479,
17355,17.355,-0.010158,-0.008717,
17356,17.356,-0.007488,-0.013751,
17357,17.357,-0.000568,-0.009508,
17358,17.358,0.009904,0.010308,
17359,17.359,0.004660,0.020880,
17360,17.360,0.006713,0.037012,
17361,17.361,0.002524,0.015876,
17362,17.362,0.006972,0.001803,
17363,17.363,0.003650,-0.010964,
17364,17.364,-0.001524,-0.026964,
17365,17.365,0.001937,-0.041576,
17366,17.366,-0.000351,-0.036339,
17367,17.367,0.009555,-0.021425,
17368,17.368,0.003745,-0.003303,
17369,17.369,-0.001373,0.023545,
17370,17.370,-0.001921,0.012228,
17371,17.371,0.007003,0.021501,
17372,17.372,-0.000313,0.023897,
17373,17.373,0.003205,0.026183,
17374,17.374,-0.006656,0.043079,
17375,17.375,0.000735,0.058365,
17376,17.376,-0.005061,0.052045,
17377,17.377,-0.005611,0.046291,
17378,17.378,-0.008208,0.030945,
17379,17.379,-0.005076,0.012416,
17380,17.380,-0.005523,-0.009955,
17381,17.381,-0.007324,-0.012813,
17382,17.382,0.000822,0.006310,
17383,17.383,-0.008304,0.018647,
17384,17.384,-0.006806,0.016454,
17385,17.385,-0.009699,0.010388,
17386,17.386,-0.006366,0.008570,
17387,17.387,-0.001535,-0.003154,
17388,17.388,-0.002142,0.001535,
17389,17.389,-0.002609,0.003031,
17390,17.390,0.004006,0.004408,
17391,17.391,0.001637,0.017157,
17392,17.392,-0.001936,0.029193,
17393,17.393,0.001735,0.030854,
17394,17.394,-0.005106,0.012801,
17395,17.395,-0.000464,-0.014483,
17396,17.396,-0.002961,-0.003748,
17397,17.397,-0.005156,-0.000639,
17398,17.398,-0.005849,0.008004,
17399,17.399,0.001036,0.015942,
17400,17.400,-0.003610,0.023000,
17401,17.401,-0.013160,0.016140,
17402,17.402,-0.009549,0.009777,
17403,17.403,-0.008633,-0.003487,
17404,17.404,-0.018248,-0.029058,
17405,17.405,-0.012180,-0.032776,
17406,17.406,-0.004584,-0.029750,
17407,17.407,-0.010027,-0.021175,
17408,17.408,-0.012918,-0.018712,
17409,17.409,-0.013953,-0.016597,
17410,17.410,-0.011967,-0.014654,
17411,17.411,-0.010175,-0.016945,
17412,17.412,-0.014650,-0.026551,
17413,17.413,-0.012027,-0.035339,
17414,17.414,-0.010762,-0.040271,
17415,17.415,-0.014086,-0.039309,
17416,17.416,-0.018261,-0.030925,
17417,17.417,-0.019064,-0.016438,
17418,17.418,-0.017164,-0.006666,
17419,17.419,-0.011042,-0.012640,
17420,17.420,-0.008660,-0.021498,
17421,17.421,-0.009832,-0.026515,
17422,17.422,-0.001704,-0.031057,
17423,17.423,0.003550,-0.035290,
17424,17.424,-0.004052,-0.020937,
17425,17.425,-0.007090,-0.011313,
17426,17.426,0.005423,-0.006270,
17427,17.427,0.014368,-0.008544,
17428,17.428,0.019091,-0.019846,
17429,17.429,0.011117,-0.030187,
17430,17.430,0.020386,-0.011977,
17431,17.431,0.021182,0.011966,
17432,17.432,0.028561,0.027587,
17433,17.433,0.012417,0.035583,
17434,17.434,0.014184,0.053870,
17435,17.435,0.019844,0.040671,
17436,17.436,0.024988,0.015107,
17437,17.437,0.022862,0.004435,
17438,17.438,0.020887,-0.011280,
17439,17.439,0.013492,-0.053230,
17440,17.440,0.009296,-0.036655,
17441,17.441,0.007810,-0.021595,
17442,17.442,0.008362,-0.017683,
17443,17.443,0.005167,-0.005299,
17444,17.444,0.007218,0.005748,
17445,17.445,0.011944,0.023056,
17446,17.446,0.011592,0.020931,
17447,17.447,0.001767,0.023420,
17448,17.448,0.012570,0.031508,
17449,17.449,-0.010969,0.038939,
17450,17.450,-0.001706,0.045545,
17451,17.451,-0.017153,0.033754,
17452,17.452,-0.015027,0.027068,
17453,17.453,0.001616,0.013469,
17454,17.454,-0.014560,0.018012,
17455,17.455,-0.013152,0.022054,
17456,17.456,-0.026823,0.022908,
17457,17.457,-0.025799,0.021241,
17458,17.458,-0.021910,0.008279,
17459,17.459,-0.012956,-0.000583,
17460,17.460,-0.019919,-0.005528,
17461,17.461,-0.019625,-0.009937,
17462,17.462,-0.025592,-0.006525,
17463,17.463,-0.019892,-0.007805,
17464,17.464,-0.019784,-0.009035,
17465,17.465,-0.018317,-0.019525,
17466,17.466,-0.015506,-0.029280,
17467,17.467,-0.020491,-0.017997,
17468,17.468,-0.014824,-0.010404,
17469,17.469,-0.018124,-0.000748,
17470,17.470,-0.013652,0.008071,
17471,17.471,-0.022203,0.009159,
17472,17.472,-0.021971,0.006230,
17473,17.473,-0.025451,-0.007657,
17474,17.474,-0.013387,-0.009493,
17475,17.475,-0.008601,-0.003657,
17476,17.476,-0.014486,0.015246,
17477,17.477,-0.010714,0.022831,
17478,17.478,-0.001874,0.020980,
17479,17.479,0.003582,0.011203,
17480,17.480,0.008351,0.024617,
17481,17.481,0.012792,0.033494,
17482,17.482,0.014695,0.044601,
17483,17.483,0.007972,0.041023,
17484,17.484,0.007833,0.035283,
17485,17.485,0.002106,0.020977,
17486,17.486,0.010784,-0.009044,
17487,17.487,0.008668,0.004762,
17488,17.488,0.011633,0.009265,
17489,17.489,0.005313,0.006321,
17490,17.490,-0.006909,0.003689,
17491,17.491,0.003046,0.001418,
17492,17.492,-0.001703,-0.006078,
17493,17.493,0.008967,-0.012736,
17494,17.494,0.006802,-0.027703,
17495,17.495,-0.000752,-0.033201,
17496,17.496,-0.000146,-0.023243,
17497,17.497,-0.003908,-0.014024,
17498,17.498,0.005026,-0.008632,
17499,17.499,0.003320,-0.017445,
17500,17.500,0.006027,-0.022925,
17501,17.501,0.021268,-0.021164,
17502,17.502,0.014239,-0.031904,
17503,17.503,0.007692,-0.020478,
17504,17.504,0.020324,-0.010101,
17505,17.505,0.028395,0.009575,
17506,17.506,0.020402,0.012971,
17507,17.507,0.016009,0.011244,
17508,17.508,0.016887,0.018452,
17509,17.509,0.019857,0.021054,
17510,17.510,0.012425,0.016019,
17511,17.511,0.005856,0.004695,
17512,17.512,0.006684,-0.005474,
17513,17.513,-0.001564,-0.006323,
17514,17.514,-0.002551,-0.012033,
17515,17.515,0.000670,-0.016992,
17516,17.516,0.000026,-0.000646,
17517,17.517,-0.000473,0.006578,
17518,17.518,0.005154,0.017369,
17519,17.519,0.000726,0.001253,
17520,17.520,0.005521,-0.004710,
17521,17.521,-0.000243,-0.006095,
17522,17.522,0.009983,-0.007320,
17523,17.523,0.004578,-0.011771,
17524,17.524,0.008714,-0.009694,
17525,17.525,0.004471,0.003343,
17526,17.526,0.010109,-0.004576,
17527,17.527,0.008723,-0.005515,
17528,17.528,0.007723,-0.000892,
17529,17.529,0.005416,0.008417,
17530,17.530,0.005008,0.014489,
17531,17.531,0.008014,0.009715,
17532,17.532,0.007860,-0.003884,
17533,17.533,0.016189,-0.025950,
17534,17.534,0.006104,-0.034367,
17535,17.535,-0.006319,-0.042157,
17536,17.536,-0.002987,-0.029533,
17537,17.537,-0.006578,-0.018177,
17538,17.538,-0.009662,-0.003799,
17539,17.539,-0.006865,0.009383,
17540,17.540,0.000791,0.017972,
17541,17.541,0.001117,0.031959,
17542,17.542,0.003442,0.052534,
17543,17.543,0.007431,0.055312,
17544,17.544,0.002807,0.018156,
17545,17.545,0.003369,-0.051170,
17546,17.546,0.012322,-0.079584,
17547,17.547,0.027323,-0.064170,
17548,17.548,0.023160,-0.021001,
17549,17.549,0.038253,0.002390,
17550,17.550,0.012707,-0.018891,
17551,17.551,0.053755,-0.025291,
17552,17.552,0.038769,-0.007843,
17553,17.553,0.044325,-0.002565,
17554,17.554,0.058252,0.021665,
17555,17.555,0.038924,0.043696,
17556,17.556,0.042987,0.047645,
17557,17.557,0.026965,0.051248,
17558,17.558,0.000183,0.048072,
17559,17.559,0.011174,0.050989,
17560,17.560,-0.038346,0.053725,
17561,17.561,-0.145215,0.031402,
17562,17.562,0.022785,-0.007708,
17563,17.563,-0.044854,-0.055836,
17564,17.564,-0.025210,-0.049480,
17565,17.565,-0.081524,-0.055310,
17566,17.566,-0.065792,-0.050139,
17567,17.567,-0.082238,-0.035816,
17568,17.568,-0.097493,-0.031469,
17569,17.569,-0.111499,-0.035409,
17570,17.570,-0.124511,-0.031943,
17571,17.571,-0.136533,-0.028834,
17572,17.572,-0.128780,0.004045,
17573,17.573,-0.121757,0.017138,
17574,17.574,-0.115562,-0.002935,
17575,17.575,-0.124158,-0.028401,
17576,17.576,-0.106201,-0.018681,
17577,17.577,-0.089861,0.001991,
17578,17.578,-0.074878,-0.000893,
17579,17.579,-0.061182,0.006179,
17580,17.580,-0.066093,0.012534,
17581,17.581,-0.054536,0.006167,
17582,17.582,-0.050978,0.018905,
17583,17.583,-0.047449,0.027085,
17584,17.584,-0.043887,0.034383,
17585,17.585,-0.029202,0.052136,
17586,17.586,-0.015532,0.054201,
17587,17.587,0.019872,0.042803,
17588,17.588,0.046283,0.036550,
17589,17.589,0.070911,0.027132,
17590,17.590,0.085826,0.015296,
17591,17.591,0.085749,0.019925,
17592,17.592,0.066668,0.010310,
17593,17.593,0.085902,0.011524,
17594,17.594,0.104380,0.017138,
17595,17.595,0.107214,0.005604,
17596,17.596,0.110654,-0.005148,
17597,17.597,0.106604,-0.017762,
17598,17.598,0.103867,-0.019524,
17599,17.599,0.112601,-0.021080,
17600,17.600,0.115487,-0.019737,
17601,17.601,0.138516,-0.031126,
17602,17.602,0.152752,-0.026622,
17603,17.603,0.181773,-0.022609,
17604,17.604,0.215259,-0.026417,
17605,17.605,0.234114,-0.025489,
17606,17.606,0.240446,-0.022508,
17607,17.607,0.257934,-0.025278,
17608,17.608,0.274727,-0.021134,
17609,17.609,0.313666,-0.014298,
17610,17.610,0.359510,-0.000383,
17611,17.611,0.383792,0.021968,
17612,17.612,0.406855,0.006882,
17613,17.613,0.428727,0.003927,
17614,17.614,0.456709,-0.003636,
17615,17.615,0.489526,-0.006127,
17616,17.616,0.490302,-0.008427,
17617,17.617,0.458547,-0.006786,
17618,17.618,0.379547,0.004875,
17619,17.619,0.426086,0.009279,
17620,17.620,0.354084,0.007755,
17621,17.621,0.226692,0.001331,
17622,17.622,0.179140,0.004384,
17623,17.623,0.102591,-0.007264,
17624,17.624,0.002496,0.000209,
17625,17.625,-0.116259,0.020841,
17626,17.626,-0.160819,0.041470,
17627,17.627,-0.231983,0.049439,
17628,17.628,-0.241219,0.066570,
17629,17.629,-0.274952,0.073060,
17630,17.630,-0.329158,0.058756,
17631,17.631,-0.378650,0.030760,
17632,17.632,-0.443109,0.034568,
17633,17.633,-0.450763,0.045316,
17634,17.634,-0.473927,0.008880,
17635,17.635,-0.524377,-0.025030,
17636,17.636,-0.597149,-0.055919,
17637,17.637,-0.609104,-0.067878,
17638,17.638,-0.621105,-0.122637,
17639,17.639,-0.601978,-0.130536,
17640,17.640,-0.614153,-0.080917,
17641,17.641,-0.600868,-0.061735,
17642,17.642,-0.590405,-0.056073,
17643,17.643,-0.582359,-0.029582,
17644,17.644,-0.576670,-0.015249,
17645,17.645,-0.581843,-0.010891,
17646,17.646,-0.588426,0.000918,
17647,17.647,-0.610571,0.011727,
17648,17.648,-0.581721,0.012727,
17649,17.649,-0.545006,0.029158,
17650,17.650,-0.480327,0.032082,
17651,17.651,-0.505024,0.029429,
17652,17.652,-0.415681,0.051809,
17653,17.653,-0.361831,0.054765,
17654,17.654,-0.289838,0.035733,
17655,17.655,-0.226203,0.023478,
17656,17.656,-0.191514,0.025794,
17657,17.657,-0.181003,0.019861,
17658,17.658,-0.156215,0.025602,
17659,17.659,-0.151589,0.027490,
17660,17.660,-0.106458,0.035345,
17661,17.661,-0.065285,0.036979,
17662,17.662,0.001392,0.036107,
17663,17.663,0.039300,0.044228,
17664,17.664,0.113489,0.028834,
17665,17.665,0.182087,0.004456,
17666,17.666,0.196896,-0.005036,
17667,17.667,0.250181,-0.007602,
17668,17.668,0.259132,0.000826,
17669,17.669,0.213980,0.003549,
17670,17.670,0.218411,0.006135,
17671,17.671,0.249572,0.012632,
17672,17.672,0.328524,0.011166,
17673,17.673,0.380492,0.016611,
17674,17.674,0.401356,0.003086,
17675,17.675,0.396689,-0.005880,
17676,17.676,0.433454,-0.010636,
17677,17.677,0.428569,-0.021005,
17678,17.678,0.423893,-0.022084,
17679,17.679,0.403950,-0.022979,
17680,17.680,0.414274,-0.023745,
17681,17.681,0.475708,-0.016230,
17682,17.682,0.457714,-0.018674,
17683,17.683,0.493629,-0.007274,
17684,17.684,0.479968,0.012866,
17685,17.685,0.511008,0.015708,
17686,17.686,0.514333,0.003464,
17687,17.687,0.471687,-0.003036,
17688,17.688,0.434264,-0.009054,
17689,17.689,0.440278,-0.018367,
17690,17.690,0.456211,-0.016685,
17691,17.691,0.424339,-0.027281,
17692,17.692,0.386364,-0.028558,
17693,17.693,0.387716,-0.017140,
17694,17.694,0.401461,-0.018574,
17695,17.695,0.387133,-0.019837,
17696,17.696,0.341014,-0.013505,
17697,17.697,0.314494,-0.021246,
17698,17.698,0.335440,-0.020216,
17699,17.699,0.331274,-0.006203,
17700,17.700,0.306698,0.003869,
17701,17.701,0.297671,0.001898,
17702,17.702,0.311561,0.013578,
17703,17.703,0.309294,0.014920,
17704,17.704,0.293978,0.010665,
17705,17.705,0.281754,-0.003480,
17706,17.706,0.273448,0.005492,
17707,17.707,0.252642,-0.006722,
17708,17.708,0.211828,-0.020986,
17709,17.709,0.193098,-0.026963,
17710,17.710,0.178905,-0.025653,
17711,17.711,0.182916,-0.042958,
17712,17.712,0.163419,-0.032248,
17713,17.713,0.136400,-0.014271,
17714,17.714,0.141136,-0.007454,
17715,17.715,0.122116,0.003209,
17716,17.716,0.083615,0.008761,
17717,17.717,0.049216,-0.012281,
17718,17.718,0.035964,-0.026527,
17719,17.719,0.011733,-0.034311,
17720,17.720,-0.034415,-0.023632,
17721,17.721,-0.076131,-0.001610,
17722,17.722,-0.146990,0.006730,
17723,17.723,-0.161238,0.014394,
17724,17.724,-0.218987,0.031207,
17725,17.725,-0.269927,0.046322,
17726,17.726,-0.334301,0.039781,
17727,17.727,-0.371709,0.018868,
17728,17.728,-0.404723,0.026582,
17729,17.729,-0.434067,0.003893,
17730,17.730,-0.460310,-0.035513,
17731,17.731,-0.483681,-0.019948,
17732,17.732,-0.476258,0.013532,
17733,17.733,-0.495336,0.008774,
17734,17.734,-0.500838,0.004612,
17735,17.735,-0.506170,-0.006386,
17736,17.736,-0.530813,0.009892,
17737,17.737,-0.536207,0.036857,
17738,17.738,-0.509857,0.040323,
17739,17.739,-0.486815,0.023842,
17740,17.740,-0.513064,0.020962,
17741,17.741,-0.499088,0.012901,
17742,17.742,-0.480253,0.015320,
17743,17.743,-0.457888,0.008809,
17744,17.744,-0.462700,0.006898,
17745,17.745,-0.463283,0.016359,
17746,17.746,-0.460645,0.018248,
17747,17.747,-0.451085,0.023031,
17748,17.748,-0.448373,0.038484,
17749,17.749,-0.422322,0.030778,
17750,17.750,-0.434318,0.033112,
17751,17.751,-0.420381,0.027881,
17752,17.752,-0.407725,0.009633,
17753,17.753,-0.372090,0.022369,
17754,17.754,-0.380065,0.029368,
17755,17.755,-0.337903,0.031808,
17756,17.756,-0.316111,0.019180,
17757,17.757,-0.313133,0.004362,
17758,17.758,-0.287303,-0.017730,
17759,17.759,-0.266637,-0.020190,
17760,17.760,-0.239732,0.010358,
17761,17.761,-0.203292,-0.001049,
17762,17.762,-0.155412,-0.011452,
17763,17.763,-0.131350,-0.001186,
17764,17.764,-0.094914,0.002146,
17765,17.765,-0.080287,0.016308,
17766,17.766,-0.069630,-0.005548,
17767,17.767,-0.036543,-0.019967,
17768,17.768,-0.007484,-0.027658,
17769,17.769,0.030808,-0.024895,
17770,17.770,0.082488,-0.026688,
17771,17.771,0.108516,-0.020165,
17772,17.772,0.148754,-0.017855,
17773,17.773,0.183109,-0.012353,
17774,17.774,0.227791,-0.004340,
17775,17.775,0.268436,0.000131,
17776,17.776,0.286204,-0.015872,
17777,17.777,0.300258,-0.026661,
17778,17.778,0.311197,-0.024294,
17779,17.779,0.345460,0.000185,
17780,17.780,0.361010,0.030176,
17781,17.781,0.373612,0.042173,
17782,17.782,0.396524,0.002209,
17783,17.783,0.392439,-0.034873,
17784,17.784,0.408908,-0.039533,
17785,17.785,0.393726,-0.043889,
17786,17.786,0.361479,-0.032013,
17787,17.787,0.355163,-0.021152,
17788,17.788,0.348782,-0.044139,
17789,17.789,0.322774,-0.052954,
17790,17.790,0.280529,-0.022923,
17791,17.791,0.233541,-0.019167,
17792,17.792,0.171886,-0.008515,
17793,17.793,0.166302,-0.011933,
17794,17.794,0.149647,-0.015039,
17795,17.795,0.145105,-0.001567,
17796,17.796,0.209162,0.005451,
17797,17.797,0.253722,0.011793,
17798,17.798,0.275725,-0.002691,
17799,17.799,0.279054,-0.012305,
17800,17.800,0.298267,-0.004174,
17801,17.801,0.302345,-0.002953,
17802,17.802,0.281163,-0.001910,
17803,17.803,0.262941,-0.001051,
17804,17.804,0.257977,0.008905,
17805,17.805,0.264102,0.015454,
17806,17.806,0.262109,0.013877,
17807,17.807,0.245575,0.007875,
17808,17.808,0.239141,0.000168,
17809,17.809,0.221468,0.011929,
17810,17.810,0.224872,0.016592,
17811,17.811,0.190938,0.008624,
17812,17.812,0.204726,0.020811,
17813,17.813,0.176367,0.018792,
17814,17.814,0.132685,0.010858,
17815,17.815,0.121716,0.011869,
17816,17.816,0.100404,0.017811,
17817,17.817,0.094599,0.025288,
17818,17.818,0.069575,0.009231,
17819,17.819,0.058127,-0.006671,
17820,17.820,0.031609,-0.009074,
17821,17.821,0.018732,-0.000222,
17822,17.822,-0.001017,0.007767,
17823,17.823,-0.008568,-0.006581,
17824,17.824,-0.029875,-0.012627,
17825,17.825,-0.039128,-0.014767,
17826,17.826,-0.045966,-0.016712,
17827,17.827,-0.042532,0.003674,
17828,17.828,-0.052527,0.018175,
17829,17.829,-0.046929,0.020537,
17830,17.830,-0.046377,0.032602,
17831,17.831,-0.050112,0.025772,
17832,17.832,-0.052059,0.035704,
17833,17.833,-0.061558,0.029878,
17834,17.834,-0.069538,0.007599,
17835,17.835,-0.081767,-0.001491,
17836,17.836,-0.092543,0.000934,
17837,17.837,-0.108004,0.003085,
17838,17.838,-0.113924,0.009531,
17839,17.839,-0.125563,0.019534,
17840,17.840,-0.135171,0.017539,
17841,17.841,-0.149217,0.015749,
17842,17.842,-0.161952,0.008062,
17843,17.843,-0.186099,-0.010089,
17844,17.844,-0.188611,-0.002846,
17845,17.845,-0.207932,-0.018442,
17846,17.846,-0.208709,-0.016424,
17847,17.847,-0.208853,0.000341,
17848,17.848,-0.228351,-0.010785,
17849,17.849,-0.230378,-0.037302,
17850,17.850,-0.237135,-0.040627,
17851,17.851,-0.231856,-0.044074,
17852,17.852,-0.213711,-0.014189,
17853,17.853,-0.250920,-0.002243,
17854,17.854,-0.211357,-0.005680,
17855,17.855,-0.210366,-0.002330,
17856,17.856,-0.198882,-0.005059,
17857,17.857,-0.178774,-0.024029,
17858,17.858,-0.186747,-0.021527,
17859,17.859,-0.178157,-0.032544,
17860,17.860,-0.170402,-0.046564,
17861,17.861,-0.156876,-0.040787,
17862,17.862,-0.138778,-0.025388,
17863,17.863,-0.138728,-0.002715,
17864,17.864,-0.119172,-0.005422,
17865,17.865,-0.110716,-0.018979,
17866,17.866,-0.086784,-0.001572,
17867,17.867,-0.082889,0.014152,
17868,17.868,-0.068526,0.044961,
17869,17.869,-0.050978,0.093737,
17870,17.870,-0.053259,0.100387,
17871,17.871,-0.047584,0.094854,
17872,17.872,-0.031574,0.079198,
17873,17.873,0.001069,0.065147,
17874,17.874,-0.004972,0.043488,
17875,17.875,0.006651,0.031976,
17876,17.876,0.000967,0.006916,
17877,17.877,0.017067,-0.009183,
17878,17.878,0.018092,-0.023751,
17879,17.879,0.036525,-0.031556,
17880,17.880,0.036712,-0.028891,
17881,17.881,0.041310,-0.026384,
17882,17.882,0.049664,-0.003581,
17883,17.883,0.056893,0.011582,
17884,17.884,0.059432,0.014522,
17885,17.885,0.068147,-0.007626,
17886,17.886,0.066483,-0.028284,
17887,17.887,0.070170,-0.025405,
17888,17.888,0.070605,-0.017886,
17889,17.889,0.077614,-0.006409,
17890,17.890,0.075644,-0.008117,
17891,17.891,0.083657,-0.005974,
17892,17.892,0.075787,-0.010813,
17893,17.893,0.079451,0.000009,
17894,17.894,0.079925,0.001489,
17895,17.895,0.087057,-0.007171,
17896,17.896,0.079857,-0.010257,
17897,17.897,0.077995,-0.013185,
17898,17.898,0.082826,-0.017638,
17899,17.899,0.074708,-0.030410,
17900,17.900,0.063462,-0.021118,
17901,17.901,0.066357,-0.005991,
17902,17.902,0.064788,-0.004073,
17903,17.903,0.055896,-0.005979,
17904,17.904,0.047604,-0.004284,
17905,17.905,0.041629,0.000294,
17906,17.906,0.028879,0.007240,
17907,17.907,0.037517,-0.001596,
17908,17.908,0.025993,-0.016558,
17909,17.909,0.027899,-0.010609,
17910,17.910,0.025177,0.002206,
17911,17.911,0.024571,0.010448,
17912,17.912,0.009013,0.011805,
17913,17.913,-0.006647,0.021329,
17914,17.914,-0.002417,0.014956,
17915,17.915,-0.002007,0.011637,
17916,17.916,-0.017088,-0.004129,
17917,17.917,-0.023823,-0.033338,
17918,17.918,-0.006291,-0.029386,
17919,17.919,-0.014587,-0.018525,
17920,17.920,-0.008955,-0.021733,
17921,17.921,-0.020073,-0.060866,
17922,17.922,-0.011694,-0.055752,
17923,17.923,-0.010913,-0.041612,
17924,17.924,-0.019411,-0.019954,
17925,17.925,-0.024345,-0.008501,
17926,17.926,-0.024048,0.001911,
17927,17.927,-0.023914,0.011265,
17928,17.928,-0.030050,0.019586,
17929,17.929,-0.022497,0.010991,
17930,17.930,-0.022384,0.003291,
17931,17.931,-0.026346,0.018480,
17932,17.932,-0.016940,0.032372,
17933,17.933,-0.021956,0.041447,
17934,17.934,-0.031714,0.046315,
17935,17.935,-0.027124,0.023111,
17936,17.936,-0.031189,-0.026662,
17937,17.937,-0.027679,-0.062397,
17938,17.938,-0.026240,-0.056142,
17939,17.939,-0.023646,-0.027017,
17940,17.940,-0.026832,-0.000544,
17941,17.941,-0.026330,0.033240,
17942,17.942,-0.019939,0.037621,
17943,17.943,-0.018146,0.025815,
17944,17.944,-0.010959,0.015118,
17945,17.945,-0.017823,0.018463,
17946,17.946,-0.020123,0.021484,
17947,17.947,-0.016876,0.024322,
17948,17.948,-0.005330,0.061636,
17949,17.949,-0.004783,0.098892,
17950,17.950,0.002344,0.084536,
17951,17.951,0.004386,0.039127,
17952,17.952,-0.004535,-0.000403,
17953,17.953,0.014960,-0.016065,
17954,17.954,-0.019326,-0.020604,
17955,17.955,0.010190,0.001442,
17956,17.956,-0.002899,0.005350,
17957,17.957,0.013962,0.038217,
17958,17.958,0.009575,0.060247,
17959,17.959,0.017211,0.040312,
17960,17.960,0.013403,0.000281,
17961,17.961,0.029597,-0.026201,
17962,17.962,0.013030,-0.021378,
17963,17.963,0.022220,-0.034505,
17964,17.964,0.019445,-0.086517,
17965,17.965,0.030454,-0.121975,
17966,17.966,0.012770,-0.102628,
17967,17.967,0.014248,-0.061612,
17968,17.968,0.011581,-0.024262,
17969,17.969,0.031499,0.000060,
17970,17.970,0.022900,0.022200,
17971,17.971,0.034847,0.058350,
17972,17.972,0.041108,0.082568,
17973,17.973,0.030706,0.078228,
17974,17.974,0.043563,0.066515,
17975,17.975,0.031621,0.063167,
17976,17.976,0.042247,0.053494,
17977,17.977,0.040943,0.038639,
17978,17.978,0.037337,0.002964,
17979,17.979,0.031928,-0.021170,
17980,17.980,0.018476,-0.043028,
17981,17.981,0.035538,-0.070770,
17982,17.982,0.024744,-0.059763,
17983,17.983,0.027225,-0.049719,
17984,17.984,0.029595,-0.040728,
17985,17.985,0.031851,-0.032440,
17986,17.986,0.037032,-0.034657,
17987,17.987,0.033653,-0.032333,
17988,17.988,0.033190,-0.042417,
17989,17.989,0.030755,-0.047932,
17990,17.990,0.032595,-0.046194,
17991,17.991,0.027035,-0.060060,
17992,17.992,0.022030,-0.087962,
17993,17.993,0.011477,-0.060115,
17994,17.994,0.003994,-0.049336,
17995,17.995,0.009577,-0.019580,
17996,17.996,-0.007475,0.016452,
17997,17.997,-0.008790,0.060068,
17998,17.998,-0.005518,0.065700,
17999,17.999,-0.006442,0.028352,
18000,18.000,-0.022075,-0.034940,
18001,18.001,-0.014364,-0.026586,
18002,18.002,-0.019342,0.012151,
18003,18.003,-0.027547,0.104311,
18004,18.004,-0.028126,0.116480,
18005,18.005,-0.019421,0.081633,
18006,18.006,-0.033565,0.070949,
18007,18.007,-0.022302,0.061051,
18008,18.008,-0.030550,0.034830,
18009,18.009,-0.027790,0.026815,
18010,18.010,-0.031310,0.019536,
18011,18.011,-0.031676,0.025796,
18012,18.012,-0.029508,0.008212,
18013,18.013,-0.036346,0.013400,
18014,18.014,-0.032387,0.008667,
18015,18.015,-0.025070,-0.013303,
18016,18.016,-0.033708,-0.057330,
18017,18.017,-0.029227,-0.040026,
18018,18.018,-0.031735,-0.035033,
18019,18.019,-0.027986,-0.011114,
18020,18.020,-0.026561,0.028460,
18021,18.021,-0.025194,0.012473,
18022,18.022,-0.028303,-0.021376,
18023,18.023,-0.025711,-0.052155,
18024,18.024,-0.020987,-0.000015,
18025,18.025,-0.021015,0.064141,
18026,18.026,-0.013834,0.055495,
18027,18.027,-0.004980,0.016282,
18028,18.028,-0.003622,-0.048073,
18029,18.029,-0.000288,-0.074215,
18030,18.030,0.004514,-0.066713,
18031,18.031,-0.001212,-0.088298,
18032,18.032,-0.000355,-0.056183,
18033,18.033,-0.000886,-0.038882,
18034,18.034,0.008711,-0.044218,
18035,18.035,-0.000851,-0.049023,
18036,18.036,0.010541,-0.018193,
18037,18.037,0.005992,-0.006200,
18038,18.038,0.007326,0.026891,
18039,18.039,0.006089,0.057967,
18040,18.040,0.002789,0.054301,
18041,18.041,0.007932,0.079958,
18042,18.042,0.012386,0.037319,
18043,18.043,0.008015,-0.003362,
18044,18.044,-0.000610,-0.019042,
18045,18.045,0.009517,-0.004367,
18046,18.046,0.010673,0.044548,
18047,18.047,0.004192,0.051408,
18048,18.048,0.004978,0.081081,
18049,18.049,0.012022,0.086693,
18050,18.050,0.012627,0.072623,
18051,18.051,0.013214,0.050884,
18052,18.052,0.010271,0.017571,
18053,18.053,-0.001471,0.005847,
18054,18.054,0.016895,0.031293,
18055,18.055,-0.020533,0.061086,
18056,18.056,0.016487,0.008947,
18057,18.057,-0.007914,-0.055166,
18058,18.058,-0.003692,-0.098302,
18059,18.059,0.016096,-0.106087,
18060,18.060,0.005114,-0.099015,
18061,18.061,0.001759,-0.131315,
18062,18.062,0.004524,-0.136994,
18063,18.063,-0.003704,-0.131647,
18064,18.064,0.013455,-0.058764,
18065,18.065,0.024538,0.035279,
18066,18.066,0.030560,0.149163,
18067,18.067,0.002576,0.164651,
18068,18.068,0.062578,0.095458,
18069,18.069,0.053905,0.032676,
18070,18.070,-0.032231,-0.001588,
18071,18.071,-0.020745,-0.011673,
18072,18.072,-0.010449,-0.039866,
18073,18.073,-0.019940,-0.048310,
18074,18.074,-0.011337,-0.009032,
18075,18.075,-0.019137,0.055374,
18076,18.076,-0.012045,0.098806,
18077,18.077,-0.005635,0.075777,
18078,18.078,0.000110,0.068872,
18079,18.079,-0.005157,0.049585,
18080,18.080,-0.009940,-0.003503,
18081,18.081,-0.014362,-0.025043,
18082,18.082,-0.018295,-0.018832,
18083,18.083,-0.007522,-0.013325,
18084,18.084,-0.010774,-0.061640,
18085,18.085,-0.002016,-0.107035,
18086,18.086,0.000627,-0.148169,
18087,18.087,0.002924,-0.121743,
18088,18.088,0.005038,-0.049110,
18089,18.089,-0.001153,-0.059454,
18090,18.090,-0.010587,-0.068911,
18091,18.091,-0.005654,-0.008490,
18092,18.092,-0.004258,0.046203,
18093,18.093,-0.000357,0.010687,
18094,18.094,0.000646,-0.008604,
18095,18.095,0.001460,-0.026029,
18096,18.096,0.002260,0.011220,
18097,18.097,0.002850,0.025648,
18098,18.098,0.006775,0.030013,
18099,18.099,0.008654,0.026004,
18100,18.100,-0.001029,0.073299,
18101,18.101,-0.000241,0.118414,
18102,18.102,0.000422,0.159189,
18103,18.103,-0.013640,0.142904,
18104,18.104,-0.012172,0.108510,
18105,18.105,-0.004079,0.041919,
18106,18.106,-0.012086,0.013286,
18107,18.107,-0.011123,-0.012744,
18108,18.108,-0.012632,-0.005273,
18109,18.109,-0.013993,-0.041421,
18110,18.110,-0.023827,-0.074507,
18111,18.111,-0.012856,-0.092562,
18112,18.112,-0.014713,-0.098377,
18113,18.113,-0.010986,-0.093990,
18114,18.114,-0.007587,-0.116189,
18115,18.115,-0.002325,-0.144058,
18116,18.116,-0.005670,-0.140251,
18117,18.117,-0.003273,-0.090302,
18118,18.118,-0.004422,-0.011610,
18119,18.119,-0.006870,0.019805,
18120,18.120,0.003553,0.010499,
18121,18.121,0.001745,0.019089,
18122,18.122,0.011117,-0.004391,
18123,18.123,0.009721,-0.025847,
18124,18.124,0.006338,0.006391,
18125,18.125,0.013490,-0.022880,
18126,18.126,0.006987,0.025149,
18127,18.127,0.014706,0.109253,
18128,18.128,0.024162,0.166390,
18129,18.129,0.005249,0.197106,
18130,18.130,0.008010,0.149371,
18131,18.131,0.010454,0.157631,
18132,18.132,-0.004991,0.149594,
18133,18.133,-0.002810,0.085383,
18134,18.134,0.002974,0.042216,
18135,18.135,0.008288,0.003138,
18136,18.136,0.007047,-0.018187,
18137,18.137,0.011426,-0.063387,
18138,18.138,0.020572,-0.080743,
18139,18.139,0.017736,-0.096405,
18140,18.140,0.002393,-0.100789,
18141,18.141,0.018378,-0.095983,
18142,18.142,0.020882,-0.099391,
18143,18.143,0.019537,-0.095379,
18144,18.144,0.025152,-0.091800,
18145,18.145,0.039578,-0.064278,
18146,18.146,0.053209,-0.009049,
18147,18.147,0.048760,0.046282,
18148,18.148,0.072415,-0.002916,
18149,18.149,0.063283,-0.034836,
18150,18.150,0.018987,0.018330,
18151,18.151,0.013267,0.125190,
18152,18.152,0.019743,0.201736,
18153,18.153,0.005932,0.104585,
18154,18.154,0.001432,-0.048626,
18155,18.155,0.016567,-0.109928,
18156,18.156,-0.039999,-0.017767,
18157,18.157,-0.015857,0.166978,
18158,18.158,0.006247,0.240437,
18159,18.159,0.000616,0.128123,
18160,18.160,-0.016007,0.066703,
18161,18.161,-0.009964,-0.063441,
18162,18.162,-0.013890,-0.114405,
18163,18.163,0.000124,-0.191391,
18164,18.164,-0.002959,-0.233373,
18165,18.165,0.008680,-0.221067,
18166,18.166,-0.006924,-0.186673,
18167,18.167,-0.003258,-0.155527,
18168,18.168,-0.016180,-0.089084,
18169,18.169,-0.017785,0.040517,
18170,18.170,-0.001487,0.096163,
18171,18.171,-0.014990,0.079594,
18172,18.172,-0.027318,0.034052,
18173,18.173,-0.028312,0.020623,
18174,18.174,-0.038309,0.058926,
18175,18.175,-0.016874,0.140135,
18176,18.176,-0.019146,0.234712,
18177,18.177,-0.026698,0.197793,
18178,18.178,-0.018897,0.118137,
18179,18.179,-0.011797,0.066858,
18180,18.180,-0.017426,-0.017946,
18181,18.181,-0.015148,-0.098204,
18182,18.182,-0.016461,-0.108451,
18183,18.183,-0.017656,-0.117938,
18184,18.184,-0.016015,-0.092129,
18185,18.185,-0.014573,-0.053087,
18186,18.186,-0.011130,-0.060262,
18187,18.187,-0.007900,-0.092744,
18188,18.188,0.002581,-0.134018,
18189,18.189,-0.004250,-0.129103,
18190,18.190,-0.012972,-0.105155,
18191,18.191,-0.016187,-0.039084,
18192,18.192,-0.008946,0.008364,
18193,18.193,0.001305,-0.051789,
18194,18.194,-0.014020,-0.121955,
18195,18.195,-0.008073,-0.130979,
18196,18.196,-0.006381,-0.000968,
18197,18.197,-0.008292,0.092277,
18198,18.198,-0.007049,0.177159,
18199,18.199,-0.003305,0.223718,
18200,18.200,0.000057,0.210426,
18201,18.201,0.002797,0.248727,
18202,18.202,0.001260,0.306912,
18203,18.203,0.005305,0.276321,
18204,18.204,0.002174,0.153273,
18205,18.205,-0.005409,0.069221,
18206,18.206,0.007972,0.023161,
18207,18.207,0.005183,0.036731,
18208,18.208,0.006240,0.124801,
18209,18.209,0.003762,0.113082,
18210,18.210,0.004444,0.081619,
18211,18.211,-0.003376,0.052822,
18212,18.212,0.004492,-0.042574,
18213,18.213,-0.002083,-0.131340,
18214,18.214,-0.000034,-0.166226,
18215,18.215,-0.000251,-0.197650,
18216,18.216,-0.002136,-0.188403,
18217,18.217,-0.002484,-0.145413,
18218,18.218,0.002856,-0.090855,
18219,18.219,0.011213,-0.097917,
18220,18.220,-0.001164,-0.156101,
18221,18.221,-0.012838,-0.226556,
18222,18.222,-0.006938,-0.274152,
18223,18.223,-0.006787,-0.266174,
18224,18.224,-0.006803,-0.227493,
18225,18.225,-0.008819,-0.220535,
18226,18.226,0.000485,-0.175218,
18227,18.227,-0.004550,-0.098469,
18228,18.228,-0.011780,0.037348,
18229,18.229,-0.004949,0.203730,
18230,18.230,-0.002818,0.270252,
18231,18.231,-0.002883,0.248965,
18232,18.232,0.000462,0.192367,
18233,18.233,-0.002597,0.107268,
18234,18.234,-0.006980,0.091061,
18235,18.235,-0.004747,0.131662,
18236,18.236,-0.014325,0.193915,
18237,18.237,0.001332,0.158702,
18238,18.238,-0.010562,0.085107,
18239,18.239,0.002960,-0.019890,
18240,18.240,0.004143,-0.089853,
18241,18.241,-0.001581,-0.153205,
18242,18.242,-0.009808,-0.187721,
18243,18.243,-0.006326,-0.177231,
18244,18.244,-0.010581,-0.205338,
18245,18.245,-0.000788,-0.196231,
18246,18.246,0.002770,-0.187803,
18247,18.247,0.006039,-0.122874,
18248,18.248,-0.004698,-0.027192,
18249,18.249,0.015729,0.011065,
18250,18.250,0.018252,-0.000151,
18251,18.251,-0.001186,0.093874,
18252,18.252,0.015777,0.157082,
18253,18.253,0.026682,0.191756,
18254,18.254,0.019852,0.279059,
18255,18.255,0.033848,0.330719,
18256,18.256,0.057858,0.301351,
18257,18.257,0.034707,0.222611,
18258,18.258,0.043394,0.148849,
18259,18.259,0.040612,0.081924,
18260,18.260,0.052897,0.055597,
18261,18.261,0.068424,0.000611,
18262,18.262,0.054184,-0.078006,
18263,18.263,0.070943,-0.109408,
18264,18.264,0.037306,-0.100279,
18265,18.265,0.003525,-0.092232,
18266,18.266,0.034393,-0.085382,
18267,18.267,0.030590,-0.107699,
18268,18.268,-0.023927,-0.114923,
18269,18.269,-0.031558,-0.039036,
18270,18.270,-0.024303,0.117042,
18271,18.271,-0.027171,0.293916,
18272,18.272,-0.021745,0.053075,
18273,18.273,-0.035927,-0.111080,
18274,18.274,-0.004920,-0.260125,
18275,18.275,-0.024646,-0.287184,
18276,18.276,-0.020856,-0.213370,
18277,18.277,-0.017382,-0.011480,
18278,18.278,-0.025927,0.178566,
18279,18.279,-0.017552,0.302355,
18280,18.280,-0.019634,0.280766,
18281,18.281,-0.021561,0.179661,
18282,18.282,-0.023304,0.124387,
18283,18.283,-0.017437,0.141078,
18284,18.284,-0.018810,0.033967,
18285,18.285,-0.016983,-0.063038,
18286,18.286,-0.012609,-0.074992,
18287,18.287,-0.016026,-0.108782,
18288,18.288,-0.007913,-0.180976,
18289,18.289,-0.012830,-0.227795,
18290,18.290,-0.015173,-0.287891,
18291,18.291,-0.012282,-0.311037,
18292,18.292,-0.014141,-0.360487,
18293,18.293,-0.006018,-0.405286,
18294,18.294,0.003813,-0.399042,
18295,18.295,-0.007156,-0.329181,
18296,18.296,-0.008306,-0.186529,
18297,18.297,-0.009288,0.037451,
18298,18.298,-0.002657,0.186582,
18299,18.299,0.000906,0.213778,
18300,18.300,0.002292,0.189280,
18301,18.301,-0.000044,0.122205,
18302,18.302,0.004541,0.142922,
18303,18.303,0.008612,0.310517,
18304,18.304,0.002548,0.513425,
18305,18.305,0.005434,0.487848,
18306,18.306,-0.001148,0.267683,
18307,18.307,-0.003476,0.120266,
18308,18.308,0.006314,-0.013743,
18309,18.309,0.005502,-0.086213,
18310,18.310,0.013613,-0.107548,
18311,18.311,0.006691,-0.127043,
18312,18.312,0.009750,-0.070982,
18313,18.313,0.009219,0.114406,
18314,18.314,0.005831,0.336279,
18315,18.315,0.013919,0.366110,
18316,18.316,0.004735,0.230617,
18317,18.317,0.003864,0.107367,
18318,18.318,0.019039,-0.004690,
18319,18.319,0.005081,-0.106411,
18320,18.320,0.007207,-0.161901,
18321,18.321,0.012557,-0.144914,
18322,18.322,0.008283,-0.098644,
18323,18.323,0.007253,-0.028846,
18324,18.324,0.013834,-0.016163,
18325,18.325,0.010975,-0.073685,
18326,18.326,0.018591,-0.104872,
18327,18.327,0.016244,-0.152216,
18328,18.328,0.005446,-0.126194,
18329,18.329,0.019686,-0.008585,
18330,18.330,0.010751,0.142938,
18331,18.331,0.016198,0.203864,
18332,18.332,-0.006437,0.074199,
18333,18.333,0.003742,-0.144675,
18334,18.334,0.001230,-0.293927,
18335,18.335,0.004297,-0.321490,
18336,18.336,-0.002621,-0.297680,
18337,18.337,-0.004459,-0.186485,
18338,18.338,-0.018314,-0.045101,
18339,18.339,-0.008642,0.009444,
18340,18.340,-0.003218,-0.041925,
18341,18.341,-0.007441,-0.058073,
18342,18.342,-0.014029,-0.072782,
18343,18.343,-0.017407,-0.035781,
18344,18.344,-0.013840,0.090089,
18345,18.345,-0.010448,0.240853,
18346,18.346,-0.009282,0.301080,
18347,18.347,-0.001185,0.282149,
18348,18.348,-0.006117,0.298725,
18349,18.349,-0.008512,0.191652,
18350,18.350,-0.010734,-0.016896,
18351,18.351,0.001073,-0.344917,
18352,18.352,-0.007077,-0.476128,
18353,18.353,-0.005260,-0.516391,
18354,18.354,-0.005296,-0.511124,
18355,18.355,-0.014632,-0.476690,
18356,18.356,0.004606,-0.380173,
18357,18.357,-0.030808,-0.233322,
18358,18.358,-0.006366,-0.045969,
18359,18.359,-0.019281,0.074976,
18360,18.360,-0.015126,0.185032,
18361,18.361,-0.004039,0.285060,
18362,18.362,-0.013612,0.376284,
18363,18.363,-0.016270,0.358570,
18364,18.364,-0.018757,0.342673,
18365,18.365,-0.011253,0.356148,
18366,18.366,0.004529,0.267590,
18367,18.367,0.002701,0.209739,
18368,18.368,0.001030,0.178250,
18369,18.369,0.009669,0.054494,
18370,18.370,0.005269,-0.030015,
18371,18.371,-0.001530,-0.107009,
18372,18.372,0.002330,-0.121611,
18373,18.373,0.005686,-0.059377,
18374,18.374,0.008844,-0.002797,
18375,18.375,0.006247,0.006433,
18376,18.376,0.008874,0.033760,
18377,18.377,0.008268,0.041603,
18378,18.378,0.016101,0.080145,
18379,18.379,0.015112,0.030308,
18380,18.380,0.015980,-0.027715,
18381,18.381,0.018514,-0.065994,
18382,18.382,0.023756,-0.043509,
18383,18.383,0.021686,0.041900,
18384,18.384,0.023331,0.100656,
18385,18.385,0.018022,0.112412,
18386,18.386,0.015924,0.123609,
18387,18.387,0.007542,0.099779,
18388,18.388,0.013007,0.078830,
18389,18.389,0.009831,0.031748,
18390,18.390,0.005131,-0.010660,
18391,18.391,0.002467,-0.072607,
18392,18.392,-0.002927,-0.078749,
18393,18.393,0.000470,-0.037415,
18394,18.394,0.004522,0.057222,
18395,18.395,0.000283,0.021744,
18396,18.396,-0.003451,-0.079476,
18397,18.397,-0.004825,-0.146857,
18398,18.398,-0.011440,-0.182640,
18399,18.399,-0.008931,-0.192336,
18400,18.400,-0.018614,-0.076030,
18401,18.401,-0.012572,0.154940,
18402,18.402,-0.020564,0.451592,
18403,18.403,-0.030269,0.651493,
18404,18.404,-0.021718,0.617238,
18405,18.405,-0.020943,0.455285,
18406,18.406,-0.007495,0.308576,
18407,18.407,-0.024482,0.121345,
18408,18.408,-0.018146,-0.097986,
18409,18.409,-0.016380,-0.244403,
18410,18.410,-0.011022,-0.377066,
18411,18.411,-0.002800,-0.447926,
18412,18.412,-0.010631,-0.422805,
18413,18.413,-0.023379,-0.400056,
18414,18.414,-0.015167,-0.416552,
18415,18.415,-0.013885,-0.364729,
18416,18.416,-0.010062,-0.317873,
18417,18.417,-0.001503,-0.219902,
18418,18.418,-0.007285,-0.156301,
18419,18.419,0.008233,-0.006359,
18420,18.420,0.001412,0.217841,
18421,18.421,-0.009001,0.367292,
18422,18.422,0.003779,0.448832,
18423,18.423,0.001850,0.522923,
18424,18.424,0.006171,0.456159,
18425,18.425,0.012845,0.232511,
18426,18.426,0.013768,0.083379,
18427,18.427,0.014531,-0.106490,
18428,18.428,0.015289,-0.230040,
18429,18.429,0.015871,-0.342621,
18430,18.430,0.007818,-0.445067,
18431,18.431,0.012792,-0.390366,
18432,18.432,0.015219,-0.407894,
18433,18.433,0.017477,-0.423917,
18434,18.434,0.011930,-0.410858,
18435,18.435,0.016520,-0.399246,
18436,18.436,0.023141,-0.365895,
18437,18.437,0.016396,-0.294458,
18438,18.438,0.016918,-0.210819,
18439,18.439,0.008127,-0.086344,
18440,18.440,0.013394,0.096454,
18441,18.441,0.007806,0.266493,
18442,18.442,0.013875,0.376187,
18443,18.443,0.010995,0.313200,
18444,18.444,0.008456,0.292884,
18445,18.445,0.007430,0.341481,
18446,18.446,0.002848,0.354712,
18447,18.447,0.000801,0.338679,
18448,18.448,0.001971,0.298728,
18449,18.449,-0.000595,0.238964,
18450,18.450,-0.002986,0.122034,
18451,18.451,0.000211,-0.017717,
18452,18.452,0.004082,-0.149135,
18453,18.453,-0.005083,-0.268569,
18454,18.454,-0.004281,-0.254963,
18455,18.455,-0.007187,-0.161175,
18456,18.456,-0.015334,-0.065756,
18457,18.457,0.000030,-0.080409,
18458,18.458,-0.034020,-0.186387,
18459,18.459,-0.020024,-0.202914,
18460,18.460,-0.024801,-0.142438,
18461,18.461,-0.021291,0.027465,
18462,18.462,-0.010827,0.197077,
18463,18.463,-0.014406,0.351241,
18464,18.464,-0.011928,0.409640,
18465,18.465,-0.004204,0.351665,
18466,18.466,-0.031828,0.265291,
18467,18.467,-0.021387,0.156209,
18468,18.468,-0.011957,-0.026383,
18469,18.469,0.008446,-0.151095,
18470,18.470,-0.011054,-0.174736,
18471,18.471,-0.013809,-0.196041,
18472,18.472,-0.007607,-0.215388,
18473,18.473,0.002174,-0.064950,
18474,18.474,-0.003777,0.035727,
18475,18.475,-0.009209,0.053134,
18476,18.476,-0.008035,0.068755,
18477,18.477,-0.001433,0.113434,
18478,18.478,-0.000564,0.098404,
18479,18.479,-0.004068,-0.016435,
18480,18.480,0.000905,-0.094110,
18481,18.481,-0.000203,-0.109291,
18482,18.482,0.009025,-0.097956,
18483,18.483,0.012522,-0.064492,
18484,18.484,0.004544,0.028489,
18485,18.485,0.001324,0.141460,
18486,18.486,0.000331,0.217559,
18487,18.487,0.007983,0.258962,
18488,18.488,-0.005821,0.246239,
18489,18.489,0.010861,0.165620,
18490,18.490,0.017421,0.030042,
18491,18.491,0.003214,-0.136333,
18492,18.492,0.005106,-0.247864,
18493,18.493,0.013645,-0.227017,
18494,18.494,0.012232,-0.134047,
18495,18.495,0.011024,-0.083333,
18496,18.496,0.010018,-0.067956,
18497,18.497,0.015807,-0.054278,
18498,18.498,0.015033,-0.042671,
18499,18.499,0.006860,-0.078617,
18500,18.500,0.014975,-0.090639,
18501,18.501,0.018385,-0.063947,
18502,18.502,0.023371,-0.091412,
18503,18.503,0.021294,-0.194490,
18504,18.504,0.019597,-0.181270,
18505,18.505,0.027937,-0.092811,
18506,18.506,0.027499,0.011366,
18507,18.507,0.027283,0.054110,
18508,18.508,0.023734,0.017779,
18509,18.509,0.025108,0.053645,
18510,18.510,0.015161,0.190816,
18511,18.511,0.011406,0.211051,
18512,18.512,0.024720,0.196363,
18513,18.513,0.027273,0.244470,
18514,18.514,0.020544,0.205106,
18515,18.515,0.020099,0.093256,
18516,18.516,0.019848,0.048764,
18517,18.517,0.028569,0.008115,
18518,18.518,0.020065,-0.029048,
18519,18.519,0.014800,-0.086127,
18520,18.520,0.014804,-0.075392,
18521,18.521,0.006354,-0.027332,
18522,18.522,0.006171,-0.017864,
18523,18.523,0.003962,-0.071354,
18524,18.524,0.003971,-0.133991,
18525,18.525,-0.001445,-0.140825,
18526,18.526,-0.008253,-0.161965,
18527,18.527,-0.016735,-0.109662,
18528,18.528,-0.019413,-0.009586,
18529,18.529,-0.017477,0.118949,
18530,18.530,-0.013524,0.173230,
18531,18.531,-0.013563,0.162326,
18532,18.532,-0.016932,0.153069,
18533,18.533,-0.019854,0.120047,
18534,18.534,-0.018404,-0.001818,
18535,18.535,-0.010754,0.019652,
18536,18.536,-0.016503,0.131268,
18537,18.537,-0.021798,0.149238,
18538,18.538,-0.023388,0.115192,
18539,18.539,-0.024871,0.107240,
18540,18.540,-0.022670,0.037586,
18541,18.541,-0.027459,-0.006527,
18542,18.542,-0.023500,-0.011871,
18543,18.543,-0.022630,0.030440,
18544,18.544,-0.019432,0.112234,
18545,18.545,-0.014437,0.272623,
18546,18.546,-0.012540,0.613174,
18547,18.547,-0.015255,0.761805,
18548,18.548,-0.020877,0.722729,
18549,18.549,-0.015569,0.528735,
18550,18.550,-0.021974,0.280416,
18551,18.551,-0.019465,-0.011264,
18552,18.552,-0.024770,-0.365359,
18553,18.553,-0.032662,-0.699205,
18554,18.554,-0.017088,-0.740993,
18555,18.555,-0.028436,-0.778885,
18556,18.556,-0.024434,-0.734907,
18557,18.557,-0.026737,-0.552800,
18558,18.558,0.000863,-0.452169,
18559,18.559,-0.043466,-0.419567,
18560,18.560,-0.002914,-0.335172,
18561,18.561,-0.019228,-0.257745,
18562,18.562,-0.014946,-0.097445,
18563,18.563,-0.011027,0.210794,
18564,18.564,-0.007622,0.431685,
18565,18.565,-0.011714,0.552405,
18566,18.566,-0.009040,0.661632,
18567,18.567,-0.006724,0.563925,
18568,18.568,-0.004584,0.475083,
18569,18.569,-0.012447,0.285870,
18570,18.570,0.007234,0.212407,
18571,18.571,0.009318,0.055835,
18572,18.572,0.001404,-0.004683,
18573,18.573,0.002956,-0.096915,
18574,18.574,0.020737,-0.281924,
18575,18.575,0.002815,-0.405261,
18576,18.576,-0.031527,-0.517521,
18577,18.577,0.040528,-0.619415,
18578,18.578,0.029515,-0.823356,
18579,18.579,0.076186,-0.905031,
18580,18.580,0.015109,-0.831994,
18581,18.581,0.037779,-0.631367,
18582,18.582,0.029998,-0.388777,
18583,18.583,0.035747,-0.226357,
18584,18.584,0.029330,0.040321,
18585,18.585,0.033909,0.363375,
18586,18.586,0.018881,0.580381,
18587,18.587,0.022622,0.539661,
18588,18.588,0.025865,0.574629,
18589,18.589,0.028778,0.409525,
18590,18.590,0.018341,0.259307,
18591,18.591,0.014855,0.230669,
18592,18.592,0.011541,0.105459,
18593,18.593,0.018220,-0.098744,
18594,18.594,0.015425,-0.345635,
18595,18.595,0.008747,-0.315884,
18596,18.596,-0.001119,-0.289158,
18597,18.597,0.006780,-0.156253,
18598,18.598,-0.004427,0.063087,
18599,18.599,0.001945,0.269260,
18600,18.600,-0.007399,0.510563,
18601,18.601,-0.004723,0.803104,
18602,18.602,-0.006267,0.919080,
18603,18.603,-0.020836,0.807666,
18604,18.604,-0.015271,0.639982,
18605,18.605,-0.013893,0.427815,
18606,18.606,-0.016089,0.017888,
18607,18.607,-0.021131,-0.508473,
18608,18.608,-0.017541,-0.722278,
18609,18.609,-0.026777,-0.917009,
18610,18.610,-0.019459,-0.745483,
18611,18.611,-0.014662,-0.483875,
18612,18.612,-0.027247,-0.149800,
18613,18.613,-0.012452,0.153905,
18614,18.614,-0.027048,0.350476,
18615,18.615,-0.025581,0.384492,
18616,18.616,-0.027671,0.349335,
18617,18.617,-0.026534,0.197633,
18618,18.618,-0.017245,0.113451,
18619,18.619,-0.021323,0.036538,
18620,18.620,-0.018460,-0.123547,
18621,18.621,-0.015724,-0.146992,
18622,18.622,-0.011479,-0.094745,
18623,18.623,-0.005880,-0.047474,
18624,18.624,-0.002447,-0.065731,
18625,18.625,-0.000678,-0.165953,
18626,18.626,0.003294,-0.156247,
18627,18.627,0.005890,-0.032340,
18628,18.628,0.005166,0.082911,
18629,18.629,0.005287,0.157316,
18630,18.630,0.010695,0.197665,
18631,18.631,0.014178,0.234626,
18632,18.632,0.009066,0.130682,
18633,18.633,0.014601,-0.078225,
18634,18.634,0.013724,-0.347242,
18635,18.635,0.019956,-0.456168,
18636,18.636,0.015535,-0.490189,
18637,18.637,0.016011,-0.521764,
18638,18.638,0.012271,-0.388640,
18639,18.639,0.011572,-0.169464,
18640,18.640,0.014268,0.096316,
18641,18.641,0.015616,0.346194,
18642,18.642,0.022381,0.508313,
18643,18.643,0.023231,0.476772,
18644,18.644,0.012763,0.394026,
18645,18.645,0.016698,0.121766,
18646,18.646,0.012845,-0.059371,
18647,18.647,0.023045,-0.224074,
18648,18.648,0.018878,-0.254453,
18649,18.649,0.012524,-0.282131,
18650,18.650,0.013484,-0.307389,
18651,18.651,0.014442,-0.151666,
18652,18.652,0.013558,-0.010818,
18653,18.653,0.000683,0.116892,
18654,18.654,0.013706,0.131429,
18655,18.655,0.001880,0.205456,
18656,18.656,0.003448,0.216804,
18657,18.657,0.003514,0.244346,
18658,18.658,-0.000445,0.178500,
18659,18.659,0.016084,0.095559,
18660,18.660,-0.017435,0.020487,
18661,18.661,0.006934,-0.028609,
18662,18.662,-0.014852,0.047667,
18663,18.663,-0.002797,0.182278,
18664,18.664,0.001019,0.311082,
18665,18.665,-0.001915,0.394596,
18666,18.666,-0.016487,0.348477,
18667,18.667,-0.008038,0.251454,
18668,18.668,-0.010049,0.112923,
18669,18.669,-0.020810,-0.053132,
18670,18.670,-0.006183,-0.074864,
18671,18.671,-0.007591,-0.135188,
18672,18.672,-0.022332,-0.189692,
18673,18.673,-0.023868,-0.238539,
18674,18.674,-0.028923,-0.252187,
18675,18.675,-0.019923,-0.264776,
18676,18.676,-0.011756,-0.226048,
18677,18.677,-0.015247,-0.397936,
18678,18.678,-0.015849,-0.668361,
18679,18.679,-0.007483,-0.631911,
18680,18.680,-0.009916,-0.467655,
18681,18.681,-0.002872,-0.199351,
18682,18.682,-0.004796,0.124995,
18683,18.683,-0.006375,0.430028,
18684,18.684,0.000682,0.707113,
18685,18.685,0.003849,0.958741,
18686,18.686,0.005174,0.990920,
18687,18.687,0.016470,0.841307,
18688,18.688,0.015580,0.542874,
18689,18.689,0.012155,0.185793,
18690,18.690,0.016518,-0.245970,
18691,18.691,0.018164,-0.419446,
18692,18.692,0.019794,-0.576980,
18693,18.693,0.010103,-0.720483,
18694,18.694,0.020351,-0.763886,
18695,18.695,0.017225,-0.644900,
18696,18.696,0.023398,-0.392669,
18697,18.697,0.018722,-0.163270,
18698,18.698,0.008982,0.044977,
18699,18.699,0.016470,0.343030,
18700,18.700,0.018190,0.541738,
18701,18.701,0.015494,0.650572,
18702,18.702,0.010759,0.553417,
18703,18.703,0.015815,0.405918,
18704,18.704,0.010354,0.217866,
18705,18.705,0.008602,0.096268,
18706,18.706,-0.001634,-0.103820,
18707,18.707,0.003340,-0.237886,
18708,18.708,-0.003201,-0.261200,
18709,18.709,-0.004021,-0.193220,
18710,18.710,-0.004678,-0.091076,
18711,18.711,-0.001331,0.001739,
18712,18.712,-0.011366,0.018753,
18713,18.713,-0.015144,-0.026589,
18714,18.714,-0.018620,-0.206890,
18715,18.715,-0.012798,-0.526876,
18716,18.716,-0.013613,-0.570572,
18717,18.717,-0.023783,-0.610756,
18718,18.718,-0.019564,-0.503564,
18719,18.719,-0.025685,-0.406319,
18720,18.720,-0.028773,-0.497132,
18721,18.721,-0.019189,-0.634109,
18722,18.722,-0.025374,-0.413667,
18723,18.723,-0.022134,-0.086703,
18724,18.724,-0.019072,0.130995,
18725,18.725,-0.018222,0.408409,
18726,18.726,-0.017403,0.516192,
18727,18.727,-0.013724,0.614402,
18728,18.728,-0.024418,0.703370,
18729,18.729,-0.016865,0.783949,
18730,18.730,-0.010006,0.807922,
18731,18.731,-0.013852,0.695655,
18732,18.732,-0.012965,0.471917,
18733,18.733,-0.012093,0.323222,
18734,18.734,-0.018683,0.188268,
18735,18.735,-0.012945,0.164259,
18736,18.736,-0.007882,0.052764,
18737,18.737,-0.011674,-0.170737,
18738,18.738,-0.014883,-0.259928,
18739,18.739,-0.006273,-0.178561,
18740,18.740,0.002289,-0.104454,
18741,18.741,-0.005812,0.007520,
18742,18.742,0.003363,0.109104,
18743,18.743,-0.000683,0.053410,
18744,18.744,-0.000011,-0.031062,
18745,18.745,0.006892,-0.046917,
18746,18.746,-0.001939,-0.117252,
18747,18.747,0.005454,-0.282496,
18748,18.748,0.004027,-0.395495,
18749,18.749,0.008177,-0.579571,
18750,18.750,0.005216,-0.703267,
18751,18.751,0.008511,-0.636341,
18752,18.752,0.010102,-0.494051,
18753,18.753,0.015410,-0.401479,
18754,18.754,0.012778,-0.317316,
18755,18.755,0.011656,-0.210319,
18756,18.756,0.008158,-0.057623,
18757,18.757,0.014133,0.125253,
18758,18.758,0.012500,0.247407,
18759,18.759,0.016270,0.271861,
18760,18.760,0.027324,0.204791,
18761,18.761,0.001497,0.062773,
18762,18.762,0.019157,0.081438,
18763,18.763,0.008903,0.165604,
18764,18.764,0.017261,0.395147,
18765,18.765,0.024954,0.559066,
18766,18.766,0.007289,0.529245,
18767,18.767,0.004678,0.502695,
18768,18.768,-0.005868,0.479095,
18769,18.769,-0.000655,0.368483,
18770,18.770,0.007443,0.186882,
18771,18.771,0.014701,-0.033407,
18772,18.772,0.004721,-0.240662,
18773,18.773,-0.001852,-0.374734,
18774,18.774,0.010359,-0.299343,
18775,18.775,0.008377,-0.230479,
18776,18.776,-0.011867,-0.167730,
18777,18.777,-0.009437,-0.036399,
18778,18.778,-0.007333,0.049506,
18779,18.779,0.007980,0.036377,
18780,18.780,-0.002407,-0.002833,
18781,18.781,-0.008205,-0.012748,
18782,18.782,-0.010110,-0.044695,
18783,18.783,-0.005752,0.009737,
18784,18.784,-0.018459,0.002410,
18785,18.785,0.006729,-0.038856,
18786,18.786,-0.048076,-0.154740,
18787,18.787,-0.040441,-0.406085,
18788,18.788,-0.019277,-0.657886,
18789,18.789,0.025767,-0.493535,
18790,18.790,-0.003605,-0.344279,
18791,18.791,0.001564,-0.154349,
18792,18.792,-0.003252,0.067951,
18793,18.793,0.009869,0.337147,
18794,18.794,-0.002027,0.590287,
18795,18.795,0.001496,0.820893,
18796,18.796,0.004687,0.851785,
18797,18.797,-0.004121,0.717506,
18798,18.798,-0.001407,0.497070,
18799,18.799,-0.003751,0.230059,
18800,18.800,-0.001504,-0.020879,
18801,18.801,-0.003477,-0.183384,
18802,18.802,-0.008987,-0.330541,
18803,18.803,-0.003819,-0.301350,
18804,18.804,0.000855,-0.225256,
18805,18.805,-0.003078,-0.200445,
18806,18.806,0.000788,-0.177621,
18807,18.807,0.006541,-0.230557,
18808,18.808,0.003706,-0.177555,
18809,18.809,0.010351,-0.129235,
18810,18.810,0.008046,-0.001740,
18811,18.811,0.008978,0.118141,
18812,18.812,0.011283,0.165949,
18813,18.813,0.008502,0.181851,
18814,18.814,0.009359,-0.005275,
18815,18.815,0.016459,-0.246596,
18816,18.816,0.008367,-0.342579,
18817,18.817,0.003165,-0.370228,
18818,18.818,0.004543,-0.287181,
18819,18.819,0.009521,-0.113289,
18820,18.820,0.014172,0.044693,
18821,18.821,0.004635,0.187756,
18822,18.822,0.012053,0.243728,
18823,18.823,0.011338,0.260721,
18824,18.824,0.015038,0.215027,
18825,18.825,0.018607,0.201501,
18826,18.826,0.018304,0.063202,
18827,18.827,0.011057,-0.176746,
18828,18.828,0.014680,-0.405552,
18829,18.829,0.010706,-0.553625,
18830,18.830,0.013861,-0.579752,
18831,18.831,0.018174,-0.505060,
18832,18.832,0.011010,-0.392156,
18833,18.833,0.012635,-0.208093,
18834,18.834,0.008693,0.063751,
18835,18.835,0.006763,0.316904,
18836,18.836,0.014334,0.481700,
18837,18.837,0.000887,0.631290,
18838,18.838,0.003528,0.658673,
18839,18.839,-0.005158,0.585101,
18840,18.840,0.000560,0.428652,
18841,18.841,0.008777,0.286907,
18842,18.842,-0.000276,0.195060,
18843,18.843,-0.008507,0.044557,
18844,18.844,-0.000166,-0.096638,
18845,18.845,-0.004900,-0.151005,
18846,18.846,-0.005227,-0.233996,
18847,18.847,-0.007291,-0.248326,
18848,18.848,-0.012085,-0.206213,
18849,18.849,-0.009637,-0.193646,
18850,18.850,-0.007555,-0.182491,
18851,18.851,-0.011233,-0.131084,
18852,18.852,-0.008373,-0.122502,
18853,18.853,-0.013151,-0.097636,
18854,18.854,-0.014914,-0.028031,
18855,18.855,-0.021610,0.037497,
18856,18.856,-0.029876,0.062659,
18857,18.857,-0.021922,0.116604,
18858,18.858,-0.016555,0.123000,
18859,18.859,-0.015298,0.087219,
18860,18.860,-0.029294,0.041604,
18861,18.861,0.001338,-0.046852,
18862,18.862,-0.047242,-0.236598,
18863,18.863,-0.015007,-0.318083,
18864,18.864,-0.020867,-0.195294,
18865,18.865,-0.026262,-0.083882,
18866,18.866,-0.002259,-0.023754,
18867,18.867,-0.024476,0.067985,
18868,18.868,-0.012897,0.117654,
18869,18.869,-0.009655,0.162927,
18870,18.870,-0.019796,0.176431,
18871,18.871,-0.005268,0.188763,
18872,18.872,-0.008370,0.177147,
18873,18.873,-0.016064,0.104071,
18874,18.874,-0.018704,-0.000544,
18875,18.875,-0.013089,-0.070496,
18876,18.876,-0.026606,-0.083497,
18877,18.877,-0.022046,-0.072650,
18878,18.878,-0.018024,-0.083815,
18879,18.879,-0.000475,-0.113207,
18880,18.880,-0.013389,-0.105531,
18881,18.881,-0.002809,-0.082999,
18882,18.882,-0.005429,-0.048087,
18883,18.883,0.003283,-0.016218,
18884,18.884,0.000991,-0.022194,
18885,18.885,-0.001126,0.004373,
18886,18.886,-0.000373,0.038379,
18887,18.887,0.007850,0.042931,
18888,18.888,0.010472,0.079044,
18889,18.889,0.008878,0.083648,
18890,18.890,0.012865,0.070068,
18891,18.891,0.014840,0.009333,
18892,18.892,0.013624,-0.034742,
18893,18.893,0.023747,-0.043620,
18894,18.894,0.006316,-0.051953,
18895,18.895,0.021383,-0.085550,
18896,18.896,0.014827,-0.057554,
18897,18.897,0.019967,-0.010767,
18898,18.898,0.017844,0.020364,
18899,18.899,0.006776,0.072253,
18900,18.900,0.024500,0.106808,
18901,18.901,0.016869,0.125186,
18902,18.902,0.018733,0.118625,
18903,18.903,0.016408,0.080637,
18904,18.904,0.021720,0.065534,
18905,18.905,0.013026,0.069303,
18906,18.906,0.023474,0.056904,
18907,18.907,0.027358,0.023550,
18908,18.908,0.020975,-0.034281,
18909,18.909,0.013098,-0.042567,
18910,18.910,0.016093,-0.021817,
18911,18.911,0.018779,-0.028873,
18912,18.912,0.012875,-0.012164,
18913,18.913,0.015088,-0.007758,
18914,18.914,0.015822,-0.003840,
18915,18.915,0.010193,-0.000073,
18916,18.916,0.008104,0.003324,
18917,18.917,0.017592,-0.015199,
18918,18.918,0.008953,-0.025340,
18919,18.919,0.008114,-0.058636,
18920,18.920,0.005284,-0.054546,
18921,18.921,0.006345,-0.034965,
18922,18.922,0.000678,-0.031862,
18923,18.923,0.006190,0.010565,
18924,18.924,0.001575,-0.007542,
18925,18.925,0.000152,-0.003095,
18926,18.926,0.002121,-0.008671,
18927,18.927,-0.005393,-0.005058,
18928,18.928,-0.008316,-0.017642,
18929,18.929,-0.002776,-0.021903,
18930,18.930,-0.005183,-0.019372,
18931,18.931,-0.014375,0.000792,
18932,18.932,-0.010361,-0.002520,
18933,18.933,-0.017857,-0.010355,
18934,18.934,-0.014525,-0.031184,
18935,18.935,-0.024582,-0.018024,
18936,18.936,-0.014700,-0.006221,
18937,18.937,-0.015647,0.013543,
18938,18.938,-0.012214,0.010284,
18939,18.939,-0.010987,0.017009,
18940,18.940,-0.013502,0.036729,
18941,18.941,-0.010786,0.044234,
18942,18.942,-0.015880,0.026299,
18943,18.943,-0.009326,0.000909,
18944,18.944,-0.017003,-0.002972,
18945,18.945,-0.015911,-0.006499,
18946,18.946,-0.007374,-0.004450,
18947,18.947,-0.006316,-0.002686,
18948,18.948,-0.009342,-0.005446,
18949,18.949,-0.002915,0.004151,
18950,18.950,-0.002110,0.005448,
18951,18.951,-0.007413,0.013332,
18952,18.952,-0.006826,0.017316,
18953,18.953,-0.009976,0.007060,
18954,18.954,-0.009593,-0.002379,
18955,18.955,-0.012279,-0.008640,
18956,18.956,-0.017546,-0.023046,
18957,18.957,-0.009967,-0.021894,
18958,18.958,-0.017464,-0.014170,
18959,18.959,-0.020419,-0.004263,
18960,18.960,-0.006135,0.008074,
18961,18.961,-0.010665,0.008821,
18962,18.962,0.000516,0.004501,
18963,18.963,-0.025192,0.000679,
18964,18.964,-0.000150,-0.000928,
18965,18.965,-0.016916,-0.006073,
18966,18.966,0.003523,-0.019469,
18967,18.967,0.011270,-0.021855,
18968,18.968,-0.001447,-0.020700,
18969,18.969,0.004781,0.001775,
18970,18.970,-0.001679,0.017654,
18971,18.971,-0.003927,0.032056,
18972,18.972,-0.012740,0.050759,
18973,18.973,0.009918,0.048054,
18974,18.974,0.012787,0.036652,
18975,18.975,0.015341,0.005799,
18976,18.976,0.006903,0.001169,
18977,18.977,0.008965,-0.010884,
18978,18.978,0.015273,-0.021912,
18979,18.979,0.017034,-0.018897,
18980,18.980,0.011205,-0.010269,
18981,18.981,0.009288,-0.007704,
18982,18.982,0.007558,-0.005442,
18983,18.983,0.014307,0.001052,
18984,18.984,0.017871,0.015153,
18985,18.985,0.009947,0.016923,
18986,18.986,0.015078,0.015180,
18987,18.987,0.008566,0.016665,
18988,18.988,0.007653,0.018005,
18989,18.989,0.005392,0.014303,
18990,18.990,0.010259,0.011129,
18991,18.991,0.009715,-0.004555,
18992,18.992,0.012560,-0.015703,
18993,18.993,0.004760,-0.017751,
18994,18.994,-0.003014,-0.015920,
18995,18.995,0.002235,-0.017579,
18996,18.996,0.004955,-0.009840,
18997,18.997,0.000751,0.002806,
18998,18.998,0.006029,0.028307,
18999,18.999,0.010994,0.031975,
19000,19.000,0.009367,0.022293,
19001,19.001,0.004191,0.013628,
19002,19.002,0.000699,-0.005270,
19003,19.003,0.004999,0.002292,
19004,19.004,0.012685,0.013774,
19005,19.005,0.009720,0.003974,
19006,19.006,0.008946,0.002460,
19007,19.007,0.006473,-0.009033,
19008,19.008,-0.000394,-0.031628,
19009,19.009,0.013691,-0.047599,
19010,19.010,0.015750,-0.032261,
19011,19.011,0.006468,0.003921,
19012,19.012,-0.001999,0.009162,
19013,19.013,0.005606,0.014072,
19014,19.014,0.001485,0.002753,
19015,19.015,-0.002328,0.006834,
19016,19.016,-0.005619,0.017164,
19017,19.017,-0.013011,0.020550,
19018,19.018,-0.014007,0.018377,
19019,19.019,-0.004737,0.011676,
19020,19.020,-0.023935,-0.003263,
19021,19.021,-0.026912,-0.029181,
19022,19.022,-0.019959,-0.046610,
19023,19.023,-0.031503,-0.036110,
19024,19.024,-0.025827,-0.014643,
19025,19.025,-0.024446,-0.011314,
19026,19.026,-0.030063,0.001643,
19027,19.027,-0.032183,0.008858,
19028,19.028,-0.031487,0.003345,
19029,19.029,-0.033404,0.005748,
19030,19.030,-0.035223,0.007966,
19031,19.031,-0.030897,0.016145,
19032,19.032,-0.038335,0.026400,
19033,19.033,-0.029956,0.015691,
19034,19.034,-0.037387,0.011726,
19035,19.035,-0.033078,0.021961,
19036,19.036,-0.029139,0.023770,
19037,19.037,-0.016606,0.007320,
19038,19.038,-0.020229,0.005582,
19039,19.039,-0.012493,0.017339,
19040,19.040,-0.005691,0.040403,
19041,19.041,-0.008981,0.049728,
19042,19.042,-0.014877,0.042097,
19043,19.043,-0.010517,0.005335,
19044,19.044,-0.009271,-0.042237,
19045,19.045,-0.008278,-0.022422,
19046,19.046,-0.011229,-0.004417,
19047,19.047,-0.026229,0.012075,
19048,19.048,-0.022858,0.017379,
19049,19.049,-0.023410,0.022353,
19050,19.050,-0.021102,-0.021084,
19051,19.051,-0.027439,-0.049845,
19052,19.052,-0.030922,-0.054646,
19053,19.053,-0.034231,-0.058943,
19054,19.054,-0.031263,-0.036530,
19055,19.055,-0.030790,-0.024312,
19056,19.056,-0.032136,-0.042087,
19057,19.057,-0.024262,-0.031974,
19058,19.058,-0.022247,-0.016786,
19059,19.059,-0.017946,-0.019250,
19060,19.060,-0.012009,-0.016682,
19061,19.061,-0.020860,-0.011585,
19062,19.062,-0.013012,-0.009151,
19063,19.063,0.004424,-0.002765,
19064,19.064,-0.032624,0.010609,
19065,19.065,-0.009666,0.016035,
19066,19.066,-0.006315,0.008775,
19067,19.067,-0.003269,-0.006147,
19068,19.068,0.006925,-0.016023,
19069,19.069,-0.009874,-0.010219,
19070,19.070,-0.001217,-0.018486,
19071,19.071,0.007014,-0.016773,
19072,19.072,0.014642,-0.001367,
19073,19.073,0.026440,0.012999,
19074,19.074,0.033416,0.003851,
19075,19.075,0.028985,-0.001057,
19076,19.076,0.035468,0.022114,
19077,19.077,0.051053,0.038693,
19078,19.078,0.058645,0.047656,
19079,19.079,0.086364,0.023141,
19080,19.080,0.099875,-0.006439,
19081,19.081,0.106110,-0.010124,
19082,19.082,0.112353,0.008213,
19083,19.083,0.129754,0.018234,
19084,19.084,0.096600,-0.008662,
19085,19.085,0.181000,-0.019352,
19086,19.086,0.174193,-0.016034,
19087,19.087,0.106323,0.004848,
19088,19.088,0.121134,0.013022,
19089,19.089,0.152595,0.025399,
19090,19.090,0.150648,0.031991,
19091,19.091,0.149604,0.038094,
19092,19.092,0.149441,0.017616,
19093,19.093,0.161593,-0.023536,
19094,19.094,0.162894,-0.052892,
19095,19.095,0.155208,-0.047747,
19096,19.096,0.166385,-0.023595,
19097,19.097,0.161404,-0.019237,
19098,19.098,0.150139,-0.007438,
19099,19.099,0.140559,0.003363,
19100,19.100,0.138555,0.026354,
19101,19.101,0.126143,0.005479,
19102,19.102,0.115494,0.013476,
19103,19.103,0.097351,0.035657,
19104,19.104,0.080833,0.044268,
19105,19.105,0.048165,0.041382,
19106,19.106,0.038536,0.018887,
19107,19.107,0.020459,0.033635,
19108,19.108,0.004363,0.041680,
19109,19.109,-0.001800,0.043956,
19110,19.110,-0.021719,0.019140,
19111,19.111,-0.026257,-0.030591,
19112,19.112,-0.042025,-0.066256,
19113,19.113,-0.034526,-0.072819,
19114,19.114,-0.062269,-0.067226,
19115,19.115,-0.088800,-0.030179,
19116,19.116,-0.112762,-0.015964,
19117,19.117,-0.141877,0.005898,
19118,19.118,-0.160470,0.009767,
19119,19.119,-0.185276,-0.008109,
19120,19.120,-0.186013,-0.017769,
19121,19.121,-0.199889,-0.008918,
19122,19.122,-0.200468,-0.000796,
19123,19.123,-0.195742,0.001618,
19124,19.124,-0.186595,-0.000536,
19125,19.125,-0.209544,-0.002546,
19126,19.126,-0.217806,-0.004442,
19127,19.127,-0.243503,-0.023155,
19128,19.128,-0.267707,-0.030567,
19129,19.129,-0.283054,-0.037271,
19130,19.130,-0.296981,-0.051621,
19131,19.131,-0.304273,-0.027688,
19132,19.132,-0.320872,-0.011595,
19133,19.133,-0.318074,0.002965,
19134,19.134,-0.303313,0.021749,
19135,19.135,-0.312207,0.028672,
19136,19.136,-0.289816,0.021727,
19137,19.137,-0.250423,0.027453,
19138,19.138,-0.223710,0.043920,
19139,19.139,-0.189809,0.028161,
19140,19.140,-0.159022,0.029960,
19141,19.141,-0.098995,0.031584,
19142,19.142,-0.055927,0.026262,
19143,19.143,-0.032745,0.002979,
19144,19.144,0.016670,-0.020328,
19145,19.145,0.048568,-0.005745,
19146,19.146,0.124523,0.002103,
19147,19.147,0.176014,-0.010495,
19148,19.148,0.222712,-0.017361,
19149,19.149,0.282301,-0.007480,
19150,19.150,0.320444,0.016450,
19151,19.151,0.312258,0.032585,
19152,19.152,0.304588,0.053062,
19153,19.153,0.297434,0.055452,
19154,19.154,0.311766,0.042803,
19155,19.155,0.324387,0.008859,
19156,19.156,0.362203,-0.025273,
19157,19.157,0.376055,-0.003625,
19158,19.158,0.378604,0.007881,
19159,19.159,0.345473,0.032930,
19160,19.160,0.331192,0.009608,
19161,19.161,0.325062,0.000472,
19162,19.162,0.300226,0.012804,
19163,19.163,0.294203,0.015190,
19164,19.164,0.312048,0.002561,
19165,19.165,0.267799,-0.031372,
19166,19.166,0.258699,-0.104351,
19167,19.167,0.239238,-0.240261,
19168,19.168,0.201625,-0.147963,
19169,19.169,0.175636,-0.064141,
19170,19.170,0.119317,-0.018524,
19171,19.171,0.093569,-0.032590,
19172,19.172,-0.008204,-0.020226,
19173,19.173,-0.110366,-0.008859,
19174,19.174,-0.153194,0.022131,
19175,19.175,-0.193040,0.069365,
19176,19.176,-0.208964,0.077890,
19177,19.177,-0.281148,0.038736,
19178,19.178,-0.330422,0.031568,
19179,19.179,-0.360137,0.076702,
19180,19.180,-0.359675,0.094138,
19181,19.181,-0.424968,0.088892,
19182,19.182,-0.471226,0.074535,
19183,19.183,-0.471539,0.052610,
19184,19.184,-0.485591,0.032749,
19185,19.185,-0.499200,0.036442,
19186,19.186,-0.480744,-0.012961,
19187,19.187,-0.455235,-0.062559,
19188,19.188,-0.432957,-0.030078,
19189,19.189,-0.453498,-0.024130,
19190,19.190,-0.451566,-0.018718,
19191,19.191,-0.411130,-0.013826,
19192,19.192,-0.327923,-0.018046,
19193,19.193,-0.299680,-0.021742,
19194,19.194,-0.274808,-0.025086,
19195,19.195,-0.232507,-0.015020,
19196,19.196,-0.232956,0.006072,
19197,19.197,-0.182599,0.014494,
19198,19.198,-0.138163,0.012428,
19199,19.199,-0.084335,0.028297,
19200,19.200,-0.034301,0.042813,
19201,19.201,0.009983,0.030098,
19202,19.202,0.049362,0.021910,
19203,19.203,0.097415,0.005241,
19204,19.204,0.126243,0.007722,
19205,19.205,0.123213,0.018233,
19206,19.206,0.132558,0.016759,
19207,19.207,0.152139,0.008702,
19208,19.208,0.137481,-0.001559,
19209,19.209,0.142746,0.000210,
19210,19.210,0.129571,-0.010725,
19211,19.211,0.133019,-0.033397,
19212,19.212,0.157899,-0.036265,
19213,19.213,0.172436,-0.015006,
19214,19.214,0.201581,0.004538,
19215,19.215,0.229139,0.022170,
19216,19.216,0.254321,0.033674,
19217,19.217,0.277276,0.044103,
19218,19.218,0.291189,0.016381,
19219,19.219,0.310751,-0.003259,
19220,19.220,0.328984,-0.013669,
19221,19.221,0.335361,-0.010027,
19222,19.222,0.332146,-0.000839,
19223,19.223,0.338742,0.002278,
19224,19.224,0.345699,-0.009664,
19225,19.225,0.356842,-0.015849,
19226,19.226,0.354543,-0.021527,
19227,19.227,0.335297,-0.026741,
19228,19.228,0.349847,-0.038279,
19229,19.229,0.370485,-0.014998,
19230,19.230,0.369142,0.001641,
19231,19.231,0.354611,-0.006985,
19232,19.232,0.336335,-0.009579,
19233,19.233,0.342552,-0.016804,
19234,19.234,0.343498,-0.018997,
19235,19.235,0.346411,-0.000555,
19236,19.236,0.334328,-0.012916,
19237,19.237,0.318041,-0.015167,
19238,19.238,0.312394,-0.001088,
19239,19.239,0.331002,0.011819,
19240,19.240,0.336927,-0.000196,
19241,19.241,0.308299,-0.007955,
19242,19.242,0.280089,-0.020587,
19243,19.243,0.280144,-0.046091,
19244,19.244,0.249975,-0.035449,
19245,19.245,0.248923,-0.025880,
19246,19.246,0.273216,-0.017346,
19247,19.247,0.243873,-0.009513,
19248,19.248,0.230426,0.007438,
19249,19.249,0.172883,0.022650,
19250,19.250,0.118937,0.052897,
19251,19.251,0.071536,0.065735,
19252,19.252,0.047141,0.029346,
19253,19.253,0.026560,-0.034174,
19254,19.254,-0.019345,-0.060519,
19255,19.255,-0.061939,-0.068821,
19256,19.256,-0.099260,-0.033853,
19257,19.257,-0.132195,-0.028009,
19258,19.258,-0.174389,0.000695,
19259,19.259,-0.197990,0.026711,
19260,19.260,-0.232972,0.011779,
19261,19.261,-0.264124,-0.046125,
19262,19.262,-0.303869,-0.023346,
19263,19.263,-0.332423,0.005358,
19264,19.264,-0.399198,0.011934,
19265,19.265,-0.398798,0.017832,
19266,19.266,-0.455335,0.023062,
19267,19.267,-0.472355,0.017325,
19268,19.268,-0.534964,0.012106,
19269,19.269,-0.556424,0.024798,
19270,19.270,-0.576365,0.028178,
19271,19.271,-0.579238,0.009608,
19272,19.272,-0.568262,0.005984,
19273,19.273,-0.571880,0.002702,
19274,19.274,-0.540840,0.005025,
19275,19.275,-0.524223,0.007011,
19276,19.276,-0.529285,0.000049,
19277,19.277,-0.535063,-0.006406,
19278,19.278,-0.533574,0.021145,
19279,19.279,-0.518873,0.032638,
19280,19.280,-0.526457,0.028789,
19281,19.281,-0.516933,0.025299,
19282,19.282,-0.498595,0.010162,
19283,19.283,-0.482891,-0.020175,
19284,19.284,-0.458059,-0.024265,
19285,19.285,-0.418452,-0.035255,
19286,19.286,-0.383136,-0.012353,
19287,19.287,-0.329132,-0.003648,
19288,19.288,-0.297338,0.026369,
19289,19.289,-0.254694,-0.001626,
19290,19.290,-0.203211,-0.027054,
19291,19.291,-0.138758,-0.023887,
19292,19.292,-0.079650,0.003154,
19293,19.293,-0.046630,0.028535,
19294,19.294,-0.018311,0.031750,
19295,19.295,0.036975,0.040594,
19296,19.296,0.068705,0.032522,
19297,19.297,0.113169,0.039872,
19298,19.298,0.120261,0.037801,
19299,19.299,0.139298,0.011422,
19300,19.300,0.180974,-0.013725,
19301,19.301,0.218805,0.009536,
19302,19.302,0.237466,0.012697,
19303,19.303,0.278973,0.037623,
19304,19.304,0.301271,0.047599,
19305,19.305,0.320128,0.044877,
19306,19.306,0.374856,0.009383,
19307,19.307,0.405953,-0.014524,
19308,19.308,0.433107,-0.009831,
19309,19.309,0.425247,-0.013353,
19310,19.310,0.445542,-0.016516,
19311,19.311,0.450081,-0.012955,
19312,19.312,0.430119,-0.015540,
19313,19.313,0.389907,-0.001521,
19314,19.314,0.401019,0.001194,
19315,19.315,0.366589,-0.014047,
19316,19.316,0.326921,-0.015715,
19317,19.317,0.297728,-0.017178,
19318,19.318,0.290576,-0.015108,
19319,19.319,0.278135,-0.034718,
19320,19.320,0.255584,-0.053506,
19321,19.321,0.240260,-0.030873,
19322,19.322,0.212711,-0.027701,
19323,19.323,0.203550,-0.019270,
19324,19.324,0.185576,-0.016578,
19325,19.325,0.174181,-0.000732,
19326,19.326,0.143640,0.009650,
19327,19.327,0.129623,0.011724,
19328,19.328,0.110771,0.006836,
19329,19.329,0.106228,0.014652,
19330,19.330,0.113453,0.005235,
19331,19.331,0.100949,0.001742,
19332,19.332,0.067860,-0.003623,
19333,19.333,0.015864,-0.008683,
19334,19.334,0.067586,-0.018846,
19335,19.335,0.037924,-0.014636,
19336,19.336,0.011947,0.004432,
19337,19.337,-0.021383,0.018229,
19338,19.338,-0.021608,0.015902,
19339,19.339,-0.047345,0.013754,
19340,19.340,-0.029931,0.007735,
19341,19.341,-0.020331,-0.005218,
19342,19.342,-0.010595,0.003346,
19343,19.343,-0.006555,-0.001115,
19344,19.344,0.008790,0.019755,
19345,19.345,0.009049,0.016899,
19346,19.346,0.032412,-0.002159,
19347,19.347,0.038397,-0.014451,
19348,19.348,0.033554,-0.025571,
19349,19.349,0.026629,-0.019470,
19350,19.350,0.020836,-0.028791,
19351,19.351,0.023778,-0.006846,
19352,19.352,0.020485,0.008029,
19353,19.353,0.015124,0.016150,
19354,19.354,0.006900,-0.001095,
19355,19.355,0.008769,-0.016659,
19356,19.356,0.002929,-0.006562,
19357,19.357,-0.009275,-0.027150,
19358,19.358,-0.025858,-0.019182,
19359,19.359,-0.060865,0.003006,
19360,19.360,-0.094050,0.011666,
19361,19.361,-0.113069,0.014229,
19362,19.362,-0.110504,0.011685,
19363,19.363,-0.143238,0.027067,
19364,19.364,-0.140739,-0.001857,
19365,19.365,-0.139500,-0.024548,
19366,19.366,-0.138079,-0.016013,
19367,19.367,-0.189585,-0.002585,
19368,19.368,-0.144963,0.014426,
19369,19.369,-0.146807,0.020834,
19370,19.370,-0.135407,0.006513,
19371,19.371,-0.113312,-0.010391,
19372,19.372,-0.124837,-0.021707,
19373,19.373,-0.116029,0.004683,
19374,19.374,-0.116623,0.029906,
19375,19.375,-0.117006,0.026519,
19376,19.376,-0.095667,0.029265,
19377,19.377,-0.095932,0.021108,
19378,19.378,-0.096120,-0.001209,
19379,19.379,-0.096406,-0.016118,
19380,19.380,-0.091875,-0.018878,
19381,19.381,-0.087770,-0.011652,
19382,19.382,-0.088136,-0.013888,
19383,19.383,-0.077420,-0.011880,
19384,19.384,-0.067824,0.001113,
19385,19.385,-0.056201,0.026455,
19386,19.386,-0.076294,0.051774,
19387,19.387,-0.072915,0.041871,
19388,19.388,-0.075339,-0.003228,
19389,19.389,-0.067975,-0.022613,
19390,19.390,-0.079260,-0.040123,
19391,19.391,-0.069390,-0.024269,
19392,19.392,-0.045638,0.009613,
19393,19.393,-0.049448,0.022849,
19394,19.394,-0.035310,-0.013191,
19395,19.395,-0.028084,-0.027686,
19396,19.396,-0.006801,-0.023516,
19397,19.397,0.000827,-0.011912,
19398,19.398,-0.003191,-0.015668,
19399,19.399,-0.007013,-0.012612,
19400,19.400,0.016119,-0.021523,
19401,19.401,0.044228,-0.029809,
19402,19.402,0.030634,-0.022694,
19403,19.403,0.032344,-0.016262,
19404,19.404,0.040248,0.006086,
19405,19.405,0.053167,0.020833,
19406,19.406,0.059272,0.023355,
19407,19.407,0.049942,0.015859,
19408,19.408,0.045660,0.009037,
19409,19.409,0.049644,0.010919,
19410,19.410,0.049388,0.031363,
19411,19.411,0.055710,0.028647,
19412,19.412,0.055128,0.021325,
19413,19.413,0.049021,0.032436,
19414,19.414,0.063420,0.058988,
19415,19.415,0.068086,0.055408,
19416,19.416,0.064188,0.025598,
19417,19.417,0.064251,-0.010419,
19418,19.418,0.060817,-0.063663,
19419,19.419,0.057660,-0.028097,
19420,19.420,0.054812,-0.008751,
19421,19.421,0.052185,0.008706,
19422,19.422,0.038350,0.003504,
19423,19.423,0.038797,0.017938,
19424,19.424,0.026964,-0.003979,
19425,19.425,0.021840,-0.055969,
19426,19.426,0.012065,-0.077125,
19427,19.427,0.008012,-0.044646,
19428,19.428,0.008259,-0.015198,
19429,19.429,0.013989,-0.020203,
19430,19.430,0.000522,-0.024668,
19431,19.431,-0.009325,-0.028801,
19432,19.432,-0.004715,-0.016672,
19433,19.433,-0.006623,-0.012844,
19434,19.434,-0.002841,0.010446,
19435,19.435,-0.014380,0.043740,
19436,19.436,-0.013006,0.048471,
19437,19.437,-0.006177,0.036988,
19438,19.438,0.002582,0.019226,
19439,19.439,0.005809,-0.010266,
19440,19.440,0.004893,-0.070088,
19441,19.441,0.005852,-0.044064,
19442,19.442,0.003490,-0.004855,
19443,19.443,0.007437,0.073654,
19444,19.444,0.009740,0.125973,
19445,19.445,0.008364,0.097766,
19446,19.446,0.013970,0.054792,
19447,19.447,0.017883,0.015895,
19448,19.448,0.008693,-0.005218,
19449,19.449,-0.000490,0.027226,
19450,19.450,-0.001391,0.033087,
19451,19.451,-0.000019,0.038493,
19452,19.452,-0.006952,0.024341,
19453,19.453,-0.011196,0.002604,
19454,19.454,-0.010067,0.022826,
19455,19.455,-0.010500,0.048478,
19456,19.456,-0.016697,0.032306,
19457,19.457,-0.017360,-0.012475,
19458,19.458,-0.025676,-0.070709,
19459,19.459,-0.015247,-0.062789,
19460,19.460,-0.022120,-0.027102,
19461,19.461,-0.025815,-0.020456,
19462,19.462,-0.029049,-0.037596,
19463,19.463,-0.032154,-0.032055,
19464,19.464,-0.023801,-0.027023,
19465,19.465,-0.019014,-0.040627,
19466,19.466,-0.026962,-0.035996,
19467,19.467,-0.011452,-0.015840,
19468,19.468,-0.045350,-0.019174,
19469,19.469,-0.011798,-0.002530,
19470,19.470,-0.025311,-0.011030,
19471,19.471,-0.021773,-0.013378,
19472,19.472,-0.004065,-0.000668,
19473,19.473,-0.020906,-0.006966,
19474,19.474,-0.018464,-0.033373,
19475,19.475,-0.038026,-0.030067,
19476,19.476,-0.026143,-0.033714,
19477,19.477,-0.015459,-0.067385,
19478,19.478,-0.017970,-0.072447,
19479,19.479,-0.005421,-0.045107,
19480,19.480,-0.004194,-0.034779,
19481,19.481,-0.006176,-0.012304,
19482,19.482,-0.021855,-0.004067,
19483,19.483,-0.016190,-0.001883,
19484,19.484,-0.003574,-0.000000,
19485,19.485,-0.002265,-0.002628,
19486,19.486,-0.004158,0.003023,
19487,19.487,-0.000441,0.015638,
19488,19.488,-0.014624,0.040659,
19489,19.489,0.005581,0.087794,
19490,19.490,0.002629,0.094029,
19491,19.491,0.009686,0.064538,
19492,19.492,-0.001651,0.037800,
19493,19.493,0.000238,0.013477,
19494,19.494,-0.009173,0.035423,
19495,19.495,0.016136,0.023604,
19496,19.496,0.070743,0.012840,
19497,19.497,-0.046642,0.049194,
19498,19.498,0.071143,0.053823,
19499,19.499,0.025369,0.005140,
19500,19.500,0.039344,-0.040119,
19501,19.501,0.026976,-0.045971,
19502,19.502,0.038660,-0.040841,
19503,19.503,0.049204,-0.036179,
19504,19.504,0.039992,-0.005454,
19505,19.505,0.048927,-0.001678,
19506,19.506,0.041490,0.038307,
19507,19.507,0.034760,0.011707,
19508,19.508,0.041605,-0.012553,
19509,19.509,0.036306,-0.043436,
19510,19.510,0.042048,-0.087405,
19511,19.511,0.037841,-0.093059,
19512,19.512,0.034002,-0.077080,
19513,19.513,0.022752,-0.043166,
19514,19.514,0.026918,-0.029803,
19515,19.515,0.030802,-0.025593,
19516,19.516,0.010692,-0.057873,
19517,19.517,0.014115,-0.079204,
19518,19.518,0.012510,-0.074627,
19519,19.519,0.011079,-0.084840,
19520,19.520,0.013907,-0.061408,
19521,19.521,0.012904,-0.016033,
19522,19.522,-0.001474,0.081336,
19523,19.523,-0.010727,0.290183,
19524,19.524,-0.007989,0.320358,
19525,19.525,-0.008796,0.402141,
19526,19.526,-0.012471,0.329099,
19527,19.527,-0.015621,0.217905,
19528,19.528,-0.018432,0.116953,
19529,19.529,-0.025310,0.099045,
19530,19.530,-0.025429,0.082449,
19531,19.531,-0.030962,0.036400,
19532,19.532,-0.029251,-0.005510,
19533,19.533,-0.030611,-0.043458,
19534,19.534,-0.029084,-0.032015,
19535,19.535,-0.028768,-0.063235,
19536,19.536,-0.027462,-0.110731,
19537,19.537,-0.034498,-0.188658,
19538,19.538,-0.025986,-0.199305,
19539,19.539,-0.026305,-0.171203,
19540,19.540,-0.034094,-0.145658,
19541,19.541,-0.032440,-0.122671,
19542,19.542,-0.028777,-0.115925,
19543,19.543,-0.030918,-0.122691,
19544,19.544,-0.027824,-0.152252,
19545,19.545,-0.029517,-0.104439,
19546,19.546,-0.024069,-0.046239,
19547,19.547,-0.017876,-0.022997,
19548,19.548,-0.018218,-0.015890,
19549,19.549,-0.019895,0.003476,
19550,19.550,-0.011316,0.020903,
19551,19.551,-0.014312,-0.005747,
19552,19.552,-0.011083,-0.010738,
19553,19.553,-0.010102,0.046228,
19554,19.554,-0.005772,0.053587,
19555,19.555,-0.000493,0.003309,
19556,19.556,0.000182,0.009199,
19557,19.557,-0.000389,0.014525,
19558,19.558,0.003561,-0.023013,
19559,19.559,0.003916,-0.027978,
19560,19.560,0.007939,0.011502,
19561,19.561,0.008188,0.016460,
19562,19.562,0.014652,-0.017632,
19563,19.563,0.003990,-0.084021,
19564,19.564,0.007657,-0.188672,
19565,19.565,0.008413,-0.202936,
19566,19.566,0.002707,-0.149571,
19567,19.567,-0.003399,-0.061735,
19568,19.568,0.011799,0.087376,
19569,19.569,-0.022424,0.107314,
19570,19.570,0.001180,0.162502,
19571,19.571,-0.012598,0.145531,
19572,19.572,-0.001365,0.038375,
19573,19.573,0.001548,-0.086742,
19574,19.574,-0.008922,-0.136865,
19575,19.575,-0.006676,-0.151777,
19576,19.576,0.000809,-0.081821,
19577,19.577,0.002537,0.057449,
19578,19.578,0.008490,0.298400,
19579,19.579,0.001747,0.462502,
19580,19.580,0.010394,0.432584,
19581,19.581,0.008050,0.296908,
19582,19.582,-0.006481,0.124221,
19583,19.583,0.005888,0.101456,
19584,19.584,0.006940,0.080735,
19585,19.585,0.020168,0.135896,
19586,19.586,0.010250,0.118776,
19587,19.587,0.004565,0.072501,
19588,19.588,0.011596,0.058218,
19589,19.589,0.004075,0.020262,
19590,19.590,-0.002732,-0.037335,
19591,19.591,-0.000059,-0.089409,
19592,19.592,-0.016310,-0.136617,
19593,19.593,-0.010200,-0.162198,
19594,19.594,-0.041290,-0.200863,
19595,19.595,0.024399,-0.221692,
19596,19.596,-0.004459,-0.240459,
19597,19.597,0.021018,-0.257462,
19598,19.598,-0.002688,-0.198521,
19599,19.599,0.018290,-0.127861,
19600,19.600,-0.001320,-0.004272,
19601,19.601,0.004137,0.080124,
19602,19.602,-0.001370,0.095643,
19603,19.603,0.003143,0.165506,
19604,19.604,-0.001459,0.128341,
19605,19.605,0.002266,0.048523,
19606,19.606,-0.001417,-0.044634,
19607,19.607,0.001682,-0.106961,
19608,19.608,0.004463,-0.071793,
19609,19.609,0.012532,-0.060984,
19610,19.610,0.010132,-0.051173,
19611,19.611,0.007937,-0.024898,
19612,19.612,0.009995,0.030262,
19613,19.613,0.011906,0.109179,
19614,19.614,0.013666,0.120126,
19615,19.615,0.021376,0.111208,
19616,19.616,0.011850,0.068485,
19617,19.617,0.010818,0.029586,
19618,19.618,0.012023,-0.005866,
19619,19.619,-0.001492,-0.025017,
19620,19.620,0.004292,-0.077919,
19621,19.621,0.006198,-0.099184,
19622,19.622,0.008017,-0.131500,
19623,19.623,-0.012481,-0.149092,
19624,19.624,-0.009279,-0.197444,
19625,19.625,-0.006240,-0.217086,
19626,19.626,-0.003555,-0.164417,
19627,19.627,0.003413,-0.057916,
19628,19.628,0.005852,0.049025,
19629,19.629,0.008187,0.062957,
19630,19.630,0.013751,0.126146,
19631,19.631,0.018865,0.183603,
19632,19.632,0.012442,0.152209,
19633,19.633,0.021764,0.104408,
19634,19.634,0.009808,0.129781,
19635,19.635,0.015458,0.152675,
19636,19.636,0.002181,0.116877,
19637,19.637,0.019529,0.032332,
19638,19.638,0.004601,-0.002522,
19639,19.639,0.007266,-0.013270,
19640,19.640,0.006050,-0.042324,
19641,19.641,0.001639,-0.086334,
19642,19.642,0.003826,-0.110689,
19643,19.643,0.008547,-0.118611,
19644,19.644,0.010401,-0.060881,
19645,19.645,0.005488,0.055904,
19646,19.646,-0.005277,0.173004,
19647,19.647,-0.006098,0.218182,
19648,19.648,0.001571,0.092442,
19649,19.649,0.001101,0.041685,
19650,19.650,-0.005928,0.026291,
19651,19.651,-0.012466,-0.015363,
19652,19.652,-0.007173,-0.129017,
19653,19.653,-0.012389,-0.205495,
19654,19.654,-0.013869,-0.219335,
19655,19.655,-0.006725,-0.206881,
19656,19.656,-0.003472,-0.103579,
19657,19.657,-0.012747,-0.006730,
19658,19.658,-0.008000,0.081108,
19659,19.659,-0.011053,0.046202,
19660,19.660,-0.009360,-0.047895,
19661,19.661,-0.003442,-0.111038,
19662,19.662,-0.005486,-0.145401,
19663,19.663,-0.003992,-0.113996,
19664,19.664,0.000367,0.009745,
19665,19.665,-0.008317,0.195268,
19666,19.666,-0.016522,0.269534,
19667,19.667,0.012298,0.237487,
19668,19.668,0.000323,0.215440,
19669,19.669,0.022844,0.154711,
19670,19.670,-0.021671,0.099416,
19671,19.671,-0.001912,0.082865,
19672,19.672,0.004279,0.067878,
19673,19.673,0.009957,0.054254,
19674,19.674,0.034527,-0.008485,
19675,19.675,0.012869,0.003449,
19676,19.676,0.001340,-0.006284,
19677,19.677,-0.023779,-0.052843,
19678,19.678,-0.020353,-0.060414,
19679,19.679,-0.035077,-0.067055,
19680,19.680,0.000752,-0.073132,
19681,19.681,-0.003922,-0.091454,
19682,19.682,-0.008265,-0.061285,
19683,19.683,-0.004375,-0.108609,
19684,19.684,-0.000865,-0.179273,
19685,19.685,-0.004167,-0.150277,
19686,19.686,-0.019166,-0.124029,
19687,19.687,-0.005662,-0.053446,
19688,19.688,-0.008274,0.069739,
19689,19.689,-0.015140,0.187362,
19690,19.690,-0.005301,0.233150,
19691,19.691,-0.003798,0.080156,
19692,19.692,0.000878,-0.021630,
19693,19.693,-0.007136,-0.003425,
19694,19.694,-0.008905,0.046700,
19695,19.695,-0.000574,0.092249,
19696,19.696,-0.006639,0.050473,
19697,19.697,-0.008174,-0.012560,
19698,19.698,-0.020889,-0.046818,
19699,19.699,-0.019731,-0.036342,
19700,19.700,-0.009654,-0.026705,
19701,19.701,-0.000608,-0.000745,
19702,19.702,-0.009998,-0.008433,
19703,19.703,-0.013849,0.012917,
19704,19.704,-0.013475,0.057912,
19705,19.705,-0.013296,0.122183,
19706,19.706,-0.004472,0.113195,
19707,19.707,0.001128,0.089584,
19708,19.708,-0.009860,-0.017274,
19709,19.709,-0.017473,-0.093679,
19710,19.710,-0.019339,-0.163345,
19711,19.711,-0.016797,-0.176209,
19712,19.712,-0.018497,-0.188192,
19713,19.713,-0.016485,-0.178398,
19714,19.714,-0.006001,-0.188514,
19715,19.715,-0.011249,-0.128844,
19716,19.716,-0.007883,-0.027698,
19717,19.717,-0.012300,0.041113,
19718,19.718,-0.002660,0.027861,
19719,19.719,-0.007397,0.015613,
19720,19.720,0.000750,0.004542,
19721,19.721,-0.010251,0.013394,
19722,19.722,-0.001281,-0.030323,
19723,19.723,0.014512,-0.054240,
19724,19.724,0.011671,-0.104622,
19725,19.725,0.029521,-0.150595,
19726,19.726,0.036191,-0.192472,
19727,19.727,0.042164,-0.145406,
19728,19.728,0.031406,-0.049344,
19729,19.729,0.051297,0.019160,
19730,19.730,0.026046,0.055916,
19731,19.731,0.028762,0.112496,
19732,19.732,0.031173,0.142799,
19733,19.733,0.022586,0.094828,
19734,19.734,0.014888,0.189144,
19735,19.735,0.034783,0.302253,
19736,19.736,0.042511,0.286504,
19737,19.737,0.019804,0.188765,
19738,19.738,0.022339,0.100043,
19739,19.739,0.024724,0.065223,
19740,19.740,0.022059,0.054728,
19741,19.741,0.001478,0.101935,
19742,19.742,-0.006900,0.110373,
19743,19.743,0.005213,0.117975,
19744,19.744,-0.006165,0.053732,
19745,19.745,-0.004338,-0.075795,
19746,19.746,-0.010094,-0.205432,
19747,19.747,-0.018709,-0.222233,
19748,19.748,-0.001926,-0.237566,
19749,19.749,-0.008642,-0.168115,
19750,19.750,-0.022961,-0.180681,
19751,19.751,0.001157,-0.169177,
19752,19.752,-0.008700,-0.033440,
19753,19.753,0.000058,0.096158,
19754,19.754,-0.013677,0.112925,
19755,19.755,-0.011327,0.097767,
19756,19.756,-0.013512,0.028409,
19757,19.757,-0.007398,-0.059642,
19758,19.758,-0.009213,0.021082,
19759,19.759,-0.014247,0.073329,
19760,19.760,-0.003530,0.101984,
19761,19.761,0.000594,0.093637,
19762,19.762,-0.008112,0.164564,
19763,19.763,-0.004800,0.231346,
19764,19.764,0.000548,0.223180,
19765,19.765,-0.000166,0.168954,
19766,19.766,0.007764,0.062646,
19767,19.767,0.000642,-0.013493,
19768,19.768,-0.003087,-0.087923,
19769,19.769,-0.002062,-0.213084,
19770,19.770,0.010976,-0.229780,
19771,19.771,-0.016730,-0.214371,
19772,19.772,0.011382,-0.144484,
19773,19.773,-0.006502,-0.055776,
19774,19.774,-0.003054,0.048085,
19775,19.775,0.012047,0.062053,
19776,19.776,-0.001416,0.074419,
19777,19.777,-0.003557,0.062709,
19778,19.778,-0.009921,0.031581,
19779,19.779,-0.007672,0.022301,
19780,19.780,-0.016751,-0.037839,
19781,19.781,-0.001320,-0.123534,
19782,19.782,-0.011267,-0.111314,
19783,19.783,-0.005463,-0.100108,
19784,19.784,-0.000173,-0.051936,
19785,19.785,-0.001486,-0.025278,
19786,19.786,0.000091,0.014465,
19787,19.787,0.001514,0.021933,
19788,19.788,-0.001480,-0.010215,
19789,19.789,0.010243,-0.015914,
19790,19.790,0.008959,-0.085157,
19791,19.791,0.010551,-0.113448,
19792,19.792,0.004520,-0.087374,
19793,19.793,0.010341,-0.032554,
19794,19.794,0.009579,-0.025388,
19795,19.795,0.007128,-0.032003,
19796,19.796,0.004857,-0.003317,
19797,19.797,0.002927,-0.009396,
19798,19.798,0.012503,0.013869,
19799,19.799,0.006529,0.017301,
19800,19.800,0.005812,0.012619,
19801,19.801,0.007119,0.059394,
19802,19.802,0.012007,0.078271,
19803,19.803,0.013174,0.072336,
19804,19.804,0.002014,0.035185,
19805,19.805,0.010809,-0.027701,
19806,19.806,0.006590,-0.001470,
19807,19.807,0.011009,-0.008948,
19808,19.808,0.002586,-0.072915,
19809,19.809,0.008543,-0.081423,
19810,19.810,0.001637,-0.089171,
19811,19.811,0.004740,-0.082127,
19812,19.812,0.009367,-0.011004,
19813,19.813,0.002825,0.055273,
19814,19.814,-0.005246,0.098477,
19815,19.815,0.000726,0.215802,
19816,19.816,-0.001940,0.299598,
19817,19.817,-0.002397,0.314363,
19818,19.818,-0.002879,0.216528,
19819,19.819,-0.009458,0.077066,
19820,19.820,-0.006417,-0.053116,
19821,19.821,-0.006913,-0.103911,
19822,19.822,-0.007269,-0.058198,
19823,19.823,0.003696,0.067297,
19824,19.824,-0.003577,0.185604,
19825,19.825,0.003654,0.171262,
19826,19.826,-0.002302,0.047076,
19827,19.827,-0.003046,-0.036175,
19828,19.828,0.000249,-0.050803,
19829,19.829,-0.005918,-0.147671,
19830,19.830,-0.003130,-0.311852,
19831,19.831,-0.014403,-0.379175,
19832,19.832,-0.012464,-0.318254,
19833,19.833,-0.010716,-0.225285,
19834,19.834,-0.006415,-0.106757,
19835,19.835,-0.012466,0.031841,
19836,19.836,-0.011278,0.050890,
19837,19.837,-0.005838,0.034298,
19838,19.838,-0.014125,-0.042439,
19839,19.839,-0.010752,-0.056728,
19840,19.840,-0.009595,-0.069779,
19841,19.841,-0.012158,-0.058774,
19842,19.842,-0.006111,0.013743,
19843,19.843,-0.006676,0.117732,
19844,19.844,-0.004515,0.270216,
19845,19.845,-0.001357,0.330494,
19846,19.846,0.000419,0.348226,
19847,19.847,0.008281,0.330715,
19848,19.848,0.000562,0.222933,
19849,19.849,0.003686,0.069318,
19850,19.850,0.004591,-0.033042,
19851,19.851,0.002121,-0.089106,
19852,19.852,-0.003087,-0.173439,
19853,19.853,-0.001029,-0.249741,
19854,19.854,-0.002699,-0.318850,
19855,19.855,-0.004375,-0.280626,
19856,19.856,-0.005889,-0.176437,
19857,19.857,-0.002859,-0.078323,
19858,19.858,0.001860,0.010981,
19859,19.859,-0.007620,0.069743,
19860,19.860,-0.003580,0.060935,
19861,19.861,-0.004798,0.034154,
19862,19.862,0.002935,-0.024697,
19863,19.863,0.003896,0.031366,
19864,19.864,0.008403,0.096723,
19865,19.865,0.002406,0.123765,
19866,19.866,0.010797,0.132798,
19867,19.867,0.009702,0.098561,
19868,19.868,0.019083,0.067629,
19869,19.869,0.009517,-0.033540,
19870,19.870,0.008238,-0.120328,
19871,19.871,0.025237,-0.283617,
19872,19.872,-0.012072,-0.305303,
19873,19.873,0.014402,-0.365675,
19874,19.874,0.009595,-0.346503,
19875,19.875,0.013919,-0.160393,
19876,19.876,0.017747,0.013168,
19877,19.877,-0.000413,0.126418,
19878,19.878,0.002749,0.310986,
19879,19.879,0.005566,0.386165,
19880,19.880,-0.002617,0.186057,
19881,19.881,-0.000304,-0.056090,
19882,19.882,-0.011531,-0.218052,
19883,19.883,0.006855,-0.185796,
19884,19.884,0.019162,0.061035,
19885,19.885,-0.005570,0.359515,
19886,19.886,0.004207,0.561128,
19887,19.887,0.001303,0.528060,
19888,19.888,0.009415,0.497908,
19889,19.889,-0.002940,0.351166,
19890,19.890,-0.000735,0.217610,
19891,19.891,-0.002760,0.194782,
19892,19.892,-0.019504,0.218627,
19893,19.893,-0.012884,0.281162,
19894,19.894,-0.002706,0.264506,
19895,19.895,-0.008241,0.249712,
19896,19.896,-0.003120,0.144662,
19897,19.897,-0.013732,0.105079,
19898,19.898,-0.009611,0.069187,
19899,19.899,-0.018358,-0.032734,
19900,19.900,-0.001221,-0.212112,
19901,19.901,0.001200,-0.432490,
19902,19.902,-0.000938,-0.520469,
19903,19.903,-0.006973,-0.491983,
19904,19.904,-0.001345,-0.514899,
19905,19.905,0.007163,-0.490815,
19906,19.906,0.005689,-0.468794,
19907,19.907,-0.009496,-0.522700,
19908,19.908,0.000698,-0.538169,
19909,19.909,0.002593,-0.460925,
19910,19.910,0.011067,-0.252298,
19911,19.911,0.012613,-0.044416,
19912,19.912,0.008553,0.143842,
19913,19.913,0.012279,0.215733,
19914,19.914,0.006696,0.191358,
19915,19.915,0.011918,0.168941,
19916,19.916,0.016444,0.074289,
19917,19.917,0.013847,-0.079309,
19918,19.918,0.010048,-0.020788,
19919,19.919,0.005055,0.180356,
19920,19.920,0.009164,0.367281,
19921,19.921,0.003791,0.438209,
19922,19.922,0.000097,0.323401,
19923,19.923,-0.001797,0.137376,
19924,19.924,-0.003706,0.011271,
19925,19.925,-0.008647,-0.103676,
19926,19.926,-0.010600,-0.167321,
19927,19.927,-0.002072,-0.151555,
19928,19.928,-0.001200,-0.204736,
19929,19.929,-0.002522,-0.345206,
19930,19.930,-0.001825,-0.440526,
19931,19.931,-0.003016,-0.460307,
19932,19.932,-0.005909,-0.509468,
19933,19.933,-0.005590,-0.443433,
19934,19.934,-0.005302,-0.307973,
19935,19.935,-0.005188,-0.107501,
19936,19.936,-0.012065,0.078990,
19937,19.937,-0.013373,0.247944,
19938,19.938,-0.014539,0.400684,
19939,19.939,-0.008605,0.457044,
19940,19.940,-0.006588,0.470497,
19941,19.941,-0.012376,0.313808,
19942,19.942,-0.013599,0.166087,
19943,19.943,-0.021123,0.031015,
19944,19.944,-0.015287,-0.092009,
19945,19.945,-0.011643,-0.173653,
19946,19.946,-0.017481,-0.137078,
19947,19.947,-0.013167,-0.129550,
19948,19.948,-0.012078,-0.168837,
19949,19.949,-0.012171,-0.204595,
19950,19.950,-0.018528,-0.199629,
19951,19.951,-0.015390,-0.281764,
19952,19.952,-0.008190,-0.400946,
19953,19.953,-0.011824,-0.451046,
19954,19.954,-0.011561,-0.329746,
19955,19.955,-0.006221,-0.148326,
19956,19.956,-0.008987,0.069983,
19957,19.957,-0.001767,0.335000,
19958,19.958,0.000721,0.656258,
19959,19.959,-0.004395,0.871095,
19960,19.960,0.006222,0.986426,
19961,19.961,0.001144,0.946805,
19962,19.962,-0.000718,0.779290,
19963,19.963,0.007593,0.567467,
19964,19.964,0.008150,0.320472,
19965,19.965,0.014982,0.153455,
19966,19.966,0.013721,0.061380,
19967,19.967,0.012505,-0.022419,
19968,19.968,0.015872,-0.098609,
19969,19.969,0.009101,-0.167809,
19970,19.970,0.013520,-0.315305,
19971,19.971,0.019166,-0.336847,
19972,19.972,0.030426,-0.282167,
19973,19.973,0.004839,-0.266099,
19974,19.974,0.030027,-0.312682,
19975,19.975,0.020052,-0.299406,
19976,19.976,0.022819,-0.236762,
19977,19.977,0.009044,-0.225458,
19978,19.978,0.006642,-0.277388,
19979,19.979,0.008842,-0.305467,
19980,19.980,0.006862,-0.279281,
19981,19.981,-0.006061,-0.239843,
19982,19.982,0.016059,-0.232199,
19983,19.983,0.013340,-0.224968,
19984,19.984,0.021664,-0.135622,
19985,19.985,0.024280,0.055697,
19986,19.986,0.026774,0.302387,
19987,19.987,0.021016,0.404499,
19988,19.988,0.019520,0.438577,
19989,19.989,0.025004,0.416432,
19990,19.990,0.014815,0.397353,
19991,19.991,0.024967,0.335794,
19992,19.992,0.024329,0.158199,
19993,19.993,0.017116,0.040557,
19994,19.994,0.012470,-0.066101,
19995,19.995,0.008540,-0.121754,
19996,19.996,0.006684,-0.209096,
19997,19.997,0.005198,-0.220544,
19998,19.998,0.003911,-0.230260,
19999,19.999,-0.001069,-0.182898,
20000,20.000,-0.000953,-0.113737,
20001,20.001,0.003416,-0.095750,
20002,20.002,-0.002675,-0.099277,
20003,20.003,0.002767,-0.044762,
20004,20.004,0.001109,0.057875,
20005,20.005,-0.000183,0.230545,
20006,20.006,-0.005695,0.396393,
20007,20.007,0.003016,0.507624,
20008,20.008,0.009206,0.647266,
20009,20.009,-0.003884,0.775476,
20010,20.010,0.003150,0.740394,
20011,20.011,-0.005215,0.654004,
20012,20.012,-0.009355,0.500432,
20013,20.013,-0.009944,0.354061,
20014,20.014,-0.010353,0.221911,
20015,20.015,-0.020765,0.102015,
20016,20.016,-0.015284,-0.006307,
20017,20.017,-0.007447,-0.103870,
20018,20.018,-0.007754,-0.108161,
20019,20.019,-0.012483,-0.186804,
20020,20.020,-0.014710,-0.326590,
20021,20.021,-0.013061,-0.337145,
20022,20.022,-0.006369,-0.234812,
20023,20.023,0.001314,-0.208186,
20024,20.024,-0.012029,-0.152249,
20025,20.025,-0.009332,-0.128240,
20026,20.026,-0.003084,-0.130609,
20027,20.027,-0.000787,-0.039890,
20028,20.028,-0.007835,0.126722,
20029,20.029,-0.014246,0.248783,
20030,20.030,-0.004983,0.319569,
20031,20.031,0.001048,0.310724,
20032,20.032,-0.003790,0.269426,
20033,20.033,-0.006110,0.109638,
20034,20.034,-0.009991,-0.173531,
20035,20.035,-0.010379,-0.443239,
20036,20.036,-0.005241,-0.543291,
20037,20.037,-0.008112,-0.633723,
20038,20.038,-0.016782,-0.715153,
20039,20.039,-0.015524,-0.572150,
20040,20.040,-0.016514,-0.442243,
20041,20.041,-0.007076,-0.234848,
20042,20.042,-0.005974,0.013593,
20043,20.043,-0.005089,0.180943,
20044,20.044,-0.010517,0.332174,
20045,20.045,-0.013476,0.414639,
20046,20.046,-0.009554,0.390487,
20047,20.047,-0.009227,0.323002,
20048,20.048,-0.006073,0.220684,
20049,20.049,-0.009553,0.090064,
20050,20.050,-0.010550,0.004298,
20051,20.051,-0.012613,-0.105232,
20052,20.052,-0.006238,-0.289355,
20053,20.053,-0.014158,-0.416586,
20054,20.054,-0.008509,-0.488504,
20055,20.055,-0.011695,-0.514220,
20056,20.056,-0.013073,-0.538270,
20057,20.057,-0.011750,-0.527413,
20058,20.058,-0.008263,-0.548964,
20059,20.059,-0.000208,-0.541820,
20060,20.060,-0.004720,-0.435374,
20061,20.061,-0.008719,-0.366858,
20062,20.062,-0.014785,-0.250415,
20063,20.063,-0.007179,-0.075034,
20064,20.064,-0.007016,0.037608,
20065,20.065,-0.010911,-0.040760,
20066,20.066,-0.007194,-0.072679,
20067,20.067,-0.003837,-0.102961,
20068,20.068,0.000547,-0.131799,
20069,20.069,-0.003844,-0.128836,
20070,20.070,0.002249,-0.099728,
20071,20.071,0.002771,-0.069741,
20072,20.072,-0.000760,-0.171440,
20073,20.073,0.011283,-0.196854,
20074,20.074,-0.017441,-0.180400,
20075,20.075,0.001737,-0.186553,
20076,20.076,-0.002598,-0.177016,
20077,20.077,-0.000135,-0.217152,
20078,20.078,0.014023,-0.170043,
20079,20.079,-0.000402,-0.057520,
20080,20.080,-0.003468,0.129608,
20081,20.081,-0.001972,0.303077,
20082,20.082,-0.004666,0.311682,
20083,20.083,0.011437,0.139096,
20084,20.084,0.017409,-0.018933,
20085,20.085,0.022882,-0.164384,
20086,20.086,0.016709,-0.331537,
20087,20.087,0.017837,-0.367031,
20088,20.088,0.018820,-0.215042,
20089,20.089,0.019657,0.062251,
20090,20.090,0.022874,0.406296,
20091,20.091,0.019197,0.633969,
20092,20.092,0.017756,0.752966,
20093,20.093,0.027657,0.781312,
20094,20.094,0.028640,0.806541,
20095,20.095,0.024549,0.697670,
20096,20.096,0.025231,0.419134,
20097,20.097,0.019665,0.228915,
20098,20.098,0.023946,0.252001,
20099,20.099,0.029600,0.331785,
20100,20.100,0.017855,0.403698,
20101,20.101,0.043016,0.419267,
20102,20.102,0.097452,0.388125,
20103,20.103,-0.020120,0.359161,
20104,20.104,-0.003542,0.072954,
20105,20.105,-0.018914,-0.133410,
20106,20.106,-0.005166,-0.248777,
20107,20.107,-0.017798,-0.353682,
20108,20.108,-0.006395,-0.388853,
20109,20.109,-0.016784,-0.365867,
20110,20.110,-0.007363,-0.294942,
20111,20.111,0.001216,-0.139750,
20112,20.112,-0.006612,-0.038534,
20113,20.113,-0.013771,0.017450,
20114,20.114,-0.020236,-0.065294,
20115,20.115,-0.002838,-0.201164,
20116,20.116,-0.008100,-0.254636,
20117,20.117,-0.022489,-0.269196,
20118,20.118,-0.018092,-0.251549,
20119,20.119,-0.021987,-0.095705,
20120,20.120,-0.018425,0.091023,
20121,20.121,-0.015191,0.366328,
20122,20.122,-0.006372,0.696286,
20123,20.123,-0.025465,1.095186,
20124,20.124,-0.013080,1.259897,
20125,20.125,-0.019672,1.218776,
20126,20.126,-0.021699,1.095120,
20127,20.127,-0.016080,0.824824,
20128,20.128,-0.021120,0.435692,
20129,20.129,0.001949,0.074389,
20130,20.130,-0.007815,-0.157084,
20131,20.131,-0.010648,-0.278923,
20132,20.132,-0.007874,-0.309044,
20133,20.133,-0.000517,-0.263419,
20134,20.134,-0.002615,-0.286765,
20135,20.135,-0.000460,-0.426337,
20136,20.136,-0.002205,-0.498056,
20137,20.137,-0.003792,-0.562318,
20138,20.138,0.006990,-0.575025,
20139,20.139,-0.002537,-0.544831,
20140,20.140,-0.003597,-0.441981,
20141,20.141,0.009047,-0.414380,
20142,20.142,-0.006048,-0.295972,
20143,20.143,0.008284,-0.187007,
20144,20.144,-0.000883,-0.111915,
20145,20.145,0.011107,0.003518,
20146,20.146,0.003646,0.112411,
20147,20.147,0.007860,0.186532,
20148,20.148,0.004301,0.231555,
20149,20.149,0.001264,0.272666,
20150,20.150,0.008727,0.424607,
20151,20.151,0.006212,0.535690,
20152,20.152,0.012346,0.637401,
20153,20.153,0.013281,0.595783,
20154,20.154,0.008533,0.496918,
20155,20.155,0.012959,0.323665,
20156,20.156,0.014861,0.059883,
20157,20.157,0.007332,-0.330139,
20158,20.158,0.008603,-0.587734,
20159,20.159,0.011933,-0.725644,
20160,20.160,0.014936,-0.850479,
20161,20.161,0.023037,-0.804849,
20162,20.162,0.020332,-0.690763,
20163,20.163,0.017988,-0.455230,
20164,20.164,0.014124,-0.181140,
20165,20.165,0.015185,0.076708,
20166,20.166,0.013559,0.246108,
20167,20.167,0.019709,0.221376,
20168,20.168,0.008613,0.145041,
20169,20.169,0.007342,-0.022673,
20170,20.170,0.006262,-0.219758,
20171,20.171,0.005359,-0.296527,
20172,20.172,0.004126,-0.322549,
20173,20.173,0.008314,-0.293440,
20174,20.174,0.021290,-0.176997,
20175,20.175,-0.003615,0.010069,
20176,20.176,0.000398,0.086769,
20177,20.177,-0.008969,-0.023441,
20178,20.178,-0.005637,-0.002512,
20179,20.179,-0.002487,0.052424,
20180,20.180,-0.014382,0.034168,
20181,20.181,-0.020540,0.047705,
20182,20.182,-0.018095,0.115574,
20183,20.183,-0.026993,0.126507,
20184,20.184,-0.014756,0.136394,
20185,20.185,-0.009802,0.145104,
20186,20.186,-0.019076,0.152753,
20187,20.187,-0.009944,0.141953,
20188,20.188,-0.012840,0.053466,
20189,20.189,-0.009484,-0.121567,
20190,20.190,-0.011918,-0.345952,
20191,20.191,-0.003870,-0.557130,
20192,20.192,-0.006647,-0.749476,
20193,20.193,-0.010986,-0.678237,
20194,20.194,-0.011618,-0.568452,
20195,20.195,-0.009231,-0.346721,
20196,20.196,-0.012620,-0.139970,
20197,20.197,-0.014191,0.156363,
20198,20.198,-0.012399,0.273338,
20199,20.199,-0.014867,0.307034,
20200,20.200,-0.008730,0.271448,
20201,20.201,-0.009547,0.298070,
20202,20.202,-0.007359,0.430020,
20203,20.203,-0.009423,0.450688,
20204,20.204,-0.012517,0.379357,
20205,20.205,-0.017846,0.395336,
20206,20.206,-0.011526,0.409466,
20207,20.207,-0.010820,0.388669,
20208,20.208,-0.010306,0.308486,
20209,20.209,-0.006942,0.207710,
20210,20.210,-0.005443,0.141378,
20211,20.211,-0.014462,0.103523,
20212,20.212,-0.008447,0.027383,
20213,20.213,-0.011928,-0.118241,
20214,20.214,-0.004949,-0.263869,
20215,20.215,0.003204,-0.248750,
20216,20.216,-0.002704,-0.268771,
20217,20.217,0.000007,-0.257035,
20218,20.218,-0.008796,-0.246878,
20219,20.219,-0.003583,-0.238055,
20220,20.220,-0.000915,-0.299503,
20221,20.221,0.001400,-0.460043,
20222,20.222,0.000154,-0.441616,
20223,20.223,0.001937,-0.302948,
20224,20.224,0.005078,-0.102484,
20225,20.225,0.014148,0.192634,
20226,20.226,0.006790,0.388273,
20227,20.227,0.010081,0.565764,
20228,20.228,0.010690,0.661162,
20229,20.229,0.007238,0.389490,
20230,20.230,0.013297,0.133785,
20231,20.231,0.012076,-0.033716,
20232,20.232,0.012365,-0.066936,
20233,20.233,0.005585,-0.151334,
20234,20.234,0.007780,-0.129465,
20235,20.235,0.014425,0.025662,
20236,20.236,0.011444,0.085031,
20237,20.237,0.006933,0.101882,
20238,20.238,0.011894,0.150610,
20239,20.239,0.000988,0.133532,
20240,20.240,-0.006843,0.144997,
20241,20.241,-0.003001,0.003109,
20242,20.242,0.000513,-0.204155,
20243,20.243,-0.002871,-0.289400,
20244,20.244,0.004252,-0.416637,
20245,20.245,0.010540,-0.442916,
20246,20.246,0.007893,-0.304235,
20247,20.247,0.008476,-0.103842,
20248,20.248,0.003503,0.082841,
20249,20.249,0.003966,0.252475,
20250,20.250,0.010364,0.361955,
20251,20.251,0.009524,0.379883,
20252,20.252,0.002605,0.322344,
20253,20.253,0.005352,0.169161,
20254,20.254,0.006255,-0.056467,
20255,20.255,0.010044,-0.386274,
20256,20.256,0.003715,-0.693742,
20257,20.257,0.006357,-0.735218,
20258,20.258,-0.003480,-0.701216,
20259,20.259,0.003621,-0.408071,
20260,20.260,0.007534,-0.211958,
20261,20.261,0.004514,0.110470,
20262,20.262,0.007764,0.326552,
20263,20.263,-0.000460,0.443179,
20264,20.264,0.002995,0.476928,
20265,20.265,-0.001993,0.573182,
20266,20.266,-0.000873,0.541432,
20267,20.267,0.001939,0.350013,
20268,20.268,0.000039,0.323919,
20269,20.269,0.003895,0.255481,
20270,20.270,0.004727,0.112248,
20271,20.271,0.010293,-0.055020,
20272,20.272,0.005722,-0.212228,
20273,20.273,0.004557,-0.227583,
20274,20.274,0.000685,-0.166515,
20275,20.275,0.009843,-0.073612,
20276,20.276,-0.008725,0.011015,
20277,20.277,-0.000236,0.118696,
20278,20.278,-0.017105,0.188873,
20279,20.279,-0.010127,0.202060,
20280,20.280,0.004454,0.191026,
20281,20.281,-0.008195,0.034991,
20282,20.282,-0.006138,-0.300512,
20283,20.283,-0.019656,-0.828048,
20284,20.284,-0.013725,-0.756719,
20285,20.285,-0.001545,-0.563556,
20286,20.286,0.015721,-0.387742,
20287,20.287,0.000503,-0.227792,
20288,20.288,-0.005248,0.110080,
20289,20.289,0.004402,0.417292,
20290,20.290,0.013174,0.696465,
20291,20.291,-0.003437,0.878183,
20292,20.292,-0.005344,0.912437,
20293,20.293,0.001027,0.824798,
20294,20.294,-0.004294,0.637200,
20295,20.295,-0.002338,0.467227,
20296,20.296,-0.006658,0.313152,
20297,20.297,-0.005074,0.133000,
20298,20.298,-0.001130,-0.085489,
20299,20.299,-0.006520,-0.231159,
20300,20.300,-0.001104,-0.417386,
20301,20.301,-0.001802,-0.487805,
20302,20.302,-0.000829,-0.417449,
20303,20.303,0.003011,-0.434676,
20304,20.304,-0.007556,-0.376221,
20305,20.305,0.006388,-0.255516,
20306,20.306,-0.006584,-0.145516,
20307,20.307,-0.008243,-0.045165,
20308,20.308,-0.009738,-0.003953,
20309,20.309,-0.000086,0.034520,
20310,20.310,-0.001264,0.028682,
20311,20.311,-0.006860,0.042859,
20312,20.312,-0.001653,0.039172,
20313,20.313,0.000996,0.020744,
20314,20.314,0.000066,0.018319,
20315,20.315,0.002165,0.016143,
20316,20.316,-0.005732,0.014288,
20317,20.317,-0.006874,-0.030291,
20318,20.318,-0.009717,-0.085681,
20319,20.319,-0.000396,-0.169139,
20320,20.320,-0.004288,-0.224312,
20321,20.321,-0.014777,-0.170119,
20322,20.322,-0.008018,-0.101897,
20323,20.323,-0.007051,0.012129,
20324,20.324,-0.010495,0.121263,
20325,20.325,-0.007682,0.192979,
20326,20.326,-0.014336,0.207810,
20327,20.327,-0.010382,0.175677,
20328,20.328,-0.005439,0.105146,
20329,20.329,-0.006399,0.003093,
20330,20.330,-0.002481,-0.119840,
20331,20.331,0.002482,-0.201796,
20332,20.332,-0.001372,-0.215095,
20333,20.333,0.002528,-0.171867,
20334,20.334,-0.005409,-0.107514,
20335,20.335,-0.008770,-0.002507,
20336,20.336,-0.009913,0.096520,
20337,20.337,-0.014416,0.186780,
20338,20.338,-0.003217,0.269365,
20339,20.339,-0.005238,0.281952,
20340,20.340,0.002053,0.179894,
20341,20.341,0.005801,-0.026429,
20342,20.342,0.009200,-0.173426,
20343,20.343,0.003298,-0.307262,
20344,20.344,0.008243,-0.330563,
20345,20.345,0.007107,-0.262638,
20346,20.346,0.002602,-0.160587,
20347,20.347,0.009255,-0.030909,
20348,20.348,0.011695,0.053020,
20349,20.349,0.017368,0.129140,
20350,20.350,0.016458,0.170329,
20351,20.351,0.005582,0.157318,
20352,20.352,0.012982,0.099354,
20353,20.353,0.011436,-0.015622,
20354,20.354,0.012445,-0.092290,
20355,20.355,0.009053,-0.217538,
20356,20.356,0.001640,-0.301505,
20357,20.357,-0.003066,-0.377775,
20358,20.358,-0.005724,-0.363672,
20359,20.359,-0.000581,-0.275173,
20360,20.360,0.001369,-0.194492,
20361,20.361,0.005534,-0.079705,
20362,20.362,0.007178,0.058081,
20363,20.363,0.007652,0.224792,
20364,20.364,0.004602,0.336875,
20365,20.365,0.002576,0.397823,
20366,20.366,0.001578,0.416232,
20367,20.367,0.001272,0.432883,
20368,20.368,0.006403,0.417503,
20369,20.369,-0.002833,0.347759,
20370,20.370,-0.003920,0.259193,
20371,20.371,0.011073,0.132389,
20372,20.372,0.009148,-0.019221,
20373,20.373,-0.000030,-0.080282,
20374,20.374,-0.004613,-0.121312,
20375,20.375,0.010756,-0.139808,
20376,20.376,0.025120,-0.123144,
20377,20.377,-0.002630,-0.108092,
20378,20.378,0.017495,-0.122239,
20379,20.379,-0.000444,-0.110089,
20380,20.380,0.002944,-0.122065,
20381,20.381,0.017996,-0.112316,
20382,20.382,0.004461,-0.103476,
20383,20.383,0.002244,-0.095461,
20384,20.384,-0.004203,-0.088221,
20385,20.385,-0.010147,-0.081580,
20386,20.386,-0.000710,-0.062674,
20387,20.387,0.011242,-0.057254,
20388,20.388,0.009814,-0.031010,
20389,20.389,0.005861,-0.007134,
20390,20.390,0.002221,0.023235,
20391,20.391,0.001287,0.050539,
20392,20.392,-0.005928,0.060548,
20393,20.393,-0.010451,0.062841,
20394,20.394,-0.012973,0.064760,
20395,20.395,-0.004518,0.050199,
20396,20.396,-0.007745,0.032249,
20397,20.397,-0.010839,0.007023,
20398,20.398,-0.015475,-0.009770,
20399,20.399,-0.013027,-0.024974,
20400,20.400,-0.009407,-0.022554,
20401,20.401,-0.013097,-0.020494,
20402,20.402,-0.013773,-0.018680,
20403,20.403,-0.008716,-0.021172,
20404,20.404,-0.016727,-0.027337,
20405,20.405,-0.013936,-0.005997,
20406,20.406,-0.015055,0.014078,
20407,20.407,-0.016212,0.032452,
20408,20.408,-0.012833,0.039012,
20409,20.409,-0.013863,0.036210,
20410,20.410,-0.015947,0.009201,
20411,20.411,-0.011115,-0.023941,
20412,20.412,-0.017987,-0.063908,
20413,20.413,-0.014210,-0.048121,
20414,20.414,-0.010967,-0.014330,
20415,20.415,-0.016384,0.007605,
20416,20.416,-0.019956,0.003570,
20417,20.417,-0.017638,0.006844,
20418,20.418,-0.019722,-0.003395,
20419,20.419,-0.018106,-0.006856,
20420,20.420,-0.012288,0.006073,
20421,20.421,-0.012060,0.022365,
20422,20.422,-0.020473,0.027855,
20423,20.423,-0.007415,0.032706,
20424,20.424,-0.006219,0.037042,
20425,20.425,-0.008577,0.044253,
20426,20.426,-0.001607,0.035424,
20427,20.427,0.004685,0.013467,
20428,20.428,-0.002235,0.003580,
20429,20.429,0.004885,-0.000165,
20430,20.430,0.005257,0.016155,
20431,20.431,0.009189,0.021880,
20432,20.432,0.007753,0.023085,
20433,20.433,0.001915,0.020419,
20434,20.434,0.004885,0.017981,
20435,20.435,0.013815,0.018798,
20436,20.436,0.014658,0.016758,
20437,20.437,0.005394,0.007290,
20438,20.438,0.012763,0.019146,
20439,20.439,0.007121,0.030316,
20440,20.440,0.011318,0.025083,
20441,20.441,0.010128,0.020380,
20442,20.442,0.012035,0.005880,
20443,20.443,0.012454,-0.015248,
20444,20.444,0.003941,-0.029656,
20445,20.445,0.011538,-0.042732,
20446,20.446,0.012440,-0.045691,
20447,20.447,0.011524,-0.044451,
20448,20.448,0.005574,-0.039687,
20449,20.449,0.010834,-0.032057,
20450,20.450,0.008882,-0.022209,
20451,20.451,0.009518,-0.029920,
20452,20.452,0.018489,-0.024425,
20453,20.453,0.017539,-0.012661,
20454,20.454,0.010039,-0.004957,
20455,20.455,0.015611,-0.004168,
20456,20.456,0.018709,-0.008921,
20457,20.457,0.009673,-0.013301,
20458,20.458,0.024014,-0.014979,
20459,20.459,0.022675,-0.020871,
20460,20.460,0.028324,-0.016956,
20461,20.461,0.018275,-0.018465,
20462,20.462,0.020293,-0.013893,
20463,20.463,0.024711,-0.009669,
20464,20.464,0.019872,-0.000841,
20465,20.465,0.025892,0.008206,
20466,20.466,0.016381,0.024062,
20467,20.467,0.021285,0.030100,
20468,20.468,0.023342,0.035634,
20469,20.469,0.018662,0.048091,
20470,20.470,0.026872,0.032292,
20471,20.471,0.023270,0.025637,
20472,20.472,0.023417,0.012058,
20473,20.473,0.015957,0.016602,
20474,20.474,0.006676,0.017634,
20475,20.475,0.010756,0.014301,
20476,20.476,0.004849,0.012503,
20477,20.477,0.017223,-0.001835,
20478,20.478,-0.004726,-0.030212,
20479,20.479,-0.000475,-0.042499,
20480,20.480,-0.014312,-0.032083,
20481,20.481,-0.010577,-0.009437,
20482,20.482,-0.007191,-0.018561,
20483,20.483,-0.021755,-0.016168,
20484,20.484,-0.026890,-0.004135,
20485,20.485,-0.027814,0.011112,
20486,20.486,-0.035344,0.016919,
20487,20.487,-0.023780,0.040836,
20488,20.488,-0.021575,0.043751,
20489,20.489,-0.017021,0.034673,
20490,20.490,-0.026527,0.026304,
20491,20.491,-0.024406,0.033356,
20492,20.492,-0.019956,0.044323,
20493,20.493,-0.016055,0.038069,
20494,20.494,-0.026922,0.032359,
20495,20.495,-0.024822,0.027139,
20496,20.496,-0.020213,0.022430,
20497,20.497,-0.018546,0.015413,
20498,20.498,-0.023700,-0.003570,
20499,20.499,-0.020296,-0.017283,
20500,20.500,-0.019154,-0.014865,
20501,20.501,-0.023153,-0.012546,
20502,20.502,-0.017753,-0.006302,
20503,20.503,-0.018336,-0.015401,
20504,20.504,-0.024059,-0.020246,
20505,20.505,-0.020383,-0.024591,
20506,20.506,-0.009850,-0.009181,
20507,20.507,-0.011568,-0.015090,
20508,20.508,-0.015912,-0.013055,
20509,20.509,-0.010021,-0.017961,
20510,20.510,-0.016060,-0.019303,
20511,20.511,-0.013546,-0.017739,
20512,20.512,-0.015037,-0.011214,
20513,20.513,-0.009847,-0.009816,
20514,20.514,-0.011351,-0.014627,
20515,20.515,-0.014320,-0.003847,
20516,20.516,-0.011117,0.003573,
20517,20.517,-0.011764,0.012857,
20518,20.518,-0.015549,0.021115,
20519,20.519,-0.015726,0.026819,
20520,20.520,-0.020081,0.029969,
20521,20.521,-0.015923,0.017541,
20522,20.522,-0.023560,-0.002515,
20523,20.523,-0.013865,-0.015812,
20524,20.524,-0.007335,-0.012986,
20525,20.525,-0.010899,0.003091,
20526,20.526,-0.019958,-0.002439,
20527,20.527,-0.013403,-0.007400,
20528,20.528,-0.023499,-0.015306,
20529,20.529,-0.016447,-0.022432,
20530,20.530,-0.017783,-0.023302,
20531,20.531,-0.019354,-0.016498,
20532,20.532,-0.008259,-0.001010,
20533,20.533,-0.012755,0.009716,
20534,20.534,-0.020500,0.000969,
20535,20.535,-0.027766,0.006618,
20536,20.536,-0.017924,0.030203,
20537,20.537,-0.025675,0.034005,
20538,20.538,-0.038959,0.025786,
20539,20.539,-0.031931,0.012662,
20540,20.540,-0.033308,0.005934,
20541,20.541,-0.032615,-0.009122,
20542,20.542,-0.029805,-0.022794,
20543,20.543,-0.027569,0.005720,
20544,20.544,-0.035712,0.018148,
20545,20.545,-0.026320,0.000590,
20546,20.546,-0.026636,-0.002130,
20547,20.547,-0.020901,0.007152,
20548,20.548,-0.015698,-0.006074,
20549,20.549,-0.013561,-0.022913,
20550,20.550,-0.007177,-0.024771,
20551,20.551,-0.005369,-0.030589,
20552,20.552,-0.009125,-0.017301,
20553,20.553,-0.009125,0.008366,
20554,20.554,0.000199,0.041526,
20555,20.555,0.001095,0.046270,
20556,20.556,0.007099,0.050510,
20557,20.557,0.019579,0.054450,
20558,20.558,0.024843,0.045064,
20559,20.559,0.023739,0.030608,
20560,20.560,0.039636,0.000913,
20561,20.561,0.042613,-0.058735,
20562,20.562,0.053012,-0.066947,
20563,20.563,0.066163,-0.058765,
20564,20.564,0.069188,-0.051230,
20565,20.565,0.089022,-0.031518,
20566,20.566,0.093313,-0.013673,
20567,20.567,0.106648,0.002602,
20568,20.568,0.119126,0.017338,
20569,20.569,0.134676,0.013250,
20570,20.570,0.145854,0.017433,
20571,20.571,0.141150,0.014162,
20572,20.572,0.151185,-0.015360,
20573,20.573,0.158172,-0.043044,
20574,20.574,0.153838,-0.060936,
20575,20.575,0.168960,-0.083730,
20576,20.576,0.164259,-0.028686,
20577,20.577,0.166642,0.010615,
20578,20.578,0.180333,0.016093,
20579,20.579,0.165566,-0.007837,
20580,20.580,0.139779,-0.020773,
20581,20.581,0.124280,-0.000571,
20582,20.582,0.110764,0.017746,
20583,20.583,0.105682,0.014751,
20584,20.584,0.077527,0.017832,
20585,20.585,0.069278,0.009901,
20586,20.586,0.046427,0.022449,
20587,20.587,0.048068,0.011482,
20588,20.588,0.030348,0.017719,
20589,20.589,0.020839,0.027093,
20590,20.590,-0.003753,0.001718,
20591,20.591,-0.025963,-0.038408,
20592,20.592,-0.045499,-0.033225,
20593,20.593,-0.062586,-0.009098,
20594,20.594,-0.059495,0.012864,
20595,20.595,-0.067181,0.008947,
20596,20.596,-0.078347,0.005333,
20597,20.597,-0.087783,0.028284,
20598,20.598,-0.108131,0.061240,
20599,20.599,-0.105352,0.091970,
20600,20.600,-0.115352,0.080009,
20601,20.601,-0.123714,0.046990,
20602,20.602,-0.119784,-0.001818,
20603,20.603,-0.120362,-0.008476,
20604,20.604,-0.111435,-0.014341,
20605,20.605,-0.106695,-0.030319,
20606,20.606,-0.112897,-0.054672,
20607,20.607,-0.114499,-0.050445,
20608,20.608,-0.121485,-0.038704,
20609,20.609,-0.142467,-0.027930,
20610,20.610,-0.075473,-0.031206,
20611,20.611,-0.059899,-0.016456,
20612,20.612,-0.029631,-0.035800,
20613,20.613,-0.029803,-0.033689,
20614,20.614,-0.003593,-0.022785,
20615,20.615,-0.014149,0.007628,
20616,20.616,0.029834,0.011888,
20617,20.617,0.041106,0.031742,
20618,20.618,0.051721,0.028149,
20619,20.619,0.061653,0.018339,
20620,20.620,0.071006,0.015471,
20621,20.621,0.086352,0.007354,
20622,20.622,0.094469,0.004983,
20623,20.623,0.102121,-0.001640,
20624,20.624,0.119139,-0.011867,
20625,20.625,0.121244,-0.013849,
20626,20.626,0.131336,-0.025849,
20627,20.627,0.133091,-0.045924,
20628,20.628,0.131211,-0.043306,
20629,20.629,0.123361,-0.026148,
20630,20.630,0.121688,-0.005980,
20631,20.631,0.107144,-0.003415,
20632,20.632,0.106407,0.003750,
20633,20.633,0.093116,0.001443,
20634,20.634,0.076867,-0.008847,
20635,20.635,0.056562,-0.003400,
20636,20.636,0.047916,0.018453,
20637,20.637,0.034524,0.045399,
20638,20.638,-0.000686,0.063352,
20639,20.639,-0.065877,0.059979,
20640,20.640,-0.094401,0.051011,
20641,20.641,-0.089863,0.031693,
20642,20.642,-0.072380,0.014221,
20643,20.643,-0.070354,0.007385,
20644,20.644,-0.081096,0.009182,
20645,20.645,-0.081403,-0.004073,
20646,20.646,-0.111692,-0.019514,
20647,20.647,-0.166928,-0.013619,
20648,20.648,-0.193450,0.014110,
20649,20.649,-0.242193,0.057929,
20650,20.650,-0.287777,0.075193,
20651,20.651,-0.301439,0.048426,
20652,20.652,-0.297703,-0.024565,
20653,20.653,-0.303810,-0.035158,
20654,20.654,-0.325140,0.011923,
20655,20.655,-0.332917,0.003028,
20656,20.656,-0.341562,-0.051864,
20657,20.657,-0.367255,-0.087655,
20658,20.658,-0.377338,-0.081476,
20659,20.659,-0.379071,-0.040759,
20660,20.660,-0.378208,-0.003767,
20661,20.661,-0.397498,0.020209,
20662,20.662,-0.409914,0.033224,
20663,20.663,-0.401391,0.005123,
20664,20.664,-0.366683,-0.020419,
20665,20.665,-0.275154,-0.023782,
20666,20.666,-0.153029,-0.050936,
20667,20.667,-0.150440,-0.061812,
20668,20.668,-0.116167,-0.058602,
20669,20.669,-0.086717,-0.043716,
20670,20.670,-0.061717,-0.035600,
20671,20.671,-0.040817,-0.028332,
20672,20.672,-0.046307,0.000917,
20673,20.673,-0.011312,0.028807,
20674,20.674,-0.019051,0.046892,
20675,20.675,0.006832,0.050101,
20676,20.676,0.044210,0.047261,
20677,20.677,0.052697,0.042762,
20678,20.678,0.056879,0.040142,
20679,20.679,0.111075,0.032971,
20680,20.680,0.084744,0.017551,
20681,20.681,0.145743,0.019741,
20682,20.682,0.119047,0.029205,
20683,20.683,0.131440,0.017515,
20684,20.684,0.158962,0.006965,
20685,20.685,0.167124,-0.002541,
20686,20.686,0.173846,0.003902,
20687,20.687,0.192176,0.009680,
20688,20.688,0.208026,0.015145,
20689,20.689,0.243280,0.014524,
20690,20.690,0.263454,0.001882,
20691,20.691,0.269506,0.022526,
20692,20.692,0.285589,0.030774,
20693,20.693,0.290401,0.033263,
20694,20.694,0.277398,0.013073,
20695,20.695,0.289710,-0.005925,
20696,20.696,0.279475,-0.003443,
20697,20.697,0.276976,-0.005554,
20698,20.698,0.287129,-0.003403,
20699,20.699,0.286116,0.006073,
20700,20.700,0.276141,0.004578,
20701,20.701,0.281062,-0.009093,
20702,20.702,0.266306,0.000374,
20703,20.703,0.253876,-0.008005,
20704,20.704,0.270860,-0.015540,
20705,20.705,0.251264,-0.005752,
20706,20.706,0.240470,0.000617,
20707,20.707,0.232052,0.001672,
20708,20.708,0.231227,0.017427,
20709,20.709,0.232254,0.015316,
20710,20.710,0.234950,0.005338,
20711,20.711,0.239303,0.007381,
20712,20.712,0.238513,0.002497,
20713,20.713,0.255219,0.004202,
20714,20.714,0.267115,-0.013758,
20715,20.715,0.267579,-0.030912,
20716,20.716,0.273663,-0.041982,
20717,20.717,0.274878,-0.039830,
20718,20.718,0.273785,-0.034084,
20719,20.719,0.284743,-0.025459,
20720,20.720,0.292636,-0.014636,
20721,20.721,0.281828,-0.004823,
20722,20.722,0.289190,-0.005854,
20723,20.723,0.282501,-0.008933,
20724,20.724,0.271536,-0.024559,
20725,20.725,0.263133,-0.035637,
20726,20.726,0.242022,-0.037608,
20727,20.727,0.236045,-0.024543,
20728,20.728,0.222470,-0.022851,
20729,20.729,0.212532,-0.009016,
20730,20.730,0.188130,0.000184,
20731,20.731,0.154014,0.015228,
20732,20.732,0.107784,0.041600,
20733,20.733,0.084754,0.016069,
20734,20.734,-0.003181,-0.007052,
20735,20.735,-0.055558,0.001609,
20736,20.736,-0.045597,-0.001268,
20737,20.737,-0.059867,0.000924,
20738,20.738,-0.071229,-0.001431,
20739,20.739,-0.100630,0.012605,
20740,20.740,-0.163893,0.025443,
20741,20.741,-0.199825,0.016755,
20742,20.742,-0.251835,0.018041,
20743,20.743,-0.279038,0.013729,
20744,20.744,-0.285560,0.009736,
20745,20.745,-0.290438,0.019739,
20746,20.746,-0.294186,0.004207,
20747,20.747,-0.284039,-0.010305,
20748,20.748,-0.274177,-0.005013,
20749,20.749,-0.254372,-0.006952,
20750,20.750,-0.274750,-0.005663,
20751,20.751,-0.284401,0.006597,
20752,20.752,-0.309243,0.008003,
20753,20.753,-0.323410,-0.006138,
20754,20.754,-0.354312,0.010311,
20755,20.755,-0.383940,0.025544,
20756,20.756,-0.401821,0.023177,
20757,20.757,-0.418766,-0.005065,
20758,20.758,-0.426812,-0.025336,
20759,20.759,-0.435131,-0.007524,
20760,20.760,-0.443713,-0.004561,
20761,20.761,-0.440890,-0.001882,
20762,20.762,-0.455881,0.000687,
20763,20.763,-0.460786,0.007802,
20764,20.764,-0.444224,0.005401,
20765,20.765,-0.451883,-0.025451,
20766,20.766,-0.465309,-0.047670,
20767,20.767,-0.470427,-0.036026,
20768,20.768,-0.468723,-0.018079,
20769,20.769,-0.454079,-0.015007,
20770,20.770,-0.467897,-0.000295,
20771,20.771,-0.470701,0.018651,
20772,20.772,-0.458553,0.035779,
20773,20.773,-0.442259,0.033477,
20774,20.774,-0.412651,0.027271,
20775,20.775,-0.374911,0.014041,
20776,20.776,-0.355358,0.015500,
20777,20.777,-0.313699,0.016812,
20778,20.778,-0.289448,0.034908,
20779,20.779,-0.252782,0.052860,
20780,20.780,-0.192971,0.035478,
20781,20.781,-0.201643,0.001642,
20782,20.782,-0.135626,-0.042184,
20783,20.783,-0.097890,-0.036559,
20784,20.784,-0.045013,-0.020797,
20785,20.785,0.039067,-0.016227,
20786,20.786,0.032504,-0.029599,
20787,20.787,0.075182,-0.017858,
20788,20.788,0.135321,-0.014309,
20789,20.789,0.167108,0.002114,
20790,20.790,0.213275,0.010955,
20791,20.791,0.253698,0.013696,
20792,20.792,0.288654,0.016082,
20793,20.793,0.333418,0.022702,
20794,20.794,0.357624,0.000187,
20795,20.795,0.393833,-0.002771,
20796,20.796,0.383002,-0.010948,
20797,20.797,0.410799,-0.033313,
20798,20.798,0.435011,-0.030485,
20799,20.799,0.434849,-0.011386,
20800,20.800,0.443658,0.000963,
20801,20.801,0.433362,-0.001219,
20802,20.802,0.415493,0.013044,
20803,20.803,0.456889,0.029845,
20804,20.804,0.467787,0.036482,
20805,20.805,0.463227,0.030444,
20806,20.806,0.445947,0.013754,
20807,20.807,0.453381,0.007181,
20808,20.808,0.449494,-0.019393,
20809,20.809,0.445971,-0.052218,
20810,20.810,0.416600,-0.074149,
20811,20.811,0.398259,-0.046102,
20812,20.812,0.367290,-0.005827,
20813,20.813,0.352773,0.010280,
20814,20.814,0.334053,0.005761,
20815,20.815,0.311984,-0.007229,
20816,20.816,0.282653,-0.018911,
20817,20.817,0.256024,-0.007930,
20818,20.818,0.232576,0.028656,
20819,20.819,0.193880,0.033648,
20820,20.820,0.147018,0.011898,
20821,20.821,0.129670,0.000305,
20822,20.822,0.114920,0.011384,
20823,20.823,0.091743,0.061226,
20824,20.824,0.061984,0.068642,
20825,20.825,0.044735,0.049696,
20826,20.826,0.030153,0.032617,
20827,20.827,0.018009,0.017051,
20828,20.828,0.001509,0.012675,
20829,20.829,-0.018567,0.043854,
20830,20.830,-0.036507,0.048153,
20831,20.831,-0.045042,0.015755,
20832,20.832,-0.069821,0.002923,
20833,20.833,-0.074489,0.007128,
20834,20.834,-0.085587,0.018276,
20835,20.835,-0.116618,-0.030987,
20836,20.836,-0.133859,-0.080484,
20837,20.837,-0.129167,-0.073907,
20838,20.838,-0.159396,-0.068020,
20839,20.839,-0.165664,-0.041304,
20840,20.840,-0.180224,-0.026709,
20841,20.841,-0.192572,-0.022017,
20842,20.842,-0.202949,0.006246,
20843,20.843,-0.218811,0.046774,
20844,20.844,-0.199627,0.031384,
20845,20.845,-0.199214,0.007712,
20846,20.846,-0.214867,0.012705,
20847,20.847,-0.215865,0.001508,
20848,20.848,-0.204391,-0.001356,
20849,20.849,-0.198733,-0.003823,
20850,20.850,-0.183366,-0.011858,
20851,20.851,-0.168955,-0.003045,
20852,20.852,-0.171609,0.004747,
20853,20.853,-0.155129,0.011672,
20854,20.854,-0.143165,0.017922,
20855,20.855,-0.141157,0.034675,
20856,20.856,-0.127992,0.041292,
20857,20.857,-0.110766,0.027087,
20858,20.858,-0.097613,-0.000785,
20859,20.859,-0.082761,-0.036917,
20860,20.860,-0.079065,-0.051621,
20861,20.861,-0.075563,-0.047817,
20862,20.862,-0.059883,-0.036545,
20863,20.863,-0.045380,-0.018940,
20864,20.864,-0.040496,0.003666,
20865,20.865,-0.036098,0.006149,
20866,20.866,-0.018297,-0.013393,
20867,20.867,-0.017724,-0.016174,
20868,20.868,-0.009828,0.003753,
20869,20.869,-0.006094,0.011532,
20870,20.870,0.000249,0.018438,
20871,20.871,0.014291,0.006831,
20872,20.872,0.017288,-0.020183,
20873,20.873,0.019912,-0.038707,
20874,20.874,0.019469,-0.042283,
20875,20.875,0.021380,-0.027735,
20876,20.876,0.027519,-0.036216,
20877,20.877,0.035189,-0.038945,
20878,20.878,0.047637,-0.037107,
20879,20.879,0.043696,-0.049296,
20880,20.880,0.041989,-0.023074,
20881,20.881,0.064843,-0.005319,
20882,20.882,0.028245,0.004120,
20883,20.883,0.061758,0.030828,
20884,20.884,0.039381,0.070580,
20885,20.885,0.035043,0.107478,
20886,20.886,0.045356,0.102400,
20887,20.887,0.028382,0.071244,
20888,20.888,0.042675,0.026927,
20889,20.889,0.028332,-0.026289,
20890,20.890,0.034955,-0.062002,
20891,20.891,0.023123,-0.107346,
20892,20.892,0.040872,-0.136762,
20893,20.893,0.037822,-0.131634,
20894,20.894,0.025971,-0.155872,
20895,20.895,0.019242,-0.160272,
20896,20.896,0.013022,-0.164151,
20897,20.897,0.003908,-0.160574,
20898,20.898,-0.004350,-0.124184,
20899,20.899,-0.009026,-0.051403,
20900,20.900,-0.005897,0.063369,
20901,20.901,-0.009669,0.170527,
20902,20.902,-0.007160,0.240153,
20903,20.903,-0.014145,0.277999,
20904,20.904,-0.012142,0.197638,
20905,20.905,-0.022666,0.145742,
20906,20.906,-0.010692,0.079655,
20907,20.907,-0.019717,0.123032,
20908,20.908,-0.027888,0.209417,
20909,20.909,-0.024411,0.313265,
20910,20.910,-0.023827,0.244064,
20911,20.911,-0.030045,0.156089,
20912,20.912,-0.029692,0.052933,
20913,20.913,-0.025811,0.011794,
20914,20.914,-0.029068,-0.000147,
20915,20.915,-0.019871,-0.034036,
20916,20.916,-0.016638,-0.064522,
20917,20.917,-0.016339,-0.073391,
20918,20.918,-0.016272,-0.064231,
20919,20.919,-0.020330,-0.040399,
20920,20.920,-0.016831,-0.047015,
20921,20.921,-0.017120,-0.065835,
20922,20.922,-0.020488,-0.082976,
20923,20.923,-0.023753,-0.098689,
20924,20.924,-0.019308,-0.093699,
20925,20.925,-0.013740,-0.097822,
20926,20.926,-0.021596,-0.093553,
20927,20.927,-0.010225,-0.089591,
20928,20.928,-0.006181,-0.066237,
20929,20.929,0.007432,-0.051069,
20930,20.930,-0.008453,-0.042734,
20931,20.931,-0.012046,-0.044869,
20932,20.932,-0.015511,-0.037978,
20933,20.933,-0.018890,-0.031552,
20934,20.934,-0.022155,-0.025622,
20935,20.935,-0.020356,-0.010123,
20936,20.936,-0.016767,0.000116,
20937,20.937,-0.015722,-0.013080,
20938,20.938,-0.020484,-0.021962,
20939,20.939,-0.020043,0.000469,
20940,20.940,-0.010634,0.003133,
20941,20.941,-0.017823,0.011406,
20942,20.942,-0.015400,-0.002779,
20943,20.943,-0.024474,-0.030503,
20944,20.944,-0.015279,-0.034516,
20945,20.945,-0.003557,-0.018560,
20946,20.946,-0.000116,-0.004192,
20947,20.947,-0.003918,-0.002048,
20948,20.948,-0.007522,-0.009902,
20949,20.949,-0.013643,0.005131,
20950,20.950,-0.014495,0.010868,
20951,20.951,0.000615,0.012470,
20952,20.952,-0.003688,0.003711,
20953,20.953,0.005579,-0.010473,
20954,20.954,0.001720,-0.001586,
20955,20.955,0.016696,-0.000539,
20956,20.956,0.008389,-0.024396,
20957,20.957,0.016903,-0.048417,
20958,20.958,0.017202,-0.046502,
20959,20.959,0.020804,-0.028211,
20960,20.960,0.017886,-0.026625,
20961,20.961,0.017936,-0.061176,
20962,20.962,0.020434,-0.086343,
20963,20.963,0.034202,-0.074191,
20964,20.964,0.031130,-0.063377,
20965,20.965,0.043222,-0.031488,
20966,20.966,0.044102,0.025024,
20967,20.967,0.050993,0.063347,
20968,20.968,0.046311,0.055518,
20969,20.969,0.049518,0.061181,
20970,20.970,0.036586,0.148658,
20971,20.971,0.037962,0.160523,
20972,20.972,0.042316,0.079445,
20973,20.973,0.038140,0.047873,
20974,20.974,0.036942,-0.018791,
20975,20.975,0.036034,-0.044884,
20976,20.976,0.033201,-0.005879,
20977,20.977,0.045691,0.029679,
20978,20.978,0.041024,0.049063,
20979,20.979,0.036967,0.031828,
20980,20.980,0.036747,-0.015935,
20981,20.981,0.033387,-0.052851,
20982,20.982,0.053121,-0.057322,
20983,20.983,0.012897,-0.008498,
20984,20.984,0.031293,0.088829,
20985,20.985,0.016443,0.186285,
20986,20.986,0.022323,0.249562,
20987,20.987,0.036740,0.238343,
20988,20.988,0.010116,0.124033,
20989,20.989,0.015023,0.048098,
20990,20.990,0.019660,-0.020817,
20991,20.991,0.018287,-0.032692,
20992,20.992,0.011722,-0.043492,
20993,20.993,0.010969,-0.053116,
20994,20.994,0.006031,-0.005029,
20995,20.995,-0.006448,0.021668,
20996,20.996,-0.013978,0.030338,
20997,20.997,-0.010478,0.009998,
20998,20.998,-0.004081,-0.073164,
20999,20.999,-0.014749,-0.083452,
21000,21.000,-0.011196,-0.030100,
21001,21.001,-0.001702,-0.038406,
21002,21.002,-0.015027,-0.011517,
21003,21.003,-0.011110,0.028574,
21004,21.004,-0.014802,0.079094,
21005,21.005,-0.011244,0.098980,
21006,21.006,-0.016997,0.046572,
21007,21.007,-0.027686,-0.031339,
21008,21.008,-0.020812,-0.041334,
21009,21.009,-0.023618,-0.050434,
21010,21.010,-0.020537,-0.058655,
21011,21.011,-0.027670,-0.065977,
21012,21.012,-0.013529,-0.072645,
21013,21.013,-0.023785,-0.104549,
21014,21.014,-0.032898,-0.133404,
21015,21.015,-0.024499,-0.138239,
21016,21.016,-0.024262,-0.094119,
21017,21.017,-0.028498,-0.005356,
21018,21.018,-0.028239,-0.017323,
21019,21.019,-0.022479,0.017604,
21020,21.020,-0.022209,-0.013139,
21021,21.021,-0.020508,-0.041119,
21022,21.022,-0.020243,-0.049273,
21023,21.023,-0.028832,-0.072215,
21024,21.024,-0.026678,-0.093111,
21025,21.025,-0.027131,-0.086312,
21026,21.026,-0.018699,-0.056709,
21027,21.027,-0.021170,-0.040451,
21028,21.028,-0.027092,-0.035326,
21029,21.029,-0.024122,0.004761,
21030,21.030,-0.023078,0.063620,
21031,21.031,-0.026351,0.086735,
21032,21.032,-0.026656,0.136080,
21033,21.033,-0.021255,0.168109,
21034,21.034,-0.024752,0.173687,
21035,21.035,-0.020541,0.104300,
21036,21.036,-0.012965,0.037951,
21037,21.037,-0.012059,-0.039976,
21038,21.038,-0.011343,-0.050970,
21039,21.039,-0.017488,-0.042467,
21040,21.040,-0.015563,-0.052054,
21041,21.041,-0.016540,-0.029611,
21042,21.042,-0.016371,-0.037575,
21043,21.043,-0.024361,-0.070783,
21044,21.044,-0.017513,-0.077594,
21045,21.045,-0.015256,-0.094571,
21046,21.046,-0.011509,-0.129320,
21047,21.047,-0.009821,-0.178670,
21048,21.048,-0.006803,-0.147097,
21049,21.049,-0.009042,-0.059794,
21050,21.050,-0.004358,0.052918,
21051,21.051,0.002837,0.036710,
21052,21.052,0.003247,0.160950,
21053,21.053,0.011084,0.244237,
21054,21.054,0.011462,0.228293,
21055,21.055,0.011840,0.241513,
21056,21.056,0.017621,0.228352,
21057,21.057,0.019484,0.147164,
21058,21.058,0.018144,0.094376,
21059,21.059,0.028126,0.027456,
21060,21.060,0.022924,0.001055,
21061,21.061,0.015386,-0.007168,
21062,21.062,0.013593,-0.014629,
21063,21.063,0.025504,-0.021322,
21064,21.064,0.016417,-0.062423,
21065,21.065,0.020387,-0.142468,
21066,21.066,0.023877,-0.084808,
21067,21.067,0.024532,-0.032328,
21068,21.068,0.025016,-0.041193,
21069,21.069,0.025563,-0.066316,
21070,21.070,0.029606,-0.120134,
21071,21.071,0.016041,-0.140754,
21072,21.072,0.017587,-0.172466,
21073,21.073,0.012193,-0.166095,
21074,21.074,0.013380,-0.138962,
21075,21.075,0.011781,-0.114244,
21076,21.076,0.012722,-0.109351,
21077,21.077,0.006983,-0.064942,
21078,21.078,-0.000439,0.023550,
21079,21.079,0.009733,0.213216,
21080,21.080,0.011009,0.240390,
21081,21.081,0.004349,0.119548,
21082,21.082,0.003109,0.045981,
21083,21.083,0.020192,-0.020915,
21084,21.084,-0.017008,-0.000248,
21085,21.085,-0.001045,0.129707,
21086,21.086,-0.015344,0.281444,
21087,21.087,-0.002019,0.302067,
21088,21.088,0.002015,0.172723,
21089,21.089,-0.008656,0.055139,
21090,21.090,-0.011664,0.009378,
21091,21.091,-0.014314,0.023300,
21092,21.092,-0.005953,0.111626,
21093,21.093,-0.012956,0.123143,
21094,21.094,-0.014859,0.008548,
21095,21.095,-0.012510,-0.067639,
21096,21.096,-0.006592,-0.108876,
21097,21.097,-0.004551,-0.070801,
21098,21.098,-0.011793,0.033045,
21099,21.099,0.001107,0.075009,
21100,21.100,0.009960,0.037816,
21101,21.101,0.005789,-0.042022,
21102,21.102,0.013128,-0.051702,
21103,21.103,0.007285,-0.060596,
21104,21.104,0.013288,-0.051537,
21105,21.105,0.025196,-0.059068,
21106,21.106,0.011737,-0.066118,
21107,21.107,0.025173,-0.085511,
21108,21.108,0.000196,-0.103367,
21109,21.109,-0.010256,-0.109203,
21110,21.110,-0.000078,-0.114591,
21111,21.111,0.015177,-0.119611,
21112,21.112,0.029249,-0.140127,
21113,21.113,0.012320,-0.166004,
21114,21.114,0.010438,-0.196274,
21115,21.115,-0.003501,-0.232842,
21116,21.116,0.009736,-0.247815,
21117,21.117,-0.015461,-0.270248,
21118,21.118,0.039327,-0.210498,
21119,21.119,0.156871,-0.081303,
21120,21.120,-0.095344,0.011085,
21121,21.121,-0.059140,0.027632,
21122,21.122,-0.026169,0.073230,
21123,21.123,-0.055820,0.114617,
21124,21.124,-0.028619,0.152307,
21125,21.125,-0.053025,0.209980,
21126,21.126,-0.030599,0.241392,
21127,21.127,-0.010188,0.308012,
21128,21.128,-0.028522,0.334350,
21129,21.129,-0.011683,0.295856,
21130,21.130,0.003651,0.189874,
21131,21.131,-0.010109,0.114123,
21132,21.132,0.002530,0.017324,
21133,21.133,-0.008851,-0.020275,
21134,21.134,0.001615,-0.054957,
21135,21.135,-0.007745,-0.086098,
21136,21.136,0.000999,-0.057517,
21137,21.137,0.008933,0.003135,
21138,21.138,-0.012207,0.057940,
21139,21.139,-0.005595,0.064884,
21140,21.140,0.000349,0.083717,
21141,21.141,-0.004702,0.065667,
21142,21.142,-0.009212,-0.014931,
21143,21.143,-0.004572,-0.119055,
21144,21.144,-0.000397,-0.161364,
21145,21.145,0.003451,-0.124311,
21146,21.146,0.000554,-0.090356,
21147,21.147,0.003743,-0.059601,
21148,21.148,0.001379,-0.107204,
21149,21.149,0.009012,-0.133148,
21150,21.150,0.011597,-0.109916,
21151,21.151,0.005912,-0.017629,
21152,21.152,0.008186,0.070263,
21153,21.153,0.017070,0.104228,
21154,21.154,0.009879,0.155739,
21155,21.155,0.011671,0.164647,
21156,21.156,0.015867,0.241742,
21157,21.157,0.024088,0.230811,
21158,21.158,0.025565,0.163907,
21159,21.159,0.011967,0.085809,
21160,21.160,0.002258,0.012678,
21161,21.161,0.023176,-0.034872,
21162,21.162,0.026352,-0.043699,
21163,21.163,0.039173,-0.036012,
21164,21.164,0.064317,-0.028804,
21165,21.165,0.067976,-0.073765,
21166,21.166,0.065530,-0.114389,
21167,21.167,0.046856,-0.151185,
21168,21.168,0.010058,-0.174826,
21169,21.169,0.005266,-0.125633,
21170,21.170,0.001053,-0.066513,
21171,21.171,0.014528,-0.057932,
21172,21.172,-0.005116,-0.135524,
21173,21.173,-0.001221,-0.186960,
21174,21.174,0.008903,-0.195746,
21175,21.175,-0.005655,-0.151855,
21176,21.176,-0.008061,-0.174288,
21177,21.177,-0.005375,-0.166249,
21178,21.178,-0.011663,-0.158993,
21179,21.179,-0.013424,-0.117357,
21180,21.180,-0.022475,-0.036800,
21181,21.181,-0.020551,0.135919,
21182,21.182,-0.024085,0.260897,
21183,21.183,-0.019345,0.136991,
21184,21.184,-0.006708,0.069143,
21185,21.185,-0.031984,0.048252,
21186,21.186,-0.028379,0.066314,
21187,21.187,-0.025150,0.150233,
21188,21.188,-0.028048,0.226591,
21189,21.189,-0.020003,0.268066,
21190,21.190,-0.032472,0.204734,
21191,21.191,-0.026034,0.215958,
21192,21.192,-0.044673,0.226057,
21193,21.193,-0.037642,0.102591,
21194,21.194,-0.035722,-0.015349,
21195,21.195,-0.017617,-0.122716,
21196,21.196,-0.025290,-0.136934,
21197,21.197,-0.027921,-0.149896,
21198,21.198,-0.026366,-0.069873,
21199,21.199,-0.025007,0.002627,
21200,21.200,-0.023878,0.068713,
21201,21.201,-0.019930,0.146332,
21202,21.202,-0.013676,0.156830,
21203,21.203,-0.015564,0.128729,
21204,21.204,-0.026642,0.103120,
21205,21.205,-0.006656,0.126764,
21206,21.206,-0.010424,0.091556,
21207,21.207,-0.008648,-0.005156,
21208,21.208,-0.007256,-0.130074,
21209,21.209,-0.001665,-0.113048,
21210,21.210,-0.004723,-0.066789,
21211,21.211,-0.000213,-0.107887,
21212,21.212,0.003779,-0.195614,
21213,21.213,0.001134,-0.206520,
21214,21.214,0.001385,-0.216332,
21215,21.215,-0.000937,-0.206640,
21216,21.216,-0.001076,-0.215633,
21217,21.217,0.002978,-0.162152,
21218,21.218,0.000934,-0.113754,
21219,21.219,0.003957,-0.069928,
21220,21.220,0.009680,-0.017958,
21221,21.221,0.011144,0.030931,
21222,21.222,0.010790,0.010897,
21223,21.223,0.011799,-0.042974,
21224,21.224,0.009953,-0.136370,
21225,21.225,0.004582,-0.149633,
21226,21.226,0.009876,-0.069766,
21227,21.227,0.011308,-0.018138,
21228,21.228,0.015478,0.010103,
21229,21.229,0.016448,0.139533,
21230,21.230,0.015944,0.380449,
21231,21.231,0.009732,0.479299,
21232,21.232,0.015229,0.330914,
21233,21.233,0.010110,0.196030,
21234,21.234,0.009954,0.023846,
21235,21.235,0.014087,-0.088305,
21236,21.236,0.013831,-0.068378,
21237,21.237,0.009028,-0.013452,
21238,21.238,0.015157,0.036316,
21239,21.239,0.015394,0.050845,
21240,21.240,0.010607,-0.019470,
21241,21.241,0.007870,-0.108573,
21242,21.242,0.006702,-0.097729,
21243,21.243,0.015732,-0.025492,
21244,21.244,0.027861,0.059158,
21245,21.245,0.015667,0.138793,
21246,21.246,0.013863,0.168965,
21247,21.247,0.001096,0.063710,
21248,21.248,0.016110,-0.062232,
21249,21.249,0.022004,-0.146869,
21250,21.250,0.027430,-0.193159,
21251,21.251,0.012067,-0.207330,
21252,21.252,0.022125,-0.144568,
21253,21.253,0.027635,-0.133602,
21254,21.254,0.042832,-0.144604,
21255,21.255,0.036729,-0.154800,
21256,21.256,0.038644,-0.095125,
21257,21.257,0.026889,-0.150562,
21258,21.258,0.007046,-0.258066,
21259,21.259,0.009878,-0.304612,
21260,21.260,0.007656,-0.291327,
21261,21.261,0.014427,-0.228737,
21262,21.262,-0.011919,-0.102508,
21263,21.263,0.006410,0.116029,
21264,21.264,-0.003166,0.444046,
21265,21.265,-0.000047,0.837476,
21266,21.266,-0.018909,0.785306,
21267,21.267,-0.035904,0.642099,
21268,21.268,-0.029040,0.337517,
21269,21.269,-0.006258,0.219735,
21270,21.270,-0.020840,0.112543,
21271,21.271,-0.028641,0.145455,
21272,21.272,-0.025939,0.055475,
21273,21.273,-0.023410,-0.026820,
21274,21.274,-0.021046,-0.052286,
21275,21.275,-0.022576,-0.165019,
21276,21.276,-0.020559,-0.307714,
21277,21.277,-0.012608,-0.363515,
21278,21.278,-0.021911,-0.380358,
21279,21.279,-0.027836,-0.395600,
21280,21.280,-0.021907,-0.409216,
21281,21.281,-0.020549,-0.295162,
21282,21.282,-0.024798,-0.095803,
21283,21.283,-0.025492,0.077444,
21284,21.284,-0.014012,0.159020,
21285,21.285,0.006269,0.233202,
21286,21.286,-0.029103,0.256120,
21287,21.287,-0.014417,0.236717,
21288,21.288,-0.009722,0.219352,
21289,21.289,0.002404,0.102994,
21290,21.290,0.006236,-0.033183,
21291,21.291,-0.003305,-0.050148,
21292,21.292,-0.000167,-0.065487,
21293,21.293,0.008200,-0.048838,
21294,21.294,0.001185,-0.033460,
21295,21.295,0.003639,-0.044413,
21296,21.296,0.005908,-0.077305,
21297,21.297,0.022874,-0.106827,
21298,21.298,0.020881,-0.095962,
21299,21.299,0.031242,-0.120637,
21300,21.300,0.022162,-0.033331,
21301,21.301,0.030829,0.094364,
21302,21.302,0.017166,0.145943,
21303,21.303,0.019216,0.131874,
21304,21.304,0.004214,0.118984,
21305,21.305,-0.001660,0.132249,
21306,21.306,-0.003303,0.052467,
21307,21.307,0.008742,-0.019615,
21308,21.308,0.010465,-0.028340,
21309,21.309,0.003740,-0.001814,
21310,21.310,-0.007397,-0.103039,
21311,21.311,-0.002646,-0.143969,
21312,21.312,0.001617,-0.180974,
21313,21.313,0.005529,-0.260590,
21314,21.314,0.004739,-0.332282,
21315,21.315,0.007998,-0.397020,
21316,21.316,0.010951,-0.334768,
21317,21.317,0.003401,-0.215730,
21318,21.318,-0.003631,0.037876,
21319,21.319,-0.006062,0.579582,
21320,21.320,-0.009981,0.966442,
21321,21.321,-0.004433,1.036147,
21322,21.322,-0.004798,0.715917,
21323,21.323,-0.002775,0.425020,
21324,21.324,-0.000727,0.160718,
21325,21.325,-0.005089,0.112579,
21326,21.326,-0.005199,-0.018513,
21327,21.327,0.000448,-0.058388,
21328,21.328,-0.009789,-0.166880,
21329,21.329,-0.007833,-0.134419,
21330,21.330,0.002241,-0.164399,
21331,21.331,0.001507,-0.245697,
21332,21.332,-0.001245,-0.319442,
21333,21.333,-0.006016,-0.386627,
21334,21.334,-0.006397,-0.447764,
21335,21.335,0.000007,-0.503857,
21336,21.336,0.001169,-0.454525,
21337,21.337,0.008048,-0.501722,
21338,21.338,0.005942,-0.461527,
21339,21.339,0.004237,-0.349289,
21340,21.340,0.003997,-0.243777,
21341,21.341,0.010181,-0.148228,
21342,21.342,0.002140,-0.086805,
21343,21.343,0.005754,-0.031001,
21344,21.344,0.003118,-0.001588,
21345,21.345,0.009942,0.025158,
21346,21.346,0.007806,0.101081,
21347,21.347,0.008880,0.151328,
21348,21.348,-0.001409,0.120834,
21349,21.349,0.006536,0.144440,
21350,21.350,-0.005654,0.149781,
21351,21.351,0.009871,0.197147,
21352,21.352,-0.012333,0.291896,
21353,21.353,-0.003259,0.386744,
21354,21.354,-0.011124,0.321039,
21355,21.355,-0.003629,0.237860,
21356,21.356,-0.010013,0.204163,
21357,21.357,-0.024008,0.173228,
21358,21.358,-0.007044,0.144941,
21359,21.359,0.004319,0.088060,
21360,21.360,-0.001598,0.078926,
21361,21.361,-0.003298,-0.007286,
21362,21.362,-0.008208,-0.135674,
21363,21.363,-0.000435,-0.255013,
21364,21.364,-0.012809,-0.332723,
21365,21.365,-0.004196,-0.347523,
21366,21.366,-0.008605,-0.259940,
21367,21.367,-0.012506,-0.087843,
21368,21.368,-0.011175,0.133683,
21369,21.369,-0.005448,0.282761,
21370,21.370,-0.004299,0.202125,
21371,21.371,-0.005026,0.030606,
21372,21.372,-0.009107,-0.170128,
21373,21.373,-0.009659,-0.250573,
21374,21.374,-0.014437,-0.225248,
21375,21.375,-0.007382,-0.157105,
21376,21.376,-0.006410,-0.054185,
21377,21.377,-0.012195,-0.034475,
21378,21.378,-0.005110,-0.083579,
21379,21.379,-0.005818,-0.097537,
21380,21.380,-0.006539,-0.054658,
21381,21.381,-0.008592,0.085464,
21382,21.382,0.002190,0.253316,
21383,21.383,0.000808,0.411550,
21384,21.384,0.010249,0.581289,
21385,21.385,0.011730,0.563346,
21386,21.386,0.030793,0.399645,
21387,21.387,-0.010202,0.246443,
21388,21.388,0.030854,0.148910,
21389,21.389,0.025709,0.098168,
21390,21.390,0.021059,0.019495,
21391,21.391,0.025520,0.010374,
21392,21.392,0.013755,0.003288,
21393,21.393,0.010246,-0.027067,
21394,21.394,0.000469,-0.007736,
21395,21.395,-0.002376,0.052616,
21396,21.396,0.016746,0.165508,
21397,21.397,0.024008,0.271404,
21398,21.398,0.017396,0.317755,
21399,21.399,0.015337,0.268671,
21400,21.400,0.009720,0.266675,
21401,21.401,0.001202,0.265357,
21402,21.402,0.005716,0.299218,
21403,21.403,0.009694,0.252437,
21404,21.404,0.003349,0.153513,
21405,21.405,-0.004539,0.054178,
21406,21.406,-0.005677,-0.035465,
21407,21.407,0.000620,-0.091207,
21408,21.408,0.004700,-0.141698,
21409,21.409,-0.000685,-0.145518,
21410,21.410,-0.005722,-0.130166,
21411,21.411,-0.005377,-0.185224,
21412,21.412,0.000879,-0.297936,
21413,21.413,-0.012153,-0.344018,
21414,21.414,-0.017914,-0.293863,
21415,21.415,-0.019812,-0.219909,
21416,21.416,-0.018479,-0.101835,
21417,21.417,-0.022735,-0.020819,
21418,21.418,-0.016689,-0.002387,
21419,21.419,-0.009130,-0.010177,
21420,21.420,-0.025091,-0.062815,
21421,21.421,-0.009747,-0.152006,
21422,21.422,-0.012014,-0.261269,
21423,21.423,-0.006664,-0.364305,
21424,21.424,-0.015348,-0.346791,
21425,21.425,-0.020155,-0.204606,
21426,21.426,-0.024445,-0.035152,
21427,21.427,-0.020946,0.123878,
21428,21.428,-0.008644,0.308201,
21429,21.429,-0.017324,0.431195,
21430,21.430,-0.003686,0.497046,
21431,21.431,-0.016937,0.433668,
21432,21.432,-0.015466,0.300578,
21433,21.433,-0.008067,0.043976,
21434,21.434,0.001354,-0.141069,
21435,21.435,0.002305,-0.310052,
21436,21.436,-0.001145,-0.404521,
21437,21.437,0.005905,-0.491163,
21438,21.438,0.008342,-0.570624,
21439,21.439,0.017545,-0.688586,
21440,21.440,0.005982,-0.796387,
21441,21.441,0.016332,-0.858257,
21442,21.442,0.017396,-0.848158,
21443,21.443,0.010840,-0.839714,
21444,21.444,0.023031,-0.749541,
21445,21.445,0.024404,-0.567524,
21446,21.446,0.016478,-0.385666,
21447,21.447,0.012141,-0.171897,
21448,21.448,0.013050,-0.031126,
21449,21.449,0.016000,0.095858,
21450,21.450,0.012644,0.210121,
21451,21.451,0.011487,0.268137,
21452,21.452,0.013701,0.238512,
21453,21.453,0.015576,0.136444,
21454,21.454,0.023041,0.076314,
21455,21.455,0.015459,0.142878,
21456,21.456,0.014291,0.230032,
21457,21.457,0.011431,0.409241,
21458,21.458,0.004177,0.588521,
21459,21.459,0.012312,0.701205,
21460,21.460,0.008783,0.802690,
21461,21.461,0.001215,0.690562,
21462,21.462,0.001760,0.402405,
21463,21.463,0.005700,0.114425,
21464,21.464,-0.006111,-0.003393,
21465,21.465,-0.008112,-0.176544,
21466,21.466,-0.003852,-0.214842,
21467,21.467,-0.000095,-0.358366,
21468,21.468,0.000785,-0.538603,
21469,21.469,-0.009825,-0.613667,
21470,21.470,-0.003153,-0.641778,
21471,21.471,-0.012214,-0.594042,
21472,21.472,-0.018051,-0.450343,
21473,21.473,-0.013051,-0.315580,
21474,21.474,-0.015997,-0.119099,
21475,21.475,-0.020453,0.118025,
21476,21.476,-0.027614,0.538373,
21477,21.477,-0.017520,0.939479,
21478,21.478,-0.010793,1.198832,
21479,21.479,-0.017235,1.434892,
21480,21.480,-0.020631,1.562251,
21481,21.481,-0.017760,1.440106,
21482,21.482,-0.013360,1.184904,
21483,21.483,-0.002350,0.755501,
21484,21.484,-0.004011,0.345963,
21485,21.485,-0.006000,-0.015109,
21486,21.486,-0.002048,-0.282565,
21487,21.487,0.016802,-0.430317,
21488,21.488,-0.018968,-0.564902,
21489,21.489,0.024610,-0.608178,
21490,21.490,0.007144,-0.575830,
21491,21.491,0.001861,-0.611776,
21492,21.492,0.016232,-0.524799,
21493,21.493,0.003045,-0.390726,
21494,21.494,-0.000837,-0.268203,
21495,21.495,-0.011627,-0.200532,
21496,21.496,-0.008368,-0.138190,
21497,21.497,-0.017123,-0.117561,
21498,21.498,0.013047,-0.064375,
21499,21.499,0.009232,-0.046155,
21500,21.500,0.012890,-0.057010,
21501,21.501,0.016224,-0.016240,
21502,21.502,0.013498,-0.024774,
21503,21.503,0.005539,-0.032148,
21504,21.504,0.013008,0.018230,
21505,21.505,0.015418,0.047460,
21506,21.506,0.017677,0.090448,
21507,21.507,0.023520,0.158981,
21508,21.508,0.015342,0.206933,
21509,21.509,0.001759,0.219635,
21510,21.510,0.011392,0.189017,
21511,21.511,0.010047,0.096957,
21512,21.512,0.018025,-0.106808,
21513,21.513,0.019776,-0.310908,
21514,21.514,0.021379,-0.387790,
21515,21.515,0.022840,-0.407870,
21516,21.516,0.024325,-0.246481,
21517,21.517,0.022103,-0.017757,
21518,21.518,0.011446,0.076732,
21519,21.519,0.007418,0.163329,
21520,21.520,0.014894,0.242720,
21521,21.521,0.009195,0.226242,
21522,21.522,0.012982,0.171378,
21523,21.523,0.004091,0.159221,
21524,21.524,0.005863,0.115345,
21525,21.525,0.009672,-0.046160,
21526,21.526,0.007232,-0.285577,
21527,21.527,0.003269,-0.311039,
21528,21.528,0.003060,-0.392809,
21529,21.529,0.010635,-0.358059,
21530,21.530,0.002813,-0.423983,
21531,21.531,0.002444,-0.259422,
21532,21.532,0.002074,-0.068624,
21533,21.533,0.005415,0.258969,
21534,21.534,-0.003421,0.571355,
21535,21.535,-0.006515,0.855388,
21536,21.536,-0.009122,0.969278,
