Frame,Time,GSensor.X,GSensor.Y,GSensor.Z,
0,0.000,5.554,-0.366,0.183,
1,0.010,3.418,-0.488,0.244,
2,0.020,1.526,-0.549,0.366,
3,0.030,0.000,-0.671,0.610,
4,0.040,-0.671,-0.671,0.671,
5,0.050,-1.648,-0.549,0.793,
6,0.060,-2.136,-0.488,0.854,
7,0.070,-1.587,-0.305,0.793,
8,0.080,-0.549,-0.122,0.732,
9,0.090,0.488,-0.061,0.610,
10,0.100,0.610,0.000,0.549,
11,0.110,0.183,0.000,0.488,
12,0.120,-0.183,0.122,0.488,
13,0.130,-0.061,0.305,0.305,
14,0.140,-0.427,0.427,0.122,
15,0.150,-1.099,0.732,0.000,
16,0.160,-0.732,0.732,-0.061,
17,0.170,-0.183,0.854,-0.122,
18,0.180,0.427,0.916,-0.244,
19,0.190,0.916,0.732,-0.305,
20,0.200,1.038,0.793,-0.305,
21,0.210,0.610,0.671,-0.366,
22,0.220,0.122,0.732,-0.366,
23,0.230,-0.305,0.732,-0.244,
24,0.240,-0.366,0.549,-0.244,
25,0.250,-0.366,0.427,-0.244,
26,0.260,-0.122,0.427,-0.244,
27,0.270,0.000,0.366,-0.183,
28,0.280,0.183,0.244,-0.122,
29,0.290,0.305,0.305,-0.183,
30,0.300,0.732,0.305,-0.244,
31,0.310,0.977,0.427,-0.183,
32,0.320,0.427,0.427,-0.427,
33,0.330,0.000,0.244,-0.305,
34,0.340,-0.061,0.122,-0.366,
35,0.350,0.610,0.061,-0.305,
36,0.360,1.587,0.000,-0.244,
37,0.370,1.953,-0.061,-0.244,
38,0.380,2.075,-0.122,-0.183,
39,0.390,1.465,-0.183,-0.122,
40,0.400,0.488,-0.183,0.000,
41,0.410,-0.061,-0.366,0.061,
42,0.420,-0.122,-0.549,0.183,
43,0.430,-0.183,-0.732,0.122,
44,0.440,-0.916,-0.793,0.305,
45,0.450,-1.221,-0.916,0.305,
46,0.460,-0.854,-0.793,0.305,
47,0.470,-0.488,-0.671,0.244,
48,0.480,-0.854,-0.549,0.183,
49,0.490,-1.282,-0.549,0.183,
50,0.500,-1.404,-0.427,0.000,
51,0.510,-0.916,-0.427,0.000,
52,0.520,-0.732,-0.427,0.000,
53,0.530,-1.282,-0.488,0.000,
54,0.540,-1.221,-0.549,0.122,
55,0.550,-0.366,-0.549,0.122,
56,0.560,0.305,-0.427,0.183,
57,0.570,0.305,-0.488,0.061,
58,0.580,-0.061,-0.366,0.061,
59,0.590,0.366,-0.244,0.061,
60,0.600,1.221,-0.122,0.122,
61,0.610,1.770,-0.061,0.061,
62,0.620,1.648,-0.061,0.000,
63,0.630,0.000,0.061,-0.061,
64,0.640,-1.160,0.305,-0.183,
65,0.650,-1.404,0.488,-0.305,
66,0.660,-0.549,0.610,-0.305,
67,0.670,-0.305,0.671,-0.305,
68,0.680,0.305,0.610,-0.305,
69,0.690,0.549,0.671,-0.244,
70,0.700,0.732,0.549,-0.244,
71,0.710,-0.122,0.427,-0.366,
72,0.720,-0.977,0.427,-0.183,
73,0.730,-1.282,0.366,0.000,
74,0.740,-0.977,0.122,0.000,
75,0.750,-1.038,0.000,0.061,
76,0.760,-1.160,-0.244,0.122,
77,0.770,-0.854,-0.305,0.183,
78,0.780,-0.427,-0.366,0.183,
79,0.790,-0.366,-0.488,0.244,
80,0.800,-0.610,-0.610,0.183,
81,0.810,-0.977,-0.549,0.244,
82,0.820,-2.014,-0.549,0.183,
83,0.830,-2.930,-0.610,0.122,
84,0.840,-3.967,-0.671,0.122,
85,0.850,-4.517,-0.671,0.183,
86,0.860,-5.554,-0.732,0.122,
87,0.870,-6.348,-0.671,0.244,
88,0.880,-6.653,-0.610,0.305,
89,0.890,-6.348,-0.549,0.305,
90,0.900,-6.042,-0.427,0.305,
91,0.910,-5.798,-0.427,0.305,
92,0.920,-5.981,-0.183,0.183,
93,0.930,-5.127,-0.061,0.061,
94,0.940,-3.540,0.000,0.061,
95,0.950,-2.197,0.183,-0.122,
96,0.960,-1.099,0.305,-0.061,
97,0.970,-1.038,0.366,-0.244,
98,0.980,-0.977,0.366,-0.183,
99,0.990,-1.160,0.427,-0.305,
100,1.000,-0.549,0.427,-0.305,
101,1.010,0.549,0.488,-0.244,
102,1.020,1.831,0.366,-0.366,
103,1.030,2.686,0.366,-0.305,
104,1.040,2.808,0.244,-0.183,
105,1.050,2.930,0.244,-0.183,
106,1.060,2.747,0.000,0.000,
107,1.070,2.869,-0.183,0.122,
108,1.080,2.625,-0.488,0.183,
109,1.090,2.441,-0.610,0.183,
110,1.100,1.892,-0.793,0.305,
111,1.110,1.770,-0.793,0.305,
112,1.120,1.648,-0.793,0.244,
113,1.130,1.770,-0.671,0.244,
114,1.140,1.526,-0.549,0.183,
115,1.150,0.671,-0.610,0.305,
116,1.160,-0.366,-0.671,0.244,
117,1.170,-0.977,-0.488,0.244,
118,1.180,-0.854,-0.488,0.244,
119,1.190,-1.099,-0.305,0.061,
120,1.200,-1.526,-0.061,0.000,
121,1.210,-1.770,0.244,-0.061,
122,1.220,-1.404,0.488,-0.122,
123,1.230,-1.038,0.671,-0.122,
124,1.240,-0.916,0.671,-0.244,
125,1.250,-1.099,0.610,-0.244,
126,1.260,-1.221,0.610,-0.244,
127,1.270,-0.916,0.549,-0.305,
128,1.280,-0.488,0.610,-0.305,
129,1.290,0.000,0.610,-0.366,
130,1.300,0.061,0.732,-0.427,
131,1.310,0.488,0.732,-0.366,
132,1.320,0.610,0.610,-0.305,
133,1.330,0.244,0.427,-0.244,
134,1.340,0.000,0.000,-0.122,
135,1.350,-0.061,0.000,-0.122,
136,1.360,0.305,-0.183,0.000,
137,1.370,0.732,-0.244,0.061,
138,1.380,1.038,-0.366,0.061,
139,1.390,1.221,-0.366,0.061,
140,1.400,1.038,-0.366,0.122,
141,1.410,1.099,-0.305,0.061,
142,1.420,1.099,-0.305,0.061,
143,1.430,0.916,-0.305,0.061,
144,1.440,0.366,-0.488,0.061,
145,1.450,0.244,-0.366,0.061,
146,1.460,0.549,-0.183,0.061,
147,1.470,0.549,-0.122,0.000,
148,1.480,0.061,0.000,0.000,
149,1.490,-0.183,0.061,0.000,
150,1.500,-0.610,0.122,-0.061,
151,1.510,-0.793,0.061,-0.183,
152,1.520,-0.916,0.244,-0.122,
153,1.530,-1.160,0.366,-0.122,
154,1.540,-0.977,0.305,-0.183,
155,1.550,-1.160,0.366,-0.061,
156,1.560,-1.038,0.366,0.000,
157,1.570,-0.793,0.366,0.000,
158,1.580,0.000,0.427,-0.061,
159,1.590,0.488,0.427,-0.061,
160,1.600,0.366,0.427,-0.183,
161,1.610,0.244,0.427,-0.183,
162,1.620,0.305,0.427,-0.183,
163,1.630,0.488,0.366,-0.183,
164,1.640,0.366,0.366,-0.183,
165,1.650,0.244,0.305,-0.122,
166,1.660,0.061,0.305,0.000,
167,1.670,-0.244,0.061,0.000,
168,1.680,-0.427,-0.122,0.122,
169,1.690,-0.610,-0.305,0.183,
170,1.700,-0.793,-0.366,0.305,
171,1.710,-0.488,-0.366,0.244,
172,1.720,-0.549,-0.488,0.183,
173,1.730,-0.671,-0.366,0.244,
174,1.740,-1.099,-0.427,0.183,
175,1.750,-1.831,-0.488,0.244,
176,1.760,-2.441,-0.244,0.183,
177,1.770,-2.380,-0.122,0.061,
178,1.780,-2.014,0.061,0.061,
179,1.790,-2.563,0.183,0.000,
180,1.800,-2.930,0.366,-0.122,
181,1.810,-3.235,0.549,-0.183,
182,1.820,-3.357,0.610,-0.244,
183,1.830,-2.808,0.610,-0.244,
184,1.840,-1.770,0.549,-0.244,
185,1.850,-0.671,0.488,-0.244,
186,1.860,0.000,0.305,-0.244,
187,1.870,1.160,0.183,-0.122,
188,1.880,2.136,0.061,-0.061,
189,1.890,2.686,-0.061,0.000,
190,1.900,3.052,-0.183,0.000,
191,1.910,2.991,-0.244,0.000,
192,1.920,2.991,-0.305,0.000,
193,1.930,2.747,-0.366,0.000,
194,1.940,2.380,-0.366,0.061,
195,1.950,1.892,-0.427,0.122,
196,1.960,1.221,-0.244,0.122,
197,1.970,0.427,-0.244,0.061,
198,1.980,0.000,-0.122,0.061,
199,1.990,0.061,-0.183,0.061,
200,2.000,0.183,-0.122,0.000,
201,2.010,0.488,0.000,0.000,
202,2.020,0.549,0.061,0.000,
203,2.030,0.366,0.061,0.000,
204,2.040,0.000,0.000,0.000,
205,2.050,0.000,0.061,0.000,
206,2.060,-0.305,0.122,-0.061,
207,2.070,-0.305,0.183,0.000,
208,2.080,-0.549,0.061,-0.061,
209,2.090,-0.610,0.183,-0.061,
210,2.100,-0.305,0.122,-0.061,
211,2.110,-0.549,0.183,-0.061,
212,2.120,-1.160,0.183,0.000,
213,2.130,-2.319,0.244,-0.061,
214,2.140,-3.540,0.305,0.000,
215,2.150,-4.639,0.305,-0.061,
216,2.160,-5.859,0.366,0.000,
217,2.170,-5.920,0.122,0.000,
218,2.180,-5.371,0.122,0.000,
219,2.190,-4.578,0.122,0.061,
220,2.200,-3.845,-0.061,0.122,
221,2.210,-2.625,-0.061,0.061,
222,2.220,-1.465,-0.183,0.000,
223,2.230,-0.488,-0.305,0.000,
224,2.240,-0.061,-0.305,0.000,
225,2.250,0.732,-0.244,0.000,
226,2.260,1.526,-0.366,0.000,
227,2.270,1.709,-0.366,0.000,
228,2.280,1.587,-0.366,0.000,
229,2.290,1.343,-0.244,0.000,
230,2.300,1.221,-0.244,0.000,
231,2.310,1.221,-0.183,-0.122,
232,2.320,0.916,-0.183,-0.061,
233,2.330,0.610,-0.244,0.000,
234,2.340,0.122,-0.244,0.000,
235,2.350,-0.122,-0.305,0.000,
236,2.360,-0.305,-0.183,0.061,
237,2.370,-0.366,-0.061,0.000,
238,2.380,-0.183,-0.061,0.000,
239,2.390,0.000,0.000,0.061,
240,2.400,0.549,0.000,0.000,
241,2.410,0.916,0.000,-0.061,
242,2.420,1.038,0.061,-0.061,
243,2.430,0.916,0.061,-0.122,
244,2.440,0.488,0.122,-0.122,
245,2.450,0.244,0.366,-0.061,
246,2.460,0.244,0.366,-0.061,
247,2.470,0.183,0.488,-0.244,
248,2.480,0.305,0.610,-0.244,
249,2.490,0.244,0.610,-0.305,
250,2.500,0.000,0.732,-0.366,
251,2.510,-0.793,0.671,-0.244,
252,2.520,-1.465,0.610,-0.244,
253,2.530,-1.648,0.610,-0.183,
254,2.540,-1.709,0.488,-0.122,
255,2.550,-1.648,0.366,-0.122,
256,2.560,-0.732,0.183,-0.061,
257,2.570,-0.244,0.183,-0.061,
258,2.580,0.000,0.244,-0.061,
259,2.590,0.183,0.122,-0.061,
260,2.600,0.183,0.122,-0.061,
261,2.610,0.000,0.000,0.000,
262,2.620,-0.183,0.000,0.000,
263,2.630,-0.244,0.000,0.000,
264,2.640,-0.427,-0.061,0.000,
265,2.650,-0.366,-0.061,0.000,
266,2.660,0.000,0.061,-0.061,
267,2.670,0.427,0.122,-0.061,
268,2.680,0.854,0.183,-0.122,
269,2.690,0.610,0.183,-0.122,
270,2.700,0.183,0.183,-0.183,
271,2.710,0.244,0.244,-0.122,
272,2.720,0.671,0.122,-0.061,
273,2.730,0.916,0.061,-0.061,
274,2.740,0.732,0.122,-0.122,
275,2.750,0.305,0.122,-0.122,
276,2.760,0.183,0.183,-0.122,
277,2.770,0.244,0.122,-0.061,
278,2.780,0.244,0.122,0.000,
279,2.790,0.244,0.122,-0.061,
280,2.800,0.000,0.122,0.000,
281,2.810,0.061,0.061,0.000,
282,2.820,0.244,0.183,-0.122,
283,2.830,0.244,0.183,-0.183,
284,2.840,0.122,0.122,-0.122,
285,2.850,0.000,0.000,-0.183,
286,2.860,-0.122,0.000,-0.122,
287,2.870,0.000,-0.061,-0.122,
288,2.880,0.000,-0.061,-0.061,
289,2.890,-0.061,-0.244,0.000,
290,2.900,-0.244,-0.305,0.000,
291,2.910,-0.244,-0.427,0.122,
292,2.920,-0.366,-0.488,0.122,
293,2.930,-0.488,-0.488,0.183,
294,2.940,-0.366,-0.671,0.244,
295,2.950,-0.427,-0.488,0.244,
296,2.960,-0.122,-0.488,0.122,
297,2.970,0.122,-0.244,0.061,
298,2.980,0.610,-0.122,0.061,
299,2.990,0.549,-0.061,0.000,
300,3.000,0.488,0.061,0.000,
301,3.010,0.366,0.000,-0.061,
302,3.020,0.488,0.244,-0.122,
303,3.030,0.427,0.366,-0.183,
304,3.040,0.061,0.427,-0.183,
305,3.050,0.000,0.427,-0.183,
306,3.060,0.000,0.427,-0.122,
307,3.070,0.061,0.366,-0.122,
308,3.080,0.061,0.305,-0.061,
309,3.090,0.366,0.305,-0.061,
310,3.100,0.671,0.122,-0.122,
311,3.110,0.732,0.183,-0.122,
312,3.120,0.610,0.000,-0.122,
313,3.130,0.244,0.000,-0.122,
314,3.140,-0.366,0.000,-0.061,
315,3.150,-0.427,-0.122,-0.122,
316,3.160,-0.305,-0.122,-0.061,
317,3.170,-0.610,-0.122,-0.061,
318,3.180,-0.427,-0.061,0.000,
319,3.190,-0.183,-0.061,0.000,
320,3.200,-0.122,-0.122,0.000,
321,3.210,-0.549,-0.183,0.000,
322,3.220,-0.366,-0.183,0.000,
323,3.230,0.000,-0.061,-0.061,
324,3.240,0.122,0.061,-0.122,
325,3.250,0.183,0.000,0.000,
326,3.260,0.061,0.000,-0.061,
327,3.270,0.244,-0.122,0.000,
328,3.280,0.549,0.000,0.000,
329,3.290,0.305,0.000,0.000,
330,3.300,-0.061,-0.061,0.000,
331,3.310,-0.488,0.000,0.000,
332,3.320,-0.305,0.061,0.000,
333,3.330,-0.061,0.122,-0.061,
334,3.340,-0.122,0.000,-0.061,
335,3.350,-0.183,0.000,0.000,
336,3.360,-0.488,0.000,0.000,
337,3.370,-0.488,0.000,-0.061,
338,3.380,-0.427,0.000,-0.061,
339,3.390,-0.671,0.000,0.000,
340,3.400,-0.977,0.122,0.000,
341,3.410,-1.343,0.061,0.000,
342,3.420,-1.526,0.061,0.000,
343,3.430,-1.099,0.000,0.000,
344,3.440,-0.549,0.061,-0.061,
345,3.450,0.000,0.000,0.000,
346,3.460,0.000,0.000,0.000,
347,3.470,0.000,-0.061,0.000,
348,3.480,0.000,-0.061,-0.061,
349,3.490,0.000,-0.122,-0.061,
350,3.500,-0.305,-0.122,0.000,
351,3.510,-0.488,-0.061,-0.061,
352,3.520,-0.183,-0.061,0.000,
353,3.530,0.000,0.061,-0.061,
354,3.540,-0.183,0.061,0.000,
355,3.550,-0.488,0.061,-0.122,
356,3.560,-0.549,0.061,-0.122,
357,3.570,-0.671,0.061,0.000,
358,3.580,-1.038,0.061,-0.122,
359,3.590,-1.709,0.000,0.000,
360,3.600,-2.014,0.000,0.000,
361,3.610,-2.197,0.000,0.000,
362,3.620,-1.465,0.061,-0.061,
363,3.630,-1.221,0.061,-0.061,
364,3.640,-1.160,0.122,0.000,
365,3.650,-1.648,0.000,0.000,
366,3.660,-1.892,0.000,0.000,
367,3.670,-1.587,0.000,0.000,
368,3.680,-1.038,-0.122,0.122,
369,3.690,-1.160,-0.122,0.000,
370,3.700,-1.465,-0.122,0.061,
371,3.710,-1.343,0.000,0.000,
372,3.720,-0.916,0.000,0.000,
373,3.730,-0.793,0.000,-0.061,
374,3.740,-0.488,0.061,-0.061,
375,3.750,-0.305,0.183,-0.122,
376,3.760,-0.305,0.244,-0.183,
377,3.770,0.000,0.305,-0.305,
378,3.780,0.000,0.488,-0.305,
379,3.790,0.366,0.549,-0.366,
380,3.800,0.610,0.488,-0.427,
381,3.810,1.099,0.488,-0.488,
382,3.820,1.282,0.366,-0.488,
383,3.830,1.404,0.305,-0.366,
384,3.840,1.648,0.244,-0.305,
385,3.850,2.136,0.061,-0.244,
386,3.860,2.136,0.000,-0.183,
387,3.870,0.977,-0.183,-0.061,
388,3.880,-0.488,-0.305,0.000,
389,3.890,-1.404,-0.366,0.061,
390,3.900,-1.526,-0.488,0.244,
391,3.910,-1.038,-0.549,0.183,
392,3.920,-0.183,-0.549,0.183,
393,3.930,0.732,-0.610,0.183,
394,3.940,1.099,-0.732,0.244,
395,3.950,0.977,-0.793,0.183,
396,3.960,0.122,-0.854,0.183,
397,3.970,-0.854,-0.854,0.244,
398,3.980,-2.258,-0.610,0.244,
399,3.990,-3.357,-0.427,0.183,
400,4.000,-3.662,-0.244,0.122,
401,4.010,-3.296,0.061,-0.122,
402,4.020,-2.686,0.549,-0.244,
403,4.030,-1.770,0.671,-0.488,
404,4.040,-0.793,1.038,-0.793,
405,4.050,0.305,1.404,-0.854,
406,4.060,1.404,1.648,-1.038,
407,4.070,2.014,1.953,-1.099,
408,4.080,2.136,2.197,-1.038,
409,4.090,1.770,2.319,-1.099,
410,4.100,1.160,2.441,-1.038,
411,4.110,0.427,2.380,-0.916,
412,4.120,-0.305,2.136,-0.671,
413,4.130,-1.221,1.892,-0.488,
414,4.140,-1.831,1.587,-0.366,
415,4.150,-1.770,1.160,-0.122,
416,4.160,-1.587,0.610,0.000,
417,4.170,-0.671,0.122,0.122,
418,4.180,0.122,-0.122,0.244,
419,4.190,0.183,-0.427,0.305,
420,4.200,0.305,-0.854,0.366,
421,4.210,0.122,-0.916,0.305,
422,4.220,0.000,-0.916,0.244,
423,4.230,0.122,-0.977,0.366,
424,4.240,0.427,-0.977,0.305,
425,4.250,0.916,-0.916,0.366,
426,4.260,1.221,-0.793,0.305,
427,4.270,1.160,-0.916,0.427,
428,4.280,0.977,-0.916,0.488,
429,4.290,0.488,-1.099,0.488,
430,4.300,-0.122,-1.099,0.488,
431,4.310,-0.610,-1.038,0.549,
432,4.320,-0.366,-0.977,0.366,
433,4.330,-0.183,-0.854,0.305,
434,4.340,0.366,-0.671,0.244,
435,4.350,1.465,-0.610,0.183,
436,4.360,3.235,-0.610,0.000,
437,4.370,4.578,-0.488,-0.244,
438,4.380,5.676,-0.427,-0.488,
439,4.390,6.531,-0.244,-0.671,
440,4.400,7.446,0.000,-1.099,
441,4.410,6.836,0.427,-1.343,
442,4.420,6.165,0.916,-1.404,
443,4.430,5.005,1.343,-1.526,
444,4.440,3.906,1.831,-1.526,
445,4.450,2.930,2.014,-1.465,
446,4.460,1.892,2.197,-1.404,
447,4.470,1.465,2.197,-1.282,
448,4.480,1.404,2.197,-1.099,
449,4.490,0.854,2.014,-0.916,
450,4.500,0.549,1.709,-0.732,
451,4.510,0.000,1.465,-0.488,
452,4.520,-0.610,0.977,-0.305,
453,4.530,-1.343,0.610,-0.305,
454,4.540,-1.770,0.183,-0.122,
455,4.550,-2.075,-0.061,0.000,
456,4.560,-1.953,-0.366,0.183,
457,4.570,-1.343,-0.732,0.305,
458,4.580,-0.610,-1.099,0.305,
459,4.590,0.122,-1.221,0.549,
460,4.600,0.488,-1.587,0.732,
461,4.610,0.549,-1.892,0.793,
462,4.620,0.427,-1.953,0.793,
463,4.630,0.366,-2.014,0.793,
464,4.640,0.366,-1.831,0.671,
465,4.650,-0.183,-1.709,0.610,
466,4.660,-0.305,-1.526,0.549,
467,4.670,-0.122,-1.343,0.427,
468,4.680,0.000,-0.977,0.305,
469,4.690,-0.122,-0.854,0.244,
470,4.700,-0.610,-0.610,0.122,
471,4.710,-0.977,-0.183,0.000,
472,4.720,-1.160,0.000,-0.122,
473,4.730,-1.282,0.244,-0.244,
474,4.740,-0.610,0.549,-0.366,
475,4.750,0.427,0.854,-0.366,
476,4.760,1.709,0.854,-0.488,
477,4.770,2.686,0.854,-0.427,
478,4.780,2.930,0.854,-0.488,
479,4.790,2.014,0.854,-0.488,
480,4.800,0.610,0.793,-0.549,
481,4.810,-0.183,0.793,-0.427,
482,4.820,-0.610,0.671,-0.427,
483,4.830,-0.366,0.549,-0.366,
484,4.840,0.000,0.305,-0.366,
485,4.850,0.427,0.122,-0.183,
486,4.860,0.916,-0.061,-0.122,
487,4.870,0.732,-0.183,-0.061,
488,4.880,0.061,-0.305,0.000,
489,4.890,-1.160,-0.610,0.061,
490,4.900,-1.282,-0.488,0.061,
491,4.910,-0.305,-0.488,0.061,
492,4.920,0.916,-0.305,0.122,
493,4.930,1.953,-0.305,0.122,
494,4.940,2.747,-0.305,0.061,
495,4.950,3.052,-0.183,0.000,
496,4.960,2.625,-0.183,-0.061,
497,4.970,1.648,0.000,0.000,
498,4.980,1.404,-0.061,-0.122,
499,4.990,1.343,0.000,-0.183,
500,5.000,1.465,0.122,-0.122,
501,5.010,1.221,0.183,-0.244,
502,5.020,0.854,0.183,-0.244,
503,5.030,0.671,0.122,-0.122,
504,5.040,0.305,0.061,-0.061,
505,5.050,0.061,0.000,0.000,
506,5.060,-0.793,-0.122,0.061,
507,5.070,-1.587,-0.183,0.061,
508,5.080,-1.770,-0.183,0.122,
509,5.090,-1.587,-0.183,0.122,
510,5.100,-1.099,-0.122,0.122,
511,5.110,-1.038,-0.122,0.183,
512,5.120,-1.221,-0.183,0.061,
513,5.130,-1.160,-0.061,0.000,
514,5.140,-0.977,-0.122,0.061,
515,5.150,-0.916,-0.061,0.000,
516,5.160,-0.549,-0.122,-0.122,
517,5.170,-0.183,-0.183,-0.122,
518,5.180,0.122,-0.183,-0.061,
519,5.190,0.305,-0.366,-0.061,
520,5.200,0.427,-0.427,0.000,
521,5.210,0.122,-0.549,0.061,
522,5.220,-0.854,-0.610,0.061,
523,5.230,-1.770,-0.549,0.183,
524,5.240,-1.587,-0.549,0.122,
525,5.250,-0.488,-0.427,0.122,
526,5.260,0.366,-0.305,0.061,
527,5.270,0.732,-0.061,0.000,
528,5.280,1.282,0.122,0.000,
529,5.290,1.343,0.305,-0.183,
530,5.300,1.587,0.488,-0.305,
531,5.310,1.282,0.549,-0.366,
532,5.320,0.671,0.671,-0.488,
533,5.330,0.549,0.793,-0.549,
534,5.340,0.610,0.916,-0.488,
535,5.350,0.427,0.916,-0.549,
536,5.360,0.061,0.854,-0.366,
537,5.370,0.000,0.916,-0.244,
538,5.380,-0.122,0.854,-0.183,
539,5.390,0.000,0.732,-0.122,
540,5.400,-0.183,0.610,-0.244,
541,5.410,-0.305,0.549,-0.122,
542,5.420,-0.305,0.366,-0.244,
543,5.430,0.000,0.366,-0.122,
544,5.440,0.610,0.427,-0.244,
545,5.450,1.343,0.305,-0.183,
546,5.460,1.770,0.183,-0.122,
547,5.470,1.770,-0.061,-0.061,
548,5.480,1.282,-0.183,0.000,
549,5.490,1.160,-0.366,0.000,
550,5.500,0.671,-0.427,0.061,
551,5.510,0.244,-0.427,0.183,
552,5.520,-0.122,-0.610,0.244,
553,5.530,-0.183,-0.671,0.305,
554,5.540,-0.122,-0.732,0.366,
555,5.550,-0.122,-0.793,0.305,
556,5.560,0.000,-0.732,0.305,
557,5.570,0.488,-0.671,0.244,
558,5.580,0.610,-0.488,0.183,
559,5.590,0.427,-0.244,0.122,
560,5.600,0.000,0.000,0.000,
561,5.610,-0.916,0.244,-0.122,
562,5.620,-1.404,0.549,-0.183,
563,5.630,-1.709,0.793,-0.366,
564,5.640,-1.648,0.793,-0.427,
565,5.650,-1.465,0.977,-0.366,
566,5.660,-0.854,1.099,-0.427,
567,5.670,0.000,0.977,-0.488,
568,5.680,0.305,1.343,-0.488,
569,5.690,0.000,1.282,-0.549,
570,5.700,-0.244,1.160,-0.488,
571,5.710,-0.122,0.977,-0.549,
572,5.720,0.305,1.038,-0.488,
573,5.730,1.709,0.793,-0.427,
574,5.740,2.625,0.671,-0.305,
575,5.750,3.601,0.427,-0.244,
576,5.760,3.723,0.183,-0.183,
577,5.770,3.601,-0.061,-0.122,
578,5.780,3.418,-0.427,0.000,
579,5.790,3.052,-0.549,0.000,
580,5.800,2.686,-0.671,0.000,
581,5.810,2.625,-0.610,0.061,
582,5.820,2.197,-0.610,0.000,
583,5.830,1.221,-0.549,0.061,
584,5.840,0.305,-0.793,0.244,
585,5.850,-0.061,-0.854,0.305,
586,5.860,-0.305,-0.854,0.305,
587,5.870,-0.427,-1.038,0.427,
588,5.880,-1.160,-1.038,0.427,
589,5.890,-1.221,-0.916,0.305,
590,5.900,-0.977,-1.038,0.366,
591,5.910,-1.099,-0.977,0.366,
592,5.920,-1.648,-0.916,0.305,
593,5.930,-2.075,-0.977,0.244,
594,5.940,-1.953,-0.916,0.244,
595,5.950,-1.404,-0.793,0.061,
596,5.960,-1.343,-0.549,0.122,
597,5.970,-0.732,-0.427,0.061,
598,5.980,-0.366,-0.305,0.061,
599,5.990,0.427,-0.244,0.061,
600,6.000,0.916,-0.061,0.000,
601,6.010,0.793,-0.183,0.000,
602,6.020,0.183,-0.061,0.000,
603,6.030,0.366,0.061,-0.061,
604,6.040,1.282,0.183,-0.061,
605,6.050,1.709,0.244,-0.061,
606,6.060,1.648,0.122,-0.183,
607,6.070,1.038,0.305,-0.183,
608,6.080,0.732,0.366,-0.183,
609,6.090,0.000,0.305,-0.244,
610,6.100,-0.549,0.366,-0.183,
611,6.110,-1.160,0.488,-0.183,
612,6.120,-2.014,0.488,-0.244,
613,6.130,-2.380,0.427,-0.244,
614,6.140,-1.892,0.366,-0.183,
615,6.150,-0.977,0.183,-0.122,
616,6.160,-0.183,0.000,-0.122,
617,6.170,0.244,-0.183,-0.061,
618,6.180,0.000,-0.244,-0.061,
619,6.190,0.000,-0.366,0.000,
620,6.200,0.000,-0.305,-0.061,
621,6.210,0.183,-0.427,0.000,
622,6.220,0.000,-0.488,0.000,
623,6.230,0.000,-0.366,0.000,
624,6.240,-0.305,-0.366,-0.061,
625,6.250,-0.854,-0.244,-0.122,
626,6.260,-1.160,0.000,-0.183,
627,6.270,-1.221,0.122,-0.305,
628,6.280,-1.709,0.305,-0.244,
629,6.290,-1.648,0.549,-0.366,
630,6.300,-1.160,0.610,-0.366,
631,6.310,-0.427,0.793,-0.366,
632,6.320,0.000,0.854,-0.366,
633,6.330,0.366,0.793,-0.244,
634,6.340,0.732,0.916,-0.305,
635,6.350,0.916,0.854,-0.366,
636,6.360,0.793,0.793,-0.305,
637,6.370,0.916,0.549,-0.305,
638,6.380,1.343,0.366,-0.183,
639,6.390,1.343,0.183,-0.122,
640,6.400,1.404,-0.061,-0.061,
641,6.410,1.221,-0.244,0.000,
642,6.420,1.160,-0.366,0.061,
643,6.430,0.793,-0.549,0.183,
644,6.440,0.366,-0.610,0.183,
645,6.450,0.427,-0.732,0.244,
646,6.460,0.122,-0.549,0.183,
647,6.470,0.061,-0.549,0.244,
648,6.480,0.122,-0.366,0.183,
649,6.490,0.061,-0.427,0.122,
650,6.500,-0.244,-0.366,0.122,
651,6.510,-0.671,-0.366,0.183,
652,6.520,-0.671,-0.183,0.244,
653,6.530,-0.549,-0.061,0.061,
654,6.540,-0.244,0.000,0.122,
655,6.550,-0.061,0.122,0.000,
656,6.560,0.061,0.427,0.000,
657,6.570,0.183,0.488,-0.061,
658,6.580,0.183,0.488,-0.061,
659,6.590,-0.244,0.427,-0.122,
660,6.600,-0.671,0.427,-0.122,
661,6.610,-0.732,0.427,-0.122,
662,6.620,-0.305,0.427,-0.244,
663,6.630,0.000,0.427,-0.183,
664,6.640,0.671,0.488,-0.244,
665,6.650,1.099,0.305,-0.244,
666,6.660,1.343,0.122,-0.122,
667,6.670,1.038,0.122,-0.061,
668,6.680,0.427,0.061,-0.061,
669,6.690,0.183,0.000,0.000,
670,6.700,0.000,0.000,-0.061,
671,6.710,0.183,-0.061,0.000,
672,6.720,0.549,-0.122,0.000,
673,6.730,0.732,-0.183,0.000,
674,6.740,0.488,-0.122,0.000,
675,6.750,0.000,-0.183,0.061,
676,6.760,-0.793,-0.305,0.061,
677,6.770,-1.526,-0.366,0.000,
678,6.780,-1.526,-0.427,0.122,
679,6.790,-1.038,-0.427,0.183,
680,6.800,-0.244,-0.305,0.000,
681,6.810,-0.061,-0.183,0.000,
682,6.820,-0.244,-0.183,0.000,
683,6.830,-0.549,-0.122,0.000,
684,6.840,-0.732,-0.122,0.061,
685,6.850,-1.038,-0.061,0.061,
686,6.860,-1.099,-0.061,0.183,
687,6.870,-0.977,-0.061,0.061,
688,6.880,-0.854,-0.061,0.061,
689,6.890,-0.732,-0.183,0.000,
690,6.900,-0.610,-0.183,0.122,
691,6.910,-1.160,-0.183,0.061,
692,6.920,-1.648,-0.427,0.122,
693,6.930,-2.869,-0.427,0.183,
694,6.940,-3.601,-0.610,0.366,
695,6.950,-3.784,-0.732,0.427,
696,6.960,-4.395,-0.854,0.549,
697,6.970,-4.211,-0.854,0.549,
698,6.980,-3.784,-0.854,0.427,
699,6.990,-3.540,-0.793,0.366,
700,7.000,-3.418,-0.610,0.366,
701,7.010,-3.113,-0.671,0.366,
702,7.020,-3.357,-0.671,0.366,
703,7.030,-2.563,-0.671,0.305,
704,7.040,-1.343,-0.610,0.183,
705,7.050,-0.610,-0.488,0.061,
706,7.060,0.305,-0.244,0.000,
707,7.070,0.854,0.000,-0.122,
708,7.080,1.404,0.183,-0.244,
709,7.090,0.793,0.427,-0.305,
710,7.100,0.061,0.549,-0.305,
711,7.110,-0.977,0.488,-0.305,
712,7.120,-1.099,0.488,-0.244,
713,7.130,-1.221,0.488,-0.183,
714,7.140,-1.282,0.488,-0.183,
715,7.150,-1.038,0.366,-0.183,
716,7.160,-0.854,0.488,-0.183,
717,7.170,-0.854,0.427,-0.183,
718,7.180,-0.549,0.366,-0.122,
719,7.190,-1.282,0.183,-0.061,
720,7.200,-1.831,0.000,0.061,
721,7.210,-1.526,-0.061,0.122,
722,7.220,-0.427,-0.244,0.183,
723,7.230,0.061,-0.366,0.183,
724,7.240,0.000,-0.366,0.122,
725,7.250,0.122,-0.305,0.000,
726,7.260,-0.122,-0.244,0.061,
727,7.270,-0.183,-0.366,0.061,
728,7.280,-0.488,-0.549,0.183,
729,7.290,-0.854,-0.488,0.244,
730,7.300,-0.793,-0.549,0.244,
731,7.310,-0.305,-0.488,0.244,
732,7.320,0.549,-0.183,0.122,
733,7.330,1.038,0.000,-0.061,
734,7.340,1.282,0.061,-0.183,
735,7.350,0.977,0.305,-0.244,
736,7.360,0.671,0.366,-0.305,
737,7.370,0.305,0.427,-0.244,
738,7.380,0.305,0.305,-0.122,
739,7.390,0.610,0.366,-0.183,
740,7.400,0.854,0.244,-0.183,
741,7.410,0.977,0.366,-0.244,
742,7.420,1.099,0.305,-0.305,
743,7.430,0.671,0.183,-0.305,
744,7.440,0.183,0.122,-0.183,
745,7.450,-0.183,0.000,-0.122,
746,7.460,-0.488,0.000,-0.061,
747,7.470,-0.305,-0.122,0.000,
748,7.480,-0.488,0.000,0.061,
749,7.490,-0.427,0.000,0.061,
750,7.500,-0.305,-0.122,0.061,
751,7.510,-0.366,-0.183,0.061,
752,7.520,-0.305,-0.244,0.061,
753,7.530,0.000,-0.244,0.000,
754,7.540,0.183,-0.122,0.000,
755,7.550,0.366,-0.061,-0.061,
756,7.560,0.122,0.000,0.000,
757,7.570,-0.305,0.000,-0.183,
758,7.580,-1.282,0.061,-0.122,
759,7.590,-2.686,0.000,-0.061,
760,7.600,-3.540,-0.061,0.000,
761,7.610,-3.723,-0.122,0.122,
762,7.620,-4.150,-0.244,0.244,
763,7.630,-5.554,-0.427,0.427,
764,7.640,-5.249,-0.488,0.488,
765,7.650,-5.310,-0.427,0.427,
766,7.660,-4.822,-0.427,0.427,
767,7.670,-5.066,-0.488,0.427,
768,7.680,-5.005,-0.549,0.427,
769,7.690,-4.578,-0.549,0.305,
770,7.700,-3.723,-0.610,0.244,
771,7.710,-2.136,-0.549,0.122,
772,7.720,-0.244,-0.488,0.061,
773,7.730,0.549,-0.305,0.000,
774,7.740,0.610,-0.244,0.000,
775,7.750,0.671,-0.244,0.000,
776,7.760,1.038,0.000,0.000,
777,7.770,1.404,0.000,-0.061,
778,7.780,1.587,0.244,-0.244,
779,7.790,1.587,0.305,-0.183,
780,7.800,1.587,0.488,-0.305,
781,7.810,0.916,0.671,-0.305,
782,7.820,0.610,0.488,-0.305,
783,7.830,0.549,0.549,-0.244,
784,7.840,1.160,0.610,-0.305,
785,7.850,1.526,0.488,-0.305,
786,7.860,1.770,0.488,-0.244,
787,7.870,1.465,0.488,-0.366,
788,7.880,1.160,0.427,-0.244,
789,7.890,0.732,0.427,-0.305,
790,7.900,0.793,0.366,-0.244,
791,7.910,0.854,0.244,-0.183,
792,7.920,0.732,0.000,-0.122,
793,7.930,0.427,0.000,0.000,
794,7.940,0.732,-0.122,0.000,
795,7.950,1.160,-0.183,0.000,
796,7.960,1.465,-0.305,0.122,
797,7.970,1.587,-0.305,0.061,
798,7.980,1.465,-0.488,0.061,
799,7.990,0.854,-0.366,0.061,
800,8.000,0.000,-0.488,0.122,
801,8.010,-1.160,-0.610,0.244,
802,8.020,-1.465,-0.549,0.183,
803,8.030,-1.160,-0.427,0.183,
804,8.040,-0.183,-0.305,0.183,
805,8.050,0.305,-0.183,0.183,
806,8.060,0.916,-0.244,0.183,
807,8.070,1.099,-0.122,0.122,
808,8.080,1.160,0.000,0.000,
809,8.090,1.282,0.000,0.000,
810,8.100,1.038,0.061,0.000,
811,8.110,0.732,0.183,-0.061,
812,8.120,0.916,0.183,-0.061,
813,8.130,0.793,0.183,-0.061,
814,8.140,0.793,0.122,0.000,
815,8.150,1.038,0.183,-0.122,
816,8.160,0.488,0.061,-0.061,
817,8.170,0.549,0.000,0.000,
818,8.180,0.610,0.061,-0.061,
819,8.190,0.916,0.183,-0.122,
820,8.200,1.038,0.244,-0.122,
821,8.210,0.854,0.122,-0.183,
822,8.220,0.732,0.183,-0.244,
823,8.230,0.122,0.122,-0.183,
824,8.240,-0.488,0.000,0.000,
825,8.250,-0.305,0.000,0.000,
826,8.260,0.183,0.061,0.000,
827,8.270,0.916,0.061,0.000,
828,8.280,1.770,0.061,-0.122,
829,8.290,2.014,0.061,-0.061,
830,8.300,1.831,0.122,-0.061,
831,8.310,1.099,0.061,0.000,
832,8.320,0.549,0.305,-0.061,
833,8.330,0.488,0.488,-0.183,
834,8.340,0.610,0.610,-0.244,
835,8.350,0.854,0.549,-0.244,
836,8.360,1.038,0.732,-0.305,
837,8.370,0.977,0.732,-0.183,
838,8.380,1.221,0.671,-0.244,
839,8.390,1.282,0.549,-0.122,
840,8.400,0.977,0.427,-0.183,
841,8.410,0.488,0.305,-0.122,
842,8.420,0.427,0.244,-0.061,
843,8.430,0.488,0.122,-0.061,
844,8.440,0.427,0.000,0.000,
845,8.450,0.366,-0.183,0.000,
846,8.460,0.427,-0.366,0.061,
847,8.470,0.244,-0.427,0.061,
848,8.480,-0.061,-0.549,0.122,
849,8.490,-0.549,-0.671,0.244,
850,8.500,-1.038,-0.854,0.305,
851,8.510,-1.343,-0.793,0.244,
852,8.520,-1.892,-0.793,0.244,
853,8.530,-1.831,-0.854,0.122,
854,8.540,-1.709,-0.610,0.183,
855,8.550,-1.221,-0.488,0.183,
856,8.560,-1.343,-0.366,0.122,
857,8.570,-1.648,-0.366,0.061,
858,8.580,-1.709,-0.122,0.000,
859,8.590,-1.404,0.061,-0.061,
860,8.600,-0.732,0.244,-0.122,
861,8.610,0.183,0.427,-0.183,
862,8.620,0.854,0.610,-0.244,
863,8.630,1.099,0.549,-0.305,
864,8.640,1.160,0.549,-0.305,
865,8.650,0.732,0.549,-0.305,
866,8.660,0.488,0.488,-0.244,
867,8.670,0.061,0.549,-0.244,
868,8.680,0.000,0.244,-0.061,
869,8.690,0.000,0.183,-0.122,
870,8.700,0.000,0.122,-0.122,
871,8.710,0.000,0.000,0.000,
872,8.720,-0.305,-0.122,0.000,
873,8.730,-0.671,-0.244,0.061,
874,8.740,-1.465,-0.305,0.122,
875,8.750,-1.343,-0.366,0.183,
876,8.760,-1.465,-0.366,0.244,
877,8.770,-0.916,-0.549,0.183,
878,8.780,-0.122,-0.366,0.122,
879,8.790,0.488,-0.244,0.061,
880,8.800,0.427,-0.183,0.000,
881,8.810,0.183,-0.122,0.000,
882,8.820,0.000,-0.183,0.000,
883,8.830,0.061,-0.244,0.000,
884,8.840,0.549,-0.183,-0.122,
885,8.850,0.793,-0.061,-0.122,
886,8.860,1.221,0.122,-0.244,
887,8.870,1.343,0.183,-0.305,
888,8.880,0.977,0.244,-0.305,
889,8.890,0.366,0.122,-0.305,
890,8.900,-0.061,0.000,-0.122,
891,8.910,-0.061,0.061,-0.061,
892,8.920,0.366,0.183,-0.061,
893,8.930,0.427,0.122,0.000,
894,8.940,0.305,0.000,0.000,
895,8.950,0.244,0.122,0.000,
896,8.960,0.061,0.000,0.000,
897,8.970,-0.366,0.000,0.000,
898,8.980,-0.366,-0.061,0.000,
899,8.990,-0.122,-0.183,0.000,
900,9.000,-0.061,-0.305,0.000,
901,9.010,0.000,-0.244,0.000,
902,9.020,0.000,-0.427,0.122,
903,9.030,0.061,-0.488,0.061,
904,9.040,-0.244,-0.427,0.122,
905,9.050,-0.305,-0.366,0.061,
906,9.060,-0.427,-0.305,0.061,
907,9.070,-0.427,-0.305,0.000,
908,9.080,-0.610,-0.122,0.000,
909,9.090,-0.488,-0.061,0.000,
910,9.100,0.183,0.000,0.000,
911,9.110,0.488,0.122,-0.122,
912,9.120,0.549,0.244,-0.122,
913,9.130,0.183,0.183,-0.122,
914,9.140,0.122,0.366,-0.183,
915,9.150,0.244,0.366,-0.244,
916,9.160,0.061,0.427,-0.244,
917,9.170,0.061,0.549,-0.183,
918,9.180,0.244,0.427,-0.244,
919,9.190,0.122,0.488,-0.244,
920,9.200,-0.610,0.366,-0.122,
921,9.210,-0.366,0.244,0.000,
922,9.220,-0.488,0.122,0.000,
923,9.230,-0.427,0.122,0.000,
924,9.240,-0.610,0.000,0.000,
925,9.250,-0.793,-0.061,0.000,
926,9.260,-0.549,-0.244,0.061,
927,9.270,-0.305,-0.244,0.000,
928,9.280,0.244,-0.366,0.000,
929,9.290,0.671,-0.366,0.061,
930,9.300,0.732,-0.549,0.000,
931,9.310,0.610,-0.610,0.000,
932,9.320,0.366,-0.610,0.000,
933,9.330,0.305,-0.671,0.000,
934,9.340,0.488,-0.610,0.061,
935,9.350,0.671,-0.549,0.000,
936,9.360,0.732,-0.366,0.061,
937,9.370,0.427,-0.244,0.000,
938,9.380,0.061,0.000,-0.061,
939,9.390,-0.183,0.061,-0.061,
940,9.400,-0.732,0.244,-0.122,
941,9.410,-1.160,0.366,-0.122,
942,9.420,-1.404,0.549,-0.183,
943,9.430,-1.099,0.732,-0.122,
944,9.440,-0.488,0.671,-0.244,
945,9.450,0.000,0.671,-0.244,
946,9.460,0.244,0.610,-0.366,
947,9.470,0.305,0.732,-0.366,
948,9.480,0.000,0.732,-0.305,
949,9.490,-0.488,0.488,-0.244,
950,9.500,-0.610,0.488,-0.244,
951,9.510,-0.305,0.305,-0.244,
952,9.520,-0.488,0.244,-0.244,
953,9.530,0.305,0.183,-0.183,
954,9.540,-0.244,0.000,-0.122,
955,9.550,-0.305,0.000,0.000,
956,9.560,-1.038,-0.061,0.000,
957,9.570,-1.038,-0.244,0.000,
958,9.580,-1.160,-0.305,0.061,
959,9.590,-1.770,-0.366,0.061,
960,9.600,-1.648,-0.305,0.061,
961,9.610,-1.221,-0.366,0.122,
962,9.620,-0.854,-0.183,0.000,
963,9.630,-0.122,-0.244,0.000,
964,9.640,-0.122,-0.305,0.000,
965,9.650,-0.366,-0.244,0.061,
966,9.660,0.793,-0.244,0.000,
967,9.670,1.038,-0.244,0.000,
968,9.680,0.977,-0.244,0.000,
969,9.690,0.916,-0.244,-0.061,
970,9.700,1.160,-0.061,-0.061,
971,9.710,1.282,-0.061,-0.061,
972,9.720,2.563,-0.183,0.000,
973,9.730,4.700,-0.122,-0.061,
974,9.740,7.080,-0.488,0.000,
975,9.750,8.484,-0.793,0.061,
976,9.760,9.583,-1.282,0.305,
977,9.770,9.827,-1.831,0.549,
978,9.780,10.010,-2.441,0.916,
979,9.790,11.475,-3.052,1.221,
980,9.800,14.282,-3.906,1.404,
981,9.810,16.113,-4.883,1.587,
982,9.820,18.555,-6.042,1.831,
983,9.830,21.851,-6.836,2.136,
984,9.840,19.775,-7.874,2.686,
985,9.850,14.771,-8.850,3.418,
986,9.860,13.123,-10.010,4.089,
987,9.870,11.414,-11.047,4.517,
988,9.880,7.141,-12.085,5.005,
989,9.890,6.042,-13.489,5.737,
990,9.900,5.493,-14.771,6.287,
991,9.910,7.019,-16.052,7.141,
992,9.920,9.888,-17.639,7.874,
993,9.930,13.123,-19.287,8.789,
994,9.940,11.292,-20.752,9.583,
995,9.950,7.996,-22.705,10.559,
996,9.960,9.338,-24.475,11.414,
997,9.970,13.550,-25.940,11.963,
998,9.980,18.555,-27.588,12.817,
999,9.990,20.630,-29.297,13.855,
1000,10.000,22.644,-30.640,15.015,
1001,10.010,37.292,-32.471,16.052,
1002,10.020,43.396,-33.813,17.273,
1003,10.030,49.988,-35.828,18.616,
1004,10.040,53.406,-37.415,19.836,
1005,10.050,56.580,-38.818,20.935,
1006,10.060,60.669,-40.222,22.034,
1007,10.070,62.195,-41.199,23.132,
1008,10.080,66.650,-41.931,23.987,
1009,10.090,76.172,-42.297,24.353,
1010,10.100,84.106,-41.748,24.780,
1011,10.110,93.933,-40.649,25.818,
1012,10.120,97.473,-39.917,25.635,
1013,10.130,93.689,-38.147,26.001,
1014,10.140,93.628,-36.560,26.184,
1015,10.150,92.834,-34.607,26.001,
1016,10.160,95.764,-32.532,25.574,
1017,10.170,93.994,-29.968,24.780,
1018,10.180,86.243,-27.222,23.682,
1019,10.190,82.764,-24.780,22.461,
1020,10.200,75.623,-21.729,20.996,
1021,10.210,70.007,-19.348,20.020,
1022,10.220,72.998,-17.273,18.738,
1023,10.230,72.632,-14.771,16.846,
1024,10.240,66.895,-12.878,15.442,
1025,10.250,59.143,-11.230,13.611,
1026,10.260,56.458,-9.399,11.719,
1027,10.270,58.838,-8.179,10.010,
1028,10.280,60.059,-6.470,8.240,
1029,10.290,59.570,-5.371,6.714,
1030,10.300,59.204,-4.272,5.188,
1031,10.310,54.688,-3.235,3.540,
1032,10.320,54.504,-2.625,2.502,
1033,10.330,53.894,-1.770,1.221,
1034,10.340,53.345,-1.038,0.305,
1035,10.350,53.833,-0.549,-0.427,
1036,10.360,46.326,0.305,-1.709,
1037,10.370,59.082,0.244,-1.892,
1038,10.380,57.190,0.854,-2.319,
1039,10.390,55.237,0.916,-1.831,
1040,10.400,53.040,1.343,-1.160,
1041,10.410,52.124,2.014,-0.366,
1042,10.420,57.678,2.136,0.793,
1043,10.430,60.181,2.563,1.648,
1044,10.440,62.317,2.563,2.563,
1045,10.450,58.044,2.747,3.052,
1046,10.460,55.298,2.991,3.052,
1047,10.470,54.565,2.563,3.174,
1048,10.480,59.021,2.136,2.991,
1049,10.490,64.026,1.831,3.052,
1050,10.500,64.209,2.441,3.784,
1051,10.510,65.063,2.869,4.761,
1052,10.520,62.378,3.662,5.127,
1053,10.530,59.692,3.784,5.188,
1054,10.540,56.824,3.784,5.066,
1055,10.550,57.251,4.150,4.700,
1056,10.560,59.143,4.761,4.456,
1057,10.570,62.195,5.127,4.211,
1058,10.580,67.993,5.798,3.784,
1059,10.590,70.679,6.165,3.174,
1060,10.600,74.707,6.775,2.808,
1061,10.610,66.528,7.996,2.380,
1062,10.620,57.800,8.972,2.563,
1063,10.630,49.622,9.705,2.136,
1064,10.640,49.744,9.949,0.916,
1065,10.650,56.580,10.193,0.183,
1066,10.660,55.176,11.597,-1.282,
1067,10.670,54.138,13.245,-2.258,
1068,10.680,44.800,14.954,-2.502,
1069,10.690,33.325,16.357,-2.869,
1070,10.700,23.743,17.151,-3.723,
1071,10.710,24.231,17.212,-5.249,
1072,10.720,26.123,17.273,-7.568,
1073,10.730,26.367,18.494,-9.766,
1074,10.740,30.823,19.836,-11.047,
1075,10.750,32.654,21.240,-12.695,
1076,10.760,34.729,22.034,-13.550,
1077,10.770,20.569,22.766,-14.465,
1078,10.780,10.315,23.254,-15.808,
1079,10.790,9.521,23.376,-17.029,
1080,10.800,11.108,24.292,-18.799,
1081,10.810,16.968,25.757,-20.325,
1082,10.820,24.048,26.978,-21.729,
1083,10.830,28.259,27.710,-23.010,
1084,10.840,25.146,28.870,-24.963,
1085,10.850,16.968,29.846,-26.062,
1086,10.860,9.644,30.823,-26.917,
1087,10.870,5.859,31.433,-28.564,
1088,10.880,7.263,32.471,-29.663,
1089,10.890,15.076,31.982,-30.579,
1090,10.900,16.479,33.264,-31.799,
1091,10.910,19.348,34.058,-32.654,
1092,10.920,18.616,34.546,-33.203,
1093,10.930,16.541,34.790,-33.691,
1094,10.940,9.338,35.034,-33.630,
1095,10.950,6.409,34.912,-33.264,
1096,10.960,9.338,35.767,-33.142,
1097,10.970,14.404,36.316,-33.142,
1098,10.980,14.160,37.170,-33.020,
1099,10.990,11.780,37.781,-33.386,
1100,11.000,12.756,38.086,-32.959,
1101,11.010,6.897,39.307,-33.081,
1102,11.020,5.188,39.673,-33.264,
1103,11.030,3.601,39.307,-33.081,
1104,11.040,7.690,39.673,-34.058,
1105,11.050,9.094,39.917,-34.851,
1106,11.060,10.010,41.626,-35.767,
1107,11.070,17.639,42.419,-37.720,
1108,11.080,17.334,43.579,-40.100,
1109,11.090,18.982,43.274,-42.358,
1110,11.100,12.268,42.847,-46.143,
1111,11.110,3.479,42.847,-50.293,
1112,11.120,-7.080,44.495,-54.199,
1113,11.130,-11.475,47.668,-59.143,
1114,11.140,-5.615,49.683,-63.171,
1115,11.150,4.639,49.622,-65.674,
1116,11.160,7.690,48.889,-68.237,
1117,11.170,10.620,49.988,-70.374,
1118,11.180,15.259,51.941,-72.510,
1119,11.190,22.949,53.955,-75.134,
1120,11.200,34.851,54.626,-77.576,
1121,11.210,36.926,54.138,-79.041,
1122,11.220,30.396,53.772,-80.261,
1123,11.230,19.409,54.626,-81.604,
1124,11.240,8.240,56.274,-82.947,
1125,11.250,5.920,57.190,-84.229,
1126,11.260,8.606,57.922,-85.999,
1127,11.270,10.010,58.838,-87.158,
1128,11.280,10.620,59.143,-87.708,
1129,11.290,-0.366,61.096,-87.769,
1130,11.300,-12.390,63.599,-86.426,
1131,11.310,-29.907,66.772,-85.571,
1132,11.320,-32.959,69.153,-84.900,
1133,11.330,-26.978,70.129,-84.045,
1134,11.340,-24.048,71.350,-83.069,
1135,11.350,-21.545,72.754,-81.848,
1136,11.360,-24.353,75.317,-80.078,
1137,11.370,-26.917,76.965,-78.552,
1138,11.380,-41.809,79.163,-77.820,
1139,11.390,-49.927,80.872,-77.087,
1140,11.400,-30.884,80.505,-76.538,
1141,11.410,-9.644,80.078,-75.867,
1142,11.420,1.709,78.735,-75.928,
1143,11.430,1.282,77.026,-76.233,
1144,11.440,-11.230,74.036,-75.928,
1145,11.450,-28.137,71.167,-75.317,
1146,11.460,-46.021,68.298,-74.402,
1147,11.470,-67.566,64.697,-72.876,
1148,11.480,-67.017,59.753,-71.777,
1149,11.490,-63.538,54.626,-70.557,
1150,11.500,-63.965,49.133,-69.946,
1151,11.510,-65.918,43.884,-71.045,
1152,11.520,-76.111,39.185,-72.571,
1153,11.530,-80.444,33.447,-73.425,
1154,11.540,-77.576,27.222,-76.477,
1155,11.550,-87.158,23.071,-78.247,
1156,11.560,-88.867,20.081,-77.087,
1157,11.570,-80.872,17.456,-77.271,
1158,11.580,-63.721,13.672,-78.125,
1159,11.590,-50.110,6.470,-79.651,
1160,11.600,-47.546,5.737,-79.102,
1161,11.610,-45.715,5.981,-76.294,
1162,11.620,-43.030,7.751,-73.364,
1163,11.630,-43.213,9.338,-71.655,
1164,11.640,-34.424,10.132,-68.909,
1165,11.650,-21.851,8.728,-66.833,
1166,11.660,-15.381,6.592,-65.125,
1167,11.670,-8.789,4.395,-63.049,
1168,11.680,-5.676,2.991,-60.791,
1169,11.690,-1.160,2.686,-58.899,
1170,11.700,4.028,2.075,-57.129,
1171,11.710,4.578,1.160,-54.871,
1172,11.720,2.380,0.977,-52.856,
1173,11.730,1.526,0.488,-51.453,
1174,11.740,0.977,-1.038,-50.354,
1175,11.750,1.343,-2.380,-49.805,
1176,11.760,6.958,-3.296,-50.415,
1177,11.770,9.827,-4.333,-52.002,
1178,11.780,9.949,-3.906,-52.612,
1179,11.790,10.864,-3.906,-51.392,
1180,11.800,8.850,-2.808,-49.683,
1181,11.810,4.395,-2.869,-47.791,
1182,11.820,1.831,-5.188,-44.861,
1183,11.830,-3.723,-6.714,-43.396,
1184,11.840,2.380,-8.606,-42.542,
1185,11.850,8.545,-10.803,-41.992,
1186,11.860,16.052,-13.428,-40.405,
1187,11.870,25.208,-17.456,-37.720,
1188,11.880,31.616,-20.569,-35.706,
1189,11.890,34.363,-24.841,-31.494,
1190,11.900,33.142,-28.564,-28.076,
1191,11.910,38.391,-30.273,-26.978,
1192,11.920,45.898,-31.677,-26.001,
1193,11.930,48.279,-33.569,-25.085,
1194,11.940,47.546,-34.180,-24.353,
1195,11.950,45.044,-34.546,-24.414,
1196,11.960,35.645,-34.241,-23.010,
1197,11.970,26.123,-33.142,-23.743,
1198,11.980,19.226,-30.334,-26.123,
1199,11.990,14.221,-27.466,-28.748,
1200,12.000,13.489,-26.245,-31.616,
1201,12.010,11.719,-25.330,-34.180,
1202,12.020,10.132,-25.330,-36.377,
1203,12.030,0.793,-26.428,-37.109,
1204,12.040,-8.972,-26.733,-39.185,
1205,12.050,-12.329,-25.574,-41.504,
1206,12.060,-9.644,-25.085,-43.518,
1207,12.070,-1.282,-24.658,-43.152,
1208,12.080,6.409,-25.940,-42.786,
1209,12.090,10.742,-27.100,-41.443,
1210,12.100,6.958,-29.785,-38.513,
1211,12.110,-0.732,-30.823,-37.109,
1212,12.120,-2.563,-31.555,-36.926,
1213,12.130,0.488,-32.593,-36.316,
1214,12.140,8.606,-34.485,-34.973,
1215,12.150,21.118,-36.194,-33.325,
1216,12.160,33.203,-37.842,-30.823,
1217,12.170,32.288,-40.466,-28.442,
1218,12.180,28.137,-41.992,-26.733,
1219,12.190,15.198,-42.297,-25.696,
1220,12.200,5.981,-44.006,-25.330,
1221,12.210,4.456,-47.119,-24.902,
1222,12.220,11.963,-49.255,-23.926,
1223,12.230,21.729,-51.270,-22.095,
1224,12.240,23.499,-52.979,-20.630,
1225,12.250,15.259,-55.237,-19.714,
1226,12.260,4.700,-56.519,-18.433,
1227,12.270,1.953,-58.350,-17.395,
1228,12.280,-1.221,-62.561,-17.883,
1229,12.290,-3.357,-65.857,-16.052,
1230,12.300,-2.991,-69.397,-14.160,
1231,12.310,1.770,-72.693,-12.939,
1232,12.320,-0.671,-75.623,-11.475,
1233,12.330,3.235,-78.186,-9.277,
1234,12.340,-1.709,-80.383,-7.019,
1235,12.350,-2.136,-82.703,-4.944,
1236,12.360,2.441,-86.487,-2.747,
1237,12.370,3.174,-89.539,-0.549,
1238,12.380,8.850,-94.360,0.366,
1239,12.390,7.263,-97.473,1.648,
1240,12.400,11.780,-100.037,3.418,
1241,12.410,9.277,-103.271,4.944,
1242,12.420,10.681,-104.736,7.263,
1243,12.430,20.935,-107.666,9.338,
1244,12.440,26.611,-108.887,11.047,
1245,12.450,23.621,-111.145,12.085,
1246,12.460,14.038,-110.779,12.939,
1247,12.470,10.620,-113.403,12.512,
1248,12.480,6.226,-113.342,13.306,
1249,12.490,1.282,-115.479,13.184,
1250,12.500,9.338,-117.249,14.526,
1251,12.510,16.663,-121.399,14.343,
1252,12.520,23.804,-124.756,14.343,
1253,12.530,33.813,-128.296,14.526,
1254,12.540,28.625,-129.272,13.977,
1255,12.550,28.198,-129.761,14.526,
1256,12.560,22.034,-130.493,14.404,
1257,12.570,19.775,-128.540,15.137,
1258,12.580,24.719,-130.371,15.015,
1259,12.590,33.875,-129.822,17.090,
1260,12.600,46.448,-133.606,18.433,
1261,12.610,63.049,-136.658,21.301,
1262,12.620,81.055,-140.991,23.987,
1263,12.630,87.585,-141.174,29.480,
1264,12.640,88.257,-140.503,35.583,
1265,12.650,90.515,-139.404,40.833,
1266,12.660,100.464,-137.695,45.227,
1267,12.670,116.089,-135.254,50.293,
1268,12.680,126.587,-132.446,55.786,
1269,12.690,129.211,-128.540,61.279,
1270,12.700,128.967,-125.793,65.918,
1271,12.710,124.634,-121.704,70.374,
1272,12.720,125.977,-118.652,74.524,
1273,12.730,123.901,-114.258,79.590,
1274,12.740,123.474,-109.192,85.083,
1275,12.750,129.211,-105.347,90.698,
1276,12.760,130.859,-99.609,95.337,
1277,12.770,127.747,-93.628,100.891,
1278,12.780,123.901,-87.769,105.530,
1279,12.790,103.455,-83.130,109.009,
1280,12.800,107.239,-81.055,111.145,
1281,12.810,116.455,-76.904,112.793,
1282,12.820,131.714,-73.486,114.197,
1283,12.830,129.517,-69.519,116.150,
1284,12.840,97.839,-65.308,117.920,
1285,12.850,98.938,-63.293,119.812,
1286,12.860,88.867,-59.448,120.605,
1287,12.870,79.956,-56.641,122.009,
1288,12.880,74.036,-54.016,123.047,
1289,12.890,67.627,-50.293,124.268,
1290,12.900,61.157,-46.570,126.953,
1291,12.910,50.598,-42.969,129.822,
1292,12.920,43.701,-39.917,131.592,
1293,12.930,7.324,-37.354,134.277,
1294,12.940,36.377,-38.696,138.062,
1295,12.950,31.921,-32.349,136.414,
1296,12.960,50.659,-30.579,139.893,
1297,12.970,45.593,-25.940,141.357,
1298,12.980,36.072,-19.653,139.771,
1299,12.990,53.223,-17.822,141.785,
1300,13.000,48.035,-12.390,140.320,
1301,13.010,46.082,-6.348,140.503,
1302,13.020,51.941,-5.737,138.794,
1303,13.030,27.039,-3.845,134.460,
1304,13.040,21.240,-3.357,134.094,
1305,13.050,19.531,-4.639,131.836,
1306,13.060,30.823,-4.333,129.639,
1307,13.070,45.715,-4.028,128.845,
1308,13.080,44.373,-4.089,125.916,
1309,13.090,41.443,-1.404,124.756,
1310,13.100,44.556,-2.136,121.765,
1311,13.110,30.457,0.610,119.324,
1312,13.120,22.400,-0.061,115.295,
1313,13.130,6.470,2.014,113.892,
1314,13.140,5.310,1.831,110.413,
1315,13.150,15.015,3.235,108.337,
1316,13.160,33.936,3.235,103.394,
1317,13.170,35.461,5.859,100.525,
1318,13.180,47.241,8.057,95.825,
1319,13.190,43.579,13.000,92.346,
1320,13.200,28.076,16.846,88.379,
1321,13.210,14.526,19.043,85.510,
1322,13.220,10.925,21.423,82.031,
1323,13.230,20.691,21.851,80.322,
1324,13.240,29.175,23.315,77.332,
1325,13.250,35.645,25.208,73.364,
1326,13.260,37.842,27.039,69.397,
1327,13.270,33.386,28.870,65.002,
1328,13.280,20.630,32.959,62.256,
1329,13.290,16.663,34.241,59.570,
1330,13.300,13.489,36.987,58.350,
1331,13.310,25.146,36.865,55.664,
1332,13.320,34.241,38.940,54.626,
1333,13.330,36.926,40.161,53.040,
1334,13.340,34.180,41.931,52.185,
1335,13.350,26.489,43.518,50.537,
1336,13.360,26.123,44.312,49.683,
1337,13.370,18.616,44.800,48.523,
1338,13.380,20.386,45.715,47.791,
1339,13.390,21.240,48.096,47.424,
1340,13.400,23.560,48.889,45.898,
1341,13.410,17.822,51.514,46.265,
1342,13.420,22.827,50.659,45.593,
1343,13.430,13.428,53.955,47.302,
1344,13.440,4.333,53.406,48.767,
1345,13.450,-10.010,56.091,50.354,
1346,13.460,-9.460,58.167,50.415,
1347,13.470,-0.610,59.204,49.744,
1348,13.480,5.249,61.768,49.438,
1349,13.490,17.700,62.195,47.729,
1350,13.500,10.132,64.392,47.119,
1351,13.510,6.836,65.308,45.471,
1352,13.520,-1.221,67.078,44.373,
1353,13.530,2.197,69.519,42.114,
1354,13.540,6.714,71.838,40.955,
1355,13.550,10.742,74.402,39.612,
1356,13.560,23.804,75.928,38.391,
1357,13.570,36.194,77.637,36.621,
1358,13.580,37.292,79.834,34.790,
1359,13.590,33.020,81.421,33.142,
1360,13.600,28.503,82.825,29.907,
1361,13.610,33.997,85.144,27.832,
1362,13.620,43.701,86.182,24.597,
1363,13.630,48.157,89.417,22.766,
1364,13.640,56.091,91.064,20.874,
1365,13.650,54.688,93.506,18.311,
1366,13.660,54.626,95.886,16.479,
1367,13.670,54.932,98.145,13.855,
1368,13.680,62.500,100.403,10.986,
1369,13.690,70.068,103.760,7.324,
1370,13.700,78.735,106.445,3.174,
1371,13.710,83.130,110.657,-0.793,
1372,13.720,92.957,113.953,-6.042,
1373,13.730,92.102,118.164,-11.719,
1374,13.740,93.689,122.009,-17.456,
1375,13.750,93.567,125.916,-24.414,
1376,13.760,93.628,129.944,-31.006,
1377,13.770,101.868,132.629,-37.598,
1378,13.780,114.075,135.681,-44.495,
1379,13.790,126.465,138.489,-51.819,
1380,13.800,161.316,138.367,-59.814,
1381,13.810,130.249,142.639,-67.505,
1382,13.820,141.479,141.418,-73.669,
1383,13.830,148.010,142.090,-83.130,
1384,13.840,150.330,142.090,-90.515,
1385,13.850,144.470,140.930,-96.313,
1386,13.860,133.789,140.137,-104.492,
1387,13.870,132.019,137.268,-111.389,
1388,13.880,130.310,135.376,-117.188,
1389,13.890,126.465,134.216,-124.207,
1390,13.900,127.808,132.263,-130.127,
1391,13.910,134.521,128.601,-136.597,
1392,13.920,136.230,125.793,-143.738,
1393,13.930,132.813,121.948,-150.391,
1394,13.940,103.699,118.896,-155.579,
1395,13.950,62.256,115.356,-159.668,
1396,13.960,34.790,114.197,-161.987,
1397,13.970,38.879,112.671,-163.940,
1398,13.980,54.565,112.793,-166.626,
1399,13.990,84.961,111.267,-168.579,
1400,14.000,122.070,107.849,-172.058,
1401,14.010,141.968,103.638,-176.758,
1402,14.020,144.409,96.313,-179.321,
1403,14.030,108.154,89.905,-181.458,
1404,14.040,70.801,84.961,-181.702,
1405,14.050,42.603,82.397,-179.871,
1406,14.060,30.273,80.872,-177.002,
1407,14.070,25.208,78.979,-174.500,
1408,14.080,23.010,76.172,-173.035,
1409,14.090,23.621,72.449,-172.180,
1410,14.100,26.672,68.665,-171.570,
1411,14.110,31.799,64.331,-170.898,
1412,14.120,27.100,60.059,-170.227,
1413,14.130,18.555,55.054,-169.250,
1414,14.140,4.761,49.805,-168.640,
1415,14.150,2.563,45.593,-167.847,
1416,14.160,-3.601,46.631,-161.438,
1417,14.170,-3.113,47.791,-155.457,
1418,14.180,7.446,47.058,-150.208,
1419,14.190,19.165,44.373,-145.325,
1420,14.200,26.184,40.527,-139.893,
1421,14.210,35.889,35.217,-133.484,
1422,14.220,35.095,30.640,-126.709,
1423,14.230,27.649,26.428,-120.483,
1424,14.240,28.992,22.400,-113.525,
1425,14.250,26.733,19.043,-108.093,
1426,14.260,31.982,15.320,-104.065,
1427,14.270,42.786,10.437,-99.854,
1428,14.280,62.256,5.371,-95.215,
1429,14.290,74.341,-0.916,-91.064,
1430,14.300,60.303,-7.935,-87.036,
1431,14.310,47.546,-14.465,-83.191,
1432,14.320,24.048,-17.517,-80.627,
1433,14.330,16.052,-21.667,-75.745,
1434,14.340,4.395,-22.766,-72.815,
1435,14.350,21.240,-26.611,-71.228,
1436,14.360,34.363,-30.762,-69.214,
1437,14.370,34.729,-34.546,-67.810,
1438,14.380,23.254,-38.757,-65.308,
1439,14.390,9.399,-40.527,-64.026,
1440,14.400,7.263,-41.809,-63.904,
1441,14.410,-2.747,-42.969,-62.134,
1442,14.420,-6.470,-44.922,-62.744,
1443,14.430,-7.019,-44.861,-62.744,
1444,14.440,-0.427,-47.791,-62.622,
1445,14.450,-7.080,-48.340,-61.340,
1446,14.460,-10.071,-49.316,-60.059,
1447,14.470,-14.771,-48.950,-59.448,
1448,14.480,-11.841,-48.767,-59.448,
1449,14.490,3.113,-50.720,-60.120,
1450,14.500,24.109,-51.758,-60.852,
1451,14.510,48.401,-55.115,-61.157,
1452,14.520,39.368,-57.251,-61.951,
1453,14.530,22.888,-61.035,-63.171,
1454,14.540,8.789,-63.660,-62.134,
1455,14.550,6.104,-65.186,-61.768,
1456,14.560,13.733,-66.345,-60.486,
1457,14.570,13.794,-66.956,-58.960,
1458,14.580,20.142,-68.848,-58.777,
1459,14.590,20.508,-70.313,-58.716,
1460,14.600,15.137,-72.998,-59.998,
1461,14.610,19.470,-73.242,-58.655,
1462,14.620,19.592,-73.059,-57.617,
1463,14.630,18.494,-72.327,-54.871,
1464,14.640,11.475,-73.486,-54.016,
1465,14.650,6.714,-74.463,-54.504,
1466,14.660,11.108,-76.050,-54.626,
1467,14.670,6.836,-78.125,-55.054,
1468,14.680,6.592,-76.843,-52.612,
1469,14.690,6.226,-77.942,-51.819,
1470,14.700,2.869,-76.660,-49.438,
1471,14.710,-1.831,-78.674,-49.622,
1472,14.720,-3.967,-80.688,-50.293,
1473,14.730,-5.249,-83.496,-50.598,
1474,14.740,-0.610,-86.487,-50.354,
1475,14.750,2.258,-87.463,-48.279,
1476,14.760,-0.610,-90.088,-48.523,
1477,14.770,-2.136,-90.454,-47.241,
1478,14.780,-8.301,-92.896,-47.607,
1479,14.790,-3.601,-94.727,-47.302,
1480,14.800,-0.427,-96.680,-46.143,
1481,14.810,5.676,-100.098,-45.654,
1482,14.820,10.010,-101.929,-43.701,
1483,14.830,3.540,-105.774,-43.518,
1484,14.840,5.127,-106.934,-43.396,
1485,14.850,5.615,-109.802,-42.847,
1486,14.860,17.456,-113.525,-43.152,
1487,14.870,21.545,-115.967,-41.992,
1488,14.880,35.461,-120.850,-41.138,
1489,14.890,60.852,-125.244,-38.940,
1490,14.900,80.444,-130.127,-36.194,
1491,14.910,96.985,-135.498,-31.982,
1492,14.920,104.492,-139.099,-25.513,
1493,14.930,103.394,-143.433,-18.250,
1494,14.940,111.389,-148.010,-11.658,
1495,14.950,125.305,-151.184,-3.723,
1496,14.960,145.508,-154.846,4.944,
1497,14.970,161.621,-156.372,15.625,
1498,14.980,168.457,-157.715,26.428,
1499,14.990,168.457,-157.898,37.842,
1500,15.000,175.781,-157.593,48.462,
1501,15.010,179.443,-155.334,59.082,
1502,15.020,185.852,-152.954,70.251,
1503,15.030,197.266,-150.330,80.261,
1504,15.040,211.121,-145.569,90.393,
1505,15.050,224.731,-141.479,101.318,
1506,15.060,224.060,-136.841,111.267,
1507,15.070,219.543,-132.446,120.605,
1508,15.080,214.172,-127.869,129.944,
1509,15.090,198.547,-123.291,137.512,
1510,15.100,199.829,-120.544,143.433,
1511,15.110,199.219,-116.882,148.010,
1512,15.120,187.683,-113.037,152.344,
1513,15.130,171.814,-109.497,156.616,
1514,15.140,155.457,-105.469,160.095,
1515,15.150,129.150,-102.478,163.208,
1516,15.160,103.149,-100.098,166.138,
1517,15.170,96.680,-97.412,167.480,
1518,15.180,99.915,-94.421,168.518,
1519,15.190,94.849,-90.942,170.288,
1520,15.200,70.374,-86.060,172.363,
1521,15.210,43.396,-82.825,174.438,
1522,15.220,47.729,-81.055,174.500,
1523,15.230,29.785,-76.416,174.194,
1524,15.240,21.790,-73.669,174.866,
1525,15.250,28.931,-70.618,173.401,
1526,15.260,54.871,-64.697,173.096,
1527,15.270,78.430,-58.533,172.058,
1528,15.280,66.162,-50.903,172.607,
1529,15.290,66.162,-42.847,170.654,
1530,15.300,92.529,-39.551,164.978,
1531,15.310,75.073,-32.043,158.936,
1532,15.320,57.922,-28.503,155.518,
1533,15.330,43.152,-22.400,150.146,
1534,15.340,40.039,-20.020,143.372,
1535,15.350,46.143,-17.090,139.893,
1536,15.360,43.762,-13.062,135.132,
1537,15.370,45.349,-11.536,131.470,
1538,15.380,34.546,-7.385,128.845,
1539,15.390,29.053,-4.272,123.047,
1540,15.400,30.579,-2.625,119.202,
1541,15.410,31.311,1.526,115.173,
1542,15.420,28.809,3.967,110.413,
1543,15.430,19.836,6.531,107.727,
1544,15.440,18.555,10.498,104.065,
1545,15.450,18.494,12.146,100.159,
1546,15.460,21.729,17.151,97.534,
1547,15.470,28.870,19.958,94.177,
1548,15.480,30.701,22.339,91.553,
1549,15.490,23.865,25.208,89.111,
1550,15.500,25.879,25.635,84.167,
1551,15.510,20.264,29.602,81.970,
1552,15.520,16.113,32.104,76.965,
1553,15.530,20.142,36.255,74.036,
1554,15.540,21.729,39.612,71.655,
1555,15.550,21.667,41.565,68.787,
1556,15.560,18.127,43.518,68.909,
1557,15.570,13.123,44.373,68.481,
1558,15.580,10.681,45.105,67.688,
1559,15.590,12.268,46.570,65.796,
1560,15.600,18.494,48.706,62.439,
1561,15.610,29.846,50.537,58.716,
1562,15.620,36.316,53.894,56.519,
1563,15.630,36.743,55.847,53.589,
1564,15.640,24.292,58.105,52.979,
1565,15.650,11.108,59.998,52.673,
1566,15.660,7.751,60.486,51.697,
1567,15.670,6.775,61.951,52.124,
1568,15.680,16.296,62.805,50.476,
1569,15.690,21.545,64.331,50.903,
1570,15.700,29.175,65.979,50.903,
1571,15.710,27.710,67.200,49.988,
1572,15.720,22.400,68.054,50.720,
1573,15.730,16.846,69.946,51.086,
1574,15.740,16.785,71.167,50.903,
1575,15.750,14.587,72.998,51.636,
1576,15.760,13.306,74.463,52.063,
1577,15.770,23.438,74.890,51.514,
1578,15.780,25.940,77.637,52.368,
1579,15.790,31.555,78.125,51.453,
1580,15.800,23.376,80.566,51.208,
1581,15.810,17.273,82.336,51.331,
1582,15.820,16.602,84.167,50.171,
1583,15.830,19.226,85.815,49.194,
1584,15.840,31.616,87.341,46.875,
1585,15.850,37.781,90.088,45.288,
1586,15.860,43.762,91.980,43.030,
1587,15.870,48.279,95.215,40.344,
1588,15.880,47.241,97.656,38.086,
1589,15.890,44.250,100.403,36.072,
1590,15.900,47.119,103.821,33.997,
1591,15.910,57.800,106.262,31.067,
1592,15.920,66.467,110.962,28.809,
1593,15.930,81.482,114.746,25.146,
1594,15.940,89.783,118.164,21.179,
1595,15.950,96.436,122.375,16.296,
1596,15.960,94.177,126.282,11.536,
1597,15.970,88.074,129.028,5.676,
1598,15.980,89.722,131.897,-0.977,
1599,15.990,106.445,134.705,-8.118,
1600,16.000,118.347,136.719,-15.442,
1601,16.010,131.165,139.099,-22.583,
1602,16.020,145.264,140.198,-30.640,
1603,16.030,155.518,141.113,-39.307,
1604,16.040,160.217,142.944,-47.791,
1605,16.050,149.353,144.226,-56.213,
1606,16.060,144.104,145.020,-64.819,
1607,16.070,157.349,143.799,-74.097,
1608,16.080,182.312,143.311,-84.167,
1609,16.090,212.036,140.808,-94.299,
1610,16.100,223.633,138.611,-104.004,
1611,16.110,219.849,135.681,-113.525,
1612,16.120,186.951,132.446,-121.704,
1613,16.130,136.597,130.066,-128.662,
1614,16.140,106.323,128.052,-135.498,
1615,16.150,103.271,124.878,-140.930,
1616,16.160,112.915,122.803,-147.400,
1617,16.170,125.793,121.704,-153.137,
1618,16.180,148.865,117.188,-159.241,
1619,16.190,145.325,115.601,-166.321,
1620,16.200,120.544,113.953,-171.326,
1621,16.210,75.073,112.854,-174.805,
1622,16.220,36.804,113.098,-178.833,
1623,16.230,32.349,111.023,-182.495,
1624,16.240,55.359,110.352,-184.509,
1625,16.250,66.528,109.009,-187.805,
1626,16.260,80.261,106.567,-189.392,
1627,16.270,80.505,104.736,-191.406,
1628,16.280,77.820,103.149,-192.871,
1629,16.290,75.989,100.037,-192.810,
1630,16.300,65.430,97.534,-192.993,
1631,16.310,61.462,93.018,-192.139,
1632,16.320,58.716,87.097,-190.552,
1633,16.330,53.467,80.750,-189.148,
1634,16.340,50.842,73.975,-186.951,
1635,16.350,55.054,65.063,-184.570,
1636,16.360,50.903,57.190,-181.213,
1637,16.370,46.387,47.913,-178.284,
1638,16.380,46.570,39.795,-174.316,
1639,16.390,36.072,37.476,-166.321,
1640,16.400,26.184,35.583,-157.349,
1641,16.410,26.306,33.997,-150.208,
1642,16.420,29.663,32.898,-144.592,
1643,16.430,37.170,30.823,-136.658,
1644,16.440,21.729,30.518,-130.066,
1645,16.450,17.517,29.358,-124.512,
1646,16.460,22.766,27.161,-118.286,
1647,16.470,24.231,24.658,-114.319,
1648,16.480,28.931,23.987,-108.643,
1649,16.490,22.583,22.095,-104.736,
1650,16.500,19.897,20.691,-102.661,
1651,16.510,24.231,18.738,-101.929,
1652,16.520,23.499,18.799,-98.877,
1653,16.530,20.752,18.433,-94.910,
1654,16.540,20.142,16.663,-91.980,
1655,16.550,35.828,11.902,-89.355,
1656,16.560,46.509,6.897,-87.402,
1657,16.570,43.335,3.540,-84.229,
1658,16.580,40.649,-0.854,-81.116,
1659,16.590,37.170,-3.662,-80.261,
1660,16.600,37.354,-5.554,-79.163,
1661,16.610,36.499,-6.409,-75.928,
1662,16.620,41.199,-7.629,-73.303,
1663,16.630,54.688,-12.085,-71.350,
1664,16.640,58.533,-17.395,-69.458,
1665,16.650,51.697,-21.362,-66.711,
1666,16.660,40.222,-25.330,-63.354,
1667,16.670,34.424,-28.992,-62.134,
1668,16.680,38.696,-31.921,-60.974,
1669,16.690,39.246,-34.790,-59.875,
1670,16.700,39.856,-37.048,-57.678,
1671,16.710,37.048,-39.368,-55.298,
1672,16.720,34.241,-42.542,-52.673,
1673,16.730,29.480,-46.265,-52.429,
1674,16.740,20.935,-48.828,-52.612,
1675,16.750,10.193,-50.842,-53.101,
1676,16.760,6.287,-51.941,-54.260,
1677,16.770,12.146,-52.490,-54.688,
1678,16.780,13.977,-51.880,-54.626,
1679,16.790,13.245,-50.903,-53.528,
1680,16.800,7.996,-50.415,-52.734,
1681,16.810,3.174,-52.490,-52.551,
1682,16.820,0.793,-54.688,-53.955,
1683,16.830,0.488,-56.152,-54.993,
1684,16.840,-3.723,-56.702,-55.176,
1685,16.850,0.854,-57.556,-55.969,
1686,16.860,6.409,-59.998,-57.129,
1687,16.870,5.859,-62.012,-58.167,
1688,16.880,3.479,-65.002,-58.472,
1689,16.890,-0.122,-67.261,-58.472,
1690,16.900,-1.099,-69.336,-57.983,
1691,16.910,0.977,-72.083,-57.007,
1692,16.920,7.813,-76.050,-56.030,
1693,16.930,20.630,-79.163,-54.626,
1694,16.940,26.306,-82.520,-53.406,
1695,16.950,26.978,-85.327,-51.758,
1696,16.960,22.461,-86.670,-50.598,
1697,16.970,19.775,-87.769,-49.622,
1698,16.980,16.663,-90.820,-49.866,
1699,16.990,14.648,-92.651,-49.194,
1700,17.000,18.005,-96.558,-49.011,
1701,17.010,25.635,-100.098,-47.485,
1702,17.020,38.818,-104.431,-45.410,
1703,17.030,50.293,-108.093,-43.213,
1704,17.040,50.110,-112.915,-41.199,
1705,17.050,34.485,-117.859,-38.330,
1706,17.060,26.428,-123.840,-36.133,
1707,17.070,30.579,-128.296,-33.386,
1708,17.080,32.410,-134.155,-30.884,
1709,17.090,35.706,-140.991,-28.687,
1710,17.100,45.837,-146.118,-25.696,
1711,17.110,47.546,-150.879,-22.583,
1712,17.120,43.213,-155.212,-18.494,
1713,17.130,45.532,-159.302,-14.221,
1714,17.140,58.472,-162.720,-10.498,
1715,17.150,76.477,-166.199,-6.287,
1716,17.160,93.201,-168.762,-0.793,
1717,17.170,101.318,-170.654,5.615,
1718,17.180,108.887,-172.424,12.085,
1719,17.190,124.512,-174.255,18.921,
1720,17.200,150.269,-176.086,26.306,
1721,17.210,174.072,-177.124,34.851,
1722,17.220,195.068,-177.979,44.067,
1723,17.230,222.900,-177.979,53.894,
1724,17.240,245.300,-176.514,64.575,
1725,17.250,265.808,-175.049,75.623,
1726,17.260,279.419,-171.021,87.646,
1727,17.270,280.212,-165.771,98.938,
1728,17.280,270.325,-159.790,110.474,
1729,17.290,247.192,-153.992,120.483,
1730,17.300,222.046,-148.987,128.967,
1731,17.310,205.322,-143.433,137.024,
1732,17.320,194.458,-139.771,143.677,
1733,17.330,197.998,-135.498,150.452,
1734,17.340,196.228,-129.578,157.532,
1735,17.350,190.979,-123.474,164.368,
1736,17.360,184.265,-117.126,170.532,
1737,17.370,168.823,-110.352,175.415,
1738,17.380,165.039,-104.370,179.260,
1739,17.390,157.288,-98.999,181.458,
1740,17.400,140.259,-92.896,184.326,
1741,17.410,126.343,-88.257,187.561,
1742,17.420,103.271,-83.801,190.674,
1743,17.430,94.238,-79.468,193.542,
1744,17.440,66.223,-75.073,195.801,
1745,17.450,63.538,-72.693,197.510,
1746,17.460,51.270,-68.176,198.669,
1747,17.470,13.062,-63.110,199.646,
1748,17.480,35.217,-60.730,199.951,
1749,17.490,33.142,-54.260,198.730,
1750,17.500,64.026,-52.551,197.021,
1751,17.510,107.910,-53.162,185.974,
1752,17.520,109.009,-49.072,183.411,
1753,17.530,93.994,-44.434,176.819,
1754,17.540,78.003,-38.086,170.654,
1755,17.550,70.435,-34.973,164.429,
1756,17.560,70.374,-30.518,155.334,
1757,17.570,75.012,-27.405,148.071,
1758,17.580,84.717,-23.865,143.616,
1759,17.590,80.994,-19.043,138.611,
1760,17.600,74.463,-15.320,134.521,
1761,17.610,58.350,-9.216,129.944,
1762,17.620,52.856,-4.150,124.207,
1763,17.630,53.345,0.549,118.835,
1764,17.640,54.138,6.409,113.953,
1765,17.650,59.753,10.864,107.727,
1766,17.660,67.932,15.503,103.882,
1767,17.670,52.002,21.545,98.389,
1768,17.680,46.753,25.269,93.689,
1769,17.690,35.400,30.762,89.417,
1770,17.700,22.827,35.645,84.961,
1771,17.710,23.865,38.940,81.726,
1772,17.720,27.649,42.297,78.674,
1773,17.730,43.457,45.105,74.951,
1774,17.740,50.781,47.729,70.557,
1775,17.750,44.250,51.025,66.772,
1776,17.760,40.894,53.345,62.500,
1777,17.770,35.950,56.213,58.228,
1778,17.780,34.302,58.655,56.152,
1779,17.790,31.616,59.814,54.138,
1780,17.800,33.020,61.340,52.368,
1781,17.810,44.006,62.500,50.781,
1782,17.820,49.316,64.697,49.500,
1783,17.830,49.988,65.186,47.974,
1784,17.840,42.419,66.833,49.500,
1785,17.850,32.288,69.092,48.157,
1786,17.860,27.832,69.153,48.523,
1787,17.870,18.433,69.458,49.316,
1788,17.880,20.874,68.726,49.194,
1789,17.890,23.376,68.176,47.791,
1790,17.900,27.100,69.214,46.875,
1791,17.910,30.151,69.641,45.471,
1792,17.920,32.043,71.045,44.373,
1793,17.930,32.349,73.059,44.250,
1794,17.940,30.701,75.867,45.349,
1795,17.950,33.691,75.439,45.593,
1796,17.960,31.494,75.867,45.898,
1797,17.970,38.513,75.073,46.021,
1798,17.980,42.664,75.928,45.105,
1799,17.990,46.997,77.942,44.189,
1800,18.000,46.875,79.834,43.945,
1801,18.010,46.265,83.069,43.762,
1802,18.020,48.340,84.534,43.640,
1803,18.030,44.617,87.097,44.128,
1804,18.040,42.542,88.867,44.006,
1805,18.050,39.368,91.858,43.396,
1806,18.060,40.405,94.238,40.833,
1807,18.070,41.687,97.412,38.025,
1808,18.080,50.232,100.159,34.058,
1809,18.090,54.321,105.225,30.701,
1810,18.100,61.462,108.826,27.100,
1811,18.110,67.078,113.831,22.522,
1812,18.120,78.430,118.042,16.296,
1813,18.130,87.341,121.033,8.667,
1814,18.140,83.984,124.451,-0.244,
1815,18.150,83.801,129.456,-8.240,
1816,18.160,91.675,134.094,-16.052,
1817,18.170,100.647,137.268,-24.841,
1818,18.180,108.948,140.198,-33.813,
1819,18.190,121.765,142.517,-42.847,
1820,18.200,132.813,143.860,-51.575,
1821,18.210,134.705,145.630,-59.692,
1822,18.220,134.338,147.034,-67.627,
1823,18.230,126.831,147.217,-75.195,
1824,18.240,136.353,146.362,-82.703,
1825,18.250,138.062,146.423,-91.003,
1826,18.260,143.250,145.142,-99.548,
1827,18.270,135.864,143.188,-107.971,
1828,18.280,130.310,141.663,-116.089,
1829,18.290,114.258,141.174,-123.352,
1830,18.300,95.154,139.954,-129.272,
1831,18.310,91.003,137.756,-135.742,
1832,18.320,116.150,135.559,-142.029,
1833,18.330,130.676,133.423,-148.560,
1834,18.340,132.385,130.859,-155.151,
1835,18.350,127.502,127.625,-162.537,
1836,18.360,105.042,125.610,-169.067,
1837,18.370,79.102,123.962,-174.072,
1838,18.380,45.654,123.291,-178.406,
1839,18.390,36.804,121.887,-182.190,
1840,18.400,58.960,121.338,-184.631,
1841,18.410,92.651,119.568,-187.683,
1842,18.420,128.662,115.662,-189.941,
1843,18.430,142.395,108.887,-192.810,
1844,18.440,143.921,103.394,-196.594,
1845,18.450,119.080,95.581,-198.730,
1846,18.460,76.599,89.966,-201.416,
1847,18.470,31.982,88.989,-203.369,
1848,18.480,23.621,90.210,-206.482,
1849,18.490,52.612,90.210,-206.360,
1850,18.500,50.659,90.271,-202.942,
1851,18.510,75.073,87.708,-204.163,
1852,18.520,74.402,83.435,-204.163,
1853,18.530,55.176,78.186,-202.576,
1854,18.540,26.550,73.792,-200.012,
1855,18.550,17.395,68.604,-197.266,
1856,18.560,11.475,63.965,-195.923,
1857,18.570,22.705,57.495,-195.557,
1858,18.580,45.593,51.514,-194.641,
1859,18.590,48.645,52.063,-187.744,
1860,18.600,41.565,53.223,-177.979,
1861,18.610,27.405,52.429,-168.274,
1862,18.620,10.010,51.025,-161.499,
1863,18.630,-2.258,49.561,-156.250,
1864,18.640,3.235,47.607,-149.597,
1865,18.650,14.099,45.166,-142.456,
1866,18.660,21.973,41.565,-134.277,
1867,18.670,19.836,38.269,-125.854,
1868,18.680,21.240,34.424,-119.019,
1869,18.690,19.348,30.090,-112.549,
1870,18.700,25.574,23.499,-107.605,
1871,18.710,26.917,18.982,-102.295,
1872,18.720,36.072,11.353,-97.839,
1873,18.730,39.612,4.150,-93.933,
1874,18.740,42.542,-4.028,-89.844,
1875,18.750,47.485,-11.841,-85.083,
1876,18.760,35.645,-15.991,-80.627,
1877,18.770,29.114,-20.630,-76.355,
1878,18.780,17.029,-24.231,-72.937,
1879,18.790,14.038,-28.076,-70.557,
1880,18.800,8.484,-30.334,-69.153,
1881,18.810,11.963,-32.837,-67.444,
1882,18.820,18.250,-35.156,-65.674,
1883,18.830,14.954,-37.415,-63.721,
1884,18.840,10.132,-40.222,-61.096,
1885,18.850,7.141,-41.687,-60.425,
1886,18.860,9.949,-42.603,-59.814,
1887,18.870,8.850,-44.373,-59.692,
1888,18.880,3.723,-45.349,-60.486,
1889,18.890,-0.366,-46.204,-61.523,
1890,18.900,-5.371,-47.180,-61.890,
1891,18.910,-10.742,-48.401,-61.340,
1892,18.920,-15.137,-49.072,-59.265,
1893,18.930,-19.043,-49.744,-55.908,
1894,18.940,-26.123,-50.171,-54.871,
1895,18.950,-29.114,-51.697,-56.152,
1896,18.960,-27.649,-54.138,-57.434,
1897,18.970,-25.940,-57.190,-59.631,
1898,18.980,-17.822,-59.814,-60.791,
1899,18.990,-5.798,-62.805,-61.646,
1900,19.000,2.075,-65.063,-61.707,
1901,19.010,8.545,-68.359,-61.462,
1902,19.020,4.272,-70.618,-60.120,
1903,19.030,-0.671,-73.425,-60.730,
1904,19.040,1.038,-75.195,-60.364,
1905,19.050,5.798,-76.721,-61.096,
1906,19.060,3.906,-76.904,-60.974,
1907,19.070,4.456,-78.552,-61.951,
1908,19.080,-0.732,-78.430,-62.439,
1909,19.090,0.427,-80.444,-64.575,
1910,19.100,4.578,-81.848,-65.063,
1911,19.110,11.902,-84.473,-66.956,
1912,19.120,22.644,-86.304,-66.040,
1913,19.130,28.137,-88.562,-65.247,
1914,19.140,36.560,-92.163,-63.904,
1915,19.150,45.959,-95.581,-60.669,
1916,19.160,47.546,-99.915,-58.167,
1917,19.170,48.523,-105.835,-55.481,
1918,19.180,43.701,-109.436,-52.551,
1919,19.190,45.349,-116.455,-51.331,
1920,19.200,60.120,-122.314,-48.889,
1921,19.210,64.697,-128.357,-46.143,
1922,19.220,70.557,-136.108,-42.542,
1923,19.230,74.219,-141.602,-38.391,
1924,19.240,85.693,-145.813,-31.616,
1925,19.250,66.589,-148.865,-25.696,
1926,19.260,69.214,-152.466,-18.982,
1927,19.270,78.674,-154.541,-13.184,
1928,19.280,97.778,-156.555,-7.019,
1929,19.290,111.694,-158.081,1.038,
1930,19.300,113.464,-158.813,8.850,
1931,19.310,125.977,-159.607,17.822,
1932,19.320,136.963,-159.851,26.001,
1933,19.330,152.649,-160.461,33.569,
1934,19.340,163.757,-160.461,42.419,
1935,19.350,171.814,-159.729,51.147,
1936,19.360,179.749,-159.241,60.120,
1937,19.370,189.514,-159.058,68.176,
1938,19.380,188.904,-157.410,77.637,
1939,19.390,187.500,-155.640,86.365,
1940,19.400,188.599,-154.480,94.604,
1941,19.410,188.538,-152.649,102.600,
1942,19.420,178.894,-151.428,109.131,
1943,19.430,187.988,-151.489,114.380,
1944,19.440,200.745,-150.208,119.995,
1945,19.450,206.848,-148.132,126.160,
1946,19.460,206.177,-145.325,132.935,
1947,19.470,205.933,-142.334,139.404,
1948,19.480,212.341,-138.794,145.264,
1949,19.490,214.722,-133.911,151.123,
1950,19.500,213.501,-128.296,156.372,
1951,19.510,197.937,-121.582,160.889,
1952,19.520,184.143,-116.150,164.673,
1953,19.530,178.223,-111.145,168.091,
1954,19.540,179.993,-106.018,171.021,
1955,19.550,174.011,-102.600,174.377,
1956,19.560,167.236,-98.083,177.246,
1957,19.570,162.354,-92.712,179.932,
1958,19.580,136.780,-86.731,182.495,
1959,19.590,99.182,-81.604,184.875,
1960,19.600,72.266,-76.721,187.073,
1961,19.610,68.848,-71.472,188.660,
1962,19.620,63.232,-67.627,189.392,
1963,19.630,55.725,-63.171,189.636,
1964,19.640,47.485,-60.120,189.087,
1965,19.650,38.086,-55.603,189.819,
1966,19.660,31.494,-51.636,188.843,
1967,19.670,28.748,-47.607,186.646,
1968,19.680,52.124,-48.279,179.321,
1969,19.690,61.768,-43.518,174.011,
1970,19.700,55.969,-38.574,170.288,
1971,19.710,49.866,-35.095,165.710,
1972,19.720,53.650,-30.518,159.790,
1973,19.730,56.824,-26.611,153.076,
1974,19.740,44.067,-20.752,146.667,
1975,19.750,48.096,-15.320,140.015,
1976,19.760,53.528,-10.986,133.240,
1977,19.770,52.551,-5.981,127.686,
1978,19.780,48.218,-2.991,122.559,
1979,19.790,41.138,1.831,119.080,
1980,19.800,30.701,6.104,115.356,
1981,19.810,30.884,9.949,109.619,
1982,19.820,30.212,14.221,104.004,
1983,19.830,22.156,18.250,98.572,
1984,19.840,16.418,21.912,94.727,
1985,19.850,15.442,24.048,90.271,
1986,19.860,13.550,26.978,87.646,
1987,19.870,20.386,28.320,83.191,
1988,19.880,29.236,32.166,78.552,
1989,19.890,30.396,36.438,74.646,
1990,19.900,30.579,40.771,70.923,
1991,19.910,41.016,43.457,66.956,
1992,19.920,54.688,46.753,63.904,
1993,19.930,65.857,48.523,60.730,
1994,19.940,59.387,51.697,58.167,
1995,19.950,57.617,55.237,56.702,
1996,19.960,62.988,57.556,53.284,
1997,19.970,70.129,59.998,49.927,
1998,19.980,73.975,61.584,48.157,
1999,19.990,64.758,63.293,46.021,
2000,20.000,54.688,64.514,44.861,
2001,20.010,42.725,66.040,45.410,
2002,20.020,53.711,64.880,44.861,
2003,20.030,33.386,67.993,43.396,
2004,20.040,32.593,67.749,44.312,
2005,20.050,13.733,70.679,42.786,
2006,20.060,14.038,70.801,42.236,
2007,20.070,5.310,71.045,43.396,
2008,20.080,1.953,71.655,43.213,
2009,20.090,4.211,70.740,45.227,
2010,20.100,10.925,70.007,46.875,
2011,20.110,14.038,71.533,48.218,
2012,20.120,15.442,71.106,50.171,
2013,20.130,10.254,73.364,52.307,
2014,20.140,17.578,73.792,53.284,
2015,20.150,15.686,75.989,54.871,
2016,20.160,18.372,76.172,55.542,
2017,20.170,19.836,77.515,56.274,
2018,20.180,27.710,78.674,56.091,
2019,20.190,37.964,80.933,55.420,
2020,20.200,40.100,82.764,53.528,
2021,20.210,40.344,85.754,51.331,
2022,20.220,42.786,87.646,48.401,
2023,20.230,44.189,89.966,44.739,
2024,20.240,50.049,94.055,41.626,
2025,20.250,59.875,96.924,38.269,
2026,20.260,60.730,100.830,33.691,
2027,20.270,71.838,103.149,27.466,
2028,20.280,71.655,105.896,20.874,
2029,20.290,72.632,109.741,14.099,
2030,20.300,79.285,114.136,6.409,
2031,20.310,83.801,117.920,-1.892,
2032,20.320,83.069,121.338,-10.742,
2033,20.330,93.567,124.695,-20.325,
2034,20.340,112.366,126.343,-30.396,
2035,20.350,125.122,129.272,-40.771,
2036,20.360,140.320,131.470,-51.270,
2037,20.370,141.968,132.996,-61.462,
2038,20.380,144.104,133.789,-71.777,
2039,20.390,150.696,133.667,-81.177,
2040,20.400,150.452,134.460,-90.332,
2041,20.410,147.583,135.132,-98.877,
2042,20.420,143.555,133.606,-106.506,
2043,20.430,152.954,130.981,-115.051,
2044,20.440,166.443,129.333,-123.291,
2045,20.450,173.340,128.174,-131.226,
2046,20.460,171.265,125.549,-139.038,
2047,20.470,152.710,122.620,-146.667,
2048,20.480,124.390,120.117,-153.015,
2049,20.490,103.882,118.713,-158.630,
2050,20.500,109.009,117.432,-163.269,
2051,20.510,120.056,117.432,-167.969,
2052,20.520,152.649,115.479,-172.913,
2053,20.530,175.049,113.403,-179.382,
2054,20.540,173.218,112.244,-185.486,
2055,20.550,156.189,110.962,-189.880,
2056,20.560,113.403,110.962,-193.848,
2057,20.570,66.711,111.755,-197.327,
2058,20.580,39.429,113.708,-200.134,
2059,20.590,48.889,114.929,-201.416,
2060,20.600,72.998,116.028,-203.003,
2061,20.610,98.206,114.929,-205.933,
2062,20.620,130.005,111.511,-209.534,
2063,20.630,138.794,109.741,-214.111,
2064,20.640,118.591,107.849,-215.881,
2065,20.650,92.285,105.591,-214.844,
2066,20.660,50.598,107.117,-213.318,
2067,20.670,28.442,108.032,-209.167,
2068,20.680,26.672,107.544,-205.322,
2069,20.690,40.649,106.628,-201.965,
2070,20.700,67.566,101.868,-199.219,
2071,20.710,76.355,96.741,-197.266,
2072,20.720,66.650,91.003,-194.824,
2073,20.730,49.011,84.045,-191.528,
2074,20.740,16.663,78.064,-186.768,
2075,20.750,1.282,72.266,-181.519,
2076,20.760,12.024,64.270,-176.697,
2077,20.770,38.269,54.016,-172.668,
2078,20.780,79.590,43.640,-168.274,
2079,20.790,90.942,35.889,-161.377,
2080,20.800,79.346,30.273,-153.015,
2081,20.810,57.129,23.987,-143.188,
2082,20.820,24.048,19.348,-136.047,
2083,20.830,17.090,13.367,-131.348,
2084,20.840,30.273,8.545,-126.648,
2085,20.850,34.302,4.639,-121.338,
2086,20.860,44.800,1.587,-114.258,
2087,20.870,51.208,-0.183,-106.323,
2088,20.880,53.406,-2.014,-99.304,
2089,20.890,47.729,-3.418,-93.079,
2090,20.900,28.931,-4.822,-88.928,
2091,20.910,13.306,-4.333,-86.365,
2092,20.920,12.390,-6.409,-85.754,
2093,20.930,12.146,-8.484,-86.304,
2094,20.940,20.996,-11.169,-85.327,
2095,20.950,30.518,-14.160,-83.740,
2096,20.960,37.170,-16.235,-81.116,
2097,20.970,32.349,-17.639,-79.224,
2098,20.980,16.663,-18.066,-77.209,
2099,20.990,3.418,-17.639,-75.500,
2100,21.000,-0.671,-17.578,-75.256,
2101,21.010,2.136,-18.311,-75.806,
2102,21.020,6.592,-20.691,-74.829,
2103,21.030,11.047,-23.865,-73.669,
2104,21.040,15.320,-27.344,-71.533,
2105,21.050,16.907,-30.579,-68.970,
2106,21.060,22.644,-33.691,-67.688,
2107,21.070,27.771,-35.828,-66.833,
2108,21.080,29.419,-37.659,-66.528,
2109,21.090,43.152,-40.405,-66.467,
2110,21.100,57.190,-42.908,-66.772,
2111,21.110,72.388,-46.692,-65.979,
2112,21.120,75.378,-49.561,-63.538,
2113,21.130,73.364,-51.392,-60.852,
2114,21.140,68.237,-52.551,-57.922,
2115,21.150,57.739,-52.063,-56.458,
2116,21.160,52.368,-53.040,-56.580,
2117,21.170,46.692,-55.054,-58.105,
2118,21.180,46.814,-57.312,-60.303,
2119,21.190,46.692,-60.425,-61.951,
2120,21.200,42.725,-62.256,-62.744,
2121,21.210,34.729,-64.148,-62.256,
2122,21.220,32.227,-65.063,-61.462,
2123,21.230,25.757,-66.406,-61.157,
2124,21.240,20.142,-67.871,-60.608,
2125,21.250,11.841,-70.251,-61.218,
2126,21.260,7.080,-72.815,-61.340,
2127,21.270,5.432,-75.134,-61.890,
2128,21.280,10.193,-75.928,-61.584,
2129,21.290,11.475,-77.393,-61.340,
2130,21.300,9.888,-77.881,-59.814,
2131,21.310,0.000,-79.834,-58.533,
2132,21.320,0.000,-82.520,-57.373,
2133,21.330,3.845,-86.243,-56.274,
2134,21.340,12.756,-90.942,-54.810,
2135,21.350,13.916,-94.849,-53.528,
2136,21.360,9.644,-98.450,-50.781,
2137,21.370,13.123,-102.539,-48.279,
2138,21.380,17.944,-106.262,-45.044,
2139,21.390,24.780,-110.779,-41.260,
2140,21.400,31.311,-116.272,-37.781,
2141,21.410,43.274,-122.681,-33.752,
2142,21.420,58.899,-129.639,-29.602,
2143,21.430,78.003,-135.254,-24.658,
2144,21.440,94.727,-139.404,-17.334,
2145,21.450,108.521,-142.517,-8.484,
2146,21.460,121.948,-145.996,0.732,
2147,21.470,137.695,-148.926,10.681,
2148,21.480,150.879,-151.062,21.667,
2149,21.490,162.354,-152.954,32.654,
2150,21.500,171.753,-153.442,44.128,
2151,21.510,175.720,-153.870,55.725,
2152,21.520,171.509,-153.137,67.688,
2153,21.530,164.429,-150.879,80.078,
2154,21.540,163.757,-149.841,91.248,
2155,21.550,163.574,-146.912,102.539,
2156,21.560,170.349,-145.630,112.610,
2157,21.570,158.752,-141.846,123.413,
2158,21.580,145.691,-138.794,132.690,
2159,21.590,131.409,-135.010,141.052,
2160,21.600,130.493,-131.470,148.804,
2161,21.610,136.353,-128.845,155.884,
2162,21.620,139.648,-127.075,162.354,
2163,21.630,140.137,-125.488,168.518,
2164,21.640,135.132,-123.779,175.049,
2165,21.650,127.930,-121.521,179.626,
2166,21.660,129.333,-120.178,183.716,
2167,21.670,130.615,-118.103,187.561,
2168,21.680,125.854,-117.065,189.819,
2169,21.690,113.098,-115.662,192.688,
2170,21.700,105.042,-114.868,195.251,
2171,21.710,103.088,-114.197,197.144,
2172,21.720,107.117,-113.464,198.730,
2173,21.730,97.229,-112.305,199.951,
2174,21.740,83.984,-111.328,200.562,
2175,21.750,77.576,-110.596,201.172,
2176,21.760,76.782,-109.436,200.806,
2177,21.770,67.017,-106.567,201.721,
2178,21.780,56.152,-105.530,202.148,
2179,21.790,57.617,-105.530,200.745,
2180,21.800,77.087,-104.248,200.134,
2181,21.810,75.867,-99.854,198.425,
2182,21.820,52.429,-94.360,197.388,
2183,21.830,38.696,-90.149,195.374,
2184,21.840,27.771,-83.740,193.787,
2185,21.850,40.771,-80.139,191.040,
2186,21.860,62.317,-74.402,187.927,
2187,21.870,74.341,-72.632,179.749,
2188,21.880,78.491,-67.017,176.208,
2189,21.890,72.327,-62.317,170.959,
2190,21.900,60.730,-57.190,165.833,
2191,21.910,56.030,-53.467,160.339,
2192,21.920,43.640,-48.950,156.006,
2193,21.930,37.109,-44.983,150.574,
2194,21.940,49.011,-41.443,145.386,
2195,21.950,56.824,-37.598,140.808,
2196,21.960,59.082,-32.898,135.620,
2197,21.970,65.918,-29.541,131.042,
2198,21.980,53.711,-23.865,127.869,
2199,21.990,43.945,-19.287,123.779,
2200,22.000,44.983,-13.062,119.080,
2201,22.010,46.265,-6.531,114.197,
2202,22.020,56.091,-0.305,108.521,
2203,22.030,62.744,5.859,102.661,
2204,22.040,60.364,12.634,97.839,
2205,22.050,52.734,18.005,93.079,
2206,22.060,47.058,22.827,88.989,
2207,22.070,47.791,28.198,85.205,
2208,22.080,55.420,31.616,80.383,
2209,22.090,58.228,35.461,76.050,
2210,22.100,58.044,38.513,72.510,
2211,22.110,50.781,41.565,68.420,
2212,22.120,38.513,44.556,64.941,
2213,22.130,19.836,48.218,62.317,
2214,22.140,11.475,51.208,58.716,
2215,22.150,9.460,54.321,55.664,
2216,22.160,10.315,57.068,54.138,
2217,22.170,15.015,59.204,52.734,
2218,22.180,12.939,60.547,52.368,
2219,22.190,9.033,62.134,52.673,
2220,22.200,11.414,62.317,52.246,
2221,22.210,15.381,62.012,51.819,
2222,22.220,20.630,62.378,50.659,
2223,22.230,25.269,62.927,49.072,
2224,22.240,24.536,64.819,48.950,
2225,22.250,32.471,65.308,48.279,
2226,22.260,35.950,67.505,49.316,
2227,22.270,44.556,68.420,49.805,
2228,22.280,41.626,70.618,51.086,
2229,22.290,32.715,71.289,51.392,
2230,22.300,32.654,72.998,51.514,
2231,22.310,33.081,74.219,49.866,
2232,22.320,37.415,75.928,48.340,
2233,22.330,39.551,79.163,47.852,
2234,22.340,47.974,84.412,48.157,
2235,22.350,57.617,86.731,47.058,
2236,22.360,57.068,89.661,46.143,
2237,22.370,60.181,93.018,45.105,
2238,22.380,55.969,95.947,42.419,
2239,22.390,54.138,99.182,39.429,
2240,22.400,58.350,100.769,34.729,
2241,22.410,54.932,102.539,29.297,
2242,22.420,59.814,104.492,23.499,
2243,22.430,62.134,108.337,18.127,
2244,22.440,66.650,112.122,11.536,
2245,22.450,95.215,115.051,3.845,
2246,22.460,92.773,120.056,-4.333,
2247,22.470,92.773,124.390,-10.986,
2248,22.480,107.727,128.174,-19.409,
2249,22.490,121.155,131.104,-27.954,
2250,22.500,132.019,132.996,-35.400,
2251,22.510,135.864,135.681,-43.274,
2252,22.520,145.447,138.000,-50.720,
2253,22.530,158.691,139.465,-58.350,
2254,22.540,182.800,139.587,-67.017,
2255,22.550,199.097,139.465,-75.195,
2256,22.560,204.468,139.099,-82.886,
2257,22.570,204.773,137.817,-91.125,
2258,22.580,183.594,136.108,-98.938,
2259,22.590,161.926,135.010,-105.469,
2260,22.600,137.878,133.179,-112.183,
2261,22.610,124.695,131.775,-117.798,
2262,22.620,136.475,129.028,-122.864,
2263,22.630,141.541,128.113,-128.784,
2264,22.640,156.738,126.648,-133.911,
2265,22.650,165.222,123.596,-140.076,
2266,22.660,159.607,120.117,-147.217,
2267,22.670,136.963,115.601,-152.527,
2268,22.680,109.558,111.938,-157.104,
2269,22.690,96.375,108.276,-162.659,
2270,22.700,125.610,104.858,-166.504,
2271,22.710,164.185,100.281,-170.410,
2272,22.720,175.476,97.656,-174.805,
2273,22.730,168.518,93.201,-177.856,
2274,22.740,143.250,88.867,-180.237,
2275,22.750,109.985,85.938,-182.800,
2276,22.760,85.938,82.764,-184.082,
2277,22.770,67.810,80.505,-184.998,
2278,22.780,58.289,78.735,-185.364,
2279,22.790,53.711,75.806,-185.242,
2280,22.800,55.908,73.486,-184.692,
2281,22.810,67.078,71.289,-183.716,
2282,22.820,81.726,70.496,-183.105,
2283,22.830,80.078,69.580,-182.495,
2284,22.840,75.806,67.444,-182.068,
2285,22.850,55.481,65.613,-181.763,
2286,22.860,36.804,63.416,-180.115,
2287,22.870,28.320,62.622,-178.589,
2288,22.880,23.560,61.523,-178.284,
2289,22.890,28.015,61.096,-177.063,
2290,22.900,31.616,58.472,-176.514,
2291,22.910,24.902,55.176,-175.537,
2292,22.920,24.536,50.903,-173.401,
2293,22.930,31.128,45.227,-171.204,
2294,22.940,30.273,38.635,-168.396,
2295,22.950,25.330,31.433,-165.955,
2296,22.960,28.015,23.499,-164.734,
2297,22.970,48.218,16.968,-161.987,
2298,22.980,54.138,13.550,-154.724,
2299,22.990,55.298,12.268,-146.606,
2300,23.000,59.814,10.498,-140.503,
2301,23.010,54.810,9.155,-135.193,
2302,23.020,41.565,6.042,-130.432,
2303,23.030,26.489,3.113,-126.282,
2304,23.040,21.118,1.404,-121.765,
2305,23.050,28.259,0.366,-115.234,
2306,23.060,44.128,-0.427,-110.474,
2307,23.070,55.847,-0.122,-106.323,
2308,23.080,50.293,-3.052,-103.943,
2309,23.090,31.982,-3.967,-101.807,
2310,23.100,17.395,-6.104,-101.013,
2311,23.110,11.658,-6.165,-97.229,
2312,23.120,16.174,-7.324,-93.506,
2313,23.130,21.851,-8.484,-90.698,
2314,23.140,26.550,-11.475,-88.440,
2315,23.150,30.884,-14.404,-86.243,
2316,23.160,30.396,-16.907,-85.266,
2317,23.170,23.987,-19.165,-83.130,
2318,23.180,13.306,-19.531,-81.299,
2319,23.190,13.855,-20.630,-78.857,
2320,23.200,16.968,-23.743,-77.393,
2321,23.210,22.705,-28.198,-76.172,
2322,23.220,26.489,-32.471,-74.158,
2323,23.230,28.259,-35.828,-71.167,
2324,23.240,32.104,-37.598,-67.444,
2325,23.250,35.217,-38.818,-63.232,
2326,23.260,33.691,-40.222,-59.448,
2327,23.270,34.851,-43.274,-57.373,
2328,23.280,38.452,-47.119,-56.946,
2329,23.290,32.959,-52.307,-55.969,
2330,23.300,26.489,-57.495,-54.138,
2331,23.310,23.376,-61.340,-52.002,
2332,23.320,26.855,-64.636,-49.500,
2333,23.330,24.231,-67.200,-46.936,
2334,23.340,15.015,-67.688,-44.067,
2335,23.350,10.620,-69.824,-42.297,
2336,23.360,3.601,-72.205,-41.870,
2337,23.370,5.676,-75.378,-41.626,
2338,23.380,9.277,-77.637,-40.833,
2339,23.390,5.127,-79.529,-40.161,
2340,23.400,2.563,-80.383,-38.574,
2341,23.410,-5.188,-81.787,-38.635,
2342,23.420,-10.437,-83.008,-38.513,
2343,23.430,-16.541,-84.290,-38.818,
2344,23.440,-17.700,-84.961,-39.063,
2345,23.450,-13.672,-86.853,-39.673,
2346,23.460,-9.827,-86.975,-39.490,
2347,23.470,-11.841,-88.135,-40.039,
2348,23.480,-15.015,-88.806,-40.588,
2349,23.490,-22.217,-90.271,-41.931,
2350,23.500,-21.912,-91.736,-42.664,
2351,23.510,-24.963,-93.506,-43.274,
2352,23.520,-18.799,-95.825,-43.152,
2353,23.530,-10.986,-98.083,-41.870,
2354,23.540,-6.775,-101.013,-41.382,
2355,23.550,-1.343,-103.638,-40.344,
2356,23.560,-1.831,-106.323,-39.673,
2357,23.570,-4.517,-107.849,-38.940,
2358,23.580,-3.235,-111.206,-37.415,
2359,23.590,3.357,-114.502,-36.255,
2360,23.600,11.963,-117.798,-34.485,
2361,23.610,17.639,-121.887,-32.349,
2362,23.620,18.982,-126.038,-29.846,
2363,23.630,31.372,-130.371,-26.123,
2364,23.640,45.776,-134.094,-21.179,
2365,23.650,57.861,-138.855,-17.334,
2366,23.660,72.571,-142.822,-12.634,
2367,23.670,84.961,-146.973,-7.996,
2368,23.680,99.243,-150.757,-2.930,
2369,23.690,116.028,-153.625,3.418,
2370,23.700,124.146,-156.921,10.315,
2371,23.710,129.395,-160.034,17.151,
2372,23.720,135.559,-161.865,25.208,
2373,23.730,139.099,-164.063,33.203,
2374,23.740,141.846,-164.917,41.443,
2375,23.750,149.475,-165.771,49.072,
2376,23.760,156.128,-165.100,57.251,
2377,23.770,163.879,-164.490,65.125,
2378,23.780,167.358,-162.292,73.242,
2379,23.790,168.640,-160.400,80.994,
2380,23.800,169.556,-157.471,89.233,
2381,23.810,175.781,-154.602,97.595,
2382,23.820,181.946,-150.879,105.591,
2383,23.830,180.969,-146.179,114.136,
2384,23.840,173.523,-141.296,122.375,
2385,23.850,167.114,-136.414,129.333,
2386,23.860,160.889,-132.996,136.047,
2387,23.870,168.274,-130.615,141.602,
2388,23.880,166.443,-126.709,147.217,
2389,23.890,161.438,-123.596,153.503,
2390,23.900,159.546,-120.178,158.691,
2391,23.910,155.334,-118.469,161.682,
2392,23.920,159.424,-116.028,164.429,
2393,23.930,155.029,-112.976,167.053,
2394,23.940,144.104,-109.924,170.044,
2395,23.950,127.930,-107.422,172.913,
2396,23.960,107.483,-105.286,175.293,
2397,23.970,95.215,-102.844,177.673,
2398,23.980,71.960,-98.816,180.542,
2399,23.990,58.411,-95.581,182.007,
2400,24.000,46.753,-93.201,182.312,
2401,24.010,30.762,-90.637,181.091,
2402,24.020,24.475,-88.501,179.260,
2403,24.030,25.391,-84.595,178.955,
2404,24.040,34.790,-80.505,178.528,
2405,24.050,44.922,-75.684,178.589,
2406,24.060,50.415,-71.960,176.392,
2407,24.070,56.396,-67.505,173.462,
2408,24.080,67.444,-66.528,166.199,
2409,24.090,75.256,-62.256,162.109,
2410,24.100,67.383,-57.373,157.959,
2411,24.110,65.308,-53.528,153.076,
2412,24.120,74.707,-48.767,148.499,
2413,24.130,67.200,-44.739,143.677,
2414,24.140,53.711,-43.030,137.756,
2415,24.150,69.214,-39.734,135.132,
2416,24.160,53.894,-36.133,131.592,
2417,24.170,41.565,-33.325,127.808,
2418,24.180,43.701,-27.893,124.695,
2419,24.190,58.472,-24.231,119.263,
2420,24.200,90.576,-19.592,114.807,
2421,24.210,94.116,-13.184,110.474,
2422,24.220,80.322,-7.324,106.628,
2423,24.230,53.894,-1.587,103.943,
2424,24.240,29.053,2.991,100.769,
2425,24.250,25.513,7.385,96.863,
2426,24.260,27.222,11.597,93.628,
2427,24.270,41.870,15.381,89.966,
2428,24.280,51.880,19.165,87.341,
2429,24.290,57.983,23.804,85.327,
2430,24.300,52.185,27.222,81.909,
2431,24.310,38.330,30.640,80.505,
2432,24.320,16.602,35.156,78.918,
2433,24.330,10.437,38.208,75.745,
2434,24.340,12.939,41.443,73.669,
2435,24.350,21.179,42.297,69.214,
2436,24.360,37.537,43.396,65.857,
2437,24.370,45.837,44.678,63.721,
2438,24.380,43.823,46.326,61.768,
2439,24.390,33.875,47.913,61.462,
2440,24.400,26.855,49.683,61.035,
2441,24.410,29.663,50.537,59.326,
2442,24.420,43.213,51.819,58.838,
2443,24.430,55.420,53.162,58.960,
2444,24.440,62.195,54.993,59.082,
2445,24.450,58.289,57.861,60.120,
2446,24.460,57.007,58.838,59.631,
2447,24.470,56.213,59.692,59.143,
2448,24.480,42.297,60.425,58.960,
2449,24.490,36.011,61.951,56.946,
2450,24.500,34.912,64.270,54.932,
2451,24.510,41.565,67.078,52.063,
2452,24.520,42.908,70.374,50.110,
2453,24.530,49.133,73.730,48.706,
2454,24.540,48.279,77.087,47.241,
2455,24.550,48.401,78.491,45.471,
2456,24.560,45.227,79.773,44.006,
2457,24.570,50.720,81.177,42.236,
2458,24.580,48.889,82.581,40.405,
2459,24.590,43.091,86.243,40.344,
2460,24.600,40.710,88.806,39.917,
2461,24.610,29.297,92.102,40.344,
2462,24.620,31.250,94.360,41.016,
2463,24.630,27.588,95.581,41.260,
2464,24.640,26.672,97.778,41.138,
2465,24.650,35.156,98.694,40.222,
2466,24.660,42.847,99.731,37.476,
2467,24.670,54.382,101.624,33.630,
2468,24.680,53.833,104.614,30.518,
2469,24.690,52.429,107.910,26.978,
2470,24.700,53.650,112.732,23.621,
2471,24.710,70.068,115.173,18.188,
2472,24.720,78.003,117.981,11.658,
2473,24.730,83.191,122.131,5.310,
2474,24.740,88.867,126.892,-1.343,
2475,24.750,107.178,130.676,-9.216,
2476,24.760,123.169,134.155,-17.761,
2477,24.770,133.667,138.489,-26.123,
2478,24.780,143.921,142.395,-33.691,
2479,24.790,160.095,144.714,-41.687,
2480,24.800,161.438,145.630,-49.438,
2481,24.810,158.875,146.362,-55.969,
2482,24.820,161.072,146.423,-62.866,
2483,24.830,176.392,146.973,-70.435,
2484,24.840,177.124,146.667,-77.271,
2485,24.850,172.546,146.667,-83.984,
2486,24.860,158.569,144.958,-91.553,
2487,24.870,146.179,143.616,-98.145,
2488,24.880,106.262,143.921,-104.065,
2489,24.890,75.806,143.433,-108.826,
2490,24.900,84.473,140.747,-113.403,
2491,24.910,101.135,139.099,-119.690,
2492,24.920,119.141,137.939,-125.061,
2493,24.930,119.690,137.085,-130.676,
2494,24.940,105.896,135.864,-138.000,
2495,24.950,82.947,134.277,-145.569,
2496,24.960,37.537,135.742,-151.550,
2497,24.970,19.653,137.207,-156.311,
2498,24.980,33.325,138.000,-160.278,
2499,24.990,62.378,139.099,-165.588,
2500,25.000,96.680,137.512,-169.006,
2501,25.010,121.948,135.559,-172.607,
2502,25.020,121.460,133.667,-176.025,
2503,25.030,107.178,129.395,-178.772,
2504,25.040,87.891,126.221,-181.763,
2505,25.050,76.233,121.704,-183.228,
2506,25.060,75.928,116.943,-184.387,
2507,25.070,93.994,112.793,-184.326,
2508,25.080,121.643,108.215,-182.312,
2509,25.090,127.563,102.966,-180.298,
2510,25.100,120.911,97.046,-178.284,
2511,25.110,121.582,90.210,-176.514,
2512,25.120,116.211,83.923,-175.598,
2513,25.130,115.295,77.148,-174.133,
2514,25.140,106.079,70.496,-172.729,
2515,25.150,94.055,63.660,-172.180,
2516,25.160,95.337,56.946,-171.875,
2517,25.170,95.337,50.598,-171.387,
2518,25.180,99.487,42.053,-170.654,
2519,25.190,103.760,32.471,-171.692,
2520,25.200,104.248,26.489,-168.396,
2521,25.210,87.708,23.987,-162.781,
2522,25.220,86.609,22.339,-156.738,
2523,25.230,95.459,19.165,-151.001,
2524,25.240,92.102,17.456,-145.386,
2525,25.250,80.444,14.343,-138.794,
2526,25.260,84.839,11.108,-132.935,
2527,25.270,86.731,8.545,-127.625,
2528,25.280,81.604,4.761,-120.911,
2529,25.290,78.735,3.174,-114.136,
2530,25.300,67.261,2.563,-110.474,
2531,25.310,65.796,3.113,-108.459,
2532,25.320,56.763,3.540,-105.835,
2533,25.330,41.016,4.517,-102.356,
2534,25.340,32.898,6.531,-98.511,
2535,25.350,31.067,6.165,-95.947,
2536,25.360,23.743,4.761,-94.116,
2537,25.370,9.155,2.686,-92.102,
2538,25.380,3.479,0.549,-90.515,
2539,25.390,5.798,1.465,-90.271,
2540,25.400,16.357,0.244,-90.088,
2541,25.410,18.005,-1.038,-88.562,
2542,25.420,16.296,-1.892,-87.585,
2543,25.430,18.372,-3.540,-86.060,
2544,25.440,16.235,-4.517,-83.557,
2545,25.450,19.409,-6.775,-79.956,
2546,25.460,26.245,-10.315,-77.332,
2547,25.470,36.255,-14.343,-76.233,
2548,25.480,45.715,-19.409,-75.867,
2549,25.490,42.175,-23.560,-73.914,
2550,25.500,36.377,-27.039,-70.190,
2551,25.510,31.311,-29.419,-66.223,
2552,25.520,27.405,-31.006,-62.012,
2553,25.530,20.081,-34.119,-57.495,
2554,25.540,14.954,-37.781,-53.284,
2555,25.550,13.428,-41.626,-51.514,
2556,25.560,17.517,-45.959,-51.453,
2557,25.570,20.020,-48.523,-51.086,
2558,25.580,18.250,-50.049,-50.476,
2559,25.590,14.954,-50.476,-49.866,
2560,25.600,5.188,-50.415,-49.683,
2561,25.610,2.808,-50.964,-49.072,
2562,25.620,1.282,-51.758,-48.767,
2563,25.630,1.770,-54.504,-48.889,
2564,25.640,-3.845,-56.824,-48.584,
2565,25.650,-10.498,-58.838,-49.194,
2566,25.660,-16.052,-59.998,-49.927,
2567,25.670,-22.034,-60.364,-50.903,
2568,25.680,-22.339,-61.768,-52.124,
2569,25.690,-22.461,-63.965,-53.162,
2570,25.700,-16.724,-66.162,-54.138,
2571,25.710,-10.437,-69.153,-54.504,
2572,25.720,-11.841,-71.716,-53.955,
2573,25.730,-15.015,-74.829,-52.551,
2574,25.740,-13.611,-78.125,-51.025,
2575,25.750,-16.357,-81.848,-49.622,
2576,25.760,-11.475,-85.205,-47.546,
2577,25.770,-2.808,-89.844,-46.814,
2578,25.780,6.348,-93.201,-45.044,
2579,25.790,13.184,-97.656,-43.579,
2580,25.800,12.817,-100.281,-42.053,
2581,25.810,9.216,-104.004,-39.978,
2582,25.820,6.348,-107.056,-38.452,
2583,25.830,12.634,-111.084,-37.048,
2584,25.840,16.663,-116.455,-35.095,
2585,25.850,20.874,-121.643,-32.654,
2586,25.860,27.100,-126.099,-29.175,
2587,25.870,35.217,-132.385,-26.672,
2588,25.880,43.945,-136.230,-22.766,
2589,25.890,54.382,-141.663,-19.531,
2590,25.900,65.369,-146.545,-15.442,
2591,25.910,70.740,-150.818,-11.597,
2592,25.920,78.491,-156.799,-7.996,
2593,25.930,92.285,-161.438,-3.113,
2594,25.940,107.239,-165.894,1.892,
2595,25.950,127.502,-169.983,8.240,
2596,25.960,149.963,-173.279,15.442,
2597,25.970,176.147,-175.842,24.231,
2598,25.980,174.072,-177.063,32.898,
2599,25.990,174.011,-177.246,43.091,
2600,26.000,166.870,-176.880,51.941,
2601,26.010,165.588,-175.842,60.242,
2602,26.020,168.518,-174.255,69.275,
2603,26.030,165.955,-172.852,77.637,
2604,26.040,172.546,-169.983,87.036,
2605,26.050,185.852,-168.152,96.252,
2606,26.060,187.744,-164.368,105.896,
2607,26.070,191.284,-161.255,115.234,
2608,26.080,188.782,-157.410,124.390,
2609,26.090,179.993,-153.442,132.935,
2610,26.100,177.917,-149.780,140.991,
2611,26.110,189.087,-144.653,149.170,
2612,26.120,190.674,-140.076,156.860,
2613,26.130,189.148,-136.719,163.147,
2614,26.140,176.025,-133.667,168.274,
2615,26.150,159.546,-129.333,173.584,
2616,26.160,141.968,-126.343,178.406,
2617,26.170,121.643,-123.413,182.007,
2618,26.180,111.694,-120.728,185.486,
2619,26.190,112.427,-118.408,188.782,
2620,26.200,114.441,-117.188,190.552,
2621,26.210,110.962,-115.540,192.871,
2622,26.220,97.229,-114.014,195.068,
2623,26.230,78.125,-112.610,196.716,
2624,26.240,55.542,-112.366,197.266,
2625,26.250,34.119,-112.244,197.571,
2626,26.260,13.062,-112.305,198.059,
2627,26.270,2.625,-113.403,199.036,
2628,26.280,4.395,-113.708,199.280,
2629,26.290,19.104,-112.183,199.097,
2630,26.300,4.822,-110.291,198.364,
2631,26.310,-9.277,-109.741,195.923,
2632,26.320,21.301,-108.276,192.993,
2633,26.330,-0.549,-106.445,190.979,
2634,26.340,48.279,-102.722,187.500,
2635,26.350,84.656,-96.680,182.129,
2636,26.360,123.047,-92.041,175.598,
2637,26.370,114.929,-82.092,171.204,
2638,26.380,101.624,-75.623,164.978,
2639,26.390,73.975,-68.787,157.654,
2640,26.400,58.228,-61.829,148.743,
2641,26.410,51.270,-56.152,141.785,
2642,26.420,46.082,-49.194,135.742,
2643,26.430,52.551,-43.518,129.578,
2644,26.440,62.683,-38.757,123.840,
2645,26.450,72.754,-33.875,118.286,
2646,26.460,64.392,-28.503,113.953,
2647,26.470,50.598,-21.790,110.718,
2648,26.480,42.603,-15.015,105.652,
2649,26.490,43.518,-9.705,101.563,
2650,26.500,48.584,-3.662,95.886,
2651,26.510,60.913,1.587,90.393,
2652,26.520,61.768,7.629,88.074,
2653,26.530,56.274,14.221,85.266,
2654,26.540,44.556,18.738,82.458,
2655,26.550,26.672,24.597,79.590,
2656,26.560,11.719,29.114,75.806,
2657,26.570,14.832,32.166,71.533,
2658,26.580,27.649,37.720,68.787,
2659,26.590,43.274,40.955,64.636,
2660,26.600,45.166,43.152,61.462,
2661,26.610,42.358,46.265,58.472,
2662,26.620,41.260,46.570,55.176,
2663,26.630,33.020,47.974,53.833,
2664,26.640,26.001,49.561,53.833,
2665,26.650,25.085,49.866,53.345,
2666,26.660,18.372,51.392,53.345,
2667,26.670,15.015,52.124,55.115,
2668,26.680,16.602,51.758,55.603,
2669,26.690,20.447,53.589,57.251,
2670,26.700,29.724,54.443,59.265,
2671,26.710,36.621,54.993,59.937,
2672,26.720,41.748,56.763,59.814,
2673,26.730,36.316,58.044,59.631,
2674,26.740,37.048,58.533,58.289,
2675,26.750,35.889,59.631,56.885,
2676,26.760,37.964,61.035,56.458,
2677,26.770,42.358,62.317,55.786,
2678,26.780,42.480,64.636,55.786,
2679,26.790,46.509,66.833,54.993,
2680,26.800,45.898,69.153,54.626,
2681,26.810,47.974,70.068,52.979,
2682,26.820,48.462,72.449,51.636,
2683,26.830,47.729,73.059,49.683,
2684,26.840,48.218,76.172,48.706,
2685,26.850,54.626,79.102,47.241,
2686,26.860,63.232,83.740,46.997,
2687,26.870,73.242,86.853,45.532,
2688,26.880,78.247,91.675,43.274,
2689,26.890,79.529,96.069,40.466,
2690,26.900,79.590,100.891,35.950,
2691,26.910,78.064,106.628,30.701,
2692,26.920,83.557,111.023,24.597,
2693,26.930,88.074,116.638,18.311,
2694,26.940,103.882,120.422,10.254,
2695,26.950,105.164,125.793,2.319,
2696,26.960,113.953,133.118,-4.028,
2697,26.970,126.221,137.573,-12.634,
2698,26.980,131.653,141.724,-21.301,
2699,26.990,136.597,145.386,-29.175,
2700,27.000,147.156,148.438,-36.438,
2701,27.010,164.429,151.733,-44.983,
2702,27.020,155.640,154.297,-51.697,
2703,27.030,163.940,155.090,-58.838,
2704,27.040,177.856,157.471,-67.505,
2705,27.050,193.604,157.837,-74.768,
2706,27.060,205.627,158.081,-82.031,
2707,27.070,226.868,157.471,-90.027,
2708,27.080,234.680,155.945,-97.961,
2709,27.090,221.313,156.616,-105.286,
2710,27.100,203.674,157.166,-112.671,
2711,27.110,193.176,156.250,-120.483,
2712,27.120,177.734,154.602,-126.953,
2713,27.130,161.316,154.541,-132.874,
2714,27.140,150.940,153.687,-138.794,
2715,27.150,133.179,152.466,-144.836,
2716,27.160,117.004,151.306,-150.879,
2717,27.170,86.792,151.428,-156.677,
2718,27.180,84.167,150.513,-161.499,
2719,27.190,90.942,148.987,-166.626,
2720,27.200,82.642,147.827,-171.570,
2721,27.210,78.613,146.301,-175.598,
2722,27.220,79.102,144.470,-179.382,
2723,27.230,69.763,142.212,-183.228,
2724,27.240,45.715,140.442,-186.035,
2725,27.250,23.132,140.137,-187.683,
2726,27.260,3.723,138.489,-188.904,
2727,27.270,-4.639,137.329,-189.331,
2728,27.280,3.601,134.827,-188.538,
2729,27.290,20.447,131.897,-187.988,
2730,27.300,43.579,127.502,-188.110,
2731,27.310,63.354,122.192,-188.049,
2732,27.320,65.552,117.737,-186.768,
2733,27.330,64.087,111.633,-184.692,
2734,27.340,54.626,104.065,-183.533,
2735,27.350,54.382,95.459,-183.594,
2736,27.360,56.824,86.670,-184.082,
2737,27.370,52.734,78.430,-184.387,
2738,27.380,39.856,70.679,-184.326,
2739,27.390,50.049,60.547,-185.730,
2740,27.400,52.979,57.739,-178.955,
2741,27.410,52.856,54.688,-169.067,
2742,27.420,58.960,51.270,-156.738,
2743,27.430,63.354,45.959,-147.827,
2744,27.440,60.791,41.138,-140.259,
2745,27.450,63.782,33.630,-133.484,
2746,27.460,58.533,31.494,-128.418,
2747,27.470,60.059,28.687,-122.620,
2748,27.480,76.782,25.085,-116.516,
2749,27.490,84.595,22.766,-110.474,
2750,27.500,91.248,16.968,-101.685,
2751,27.510,64.758,14.038,-94.910,
2752,27.520,37.231,8.423,-93.384,
2753,27.530,13.000,4.150,-91.858,
2754,27.540,2.563,1.343,-92.834,
2755,27.550,10.742,-1.465,-94.055,
2756,27.560,23.804,-5.737,-92.896,
2757,27.570,28.259,-10.803,-90.698,
2758,27.580,25.452,-13.306,-86.792,
2759,27.590,16.724,-15.869,-82.397,
2760,27.600,2.991,-17.639,-79.468,
2761,27.610,-5.554,-19.470,-79.285,
2762,27.620,-16.663,-19.104,-78.552,
2763,27.630,-14.709,-19.836,-77.454,
2764,27.640,-7.507,-22.400,-76.111,
2765,27.650,-5.066,-25.330,-74.341,
2766,27.660,3.357,-29.236,-72.449,
2767,27.670,4.883,-32.288,-71.899,
2768,27.680,2.563,-35.034,-71.228,
2769,27.690,-2.808,-38.330,-71.594,
2770,27.700,-13.733,-39.551,-72.510,
2771,27.710,-8.606,-42.419,-72.632,
2772,27.720,-5.676,-45.776,-72.815,
2773,27.730,-2.563,-48.584,-71.655,
2774,27.740,2.625,-51.697,-69.702,
2775,27.750,0.000,-52.185,-68.726,
2776,27.760,-2.563,-54.016,-68.115,
2777,27.770,-9.827,-54.443,-68.359,
2778,27.780,-13.489,-54.260,-69.641,
2779,27.790,-5.249,-54.321,-70.068,
2780,27.800,0.488,-53.955,-71.533,
2781,27.810,7.690,-54.932,-72.205,
2782,27.820,5.554,-55.664,-71.899,
2783,27.830,-5.676,-55.115,-72.205,
2784,27.840,-11.169,-55.664,-72.510,
2785,27.850,-13.794,-56.824,-75.256,
2786,27.860,-11.536,-57.434,-77.576,
2787,27.870,-13.306,-58.228,-79.285,
2788,27.880,-15.259,-58.044,-81.238,
2789,27.890,-14.343,-57.739,-83.496,
2790,27.900,-5.188,-56.885,-83.679,
2791,27.910,-11.658,-56.091,-84.351,
2792,27.920,-14.221,-56.641,-85.144,
2793,27.930,-14.099,-56.824,-85.876,
2794,27.940,-14.954,-58.044,-87.463,
2795,27.950,-8.179,-59.814,-88.501,
2796,27.960,-1.465,-61.096,-88.745,
2797,27.970,2.136,-62.561,-89.539,
2798,27.980,8.301,-64.697,-88.806,
2799,27.990,13.672,-66.467,-87.280,
2800,28.000,20.142,-68.481,-85.754,
2801,28.010,26.917,-71.838,-84.778,
2802,28.020,31.555,-75.317,-84.290,
2803,28.030,36.255,-79.346,-84.045,
2804,28.040,42.542,-84.167,-83.252,
2805,28.050,48.462,-89.050,-81.848,
2806,28.060,54.993,-94.421,-79.895,
2807,28.070,63.965,-100.342,-77.209,
2808,28.080,73.730,-106.567,-74.707,
2809,28.090,83.191,-112.488,-71.106,
2810,28.100,88.379,-119.202,-68.359,
2811,28.110,110.291,-125.793,-63.538,
2812,28.120,113.281,-131.775,-57.800,
2813,28.130,112.671,-136.353,-51.270,
2814,28.140,116.882,-141.846,-44.128,
2815,28.150,122.192,-145.752,-37.537,
2816,28.160,134.521,-149.719,-29.297,
2817,28.170,140.869,-154.175,-21.057,
2818,28.180,143.250,-157.043,-12.207,
2819,28.190,142.883,-159.546,-2.808,
2820,28.200,145.752,-162.170,5.615,
2821,28.210,149.475,-163.513,14.221,
2822,28.220,162.537,-165.833,23.010,
2823,28.230,164.856,-166.321,32.715,
2824,28.240,169.434,-167.969,41.565,
2825,28.250,173.096,-168.579,51.025,
2826,28.260,181.030,-169.617,60.242,
2827,28.270,194.214,-170.776,70.129,
2828,28.280,204.590,-169.861,80.872,
2829,28.290,218.384,-169.861,91.187,
2830,28.300,229.919,-168.274,101.074,
2831,28.310,242.432,-165.710,111.816,
2832,28.320,250.305,-163.147,121.155,
2833,28.330,246.399,-161.194,129.089,
2834,28.340,249.756,-158.691,137.329,
2835,28.350,250.488,-154.419,145.813,
2836,28.360,257.935,-150.635,153.381,
2837,28.370,256.226,-146.240,159.241,
2838,28.380,244.812,-142.212,164.429,
2839,28.390,218.750,-137.695,169.556,
2840,28.400,204.346,-133.789,173.584,
2841,28.410,192.017,-129.578,178.101,
2842,28.420,168.579,-124.817,182.312,
2843,28.430,140.320,-120.422,186.157,
2844,28.440,121.765,-116.455,189.270,
2845,28.450,96.863,-113.281,191.101,
2846,28.460,68.604,-111.877,192.871,
2847,28.470,51.392,-110.779,194.885,
2848,28.480,46.387,-109.985,195.313,
2849,28.490,42.969,-107.727,197.449,
2850,28.500,37.537,-105.347,197.693,
2851,28.510,26.611,-102.417,198.120,
2852,28.520,-5.981,-99.670,195.435,
2853,28.530,3.418,-102.600,186.218,
2854,28.540,10.864,-99.731,181.946,
2855,28.550,-10.193,-98.083,176.453,
2856,28.560,-35.583,-96.741,169.250,
2857,28.570,-30.701,-93.933,161.865,
2858,28.580,5.249,-90.210,153.503,
2859,28.590,34.729,-83.801,145.691,
2860,28.600,47.546,-75.439,139.404,
2861,28.610,45.593,-67.871,133.545,
2862,28.620,47.913,-59.021,126.282,
2863,28.630,68.298,-50.110,119.873,
2864,28.640,87.036,-40.833,112.732,
2865,28.650,96.558,-30.701,106.689,
2866,28.660,93.140,-20.508,103.149,
2867,28.670,83.740,-12.268,98.755,
2868,28.680,75.623,-4.517,95.459,
2869,28.690,72.693,0.244,92.712,
2870,28.700,65.125,5.798,90.698,
2871,28.710,60.425,9.155,89.355,
2872,28.720,52.917,13.672,88.440,
2873,28.730,47.729,17.273,86.487,
2874,28.740,46.387,19.653,84.290,
2875,28.750,42.297,23.254,83.191,
2876,28.760,40.833,25.146,82.092,
2877,28.770,40.161,27.710,81.726,
2878,28.780,29.968,29.602,82.153,
2879,28.790,18.005,30.396,82.520,
2880,28.800,16.052,30.762,82.642,
2881,28.810,19.653,31.189,83.496,
2882,28.820,20.630,31.128,84.045,
2883,28.830,21.973,30.579,83.374,
2884,28.840,17.761,30.884,83.313,
2885,28.850,16.174,30.884,82.886,
2886,28.860,17.212,31.982,81.238,
2887,28.870,20.691,33.447,80.383,
2888,28.880,20.447,35.706,79.834,
2889,28.890,26.489,37.964,78.064,
2890,28.900,29.114,40.161,77.942,
2891,28.910,33.386,41.626,77.576,
2892,28.920,27.527,42.114,77.026,
2893,28.930,21.729,43.091,76.843,
2894,28.940,19.348,43.701,76.416,
2895,28.950,29.175,44.189,74.219,
2896,28.960,34.180,45.898,72.937,
2897,28.970,41.443,48.462,71.960,
2898,28.980,43.579,50.659,70.862,
2899,28.990,43.945,53.406,70.801,
2900,29.000,40.222,55.176,70.679,
2901,29.010,42.786,57.312,70.374,
2902,29.020,46.448,58.838,68.237,
2903,29.030,50.598,62.927,66.956,
2904,29.040,60.791,65.063,64.392,
2905,29.050,57.495,70.923,62.622,
2906,29.060,59.875,74.158,61.035,
2907,29.070,54.932,79.041,60.486,
2908,29.080,63.232,82.703,59.448,
2909,29.090,63.293,86.975,58.594,
2910,29.100,68.298,91.797,56.763,
2911,29.110,81.421,96.252,53.650,
2912,29.120,89.783,101.318,48.828,
2913,29.130,93.689,105.835,43.579,
2914,29.140,89.050,109.924,37.170,
2915,29.150,84.595,114.990,31.982,
2916,29.160,83.984,120.972,27.161,
2917,29.170,89.172,126.038,21.851,
2918,29.180,96.069,131.226,15.930,
2919,29.190,107.422,135.559,8.728,
2920,29.200,113.708,140.137,2.441,
2921,29.210,117.249,144.043,-4.395,
2922,29.220,120.239,148.132,-11.658,
2923,29.230,126.282,152.161,-18.005,
2924,29.240,128.540,155.945,-23.071,
2925,29.250,139.954,157.837,-28.564,
2926,29.260,158.936,159.485,-34.973,
2927,29.270,178.772,160.828,-41.504,
2928,29.280,196.960,161.316,-48.767,
2929,29.290,210.876,162.476,-57.129,
2930,29.300,221.924,163.879,-65.979,
2931,29.310,233.826,163.818,-74.585,
2932,29.320,241.150,162.659,-82.886,
2933,29.330,272.949,159.607,-91.919,
2934,29.340,264.282,159.790,-100.647,
2935,29.350,252.991,157.410,-108.582,
2936,29.360,231.873,155.151,-116.821,
2937,29.370,213.928,152.954,-124.817,
2938,29.380,191.589,150.513,-131.104,
2939,29.390,164.185,148.132,-137.146,
2940,29.400,167.297,144.409,-143.250,
2941,29.410,182.983,140.015,-149.475,
2942,29.420,192.566,137.024,-156.616,
2943,29.430,203.857,133.423,-163.330,
2944,29.440,198.608,129.089,-170.654,
2945,29.450,186.279,124.817,-178.101,
2946,29.460,153.625,121.826,-183.960,
2947,29.470,128.479,119.019,-188.599,
2948,29.480,98.877,117.432,-192.627,
2949,29.490,80.627,114.624,-195.435,
2950,29.500,60.486,113.220,-198.059,
2951,29.510,64.941,111.145,-200.684,
2952,29.520,58.350,107.727,-202.087,
2953,29.530,34.668,105.774,-203.247,
2954,29.540,17.639,103.088,-203.491,
2955,29.550,2.747,103.210,-202.637,
2956,29.560,-6.531,103.943,-200.317,
2957,29.570,-9.766,103.577,-197.327,
2958,29.580,-14.954,102.783,-195.557,
2959,29.590,0.977,98.816,-194.153,
2960,29.600,8.850,94.055,-193.665,
2961,29.610,12.634,87.830,-192.993,
2962,29.620,26.428,79.041,-193.481,
2963,29.630,55.054,72.510,-191.895,
2964,29.640,67.871,70.190,-181.946,
2965,29.650,56.885,70.618,-170.227,
2966,29.660,58.655,71.899,-157.776,
2967,29.670,62.439,71.838,-150.574,
2968,29.680,71.350,70.007,-145.447,
2969,29.690,91.187,65.002,-140.076,
2970,29.700,86.548,60.669,-132.507,
2971,29.710,81.970,55.542,-125.427,
2972,29.720,91.125,52.002,-120.544,
2973,29.730,105.774,46.997,-118.103,
2974,29.740,97.473,42.969,-115.173,
2975,29.750,75.378,39.856,-109.802,
2976,29.760,55.664,36.621,-106.079,
2977,29.770,56.152,31.128,-103.149,
2978,29.780,48.035,25.452,-101.563,
2979,29.790,46.753,18.250,-100.281,
2980,29.800,48.889,10.681,-98.877,
2981,29.810,53.162,4.028,-95.764,
2982,29.820,52.185,-1.709,-91.003,
2983,29.830,46.326,-7.446,-86.243,
2984,29.840,37.292,-11.780,-82.275,
2985,29.850,29.846,-16.602,-78.857,
2986,29.860,27.344,-21.667,-76.721,
2987,29.870,25.513,-25.757,-75.623,
2988,29.880,30.212,-30.884,-75.317,
2989,29.890,33.569,-35.156,-76.233,
2990,29.900,40.039,-37.781,-76.172,
2991,29.910,49.011,-40.100,-75.012,
2992,29.920,41.565,-40.283,-74.280,
2993,29.930,38.025,-41.199,-71.777,
2994,29.940,26.062,-41.077,-70.068,
2995,29.950,19.287,-42.114,-70.129,
2996,29.960,12.634,-43.823,-70.740,
2997,29.970,8.545,-45.227,-71.899,
2998,29.980,6.104,-46.387,-72.998,
2999,29.990,0.549,-45.837,-73.792,
3000,30.000,4.883,-45.715,-74.463,
3001,30.010,11.719,-43.945,-74.768,
3002,30.020,11.353,-44.617,-74.829,
3003,30.030,1.099,-44.495,-74.341,
3004,30.040,-2.991,-45.898,-75.134,
3005,30.050,-0.366,-47.913,-75.317,
3006,30.060,-2.075,-50.598,-76.233,
3007,30.070,-3.845,-52.917,-76.416,
3008,30.080,-8.240,-54.810,-77.087,
3009,30.090,-6.653,-55.725,-76.477,
3010,30.100,-0.488,-56.580,-74.951,
3011,30.110,9.216,-57.373,-73.975,
3012,30.120,18.188,-59.631,-73.547,
3013,30.130,19.958,-61.768,-72.571,
3014,30.140,12.085,-63.721,-71.716,
3015,30.150,1.282,-66.284,-71.167,
3016,30.160,-1.831,-68.298,-70.679,
3017,30.170,-3.357,-70.557,-70.984,
3018,30.180,-1.892,-71.777,-70.129,
3019,30.190,1.404,-74.646,-70.984,
3020,30.200,14.771,-76.904,-70.374,
3021,30.210,22.400,-80.872,-70.496,
3022,30.220,29.907,-85.266,-69.763,
3023,30.230,33.203,-89.172,-67.932,
3024,30.240,32.532,-93.811,-66.711,
3025,30.250,35.339,-97.839,-65.674,
3026,30.260,29.236,-100.464,-63.721,
3027,30.270,24.841,-104.187,-62.988,
3028,30.280,29.175,-108.276,-62.744,
3029,30.290,35.828,-112.122,-61.890,
3030,30.300,48.157,-118.042,-60.730,
3031,30.310,69.214,-123.535,-57.922,
3032,30.320,77.332,-128.479,-55.115,
3033,30.330,88.501,-133.606,-49.500,
3034,30.340,90.759,-137.878,-43.640,
3035,30.350,95.276,-141.785,-37.292,
3036,30.360,101.379,-145.447,-30.396,
3037,30.370,109.680,-148.682,-22.888,
3038,30.380,125.977,-151.794,-14.526,
3039,30.390,136.780,-154.175,-5.493,
3040,30.400,142.090,-155.945,4.272,
3041,30.410,142.883,-157.776,13.916,
3042,30.420,142.273,-158.264,24.414,
3043,30.430,134.705,-158.813,34.668,
3044,30.440,129.639,-159.912,43.823,
3045,30.450,136.780,-159.851,53.101,
3046,30.460,145.630,-159.790,61.829,
3047,30.470,157.898,-159.241,70.801,
3048,30.480,166.443,-157.898,80.383,
3049,30.490,173.767,-157.471,88.928,
3050,30.500,171.326,-156.128,98.755,
3051,30.510,162.231,-155.212,107.605,
3052,30.520,142.212,-156.372,115.112,
3053,30.530,135.376,-156.311,122.437,
3054,30.540,136.597,-156.799,130.066,
3055,30.550,143.005,-157.166,137.573,
3056,30.560,148.010,-157.043,143.860,
3057,30.570,160.156,-157.288,149.231,
3058,30.580,164.124,-156.006,154.236,
3059,30.590,160.522,-153.564,158.691,
3060,30.600,158.386,-152.283,161.987,
3061,30.610,140.320,-149.414,165.161,
3062,30.620,119.446,-147.095,167.786,
3063,30.630,106.750,-145.874,169.739,
3064,30.640,97.839,-145.325,171.082,
3065,30.650,86.365,-143.921,172.668,
3066,30.660,72.693,-143.799,173.645,
3067,30.670,68.298,-142.517,174.683,
3068,30.680,63.843,-139.404,175.476,
3069,30.690,62.500,-136.963,176.453,
3070,30.700,59.509,-133.179,176.514,
3071,30.710,43.152,-128.784,177.979,
3072,30.720,29.358,-126.770,178.040,
3073,30.730,13.550,-123.291,178.101,
3074,30.740,9.338,-120.728,177.673,
3075,30.750,24.841,-117.310,177.002,
3076,30.760,43.091,-113.037,174.744,
3077,30.770,81.421,-112.427,166.870,
3078,30.780,102.234,-105.347,165.771,
3079,30.790,85.327,-101.990,162.109,
3080,30.800,67.566,-98.022,159.668,
3081,30.810,76.965,-94.055,156.250,
3082,30.820,79.590,-90.027,152.161,
3083,30.830,83.923,-85.388,148.743,
3084,30.840,87.402,-80.261,145.386,
3085,30.850,89.233,-75.500,142.578,
3086,30.860,90.271,-69.824,138.977,
3087,30.870,88.135,-63.904,134.705,
3088,30.880,83.740,-58.350,132.080,
3089,30.890,64.270,-52.551,129.028,
3090,30.900,59.082,-49.377,126.404,
3091,30.910,48.035,-44.739,124.329,
3092,30.920,48.218,-41.199,121.582,
3093,30.930,63.904,-35.828,118.042,
3094,30.940,69.946,-27.466,114.502,
3095,30.950,84.167,-21.606,110.779,
3096,30.960,74.829,-15.015,106.384,
3097,30.970,64.941,-9.460,104.431,
3098,30.980,53.467,-4.578,103.027,
3099,30.990,47.974,0.977,99.731,
3100,31.000,51.880,5.432,95.581,
3101,31.010,51.453,11.841,90.698,
3102,31.020,53.650,16.541,85.693,
3103,31.030,56.335,21.667,80.688,
3104,31.040,52.368,27.222,77.332,
3105,31.050,49.744,30.334,74.890,
3106,31.060,43.701,34.302,71.533,
3107,31.070,37.964,38.391,69.031,
3108,31.080,32.227,42.297,67.017,
3109,31.090,29.480,46.082,65.002,
3110,31.100,38.513,49.988,64.453,
3111,31.110,50.781,52.124,63.049,
3112,31.120,64.819,54.565,62.134,
3113,31.130,75.134,55.847,60.303,
3114,31.140,71.777,58.655,59.448,
3115,31.150,67.871,60.242,57.007,
3116,31.160,55.481,63.416,56.152,
3117,31.170,54.443,66.406,55.359,
3118,31.180,53.223,68.970,54.993,
3119,31.190,50.537,71.655,54.932,
3120,31.200,46.631,74.463,55.969,
3121,31.210,42.542,77.332,56.213,
3122,31.220,46.326,78.735,55.542,
3123,31.230,44.800,81.726,54.321,
3124,31.240,45.105,84.290,52.612,
3125,31.250,42.175,86.914,50.110,
3126,31.260,48.645,90.698,48.645,
3127,31.270,45.166,95.520,47.363,
3128,31.280,51.941,99.731,46.326,
3129,31.290,57.129,102.356,43.945,
3130,31.300,65.735,105.225,40.466,
3131,31.310,78.186,110.413,38.086,
3132,31.320,91.553,115.540,34.302,
3133,31.330,96.436,120.239,29.602,
3134,31.340,104.797,123.413,23.743,
3135,31.350,100.708,127.930,18.372,
3136,31.360,98.816,131.592,12.939,
3137,31.370,102.722,135.254,7.202,
3138,31.380,115.173,139.832,1.648,
3139,31.390,129.211,142.517,-5.371,
3140,31.400,129.761,146.057,-12.024,
3141,31.410,138.062,148.499,-18.982,
3142,31.420,139.282,151.184,-25.757,
3143,31.430,146.118,154.480,-31.921,
3144,31.440,155.273,155.945,-38.452,
3145,31.450,166.321,157.104,-46.143,
3146,31.460,180.237,158.081,-53.467,
3147,31.470,184.326,158.325,-60.852,
3148,31.480,177.734,158.997,-67.322,
3149,31.490,170.898,159.241,-73.730,
3150,31.500,163.574,157.959,-80.139,
3151,31.510,162.598,155.701,-86.365,
3152,31.520,173.157,153.137,-92.468,
3153,31.530,185.852,151.245,-98.511,
3154,31.540,208.252,147.522,-105.164,
3155,31.550,190.918,145.264,-112.183,
3156,31.560,174.683,142.151,-118.652,
3157,31.570,150.146,139.526,-124.634,
3158,31.580,114.441,137.512,-130.432,
3159,31.590,101.501,134.277,-136.475,
3160,31.600,110.474,130.798,-141.785,
3161,31.610,119.141,130.310,-148.132,
3162,31.620,139.893,129.150,-154.663,
3163,31.630,152.283,126.526,-161.621,
3164,31.640,149.719,125.366,-169.189,
3165,31.650,133.484,123.230,-175.903,
3166,31.660,106.506,122.131,-182.251,
3167,31.670,68.970,122.375,-187.500,
3168,31.680,39.917,121.460,-191.223,
3169,31.690,13.062,122.009,-194.702,
3170,31.700,2.991,122.925,-196.350,
3171,31.710,0.732,122.681,-197.144,
3172,31.720,2.075,122.498,-197.693,
3173,31.730,13.550,122.498,-197.144,
3174,31.740,24.658,122.253,-195.313,
3175,31.750,35.522,120.850,-192.993,
3176,31.760,43.213,118.103,-190.979,
3177,31.770,59.448,113.403,-189.941,
3178,31.780,70.007,107.483,-189.148,
3179,31.790,71.167,100.891,-187.988,
3180,31.800,70.679,92.407,-186.829,
3181,31.810,77.087,84.229,-185.242,
3182,31.820,81.604,75.134,-184.143,
3183,31.830,98.267,64.697,-183.960,
3184,31.840,123.962,56.763,-178.894,
3185,31.850,129.272,49.500,-171.265,
3186,31.860,111.328,44.128,-162.170,
3187,31.870,91.614,39.185,-152.161,
3188,31.880,60.303,34.973,-144.531,
3189,31.890,33.081,31.799,-138.123,
3190,31.900,35.522,28.870,-132.141,
3191,31.910,49.438,26.062,-127.502,
3192,31.920,59.937,24.109,-123.108,
3193,31.930,64.392,22.461,-119.690,
3194,31.940,49.377,21.851,-116.028,
3195,31.950,29.846,20.569,-111.206,
3196,31.960,17.456,19.470,-106.262,
3197,31.970,4.578,18.982,-103.149,
3198,31.980,-4.456,18.555,-101.868,
3199,31.990,-1.343,18.066,-100.525,
3200,32.000,7.568,17.517,-100.403,
3201,32.010,14.526,15.991,-98.877,
3202,32.020,14.404,13.916,-97.229,
3203,32.030,6.104,10.193,-95.825,
3204,32.040,-3.662,7.446,-93.445,
3205,32.050,-7.629,4.272,-90.820,
3206,32.060,-9.888,2.869,-88.074,
3207,32.070,-4.211,1.160,-85.510,
3208,32.080,-0.977,-0.793,-83.130,
3209,32.090,-1.465,-3.113,-81.299,
3210,32.100,0.427,-6.592,-79.712,
3211,32.110,1.465,-9.155,-78.796,
3212,32.120,8.423,-13.550,-77.454,
3213,32.130,15.442,-17.334,-75.806,
3214,32.140,17.944,-20.386,-73.547,
3215,32.150,20.386,-23.132,-70.679,
3216,32.160,19.897,-25.146,-68.115,
3217,32.170,13.855,-26.428,-65.674,
3218,32.180,8.301,-28.809,-64.453,
3219,32.190,4.822,-31.128,-64.758,
3220,32.200,2.991,-33.997,-66.528,
3221,32.210,6.409,-36.865,-67.261,
3222,32.220,11.841,-39.612,-67.200,
3223,32.230,20.691,-42.603,-67.505,
3224,32.240,24.902,-45.593,-67.871,
3225,32.250,17.700,-47.485,-68.176,
3226,32.260,10.620,-48.828,-67.200,
3227,32.270,5.249,-50.598,-67.749,
3228,32.280,3.662,-51.758,-67.627,
3229,32.290,8.240,-54.016,-67.993,
3230,32.300,14.771,-55.237,-68.420,
3231,32.310,17.334,-57.678,-69.336,
3232,32.320,19.226,-59.875,-69.275,
3233,32.330,10.864,-62.195,-70.313,
3234,32.340,6.287,-65.186,-70.496,
3235,32.350,4.944,-68.970,-71.228,
3236,32.360,10.254,-71.960,-70.068,
3237,32.370,18.066,-76.782,-69.763,
3238,32.380,31.616,-80.017,-67.810,
3239,32.390,37.109,-85.327,-67.139,
3240,32.400,51.575,-90.515,-65.430,
3241,32.410,53.345,-95.520,-62.988,
3242,32.420,55.603,-101.929,-60.730,
3243,32.430,57.922,-107.849,-58.777,
3244,32.440,59.814,-114.624,-56.702,
3245,32.450,61.646,-120.300,-54.688,
3246,32.460,62.622,-126.404,-53.284,
3247,32.470,65.369,-131.531,-51.636,
3248,32.480,68.665,-136.108,-48.828,
3249,32.490,71.716,-139.954,-44.861,
3250,32.500,68.481,-144.592,-41.565,
3251,32.510,73.120,-149.292,-37.354,
3252,32.520,64.087,-154.724,-33.875,
3253,32.530,60.120,-159.668,-30.151,
3254,32.540,65.552,-164.917,-25.024,
3255,32.550,62.378,-168.457,-19.653,
3256,32.560,68.237,-172.852,-13.977,
3257,32.570,78.918,-177.246,-8.118,
3258,32.580,91.858,-181.335,-2.075,
3259,32.590,104.980,-184.570,5.493,
3260,32.600,123.718,-187.866,13.672,
3261,32.610,145.508,-191.589,21.912,
3262,32.620,158.020,-193.909,30.701,
3263,32.630,181.091,-196.472,39.429,
3264,32.640,209.045,-197.266,49.561,
3265,32.650,213.623,-195.984,60.608,
3266,32.660,215.149,-195.374,70.740,
3267,32.670,224.792,-192.383,81.848,
3268,32.680,232.544,-188.293,93.140,
3269,32.690,221.008,-182.983,103.516,
3270,32.700,200.684,-176.453,113.525,
3271,32.710,192.566,-171.204,121.521,
3272,32.720,191.467,-166.077,127.869,
3273,32.730,186.401,-161.987,132.690,
3274,32.740,181.152,-157.715,137.085,
3275,32.750,173.584,-153.076,141.235,
3276,32.760,175.415,-149.536,144.897,
3277,32.770,177.979,-146.118,147.461,
3278,32.780,174.683,-142.700,150.146,
3279,32.790,158.936,-139.282,153.809,
3280,32.800,136.963,-136.047,157.227,
3281,32.810,115.601,-133.606,160.522,
3282,32.820,89.966,-131.653,162.598,
3283,32.830,66.101,-130.432,164.124,
3284,32.840,55.847,-129.944,165.833,
3285,32.850,49.927,-129.150,168.152,
3286,32.860,50.964,-128.479,170.227,
3287,32.870,46.814,-128.357,172.119,
3288,32.880,38.086,-127.563,173.706,
3289,32.890,19.409,-126.709,174.805,
3290,32.900,29.175,-125.000,176.025,
3291,32.910,25.757,-122.925,176.208,
3292,32.920,33.325,-120.056,175.842,
3293,32.930,43.579,-116.394,176.025,
3294,32.940,37.964,-111.023,177.673,
3295,32.950,66.406,-110.535,171.326,
3296,32.960,81.543,-107.239,167.786,
3297,32.970,88.257,-104.065,165.161,
3298,32.980,91.675,-98.572,159.668,
3299,32.990,81.421,-92.529,155.396,
3300,33.000,68.176,-85.876,149.109,
3301,33.010,67.627,-78.064,143.188,
3302,33.020,61.707,-70.374,136.963,
3303,33.030,59.326,-62.927,130.310,
3304,33.040,67.993,-55.908,124.023,
3305,33.050,70.984,-47.729,118.713,
3306,33.060,68.787,-40.466,113.770,
3307,33.070,62.927,-32.898,108.459,
3308,33.080,63.354,-25.208,102.844,
3309,33.090,61.401,-18.433,97.351,
3310,33.100,58.533,-10.437,92.285,
3311,33.110,56.885,-2.625,88.135,
3312,33.120,54.321,3.540,83.801,
3313,33.130,55.298,8.972,80.078,
3314,33.140,61.707,13.184,76.599,
3315,33.150,61.096,17.151,73.792,
3316,33.160,42.664,21.057,72.937,
3317,33.170,29.236,24.170,72.693,
3318,33.180,26.184,26.611,69.885,
3319,33.190,29.053,28.381,68.237,
3320,33.200,37.415,30.457,66.040,
3321,33.210,41.687,32.349,64.270,
3322,33.220,43.701,33.752,63.171,
3323,33.230,28.564,35.217,63.171,
3324,33.240,22.278,34.851,62.561,
3325,33.250,15.137,35.767,62.439,
3326,33.260,15.320,35.645,62.683,
3327,33.270,16.235,36.011,62.866,
3328,33.280,31.738,37.537,63.293,
3329,33.290,39.734,39.063,64.087,
3330,33.300,41.870,39.734,64.941,
3331,33.310,40.710,41.504,66.467,
3332,33.320,32.593,42.725,67.627,
3333,33.330,22.705,42.969,68.420,
3334,33.340,19.348,43.640,69.702,
3335,33.350,25.024,43.884,69.336,
3336,33.360,31.677,44.128,70.129,
3337,33.370,48.767,44.312,70.129,
3338,33.380,54.260,44.678,70.251,
3339,33.390,54.810,44.189,70.679,
3340,33.400,43.579,46.082,70.679,
3341,33.410,43.030,47.485,70.129,
3342,33.420,35.522,50.049,69.580,
3343,33.430,43.518,53.101,69.275,
3344,33.440,50.049,56.030,68.420,
3345,33.450,57.678,58.289,67.139,
3346,33.460,60.303,61.035,64.819,
3347,33.470,57.129,64.331,62.744,
3348,33.480,49.011,68.726,60.364,
3349,33.490,37.170,74.097,59.387,
3350,33.500,45.410,78.735,57.739,
3351,33.510,48.523,84.045,55.847,
3352,33.520,60.120,87.463,53.345,
3353,33.530,67.932,91.431,49.438,
3354,33.540,74.829,94.238,44.495,
3355,33.550,68.298,98.999,42.114,
3356,33.560,68.176,103.516,39.673,
3357,33.570,72.937,106.201,34.851,
3358,33.580,80.017,109.314,28.992,
3359,33.590,86.182,112.549,23.743,
3360,33.600,89.783,117.126,19.470,
3361,33.610,97.717,120.911,13.306,
3362,33.620,108.521,123.230,6.042,
3363,33.630,116.150,126.038,-1.465,
3364,33.640,123.352,130.554,-8.240,
3365,33.650,138.428,133.728,-15.259,
3366,33.660,153.076,135.803,-24.048,
3367,33.670,158.813,137.695,-31.860,
3368,33.680,159.912,138.794,-39.612,
3369,33.690,159.851,140.320,-47.241,
3370,33.700,157.410,141.052,-54.565,
3371,33.710,152.649,141.113,-61.340,
3372,33.720,157.166,140.625,-68.481,
3373,33.730,158.997,140.442,-75.500,
3374,33.740,161.133,140.991,-82.214,
3375,33.750,167.664,141.174,-89.355,
3376,33.760,164.856,140.991,-96.558,
3377,33.770,164.856,140.381,-102.722,
3378,33.780,161.438,140.076,-108.948,
3379,33.790,155.884,139.282,-114.685,
3380,33.800,162.354,137.634,-120.605,
3381,33.810,168.274,135.071,-127.869,
3382,33.820,143.311,135.254,-135.681,
3383,33.830,116.699,134.033,-141.968,
3384,33.840,83.801,134.216,-148.865,
3385,33.850,67.871,135.742,-154.602,
3386,33.860,59.326,136.536,-158.752,
3387,33.870,59.387,137.634,-163.574,
3388,33.880,75.317,138.794,-167.114,
3389,33.890,91.431,138.672,-170.593,
3390,33.900,98.999,138.794,-174.438,
3391,33.910,106.995,137.024,-178.101,
3392,33.920,106.201,134.827,-182.251,
3393,33.930,91.858,133.057,-185.181,
3394,33.940,77.881,131.409,-186.768,
3395,33.950,63.416,130.554,-188.538,
3396,33.960,66.406,128.418,-190.186,
3397,33.970,75.256,127.502,-191.345,
3398,33.980,70.679,126.160,-191.162,
3399,33.990,60.120,123.596,-189.331,
3400,34.000,42.175,121.155,-187.561,
3401,34.010,39.551,117.676,-184.265,
3402,34.020,38.330,112.610,-180.542,
3403,34.030,35.156,107.361,-175.781,
3404,34.040,31.799,100.525,-171.753,
3405,34.050,25.269,93.567,-169.312,
3406,34.060,18.555,86.426,-167.236,
3407,34.070,12.268,79.346,-164.734,
3408,34.080,0.122,73.730,-161.743,
3409,34.090,-3.784,67.871,-159.485,
3410,34.100,13.916,62.683,-156.250,
3411,34.110,15.076,59.570,-150.452,
3412,34.120,19.836,56.396,-144.592,
3413,34.130,24.902,51.636,-137.329,
3414,34.140,8.484,47.546,-130.920,
3415,34.150,-9.094,42.480,-123.779,
3416,34.160,-27.527,37.720,-116.211,
3417,34.170,-42.664,33.203,-110.901,
3418,34.180,-40.222,27.588,-107.727,
3419,34.190,-29.785,23.560,-104.614,
3420,34.200,-23.621,20.142,-100.220,
3421,34.210,-22.156,15.991,-96.741,
3422,34.220,-27.344,12.085,-94.604,
3423,34.230,-30.151,6.836,-93.994,
3424,34.240,-28.015,0.854,-93.811,
3425,34.250,-29.846,-4.517,-92.529,
3426,34.260,-30.396,-10.986,-90.454,
3427,34.270,-31.372,-16.479,-87.585,
3428,34.280,-31.616,-22.644,-85.571,
3429,34.290,-16.235,-28.076,-83.923,
3430,34.300,-5.005,-33.142,-82.275,
3431,34.310,3.845,-38.452,-79.346,
3432,34.320,0.732,-41.687,-74.158,
3433,34.330,-9.583,-44.678,-68.970,
3434,34.340,-3.418,-47.668,-64.575,
3435,34.350,-2.136,-49.622,-61.279,
3436,34.360,8.057,-52.002,-58.533,
3437,34.370,17.212,-53.467,-55.237,
3438,34.380,20.630,-54.749,-51.514,
3439,34.390,24.658,-55.786,-47.119,
3440,34.400,24.353,-56.641,-43.518,
3441,34.410,24.841,-57.007,-39.917,
3442,34.420,22.095,-57.922,-37.598,
3443,34.430,15.442,-57.922,-34.790,
3444,34.440,11.230,-59.021,-32.593,
3445,34.450,5.554,-58.838,-29.785,
3446,34.460,7.080,-59.021,-27.893,
3447,34.470,7.080,-58.838,-26.489,
3448,34.480,5.432,-57.495,-24.841,
3449,34.490,7.202,-56.458,-23.010,
3450,34.500,-0.122,-54.321,-20.935,
3451,34.510,-6.775,-51.880,-18.372,
3452,34.520,-10.132,-49.805,-17.578,
3453,34.530,-10.620,-46.814,-16.968,
3454,34.540,-4.211,-45.105,-16.479,
3455,34.550,-2.258,-43.152,-15.442,
3456,34.560,-3.784,-41.199,-14.099,
3457,34.570,-1.221,-40.283,-12.329,
3458,34.580,-3.845,-38.940,-10.254,
3459,34.590,-3.052,-38.208,-8.850,
3460,34.600,-2.563,-37.476,-7.690,
3461,34.610,-2.258,-36.926,-6.958,
3462,34.620,1.282,-36.133,-6.226,
3463,34.630,3.174,-34.973,-5.310,
3464,34.640,3.479,-33.752,-4.578,
3465,34.650,3.967,-31.860,-3.906,
3466,34.660,4.028,-29.785,-3.540,
3467,34.670,1.160,-27.283,-2.869,
3468,34.680,-4.272,-24.658,-2.380,
3469,34.690,-11.658,-21.973,-1.831,
3470,34.700,-14.404,-19.531,-1.831,
3471,34.710,-14.282,-17.273,-2.258,
3472,34.720,-9.644,-15.198,-2.258,
3473,34.730,-4.028,-13.306,-1.953,
3474,34.740,-0.916,-11.658,-1.526,
3475,34.750,1.892,-10.620,-0.916,
3476,34.760,2.258,-9.644,-0.183,
3477,34.770,0.122,-9.033,0.366,
3478,34.780,-3.784,-8.423,0.610,
3479,34.790,-7.080,-7.874,0.793,
3480,34.800,-6.409,-7.141,0.793,
3481,34.810,-4.333,-6.531,0.610,
3482,34.820,-1.160,-5.371,0.488,
3483,34.830,1.343,-4.089,0.427,
3484,34.840,4.150,-2.869,0.244,
3485,34.850,4.578,-1.709,0.183,
3486,34.860,4.700,-0.793,-0.061,
3487,34.870,3.784,-0.122,-0.488,
3488,34.880,3.052,0.305,-0.610,
3489,34.890,3.113,0.671,-0.427,
3490,34.900,2.380,0.854,-0.183,
3491,34.910,4.822,0.732,-0.488,
3492,34.920,6.836,0.610,-0.671,
3493,34.930,8.789,0.366,-0.610,
3494,34.940,8.179,0.244,-0.244,
3495,34.950,5.371,0.244,0.000,
3496,34.960,1.587,0.244,0.122,
3497,34.970,-1.160,0.488,0.122,
3498,34.980,-1.831,0.732,0.000,
3499,34.990,-0.977,0.977,-0.305,
3500,35.000,-0.061,1.648,-0.732,
3501,35.010,1.953,2.258,-1.099,
3502,35.020,3.418,2.808,-1.404,
3503,35.030,4.089,3.357,-1.526,
3504,35.040,4.395,3.723,-1.404,
3505,35.050,3.479,4.028,-1.404,
3506,35.060,2.930,3.967,-1.587,
3507,35.070,3.906,3.601,-1.526,
3508,35.080,5.432,2.991,-1.526,
3509,35.090,7.385,2.258,-1.221,
3510,35.100,7.202,1.648,-0.793,
3511,35.110,5.371,1.099,-0.488,
3512,35.120,1.831,0.488,-0.244,
3513,35.130,-2.014,0.000,0.000,
3514,35.140,-5.127,-0.244,0.183,
3515,35.150,-6.165,-0.610,0.366,
3516,35.160,-5.859,-0.793,0.427,
3517,35.170,-3.662,-0.793,0.244,
3518,35.180,-0.977,-0.977,0.122,
3519,35.190,0.610,-0.977,0.000,
3520,35.200,2.563,-1.221,0.183,
3521,35.210,3.967,-1.221,0.061,
3522,35.220,2.197,-1.099,0.000,
3523,35.230,1.770,-1.343,0.000,
3524,35.240,2.197,-1.587,-0.061,
3525,35.250,3.906,-1.648,-0.061,
3526,35.260,4.150,-1.953,0.000,
3527,35.270,4.700,-2.075,0.000,
3528,35.280,4.395,-2.258,0.305,
3529,35.290,1.953,-2.502,0.549,
3530,35.300,-0.732,-2.808,0.610,
3531,35.310,-1.770,-2.930,0.732,
3532,35.320,-2.686,-3.052,0.854,
3533,35.330,-2.625,-3.235,0.916,
3534,35.340,-1.404,-3.418,0.916,
3535,35.350,-0.671,-3.723,0.916,
3536,35.360,-0.427,-3.845,1.038,
3537,35.370,-0.610,-3.967,1.099,
3538,35.380,0.305,-3.906,1.099,
3539,35.390,0.916,-4.028,0.977,
3540,35.400,0.916,-4.211,0.854,
3541,35.410,0.732,-4.272,0.549,
3542,35.420,1.160,-4.395,0.427,
3543,35.430,2.258,-4.639,0.122,
3544,35.440,2.686,-4.639,0.122,
3545,35.450,1.831,-4.822,0.000,
3546,35.460,2.319,-4.944,0.061,
3547,35.470,1.160,-4.822,0.244,
3548,35.480,0.061,-4.883,0.366,
3549,35.490,-2.075,-4.700,0.488,
3550,35.500,-3.723,-4.517,0.671,
3551,35.510,-4.517,-4.395,0.549,
3552,35.520,-3.479,-4.150,0.488,
3553,35.530,-2.808,-4.150,0.366,
3554,35.540,-0.793,-4.089,0.366,
3555,35.550,0.977,-3.967,0.427,
3556,35.560,2.258,-3.845,0.610,
3557,35.570,2.563,-3.845,0.610,
3558,35.580,1.526,-3.784,0.427,
3559,35.590,0.916,-3.784,0.061,
3560,35.600,1.709,-3.723,0.000,
3561,35.610,2.869,-3.601,0.000,
3562,35.620,3.296,-3.662,0.183,
3563,35.630,3.357,-3.784,0.305,
3564,35.640,3.906,-3.906,0.366,
3565,35.650,2.258,-3.967,0.488,
3566,35.660,1.648,-3.967,0.732,
3567,35.670,-2.563,-3.784,0.854,
3568,35.680,-3.418,-3.906,0.793,
3569,35.690,-1.404,-3.967,0.793,
3570,35.700,-0.916,-3.967,0.793,
3571,35.710,0.183,-3.906,0.977,
3572,35.720,-1.831,-3.662,1.099,
3573,35.730,-1.953,-3.784,1.038,
3574,35.740,-1.404,-3.906,1.038,
3575,35.750,-0.671,-3.845,0.916,
3576,35.760,0.183,-3.967,0.854,
3577,35.770,0.610,-4.028,0.732,
3578,35.780,2.014,-4.089,0.488,
3579,35.790,3.967,-4.395,0.244,
3580,35.800,5.127,-4.456,0.244,
3581,35.810,4.395,-4.456,0.183,
3582,35.820,0.427,-4.333,0.183,
3583,35.830,-0.732,-4.272,0.183,
3584,35.840,-1.282,-4.211,0.427,
3585,35.850,-2.014,-4.211,0.549,
3586,35.860,-2.991,-4.089,0.610,
3587,35.870,-4.211,-3.723,0.732,
3588,35.880,-3.357,-3.601,0.793,
3589,35.890,-3.906,-3.357,0.854,
3590,35.900,-4.944,-3.052,0.732,
3591,35.910,-5.737,-2.930,0.427,
3592,35.920,-5.615,-2.869,0.305,
3593,35.930,-4.578,-2.869,0.000,
3594,35.940,-2.441,-2.869,-0.183,
3595,35.950,-1.648,-2.808,-0.427,
3596,35.960,-1.160,-2.930,-0.671,
3597,35.970,-0.244,-2.808,-0.732,
3598,35.980,0.916,-2.625,-0.916,
3599,35.990,2.563,-2.380,-0.916,
3600,36.000,3.113,-2.014,-0.916,
3601,36.010,3.479,-1.831,-0.916,
3602,36.020,2.747,-1.465,-0.854,
3603,36.030,0.549,-1.099,-0.793,
3604,36.040,-0.366,-0.732,-0.549,
3605,36.050,-1.221,-0.549,-0.427,
3606,36.060,-0.610,-0.366,-0.427,
3607,36.070,-0.366,-0.061,-0.305,
3608,36.080,0.305,0.122,-0.305,
3609,36.090,0.366,0.244,-0.183,
3610,36.100,0.793,0.183,-0.305,
3611,36.110,1.465,0.183,-0.305,
3612,36.120,1.099,0.000,-0.366,
3613,36.130,1.831,-0.122,-0.427,
3614,36.140,1.709,-0.122,-0.488,
3615,36.150,2.014,-0.305,-0.305,
3616,36.160,1.343,-0.610,-0.183,
3617,36.170,0.488,-0.671,-0.183,
3618,36.180,-0.427,-0.732,-0.122,
3619,36.190,-1.160,-1.038,-0.122,
3620,36.200,-0.916,-1.160,-0.061,
3621,36.210,-0.305,-1.282,0.122,
3622,36.220,0.244,-1.343,0.427,
3623,36.230,1.099,-1.587,0.671,
3624,36.240,2.319,-1.831,0.732,
3625,36.250,1.953,-2.014,0.671,
3626,36.260,1.282,-2.441,0.854,
3627,36.270,1.953,-2.747,1.038,
3628,36.280,2.014,-3.235,1.160,
3629,36.290,3.784,-4.089,1.160,
3630,36.300,6.104,-4.944,1.404,
3631,36.310,6.165,-5.615,1.648,
3632,36.320,6.165,-6.531,1.953,
3633,36.330,6.409,-7.202,2.136,
3634,36.340,6.165,-8.057,2.502,
3635,36.350,6.348,-8.911,2.869,
3636,36.360,6.958,-9.949,3.174,
3637,36.370,6.653,-10.742,3.479,
3638,36.380,5.676,-11.536,3.906,
3639,36.390,3.845,-12.390,4.150,
3640,36.400,2.930,-13.245,4.517,
3641,36.410,1.770,-14.038,4.883,
3642,36.420,3.479,-14.954,5.249,
3643,36.430,5.981,-15.808,5.371,
3644,36.440,9.216,-16.907,5.554,
3645,36.450,10.315,-18.005,5.798,
3646,36.460,10.132,-19.226,5.981,
3647,36.470,9.460,-20.447,6.348,
3648,36.480,6.409,-21.729,6.592,
3649,36.490,4.395,-23.254,7.019,
3650,36.500,1.892,-24.658,7.446,
3651,36.510,0.854,-26.001,7.874,
3652,36.520,1.038,-27.344,8.118,
3653,36.530,1.221,-28.259,8.362,
3654,36.540,2.563,-29.297,8.606,
3655,36.550,4.639,-30.518,8.850,
3656,36.560,6.836,-31.372,8.789,
3657,36.570,7.141,-32.227,9.033,
3658,36.580,5.981,-32.959,9.277,
3659,36.590,3.113,-33.630,9.766,
3660,36.600,0.916,-34.363,10.193,
3661,36.610,-0.183,-35.156,10.498,
3662,36.620,0.977,-35.950,10.864,
3663,36.630,3.113,-36.865,11.108,
3664,36.640,5.493,-37.720,11.230,
3665,36.650,8.362,-38.635,11.536,
3666,36.660,8.972,-39.185,11.841,
3667,36.670,7.690,-39.856,12.085,
3668,36.680,6.226,-40.344,12.268,
3669,36.690,4.150,-40.649,12.390,
3670,36.700,3.052,-40.771,12.512,
3671,36.710,1.526,-40.771,12.512,
3672,36.720,0.549,-40.894,12.451,
3673,36.730,1.282,-40.894,12.390,
3674,36.740,2.625,-40.833,12.207,
3675,36.750,4.150,-40.710,12.085,
3676,36.760,5.920,-40.466,11.902,
3677,36.770,6.897,-39.978,11.780,
3678,36.780,7.019,-39.429,11.658,
3679,36.790,5.676,-38.940,11.658,
3680,36.800,4.333,-38.513,11.414,
3681,36.810,3.845,-38.208,11.292,
3682,36.820,2.747,-37.842,11.230,
3683,36.830,2.869,-37.537,10.986,
3684,36.840,2.869,-37.170,10.986,
3685,36.850,3.113,-36.804,10.742,
3686,36.860,5.493,-36.682,10.925,
3687,36.870,8.789,-36.255,10.986,
3688,36.880,11.230,-36.072,10.864,
3689,36.890,11.169,-35.950,10.986,
3690,36.900,8.423,-35.889,11.169,
3691,36.910,4.517,-35.828,11.475,
3692,36.920,1.160,-36.133,11.780,
3693,36.930,0.122,-36.377,12.024,
3694,36.940,1.160,-36.926,12.329,
3695,36.950,2.136,-37.598,12.451,
3696,36.960,3.784,-38.269,12.695,
3697,36.970,3.662,-38.940,12.878,
3698,36.980,1.953,-39.734,13.000,
3699,36.990,0.000,-40.588,13.062,
3700,37.000,-1.831,-41.687,13.245,
3701,37.010,-3.906,-42.908,13.489,
3702,37.020,-5.737,-44.189,13.550,
3703,37.030,-5.371,-45.410,13.672,
3704,37.040,-4.089,-46.448,13.794,
3705,37.050,-2.380,-47.424,13.916,
3706,37.060,-0.671,-48.584,13.916,
3707,37.070,0.916,-49.866,14.099,
3708,37.080,2.380,-51.208,14.343,
3709,37.090,2.747,-52.490,14.648,
3710,37.100,2.197,-53.467,15.076,
3711,37.110,-1.038,-54.382,15.686,
3712,37.120,-3.906,-55.237,16.296,
3713,37.130,-5.737,-55.969,16.418,
3714,37.140,-6.226,-56.885,16.541,
3715,37.150,-3.418,-57.922,16.724,
3716,37.160,-0.366,-58.777,17.029,
3717,37.170,2.014,-59.570,17.517,
3718,37.180,1.160,-60.181,18.188,
3719,37.190,-1.648,-60.608,19.043,
3720,37.200,-2.869,-60.974,19.775,
3721,37.210,-3.723,-61.035,20.386,
3722,37.220,-2.380,-60.852,20.752,
3723,37.230,0.244,-60.791,21.179,
3724,37.240,0.122,-60.242,21.667,
3725,37.250,-2.625,-60.120,21.912,
3726,37.260,-3.113,-59.692,21.790,
3727,37.270,-4.761,-59.265,21.729,
3728,37.280,-4.822,-58.533,21.851,
3729,37.290,-4.944,-57.739,21.606,
3730,37.300,-3.601,-56.702,21.301,
3731,37.310,-1.770,-55.420,20.996,
3732,37.320,0.000,-54.016,20.752,
3733,37.330,1.648,-52.673,20.630,
3734,37.340,1.526,-51.025,20.386,
3735,37.350,-1.709,-49.133,20.142,
3736,37.360,-7.080,-46.814,20.142,
3737,37.370,-12.390,-44.373,20.325,
3738,37.380,-14.771,-41.931,20.325,
3739,37.390,-15.625,-39.612,19.958,
3740,37.400,-14.282,-37.415,19.348,
3741,37.410,-12.207,-35.278,18.860,
3742,37.420,-10.437,-33.142,18.677,
3743,37.430,-10.132,-30.823,18.738,
3744,37.440,-11.841,-28.564,18.982,
3745,37.450,-14.465,-26.123,19.531,
3746,37.460,-15.137,-23.621,19.775,
3747,37.470,-13.367,-21.545,19.836,
3748,37.480,-10.071,-19.714,19.897,
3749,37.490,-4.578,-18.005,19.775,
3750,37.500,0.000,-16.907,19.836,
3751,37.510,3.662,-15.259,19.958,
3752,37.520,5.920,-14.099,20.569,
3753,37.530,7.629,-12.512,21.301,
3754,37.540,10.498,-10.864,21.301,
3755,37.550,14.343,-9.705,21.240,
3756,37.560,18.311,-8.606,21.057,
3757,37.570,17.334,-7.690,21.057,
3758,37.580,17.395,-7.080,20.813,
3759,37.590,15.503,-6.470,20.813,
3760,37.600,12.329,-6.104,21.118,
3761,37.610,9.277,-6.226,20.813,
3762,37.620,6.409,-6.042,20.508,
3763,37.630,5.188,-6.104,20.020,
3764,37.640,1.160,-5.920,19.409,
3765,37.650,3.784,-6.226,18.860,
3766,37.660,1.648,-6.348,18.127,
3767,37.670,-0.366,-6.714,16.907,
3768,37.680,-1.648,-7.141,15.320,
3769,37.690,-3.906,-7.263,13.977,
3770,37.700,-11.047,-7.446,12.573,
3771,37.710,-14.587,-7.568,11.108,
3772,37.720,-15.747,-7.263,9.521,
3773,37.730,-11.536,-6.531,8.057,
3774,37.740,-9.644,-5.798,6.348,
3775,37.750,-5.066,-4.944,4.883,
3776,37.760,-2.808,-3.967,3.418,
3777,37.770,-2.380,-2.808,1.892,
3778,37.780,-2.991,-1.526,0.671,
3779,37.790,-4.211,-0.244,-0.366,
3780,37.800,-1.038,0.732,-1.892,
3781,37.810,4.211,2.319,-3.052,
3782,37.820,9.216,4.028,-3.479,
3783,37.830,12.695,6.226,-3.601,
3784,37.840,14.954,8.484,-4.395,
3785,37.850,17.090,10.681,-5.310,
3786,37.860,18.799,13.367,-5.737,
3787,37.870,17.517,15.991,-6.165,
3788,37.880,16.174,18.616,-6.348,
3789,37.890,15.015,21.240,-6.409,
3790,37.900,15.442,23.682,-6.775,
3791,37.910,16.541,26.245,-7.019,
3792,37.920,17.090,28.625,-7.080,
3793,37.930,17.090,30.640,-7.263,
3794,37.940,13.306,32.349,-7.263,
3795,37.950,13.245,33.142,-7.385,
3796,37.960,14.954,33.081,-7.385,
3797,37.970,19.470,32.288,-7.385,
3798,37.980,23.376,30.701,-7.568,
3799,37.990,28.137,28.687,-7.629,
3800,38.000,29.297,26.611,-7.507,
3801,38.010,26.855,24.170,-7.263,
3802,38.020,22.705,21.606,-6.775,
3803,38.030,19.226,18.799,-6.348,
3804,38.040,16.541,15.930,-5.554,
3805,38.050,16.785,12.695,-4.761,
3806,38.060,16.602,9.216,-3.662,
3807,38.070,15.076,5.615,-2.686,
3808,38.080,12.451,2.197,-1.587,
3809,38.090,7.996,-0.977,-0.488,
3810,38.100,3.479,-4.211,0.610,
3811,38.110,0.916,-7.080,1.648,
3812,38.120,0.549,-9.888,2.686,
3813,38.130,0.854,-12.390,3.540,
3814,38.140,0.000,-14.771,4.211,
3815,38.150,-2.441,-16.479,4.822,
3816,38.160,-6.592,-17.639,5.432,
3817,38.170,-9.949,-18.494,5.615,
3818,38.180,-10.010,-18.982,5.493,
3819,38.190,-7.629,-19.043,5.371,
3820,38.200,-5.615,-18.311,5.554,
3821,38.210,-1.709,-17.334,5.371,
3822,38.220,2.258,-15.991,4.822,
3823,38.230,4.456,-14.526,4.272,
3824,38.240,5.493,-12.695,3.723,
3825,38.250,4.272,-10.559,3.235,
3826,38.260,2.197,-8.362,2.625,
3827,38.270,-0.427,-6.409,2.136,
3828,38.280,-2.380,-4.395,1.709,
3829,38.290,-3.418,-2.197,1.160,
3830,38.300,-2.075,-0.244,0.671,
3831,38.310,-0.732,1.648,0.183,
3832,38.320,0.671,3.540,-0.427,
3833,38.330,2.075,5.127,-0.977,
3834,38.340,0.427,6.836,-1.404,
3835,38.350,-0.549,8.118,-1.953,
3836,38.360,-2.136,9.216,-2.258,
3837,38.370,-3.174,9.949,-2.747,
3838,38.380,-3.357,10.620,-2.747,
3839,38.390,-3.601,10.925,-2.869,
3840,38.400,-2.869,10.803,-2.747,
3841,38.410,-1.282,10.315,-2.747,
3842,38.420,0.000,9.766,-2.625,
3843,38.430,0.183,8.850,-2.502,
3844,38.440,-0.122,7.751,-2.380,
3845,38.450,-1.709,6.470,-2.014,
3846,38.460,-3.540,5.188,-1.709,
3847,38.470,-5.554,3.845,-1.160,
3848,38.480,-6.958,2.380,-0.549,
3849,38.490,-6.714,1.160,-0.122,
3850,38.500,-3.662,-0.305,0.122,
3851,38.510,-0.061,-1.587,0.366,
3852,38.520,2.380,-2.747,0.610,
3853,38.530,4.089,-3.601,0.610,
3854,38.540,3.113,-4.333,0.793,
3855,38.550,1.526,-4.517,0.732,
3856,38.560,-1.038,-4.333,0.671,
3857,38.570,-5.798,-3.906,0.732,
3858,38.580,-13.672,-3.052,0.671,
