Frame,Time,GSensor.X,GSensor.Y,GSensor.Z,
0,0.000,8.599,-1.977,2.016,
1,0.010,8.329,-1.933,2.074,
2,0.020,8.160,-1.779,2.216,
3,0.030,8.008,-1.832,2.272,
4,0.040,7.958,-1.972,2.279,
5,0.050,8.088,-2.092,2.365,
6,0.060,8.186,-2.177,2.359,
7,0.070,8.463,-2.213,2.382,
8,0.080,8.727,-2.228,2.416,
9,0.090,8.932,-2.184,2.471,
10,0.100,9.069,-2.058,2.365,
11,0.110,9.175,-1.864,2.315,
12,0.120,9.292,-1.807,2.335,
13,0.130,9.324,-1.766,2.314,
14,0.140,9.312,-1.775,2.377,
15,0.150,9.308,-1.864,2.516,
16,0.160,9.258,-1.866,2.610,
17,0.170,9.209,-1.776,2.635,
18,0.180,9.190,-1.658,2.642,
19,0.190,9.203,-1.626,2.694,
20,0.200,9.083,-1.566,2.718,
21,0.210,9.000,-1.520,2.655,
22,0.220,8.905,-1.621,2.648,
23,0.230,8.781,-1.664,2.639,
24,0.240,8.738,-1.874,2.514,
25,0.250,8.726,-1.973,2.572,
26,0.260,8.753,-1.986,2.455,
27,0.270,8.885,-2.176,2.377,
28,0.280,9.026,-2.256,2.408,
29,0.290,9.132,-2.371,2.425,
30,0.300,9.210,-2.359,2.345,
31,0.310,9.257,-2.422,2.375,
32,0.320,9.184,-2.488,2.333,
33,0.330,9.143,-2.580,2.249,
34,0.340,9.123,-2.652,2.282,
35,0.350,9.099,-2.580,2.337,
36,0.360,9.071,-2.463,2.446,
37,0.370,9.091,-2.262,2.511,
38,0.380,9.148,-2.004,2.454,
39,0.390,9.180,-1.821,2.484,
40,0.400,9.182,-1.731,2.449,
41,0.410,9.163,-1.710,2.525,
42,0.420,9.203,-1.723,2.449,
43,0.430,9.175,-1.800,2.544,
44,0.440,9.203,-1.787,2.759,
45,0.450,9.342,-1.721,2.771,
46,0.460,9.541,-1.477,3.101,
47,0.470,9.747,-1.109,3.200,
48,0.480,9.916,-0.676,3.276,
49,0.490,10.083,-0.262,3.343,
50,0.500,10.126,0.038,3.305,
51,0.510,10.126,0.031,3.277,
52,0.520,10.147,-0.212,3.119,
53,0.530,10.055,-0.692,2.953,
54,0.540,9.883,-1.305,2.835,
55,0.550,9.650,-1.651,2.937,
56,0.560,9.395,-2.040,2.989,
57,0.570,9.245,-2.348,2.847,
58,0.580,9.012,-2.274,3.188,
59,0.590,8.816,-1.834,3.280,
60,0.600,8.640,-1.342,3.433,
61,0.610,8.601,-0.807,3.634,
62,0.620,8.626,-0.244,3.617,
63,0.630,8.637,0.479,3.670,
64,0.640,8.702,1.011,3.608,
65,0.650,8.747,1.375,3.609,
66,0.660,8.803,1.512,3.537,
67,0.670,8.817,1.414,3.398,
68,0.680,8.792,1.213,3.519,
69,0.690,8.812,0.956,3.518,
70,0.700,8.891,0.727,3.562,
71,0.710,8.880,0.692,3.528,
72,0.720,8.929,0.672,3.354,
73,0.730,8.890,0.733,3.373,
74,0.740,8.890,0.666,3.200,
75,0.750,8.903,0.681,3.258,
76,0.760,8.880,0.710,3.175,
77,0.770,8.949,0.711,3.360,
78,0.780,8.976,0.590,2.945,
79,0.790,9.005,0.571,3.075,
80,0.800,9.048,0.658,3.046,
81,0.810,9.027,0.662,2.954,
82,0.820,9.124,0.755,2.969,
83,0.830,9.188,0.846,2.947,
84,0.840,9.131,0.956,2.909,
85,0.850,9.115,1.053,3.143,
86,0.860,9.072,0.862,3.127,
87,0.870,8.967,0.808,3.330,
88,0.880,8.957,0.736,3.475,
89,0.890,8.960,0.340,3.429,
90,0.900,9.041,0.136,3.383,
91,0.910,9.083,-0.001,3.587,
92,0.920,9.198,-0.183,3.555,
93,0.930,9.164,-0.455,3.567,
94,0.940,9.143,-0.538,3.553,
95,0.950,9.133,-0.661,3.570,
96,0.960,9.118,-0.829,3.409,
97,0.970,9.034,-0.938,3.352,
98,0.980,8.974,-1.116,3.182,
99,0.990,8.839,-1.107,3.207,
100,1.000,8.731,-1.102,3.255,
101,1.010,8.699,-1.067,3.172,
102,1.020,8.676,-0.961,3.064,
103,1.030,8.742,-0.943,3.095,
104,1.040,8.901,-1.032,3.045,
105,1.050,9.043,-1.052,2.988,
106,1.060,9.213,-1.161,2.973,
107,1.070,9.308,-1.293,3.000,
108,1.080,9.333,-1.369,2.976,
109,1.090,9.360,-1.353,2.988,
110,1.100,9.387,-1.345,2.987,
111,1.110,9.350,-1.352,3.068,
112,1.120,9.355,-1.348,3.073,
113,1.130,9.284,-1.309,3.012,
114,1.140,9.251,-1.224,3.036,
115,1.150,9.164,-1.248,2.916,
116,1.160,9.148,-1.352,2.893,
117,1.170,9.107,-1.460,2.982,
118,1.180,9.027,-1.547,2.912,
119,1.190,8.949,-1.591,2.924,
120,1.200,8.947,-1.605,2.987,
121,1.210,8.970,-1.620,2.976,
122,1.220,8.985,-1.601,2.985,
123,1.230,9.058,-1.602,2.967,
124,1.240,9.125,-1.608,2.943,
125,1.250,9.162,-1.575,2.910,
126,1.260,9.071,-1.623,2.941,
127,1.270,9.145,-1.662,2.940,
128,1.280,9.101,-1.761,2.943,
129,1.290,9.106,-1.850,2.954,
130,1.300,9.152,-1.852,2.932,
131,1.310,9.083,-1.868,2.959,
132,1.320,9.108,-1.881,2.848,
133,1.330,9.076,-1.793,2.906,
134,1.340,9.043,-1.641,2.864,
135,1.350,9.023,-1.524,2.855,
136,1.360,9.034,-1.484,2.795,
137,1.370,9.015,-1.453,2.753,
138,1.380,9.093,-1.426,2.808,
139,1.390,9.123,-1.448,2.791,
140,1.400,9.209,-1.493,2.797,
141,1.410,9.172,-1.558,2.849,
142,1.420,9.227,-1.728,2.844,
143,1.430,9.239,-1.724,2.918,
144,1.440,9.234,-1.706,2.976,
145,1.450,9.261,-1.680,2.985,
146,1.460,9.304,-1.691,2.881,
147,1.470,9.300,-1.697,2.942,
148,1.480,9.322,-1.703,2.963,
149,1.490,9.219,-1.630,2.910,
150,1.500,9.172,-1.590,2.979,
151,1.510,9.069,-1.573,2.978,
152,1.520,8.985,-1.632,2.952,
153,1.530,8.954,-1.678,2.958,
154,1.540,8.957,-1.615,2.904,
155,1.550,8.972,-1.617,2.905,
156,1.560,8.979,-1.589,2.945,
157,1.570,9.058,-1.503,2.953,
158,1.580,9.061,-1.474,2.825,
159,1.590,9.148,-1.460,2.892,
160,1.600,9.192,-1.449,2.802,
161,1.610,9.202,-1.491,2.827,
162,1.620,9.241,-1.529,2.847,
163,1.630,9.258,-1.522,2.874,
164,1.640,9.207,-1.496,2.894,
165,1.650,9.192,-1.526,2.855,
166,1.660,9.203,-1.540,2.920,
167,1.670,9.143,-1.562,2.825,
168,1.680,9.149,-1.494,2.827,
169,1.690,9.148,-1.460,2.781,
170,1.700,9.124,-1.340,2.818,
171,1.710,9.144,-1.374,2.753,
172,1.720,9.103,-1.377,2.809,
173,1.730,9.054,-1.395,2.825,
174,1.740,9.064,-1.364,2.813,
175,1.750,9.087,-1.393,2.811,
176,1.760,9.117,-1.375,2.857,
177,1.770,9.143,-1.394,2.808,
178,1.780,9.121,-1.418,2.795,
179,1.790,9.154,-1.405,2.811,
180,1.800,9.176,-1.413,2.674,
181,1.810,9.221,-1.405,2.878,
182,1.820,9.191,-1.402,2.811,
183,1.830,9.168,-1.451,2.789,
184,1.840,9.181,-1.433,2.793,
185,1.850,9.175,-1.383,2.797,
186,1.860,9.179,-1.352,2.754,
187,1.870,9.140,-1.346,2.832,
188,1.880,9.133,-1.388,2.881,
189,1.890,9.119,-1.439,2.801,
190,1.900,9.112,-1.453,2.758,
191,1.910,9.072,-1.406,2.750,
192,1.920,9.051,-1.345,2.793,
193,1.930,9.040,-1.419,2.735,
194,1.940,9.069,-1.441,2.745,
195,1.950,9.054,-1.449,2.758,
196,1.960,9.168,-1.423,2.644,
197,1.970,9.229,-1.407,2.636,
198,1.980,9.255,-1.417,2.696,
199,1.990,9.350,-1.398,2.671,
200,2.000,9.370,-1.413,2.659,
201,2.010,9.370,-1.445,2.722,
202,2.020,9.288,-1.420,2.744,
203,2.030,9.194,-1.398,2.758,
204,2.040,9.131,-1.420,2.825,
205,2.050,9.059,-1.427,2.818,
206,2.060,9.023,-1.453,2.905,
207,2.070,9.023,-1.456,2.862,
208,2.080,9.017,-1.475,2.885,
209,2.090,9.024,-1.468,2.842,
210,2.100,9.132,-1.388,2.892,
211,2.110,9.145,-1.364,2.808,
212,2.120,9.192,-1.377,2.812,
213,2.130,9.197,-1.344,2.820,
214,2.140,9.156,-1.381,2.825,
215,2.150,9.188,-1.360,2.793,
216,2.160,9.176,-1.393,2.817,
217,2.170,9.178,-1.450,2.791,
218,2.180,9.190,-1.417,2.784,
219,2.190,9.245,-1.405,2.777,
220,2.200,9.204,-1.407,2.811,
221,2.210,9.170,-1.461,2.843,
222,2.220,9.172,-1.382,2.801,
223,2.230,9.200,-1.417,2.851,
224,2.240,9.111,-1.378,2.876,
225,2.250,9.172,-1.338,2.900,
226,2.260,9.114,-1.333,2.885,
227,2.270,9.127,-1.363,2.886,
228,2.280,9.145,-1.443,2.835,
229,2.290,9.113,-1.396,2.882,
230,2.300,9.126,-1.426,2.857,
231,2.310,9.175,-1.404,2.837,
232,2.320,9.154,-1.369,2.812,
233,2.330,9.118,-1.404,2.872,
234,2.340,9.100,-1.393,2.775,
235,2.350,9.121,-1.398,2.800,
236,2.360,9.150,-1.420,2.763,
237,2.370,9.143,-1.404,2.754,
238,2.380,9.157,-1.460,2.791,
239,2.390,9.209,-1.450,2.746,
240,2.400,9.174,-1.421,2.775,
241,2.410,9.173,-1.404,2.858,
242,2.420,9.150,-1.370,2.839,
243,2.430,9.125,-1.359,2.814,
244,2.440,9.190,-1.325,2.803,
245,2.450,9.186,-1.412,2.835,
246,2.460,9.187,-1.429,2.778,
247,2.470,9.243,-1.445,2.853,
248,2.480,9.217,-1.451,2.808,
249,2.490,9.167,-1.431,2.797,
250,2.500,9.128,-1.400,2.823,
251,2.510,9.127,-1.390,2.821,
252,2.520,9.108,-1.396,2.835,
253,2.530,9.063,-1.351,2.827,
254,2.540,9.084,-1.344,2.779,
255,2.550,9.114,-1.346,2.776,
256,2.560,9.170,-1.405,2.771,
257,2.570,9.154,-1.419,2.806,
258,2.580,9.224,-1.429,2.773,
259,2.590,9.248,-1.436,2.845,
260,2.600,9.172,-1.414,2.802,
261,2.610,9.207,-1.429,2.764,
262,2.620,9.162,-1.417,2.815,
263,2.630,9.164,-1.392,2.812,
264,2.640,9.115,-1.389,2.847,
265,2.650,9.091,-1.399,2.813,
266,2.660,9.134,-1.394,2.862,
267,2.670,9.164,-1.322,2.849,
268,2.680,9.163,-1.405,2.791,
269,2.690,9.202,-1.382,2.826,
270,2.700,9.204,-1.394,2.775,
271,2.710,9.206,-1.405,2.826,
272,2.720,9.180,-1.383,2.762,
273,2.730,9.187,-1.363,2.827,
274,2.740,9.174,-1.378,2.809,
275,2.750,9.157,-1.408,2.773,
276,2.760,9.186,-1.375,2.815,
277,2.770,9.170,-1.359,2.813,
278,2.780,9.152,-1.339,2.800,
279,2.790,9.170,-1.327,2.797,
280,2.800,9.172,-1.314,2.771,
281,2.810,9.134,-1.344,2.818,
282,2.820,9.121,-1.336,2.784,
283,2.830,9.170,-1.369,2.802,
284,2.840,9.167,-1.352,2.770,
285,2.850,9.240,-1.437,2.833,
286,2.860,9.259,-1.389,2.799,
287,2.870,9.249,-1.344,2.843,
288,2.880,9.263,-1.314,2.776,
289,2.890,9.227,-1.392,2.775,
290,2.900,9.193,-1.352,2.824,
291,2.910,9.174,-1.316,2.771,
292,2.920,9.134,-1.302,2.793,
293,2.930,9.154,-1.298,2.796,
294,2.940,9.124,-1.321,2.779,
295,2.950,9.137,-1.321,2.801,
296,2.960,9.114,-1.341,2.795,
297,2.970,9.136,-1.321,2.831,
298,2.980,9.127,-1.342,2.799,
299,2.990,9.166,-1.305,2.794,
300,3.000,9.191,-1.304,2.794,
301,3.010,9.099,-1.303,2.795,
302,3.020,9.172,-1.334,2.858,
303,3.030,9.164,-1.341,2.794,
304,3.040,9.225,-1.339,2.806,
305,3.050,9.186,-1.359,2.817,
306,3.060,9.233,-1.363,2.802,
307,3.070,9.213,-1.319,2.769,
308,3.080,9.182,-1.293,2.769,
309,3.090,9.173,-1.287,2.842,
310,3.100,9.146,-1.253,2.842,
311,3.110,9.138,-1.273,2.868,
312,3.120,9.130,-1.262,2.836,
313,3.130,9.108,-1.329,2.843,
314,3.140,9.063,-1.336,2.872,
315,3.150,9.089,-1.323,2.855,
316,3.160,9.101,-1.341,2.794,
317,3.170,9.138,-1.351,2.894,
318,3.180,9.164,-1.322,2.860,
319,3.190,9.162,-1.309,2.837,
320,3.200,9.223,-1.308,2.867,
321,3.210,9.213,-1.342,2.854,
322,3.220,9.197,-1.363,2.831,
323,3.230,9.204,-1.358,2.803,
324,3.240,9.194,-1.333,2.800,
325,3.250,9.194,-1.370,2.830,
326,3.260,9.169,-1.348,2.825,
327,3.270,9.164,-1.329,2.839,
328,3.280,9.134,-1.328,2.766,
329,3.290,9.166,-1.296,2.823,
330,3.300,9.175,-1.228,2.803,
331,3.310,9.164,-1.243,2.783,
332,3.320,9.143,-1.304,2.817,
333,3.330,9.190,-1.315,2.784,
334,3.340,9.182,-1.336,2.760,
335,3.350,9.198,-1.303,2.745,
336,3.360,9.193,-1.334,2.766,
337,3.370,9.221,-1.319,2.776,
338,3.380,9.227,-1.310,2.777,
339,3.390,9.251,-1.301,2.763,
340,3.400,9.196,-1.295,2.794,
341,3.410,9.190,-1.311,2.845,
342,3.420,9.138,-1.291,2.811,
343,3.430,9.137,-1.267,2.851,
344,3.440,9.132,-1.297,2.696,
345,3.450,9.181,-1.325,2.775,
346,3.460,9.169,-1.265,2.757,
347,3.470,9.173,-1.257,2.716,
348,3.480,9.184,-1.254,2.668,
349,3.490,9.209,-1.310,2.672,
350,3.500,9.215,-1.279,2.677,
351,3.510,9.248,-1.299,2.702,
352,3.520,9.304,-1.254,2.656,
353,3.530,9.225,-1.260,2.753,
354,3.540,9.277,-1.302,2.735,
355,3.550,9.259,-1.260,2.684,
356,3.560,9.252,-1.254,2.672,
357,3.570,9.235,-1.278,2.642,
358,3.580,9.265,-1.302,2.635,
359,3.590,9.242,-1.346,2.706,
360,3.600,9.246,-1.310,2.692,
361,3.610,9.283,-1.299,2.666,
362,3.620,9.246,-1.303,2.683,
363,3.630,9.191,-1.272,2.685,
364,3.640,9.106,-1.265,2.756,
365,3.650,9.076,-1.236,2.742,
366,3.660,9.072,-1.283,2.718,
367,3.670,9.065,-1.265,2.746,
368,3.680,9.113,-1.301,2.703,
369,3.690,9.167,-1.316,2.746,
370,3.700,9.235,-1.310,2.700,
371,3.710,9.281,-1.284,2.672,
372,3.720,9.264,-1.225,2.769,
373,3.730,9.288,-1.266,2.717,
374,3.740,9.265,-1.273,2.698,
375,3.750,9.221,-1.188,2.722,
376,3.760,9.191,-1.218,2.689,
377,3.770,9.207,-1.216,2.657,
378,3.780,9.158,-1.268,2.720,
379,3.790,9.176,-1.273,2.735,
380,3.800,9.133,-1.344,2.733,
381,3.810,9.191,-1.330,2.812,
382,3.820,9.212,-1.332,2.788,
383,3.830,9.221,-1.268,2.762,
384,3.840,9.219,-1.305,2.784,
385,3.850,9.199,-1.292,2.821,
386,3.860,9.187,-1.305,2.817,
387,3.870,9.202,-1.274,2.785,
388,3.880,9.194,-1.241,2.819,
389,3.890,9.161,-1.260,2.789,
390,3.900,9.203,-1.262,2.768,
391,3.910,9.221,-1.295,2.814,
392,3.920,9.218,-1.335,2.699,
393,3.930,9.235,-1.267,2.702,
394,3.940,9.257,-1.322,2.729,
395,3.950,9.260,-1.295,2.702,
396,3.960,9.267,-1.274,2.750,
397,3.970,9.233,-1.296,2.759,
398,3.980,9.196,-1.307,2.728,
399,3.990,9.162,-1.272,2.681,
400,4.000,9.130,-1.253,2.772,
401,4.010,9.191,-1.259,2.779,
402,4.020,9.174,-1.254,2.693,
403,4.030,9.193,-1.290,2.773,
404,4.040,9.173,-1.345,2.694,
405,4.050,9.216,-1.298,2.700,
406,4.060,9.216,-1.307,2.758,
407,4.070,9.197,-1.296,2.775,
408,4.080,9.199,-1.267,2.659,
409,4.090,9.155,-1.274,2.729,
410,4.100,9.133,-1.268,2.734,
411,4.110,9.138,-1.267,2.733,
412,4.120,9.163,-1.272,2.717,
413,4.130,9.182,-1.243,2.672,
414,4.140,9.150,-1.244,2.703,
415,4.150,9.231,-1.281,2.763,
416,4.160,9.269,-1.333,2.728,
417,4.170,9.263,-1.319,2.766,
418,4.180,9.265,-1.292,2.727,
419,4.190,9.277,-1.266,2.673,
420,4.200,9.263,-1.262,2.723,
421,4.210,9.231,-1.267,2.734,
422,4.220,9.185,-1.181,2.745,
423,4.230,9.106,-1.204,2.778,
424,4.240,9.101,-1.169,2.709,
425,4.250,9.076,-1.225,2.678,
426,4.260,9.120,-1.250,2.694,
427,4.270,9.237,-1.253,2.735,
428,4.280,9.261,-1.231,2.723,
429,4.290,9.273,-1.260,2.711,
430,4.300,9.242,-1.223,2.708,
431,4.310,9.251,-1.224,2.702,
432,4.320,9.254,-1.279,2.720,
433,4.330,9.252,-1.272,2.639,
434,4.340,9.255,-1.262,2.692,
435,4.350,9.259,-1.284,2.772,
436,4.360,9.240,-1.319,2.739,
437,4.370,9.212,-1.308,2.721,
438,4.380,9.169,-1.299,2.732,
439,4.390,9.197,-1.266,2.735,
440,4.400,9.162,-1.229,2.689,
441,4.410,9.155,-1.220,2.714,
442,4.420,9.125,-1.229,2.756,
443,4.430,9.128,-1.263,2.718,
444,4.440,9.149,-1.271,2.718,
445,4.450,9.148,-1.238,2.702,
446,4.460,9.202,-1.290,2.732,
447,4.470,9.263,-1.285,2.709,
448,4.480,9.271,-1.289,2.706,
449,4.490,9.292,-1.290,2.711,
450,4.500,9.292,-1.249,2.709,
451,4.510,9.252,-1.284,2.769,
452,4.520,9.206,-1.290,2.712,
453,4.530,9.164,-1.274,2.768,
454,4.540,9.166,-1.290,2.757,
455,4.550,9.152,-1.298,2.709,
456,4.560,9.149,-1.268,2.718,
457,4.570,9.192,-1.279,2.717,
458,4.580,9.203,-1.217,2.729,
459,4.590,9.218,-1.224,2.770,
460,4.600,9.211,-1.214,2.764,
461,4.610,9.231,-1.271,2.735,
462,4.620,9.169,-1.290,2.766,
463,4.630,9.188,-1.293,2.766,
464,4.640,9.230,-1.290,2.746,
465,4.650,9.217,-1.261,2.736,
466,4.660,9.234,-1.286,2.796,
467,4.670,9.200,-1.246,2.795,
468,4.680,9.197,-1.267,2.734,
469,4.690,9.176,-1.257,2.791,
470,4.700,9.154,-1.216,2.777,
471,4.710,9.185,-1.208,2.721,
472,4.720,9.187,-1.230,2.699,
473,4.730,9.191,-1.302,2.687,
474,4.740,9.271,-1.266,2.689,
475,4.750,9.313,-1.280,2.667,
476,4.760,9.328,-1.256,2.650,
477,4.770,9.351,-1.249,2.667,
478,4.780,9.324,-1.202,2.710,
479,4.790,9.259,-1.234,2.750,
480,4.800,9.155,-1.212,2.801,
481,4.810,9.158,-1.251,2.758,
482,4.820,9.091,-1.271,2.770,
483,4.830,9.064,-1.317,2.825,
484,4.840,9.097,-1.311,2.769,
485,4.850,9.125,-1.302,2.781,
486,4.860,9.140,-1.269,2.763,
487,4.870,9.218,-1.242,2.775,
488,4.880,9.175,-1.235,2.777,
489,4.890,9.144,-1.232,2.794,
490,4.900,9.143,-1.277,2.818,
491,4.910,9.149,-1.226,2.770,
492,4.920,9.181,-1.311,2.785,
493,4.930,9.192,-1.309,2.764,
494,4.940,9.209,-1.320,2.789,
495,4.950,9.205,-1.326,2.760,
496,4.960,9.249,-1.330,2.769,
497,4.970,9.221,-1.308,2.729,
498,4.980,9.217,-1.265,2.789,
499,4.990,9.178,-1.242,2.817,
500,5.000,9.176,-1.200,2.841,
501,5.010,9.163,-1.286,2.797,
502,5.020,9.172,-1.261,2.796,
503,5.030,9.146,-1.275,2.778,
504,5.040,9.180,-1.277,2.813,
505,5.050,9.150,-1.289,2.824,
506,5.060,9.179,-1.302,2.842,
507,5.070,9.163,-1.303,2.806,
508,5.080,9.176,-1.308,2.820,
509,5.090,9.185,-1.274,2.811,
510,5.100,9.191,-1.304,2.790,
511,5.110,9.229,-1.303,2.796,
512,5.120,9.192,-1.322,2.811,
513,5.130,9.239,-1.342,2.806,
514,5.140,9.222,-1.296,2.758,
515,5.150,9.166,-1.265,2.826,
516,5.160,9.143,-1.249,2.754,
517,5.170,9.119,-1.257,2.802,
518,5.180,9.071,-1.228,2.860,
519,5.190,9.107,-1.286,2.858,
520,5.200,9.103,-1.327,2.788,
521,5.210,9.125,-1.351,2.769,
522,5.220,9.137,-1.328,2.771,
523,5.230,9.206,-1.274,2.765,
524,5.240,9.200,-1.244,2.733,
525,5.250,9.210,-1.261,2.762,
526,5.260,9.271,-1.268,2.711,
527,5.270,9.264,-1.251,2.728,
528,5.280,9.286,-1.287,2.821,
529,5.290,9.284,-1.302,2.762,
530,5.300,9.254,-1.345,2.764,
531,5.310,9.246,-1.335,2.769,
532,5.320,9.241,-1.362,2.747,
533,5.330,9.200,-1.335,2.791,
534,5.340,9.196,-1.381,2.811,
535,5.350,9.169,-1.342,2.835,
536,5.360,9.152,-1.309,2.801,
537,5.370,9.083,-1.281,2.818,
538,5.380,9.064,-1.274,2.802,
539,5.390,9.063,-1.327,2.844,
540,5.400,9.094,-1.308,2.921,
541,5.410,9.105,-1.344,2.849,
542,5.420,9.154,-1.328,2.876,
543,5.430,9.149,-1.284,2.796,
544,5.440,9.137,-1.240,2.844,
545,5.450,9.160,-1.199,2.835,
546,5.460,9.139,-1.171,2.819,
547,5.470,9.180,-1.244,2.826,
548,5.480,9.156,-1.268,2.820,
549,5.490,9.148,-1.308,2.794,
550,5.500,9.114,-1.311,2.778,
551,5.510,9.117,-1.315,2.830,
552,5.520,9.181,-1.335,2.826,
553,5.530,9.187,-1.326,2.789,
554,5.540,9.233,-1.315,2.775,
555,5.550,9.237,-1.246,2.869,
556,5.560,9.239,-1.214,2.746,
557,5.570,9.221,-1.257,2.784,
558,5.580,9.243,-1.289,2.779,
559,5.590,9.239,-1.368,2.856,
560,5.600,9.243,-1.358,2.782,
561,5.610,9.197,-1.362,2.779,
562,5.620,9.077,-1.356,2.772,
563,5.630,9.096,-1.360,2.790,
564,5.640,9.089,-1.353,2.807,
565,5.650,9.123,-1.278,2.788,
566,5.660,9.115,-1.267,2.841,
567,5.670,9.152,-1.255,2.782,
568,5.680,9.202,-1.328,2.837,
569,5.690,9.221,-1.290,2.794,
570,5.700,9.203,-1.277,2.824,
571,5.710,9.166,-1.310,2.756,
572,5.720,9.199,-1.289,2.820,
573,5.730,9.166,-1.308,2.718,
574,5.740,9.224,-1.286,2.802,
575,5.750,9.228,-1.277,2.799,
576,5.760,9.198,-1.283,2.667,
577,5.770,9.221,-1.279,2.759,
578,5.780,9.196,-1.261,2.789,
579,5.790,9.152,-1.229,2.788,
580,5.800,9.173,-1.198,2.789,
581,5.810,9.105,-1.206,2.765,
582,5.820,9.131,-1.219,2.709,
583,5.830,9.156,-1.255,2.751,
584,5.840,9.188,-1.267,2.805,
585,5.850,9.176,-1.275,2.752,
586,5.860,9.233,-1.286,2.756,
587,5.870,9.247,-1.315,2.726,
588,5.880,9.271,-1.353,2.742,
589,5.890,9.325,-1.363,2.702,
590,5.900,9.260,-1.284,2.692,
591,5.910,9.267,-1.325,2.747,
592,5.920,9.179,-1.313,2.741,
593,5.930,9.139,-1.287,2.801,
594,5.940,9.118,-1.244,2.779,
595,5.950,9.121,-1.214,2.762,
596,5.960,9.093,-1.193,2.795,
597,5.970,9.118,-1.201,2.775,
598,5.980,9.155,-1.224,2.811,
599,5.990,9.173,-1.224,2.793,
600,6.000,9.191,-1.255,2.853,
601,6.010,9.175,-1.338,2.779,
602,6.020,9.236,-1.305,2.821,
603,6.030,9.230,-1.317,2.806,
604,6.040,9.207,-1.347,2.748,
605,6.050,9.216,-1.353,2.753,
606,6.060,9.227,-1.297,2.779,
607,6.070,9.248,-1.292,2.777,
608,6.080,9.191,-1.292,2.773,
609,6.090,9.185,-1.240,2.831,
610,6.100,9.173,-1.249,2.738,
611,6.110,9.176,-1.202,2.740,
612,6.120,9.160,-1.231,2.756,
613,6.130,9.174,-1.237,2.800,
614,6.140,9.179,-1.248,2.758,
615,6.150,9.157,-1.242,2.747,
616,6.160,9.218,-1.303,2.818,
617,6.170,9.181,-1.281,2.758,
618,6.180,9.203,-1.328,2.747,
619,6.190,9.217,-1.262,2.751,
620,6.200,9.205,-1.287,2.747,
621,6.210,9.184,-1.265,2.797,
622,6.220,9.192,-1.274,2.781,
623,6.230,9.205,-1.199,2.744,
624,6.240,9.221,-1.202,2.762,
625,6.250,9.182,-1.212,2.753,
626,6.260,9.216,-1.195,2.793,
627,6.270,9.224,-1.240,2.736,
628,6.280,9.199,-1.219,2.733,
629,6.290,9.209,-1.232,2.661,
630,6.300,9.170,-1.287,2.744,
631,6.310,9.179,-1.257,2.745,
632,6.320,9.182,-1.268,2.753,
633,6.330,9.247,-1.298,2.704,
634,6.340,9.242,-1.390,2.735,
635,6.350,9.216,-1.307,2.710,
636,6.360,9.231,-1.298,2.766,
637,6.370,9.253,-1.273,2.791,
638,6.380,9.205,-1.212,2.837,
639,6.390,9.202,-1.198,2.784,
640,6.400,9.206,-1.195,2.723,
641,6.410,9.205,-1.223,2.763,
642,6.420,9.230,-1.248,2.738,
643,6.430,9.197,-1.289,2.758,
644,6.440,9.175,-1.286,2.663,
645,6.450,9.119,-1.256,2.775,
646,6.460,9.097,-1.256,2.801,
647,6.470,9.139,-1.253,2.826,
648,6.480,9.128,-1.250,2.811,
649,6.490,9.181,-1.257,2.776,
650,6.500,9.182,-1.262,2.802,
651,6.510,9.187,-1.284,2.808,
652,6.520,9.192,-1.244,2.819,
653,6.530,9.196,-1.226,2.838,
654,6.540,9.154,-1.238,2.855,
655,6.550,9.188,-1.237,2.880,
656,6.560,9.185,-1.236,2.882,
657,6.570,9.187,-1.225,2.831,
658,6.580,9.186,-1.240,2.809,
659,6.590,9.199,-1.240,2.848,
660,6.600,9.211,-1.251,2.787,
661,6.610,9.186,-1.231,2.753,
662,6.620,9.224,-1.218,2.764,
663,6.630,9.192,-1.211,2.813,
664,6.640,9.124,-1.189,2.784,
665,6.650,9.155,-1.190,2.845,
666,6.660,9.133,-1.254,2.764,
667,6.670,9.179,-1.240,2.784,
668,6.680,9.194,-1.241,2.794,
669,6.690,9.253,-1.251,2.760,
670,6.700,9.260,-1.277,2.770,
671,6.710,9.204,-1.225,2.740,
672,6.720,9.199,-1.225,2.765,
673,6.730,9.144,-1.190,2.738,
674,6.740,9.134,-1.230,2.788,
675,6.750,9.132,-1.257,2.776,
676,6.760,9.178,-1.211,2.766,
677,6.770,9.155,-1.259,2.733,
678,6.780,9.215,-1.242,2.729,
679,6.790,9.225,-1.261,2.739,
680,6.800,9.224,-1.235,2.778,
681,6.810,9.241,-1.253,2.722,
682,6.820,9.271,-1.286,2.768,
683,6.830,9.240,-1.268,2.714,
684,6.840,9.277,-1.260,2.773,
685,6.850,9.231,-1.274,2.796,
686,6.860,9.188,-1.257,2.756,
687,6.870,9.200,-1.220,2.751,
688,6.880,9.179,-1.271,2.768,
689,6.890,9.163,-1.268,2.820,
690,6.900,9.176,-1.268,2.873,
691,6.910,9.202,-1.237,2.791,
692,6.920,9.140,-1.211,2.788,
693,6.930,9.185,-1.211,2.745,
694,6.940,9.168,-1.207,2.800,
695,6.950,9.143,-1.249,2.811,
696,6.960,9.152,-1.217,2.850,
697,6.970,9.127,-1.212,2.776,
698,6.980,9.109,-1.229,2.838,
699,6.990,9.101,-1.246,2.815,
700,7.000,9.170,-1.290,2.832,
701,7.010,9.192,-1.277,2.842,
702,7.020,9.254,-1.243,2.853,
703,7.030,9.248,-1.246,2.782,
704,7.040,9.204,-1.202,2.809,
705,7.050,9.204,-1.186,2.856,
706,7.060,9.188,-1.187,2.896,
707,7.070,9.140,-1.229,2.866,
708,7.080,9.161,-1.204,2.817,
709,7.090,9.182,-1.268,2.829,
710,7.100,9.202,-1.278,2.844,
711,7.110,9.191,-1.232,2.832,
712,7.120,9.191,-1.261,2.887,
713,7.130,9.106,-1.250,2.847,
714,7.140,9.152,-1.228,2.801,
715,7.150,9.149,-1.222,2.851,
716,7.160,9.163,-1.169,2.829,
717,7.170,9.174,-1.208,2.827,
718,7.180,9.160,-1.256,2.814,
719,7.190,9.163,-1.257,2.805,
720,7.200,9.181,-1.281,2.794,
721,7.210,9.157,-1.226,2.812,
722,7.220,9.204,-1.247,2.830,
723,7.230,9.148,-1.256,2.788,
724,7.240,9.146,-1.249,2.790,
725,7.250,9.179,-1.225,2.764,
726,7.260,9.173,-1.210,2.793,
727,7.270,9.210,-1.211,2.766,
728,7.280,9.210,-1.260,2.817,
729,7.290,9.242,-1.273,2.794,
730,7.300,9.213,-1.281,2.763,
731,7.310,9.215,-1.272,2.796,
732,7.320,9.151,-1.253,2.807,
733,7.330,9.180,-1.211,2.788,
734,7.340,9.186,-1.240,2.776,
735,7.350,9.172,-1.257,2.788,
736,7.360,9.157,-1.261,2.795,
737,7.370,9.132,-1.210,2.766,
738,7.380,9.172,-1.242,2.773,
739,7.390,9.125,-1.202,2.803,
740,7.400,9.151,-1.222,2.813,
741,7.410,9.206,-1.267,2.825,
742,7.420,9.205,-1.260,2.818,
743,7.430,9.193,-1.261,2.733,
744,7.440,9.161,-1.250,2.756,
745,7.450,9.191,-1.241,2.817,
746,7.460,9.253,-1.237,2.779,
747,7.470,9.277,-1.230,2.793,
748,7.480,9.221,-1.219,2.727,
749,7.490,9.178,-1.202,2.768,
750,7.500,9.133,-1.183,2.801,
751,7.510,9.125,-1.208,2.794,
752,7.520,9.142,-1.238,2.841,
753,7.530,9.118,-1.237,2.874,
754,7.540,9.093,-1.226,2.841,
755,7.550,9.115,-1.223,2.814,
756,7.560,9.126,-1.226,2.813,
757,7.570,9.169,-1.242,2.829,
758,7.580,9.161,-1.223,2.837,
759,7.590,9.158,-1.268,2.850,
760,7.600,9.204,-1.260,2.845,
761,7.610,9.234,-1.216,2.879,
762,7.620,9.254,-1.243,2.826,
763,7.630,9.223,-1.261,2.838,
764,7.640,9.205,-1.303,2.833,
765,7.650,9.188,-1.278,2.830,
766,7.660,9.203,-1.257,2.750,
767,7.670,9.197,-1.248,2.842,
768,7.680,9.179,-1.201,2.784,
769,7.690,9.191,-1.182,2.874,
770,7.700,9.181,-1.175,2.850,
771,7.710,9.193,-1.214,2.765,
772,7.720,9.156,-1.228,2.791,
773,7.730,9.157,-1.244,2.814,
774,7.740,9.150,-1.213,2.732,
775,7.750,9.157,-1.250,2.781,
776,7.760,9.182,-1.195,2.758,
777,7.770,9.237,-1.187,2.795,
778,7.780,9.258,-1.176,2.745,
779,7.790,9.271,-1.178,2.752,
780,7.800,9.269,-1.224,2.745,
781,7.810,9.241,-1.194,2.673,
782,7.820,9.207,-1.207,2.750,
783,7.830,9.205,-1.200,2.784,
784,7.840,9.187,-1.193,2.778,
785,7.850,9.148,-1.213,2.759,
786,7.860,9.111,-1.207,2.704,
787,7.870,9.157,-1.189,2.794,
788,7.880,9.139,-1.205,2.778,
789,7.890,9.175,-1.199,2.818,
790,7.900,9.158,-1.225,2.750,
791,7.910,9.212,-1.194,2.729,
792,7.920,9.216,-1.259,2.709,
793,7.930,9.263,-1.236,2.762,
794,7.940,9.242,-1.213,2.721,
795,7.950,9.264,-1.213,2.795,
796,7.960,9.234,-1.226,2.674,
797,7.970,9.251,-1.202,2.756,
798,7.980,9.253,-1.198,2.723,
799,7.990,9.216,-1.204,2.681,
800,8.000,9.212,-1.235,2.746,
801,8.010,9.157,-1.192,2.691,
802,8.020,9.126,-1.171,2.753,
803,8.030,9.105,-1.150,2.748,
804,8.040,9.148,-1.169,2.752,
805,8.050,9.137,-1.176,2.741,
806,8.060,9.192,-1.172,2.726,
807,8.070,9.225,-1.201,2.750,
808,8.080,9.213,-1.158,2.747,
809,8.090,9.239,-1.188,2.757,
810,8.100,9.248,-1.175,2.732,
811,8.110,9.308,-1.186,2.729,
812,8.120,9.285,-1.225,2.740,
813,8.130,9.255,-1.229,2.751,
814,8.140,9.228,-1.218,2.709,
815,8.150,9.241,-1.212,2.669,
816,8.160,9.203,-1.193,2.685,
817,8.170,9.176,-1.159,2.730,
818,8.180,9.167,-1.178,2.711,
819,8.190,9.212,-1.204,2.692,
820,8.200,9.206,-1.236,2.712,
821,8.210,9.193,-1.230,2.736,
822,8.220,9.200,-1.207,2.718,
823,8.230,9.227,-1.206,2.706,
824,8.240,9.275,-1.174,2.699,
825,8.250,9.285,-1.184,2.699,
826,8.260,9.186,-1.187,2.709,
827,8.270,9.246,-1.120,2.669,
828,8.280,9.221,-1.192,2.699,
829,8.290,9.190,-1.152,2.704,
830,8.300,9.188,-1.163,2.733,
831,8.310,9.152,-1.174,2.717,
832,8.320,9.150,-1.163,2.790,
833,8.330,9.199,-1.165,2.716,
834,8.340,9.126,-1.222,2.770,
835,8.350,9.191,-1.192,2.702,
836,8.360,9.207,-1.181,2.672,
837,8.370,9.196,-1.149,2.726,
838,8.380,9.190,-1.119,2.709,
839,8.390,9.254,-1.110,2.683,
840,8.400,9.234,-1.183,2.694,
841,8.410,9.273,-1.217,2.636,
842,8.420,9.272,-1.181,2.648,
843,8.430,9.279,-1.190,2.706,
844,8.440,9.278,-1.192,2.653,
845,8.450,9.278,-1.181,2.702,
846,8.460,9.248,-1.189,2.726,
847,8.470,9.236,-1.199,2.649,
848,8.480,9.237,-1.196,2.691,
849,8.490,9.283,-1.243,2.739,
850,8.500,9.213,-1.184,2.680,
851,8.510,9.179,-1.219,2.724,
852,8.520,9.139,-1.171,2.710,
853,8.530,9.175,-1.177,2.824,
854,8.540,9.158,-1.253,2.766,
855,8.550,9.151,-1.232,2.726,
856,8.560,9.164,-1.207,2.830,
857,8.570,9.192,-1.182,2.753,
858,8.580,9.188,-1.158,2.795,
859,8.590,9.193,-1.147,2.801,
860,8.600,9.167,-1.144,2.772,
861,8.610,9.180,-1.146,2.799,
862,8.620,9.181,-1.125,2.803,
863,8.630,9.186,-1.139,2.738,
864,8.640,9.175,-1.162,2.704,
865,8.650,9.202,-1.183,2.720,
866,8.660,9.219,-1.188,2.744,
867,8.670,9.259,-1.182,2.703,
868,8.680,9.272,-1.208,2.700,
869,8.690,9.273,-1.147,2.746,
870,8.700,9.304,-1.182,2.750,
871,8.710,9.331,-1.206,2.727,
872,8.720,9.257,-1.186,2.728,
873,8.730,9.235,-1.157,2.723,
874,8.740,9.194,-1.151,2.722,
875,8.750,9.227,-1.162,2.698,
876,8.760,9.222,-1.195,2.694,
877,8.770,9.230,-1.190,2.754,
878,8.780,9.251,-1.175,2.750,
879,8.790,9.235,-1.184,2.716,
880,8.800,9.202,-1.177,2.728,
881,8.810,9.170,-1.251,2.742,
882,8.820,9.207,-1.261,2.690,
883,8.830,9.254,-1.255,2.739,
884,8.840,9.239,-1.259,2.751,
885,8.850,9.246,-1.249,2.754,
886,8.860,9.246,-1.232,2.685,
887,8.870,9.240,-1.210,2.709,
888,8.880,9.151,-1.158,2.692,
889,8.890,9.193,-1.107,2.674,
890,8.900,9.142,-1.108,2.712,
891,8.910,9.132,-1.171,2.763,
892,8.920,9.137,-1.194,2.711,
893,8.930,9.140,-1.230,2.693,
894,8.940,9.216,-1.314,2.718,
895,8.950,9.254,-1.313,2.759,
896,8.960,9.252,-1.285,2.729,
897,8.970,9.240,-1.226,2.753,
898,8.980,9.290,-1.230,2.724,
899,8.990,9.273,-1.223,2.694,
900,9.000,9.339,-1.226,2.716,
901,9.010,9.303,-1.246,2.678,
902,9.020,9.319,-1.244,2.665,
903,9.030,9.282,-1.281,2.659,
904,9.040,9.257,-1.327,2.686,
905,9.050,9.260,-1.344,2.697,
906,9.060,9.278,-1.396,2.690,
907,9.070,9.239,-1.439,2.714,
908,9.080,9.205,-1.478,2.702,
909,9.090,9.192,-1.536,2.624,
910,9.100,9.154,-1.480,2.685,
911,9.110,9.103,-1.372,2.666,
912,9.120,9.132,-1.484,2.680,
913,9.130,9.119,-1.559,2.710,
914,9.140,9.139,-1.539,2.754,
915,9.150,9.192,-1.564,2.768,
916,9.160,9.162,-1.609,2.785,
917,9.170,9.164,-1.656,2.818,
918,9.180,9.057,-1.685,2.802,
919,9.190,9.076,-1.723,2.800,
920,9.200,9.070,-1.757,2.717,
921,9.210,9.027,-1.633,2.718,
922,9.220,8.988,-1.658,2.762,
923,9.230,8.994,-1.728,2.674,
924,9.240,8.973,-1.813,2.677,
925,9.250,9.091,-1.775,2.594,
926,9.260,9.168,-1.759,2.615,
927,9.270,9.326,-1.794,2.578,
928,9.280,9.300,-1.876,2.637,
929,9.290,9.312,-1.921,2.724,
930,9.300,9.289,-1.834,2.653,
931,9.310,9.257,-1.797,2.706,
932,9.320,9.184,-1.760,2.685,
933,9.330,9.179,-1.805,2.642,
934,9.340,9.194,-1.801,2.659,
935,9.350,9.265,-1.830,2.722,
936,9.360,9.265,-1.801,2.784,
937,9.370,9.211,-1.747,2.712,
938,9.380,9.213,-1.718,2.836,
939,9.390,9.175,-1.776,2.832,
940,9.400,9.173,-1.731,2.880,
941,9.410,9.133,-1.746,2.996,
942,9.420,9.087,-1.715,3.159,
943,9.430,9.113,-1.602,3.025,
944,9.440,9.048,-1.528,3.028,
945,9.450,9.095,-1.448,2.935,
946,9.460,9.164,-1.414,2.842,
947,9.470,9.185,-1.332,2.937,
948,9.480,9.223,-1.253,2.970,
949,9.490,9.326,-1.242,2.906,
950,9.500,9.428,-1.214,2.880,
951,9.510,9.522,-1.254,2.811,
952,9.520,9.587,-1.230,2.933,
953,9.530,9.673,-1.246,3.103,
954,9.540,9.715,-1.246,3.052,
955,9.550,9.677,-1.372,3.185,
956,9.560,9.606,-1.390,3.273,
957,9.570,9.478,-1.295,3.280,
958,9.580,9.388,-1.164,3.353,
959,9.590,9.254,-0.949,3.355,
960,9.600,9.170,-0.829,3.534,
961,9.610,9.058,-0.841,3.513,
962,9.620,8.979,-0.837,3.500,
963,9.630,8.915,-0.709,3.637,
964,9.640,8.785,-0.616,3.508,
965,9.650,8.757,-0.514,3.702,
966,9.660,8.745,-0.515,3.683,
967,9.670,8.716,-0.485,3.700,
968,9.680,8.754,-0.496,3.658,
969,9.690,8.745,-0.411,3.695,
970,9.700,8.660,-0.227,3.651,
971,9.710,8.550,-0.082,3.753,
972,9.720,8.373,0.091,3.681,
973,9.730,8.340,0.375,3.824,
974,9.740,8.190,0.466,3.755,
975,9.750,8.212,0.561,3.677,
976,9.760,8.194,0.745,3.784,
977,9.770,8.236,0.855,3.759,
978,9.780,8.283,0.913,3.745,
979,9.790,8.423,0.899,3.540,
980,9.800,8.525,0.898,3.529,
981,9.810,8.590,0.911,3.597,
982,9.820,8.629,0.879,3.536,
983,9.830,8.718,0.761,3.608,
984,9.840,8.791,0.683,3.668,
985,9.850,8.860,0.525,3.566,
986,9.860,8.976,0.499,3.544,
987,9.870,9.045,0.536,3.599,
988,9.880,9.102,0.564,3.534,
989,9.890,9.048,0.612,3.512,
990,9.900,8.953,0.743,3.532,
991,9.910,8.900,0.819,3.573,
992,9.920,8.852,0.882,3.678,
993,9.930,8.820,0.840,3.690,
994,9.940,8.774,0.898,3.678,
995,9.950,8.731,0.833,3.712,
996,9.960,8.657,0.831,3.767,
997,9.970,8.537,0.834,3.882,
998,9.980,8.403,0.804,3.902,
999,9.990,8.298,0.825,3.871,
1000,10.000,8.161,0.797,3.906,
1001,10.010,8.088,0.808,3.927,
1002,10.020,7.945,0.886,3.935,
1003,10.030,7.874,0.909,4.008,
1004,10.040,7.927,0.875,3.973,
1005,10.050,7.978,0.836,4.040,
1006,10.060,7.957,0.843,4.109,
1007,10.070,7.937,0.857,4.205,
1008,10.080,7.941,0.798,4.186,
1009,10.090,7.952,0.737,4.255,
1010,10.100,7.971,0.692,4.167,
1011,10.110,8.080,0.717,4.264,
1012,10.120,8.122,0.819,4.210,
1013,10.130,8.221,0.754,4.111,
1014,10.140,8.265,0.701,4.097,
1015,10.150,8.380,0.545,4.310,
1016,10.160,8.414,0.266,4.325,
1017,10.170,8.397,-0.107,4.255,
1018,10.180,8.438,-0.441,4.020,
1019,10.190,8.452,-0.628,4.076,
1020,10.200,8.498,-0.636,4.099,
1021,10.210,8.586,-0.743,4.033,
1022,10.220,8.647,-0.888,4.081,
1023,10.230,8.859,-0.989,4.097,
1024,10.240,9.123,-1.143,4.174,
1025,10.250,9.512,-1.217,4.087,
1026,10.260,9.737,-1.125,4.082,
1027,10.270,9.889,-1.299,3.864,
1028,10.280,10.007,-1.404,3.700,
1029,10.290,10.148,-1.430,3.560,
1030,10.300,10.097,-1.541,3.346,
1031,10.310,10.091,-1.556,3.175,
1032,10.320,9.999,-1.496,3.046,
1033,10.330,9.861,-1.382,3.021,
1034,10.340,9.776,-1.357,3.137,
1035,10.350,9.713,-1.316,3.287,
1036,10.360,9.703,-1.092,3.287,
1037,10.370,9.698,-0.895,3.158,
1038,10.380,9.659,-0.981,3.204,
1039,10.390,9.715,-1.016,3.050,
1040,10.400,9.658,-1.061,3.072,
1041,10.410,9.638,-1.186,3.024,
1042,10.420,9.551,-1.214,2.971,
1043,10.430,9.430,-1.287,2.967,
1044,10.440,9.421,-1.346,2.945,
1045,10.450,9.318,-1.467,2.953,
1046,10.460,9.179,-1.584,2.943,
1047,10.470,9.144,-1.548,2.967,
1048,10.480,9.060,-1.512,3.007,
1049,10.490,9.088,-1.335,3.021,
1050,10.500,9.034,-1.186,2.987,
1051,10.510,8.986,-1.067,2.879,
1052,10.520,8.986,-1.070,2.930,
1053,10.530,8.926,-1.095,3.057,
1054,10.540,8.824,-1.163,3.021,
1055,10.550,8.791,-1.157,3.062,
1056,10.560,8.710,-1.181,3.080,
1057,10.570,8.689,-1.176,3.176,
1058,10.580,8.593,-1.224,3.226,
1059,10.590,8.686,-1.316,3.248,
1060,10.600,8.684,-1.347,3.232,
1061,10.610,8.756,-1.533,3.244,
1062,10.620,8.743,-1.680,3.300,
1063,10.630,8.793,-1.837,3.237,
1064,10.640,8.783,-1.850,3.315,
1065,10.650,8.889,-1.846,3.426,
1066,10.660,8.968,-1.752,3.512,
1067,10.670,9.036,-1.615,3.523,
1068,10.680,9.039,-1.611,3.585,
1069,10.690,8.994,-1.559,3.638,
1070,10.700,8.998,-1.451,3.529,
1071,10.710,9.063,-1.339,3.799,
1072,10.720,9.064,-1.166,3.836,
1073,10.730,9.133,-0.925,3.935,
1074,10.740,9.125,-0.762,3.921,
1075,10.750,9.150,-0.578,3.961,
1076,10.760,9.211,-0.432,3.950,
1077,10.770,9.205,-0.420,4.157,
1078,10.780,9.186,-0.433,4.235,
1079,10.790,9.218,-0.580,4.378,
1080,10.800,9.301,-0.636,4.362,
1081,10.810,9.404,-0.691,4.506,
1082,10.820,9.321,-0.843,4.571,
1083,10.830,9.340,-1.056,4.745,
1084,10.840,9.271,-1.137,4.835,
1085,10.850,9.213,-1.121,4.970,
1086,10.860,9.089,-1.091,5.024,
1087,10.870,8.984,-0.926,5.041,
1088,10.880,8.774,-0.710,4.992,
1089,10.890,8.511,-0.445,5.081,
1090,10.900,8.117,-0.149,5.079,
1091,10.910,7.703,0.290,5.129,
1092,10.920,7.279,0.527,4.880,
1093,10.930,6.784,0.861,4.740,
1094,10.940,6.295,1.148,4.530,
1095,10.950,5.967,1.566,4.443,
1096,10.960,5.670,1.797,4.299,
1097,10.970,5.518,1.794,4.198,
1098,10.980,5.390,1.849,4.023,
1099,10.990,5.440,1.957,3.959,
1100,11.000,5.502,2.000,4.179,
1101,11.010,5.631,1.968,4.258,
1102,11.020,5.840,1.788,4.382,
1103,11.030,6.154,1.611,4.462,
1104,11.040,6.355,1.379,4.525,
1105,11.050,6.569,1.125,4.569,
1106,11.060,6.763,1.028,4.441,
1107,11.070,7.011,0.931,4.543,
1108,11.080,7.079,0.717,4.490,
1109,11.090,7.171,0.517,4.618,
1110,11.100,7.116,0.470,4.520,
1111,11.110,7.182,0.393,4.573,
1112,11.120,7.267,0.074,4.811,
1113,11.130,7.268,-0.181,5.103,
1114,11.140,7.241,-0.198,5.338,
1115,11.150,7.413,-0.478,5.643,
1116,11.160,7.681,-0.722,5.539,
1117,11.170,8.230,-0.933,5.749,
1118,11.180,8.929,-0.947,6.032,
1119,11.190,9.417,-0.967,6.286,
1120,11.200,9.853,-1.012,6.313,
1121,11.210,10.258,-1.041,6.367,
1122,11.220,10.670,-0.956,6.333,
1123,11.230,10.999,-0.854,6.299,
1124,11.240,11.104,-0.721,6.041,
1125,11.250,11.138,-0.672,5.948,
1126,11.260,10.911,-0.604,5.766,
1127,11.270,10.564,-0.445,5.801,
1128,11.280,10.063,-0.293,5.711,
1129,11.290,9.586,-0.197,5.756,
1130,11.300,9.169,-0.104,5.724,
1131,11.310,8.686,-0.086,5.614,
1132,11.320,8.335,0.011,5.529,
1133,11.330,8.039,-0.066,5.522,
1134,11.340,7.855,-0.090,5.414,
1135,11.350,7.721,-0.155,5.347,
1136,11.360,7.632,-0.221,5.285,
1137,11.370,7.586,-0.246,5.176,
1138,11.380,7.536,-0.198,5.105,
1139,11.390,7.590,-0.113,5.018,
1140,11.400,7.548,-0.120,4.959,
1141,11.410,7.485,-0.113,4.810,
1142,11.420,7.372,-0.094,4.804,
1143,11.430,7.308,-0.100,4.694,
1144,11.440,7.247,-0.074,4.691,
1145,11.450,7.235,-0.044,4.719,
1146,11.460,7.390,-0.013,4.786,
1147,11.470,7.423,-0.039,4.878,
1148,11.480,7.584,0.018,5.007,
1149,11.490,7.720,0.087,5.085,
1150,11.500,7.833,0.176,5.242,
1151,11.510,7.864,0.160,5.280,
1152,11.520,8.045,0.081,5.312,
1153,11.530,8.129,-0.026,5.340,
1154,11.540,8.241,-0.131,5.382,
1155,11.550,8.240,-0.130,5.423,
1156,11.560,8.136,-0.101,5.415,
1157,11.570,7.964,-0.081,5.525,
1158,11.580,7.766,-0.026,5.408,
1159,11.590,7.647,-0.017,5.470,
1160,11.600,7.602,-0.004,5.589,
1161,11.610,7.675,-0.011,5.497,
1162,11.620,7.651,-0.037,5.634,
1163,11.630,7.730,-0.090,5.673,
1164,11.640,7.691,-0.062,5.669,
1165,11.650,7.728,-0.119,5.710,
1166,11.660,7.702,-0.101,5.835,
1167,11.670,7.607,0.007,5.816,
1168,11.680,7.550,0.086,5.885,
1169,11.690,7.473,0.157,5.934,
1170,11.700,7.460,0.160,5.895,
1171,11.710,7.386,0.255,5.877,
1172,11.720,7.405,0.209,5.825,
1173,11.730,7.412,0.162,5.826,
1174,11.740,7.372,0.132,5.810,
1175,11.750,7.332,0.114,5.765,
1176,11.760,7.314,0.078,5.789,
1177,11.770,7.242,0.054,5.772,
1178,11.780,7.141,0.080,5.740,
1179,11.790,7.139,0.105,5.949,
1180,11.800,7.195,0.126,5.871,
1181,11.810,7.211,0.102,5.863,
1182,11.820,7.246,0.135,5.846,
1183,11.830,7.346,0.189,5.790,
1184,11.840,7.420,0.154,5.908,
1185,11.850,7.436,0.057,5.797,
1186,11.860,7.442,0.031,5.912,
1187,11.870,7.419,-0.046,5.818,
1188,11.880,7.499,-0.112,5.844,
1189,11.890,7.493,-0.131,5.944,
1190,11.900,7.584,-0.150,5.859,
1191,11.910,7.603,-0.142,5.910,
1192,11.920,7.643,-0.214,5.903,
1193,11.930,7.659,-0.155,5.862,
1194,11.940,7.629,-0.075,5.913,
1195,11.950,7.706,-0.002,5.756,
1196,11.960,7.698,-0.021,5.673,
1197,11.970,7.717,0.034,5.701,
1198,11.980,7.675,-0.020,5.718,
1199,11.990,7.684,-0.002,5.689,
1200,12.000,7.667,0.053,5.680,
1201,12.010,7.618,0.038,5.675,
1202,12.020,7.600,0.010,5.567,
1203,12.030,7.611,-0.111,5.613,
1204,12.040,7.696,-0.161,5.541,
1205,12.050,7.738,-0.156,5.542,
1206,12.060,7.815,-0.149,5.604,
1207,12.070,7.782,-0.159,5.475,
1208,12.080,7.807,-0.186,5.632,
1209,12.090,7.779,-0.197,5.553,
1210,12.100,7.789,-0.241,5.524,
1211,12.110,7.795,-0.252,5.545,
1212,12.120,7.803,-0.344,5.604,
1213,12.130,7.812,-0.230,5.579,
1214,12.140,7.791,-0.224,5.597,
1215,12.150,7.855,-0.192,5.467,
1216,12.160,7.945,-0.166,5.461,
1217,12.170,7.890,-0.167,5.348,
1218,12.180,7.902,-0.196,5.297,
1219,12.190,7.860,-0.265,5.152,
1220,12.200,7.794,-0.321,5.033,
1221,12.210,7.770,-0.318,4.810,
1222,12.220,7.728,-0.317,4.518,
1223,12.230,7.546,-0.350,4.321,
1224,12.240,7.323,-0.282,4.028,
1225,12.250,7.094,-0.233,3.716,
1226,12.260,6.857,-0.159,3.230,
1227,12.270,6.608,-0.084,2.842,
1228,12.280,6.300,0.050,2.272,
1229,12.290,6.040,0.111,1.813,
1230,12.300,5.724,0.116,1.399,
1231,12.310,5.326,0.084,1.014,
1232,12.320,4.908,0.148,0.792,
1233,12.330,4.394,0.085,0.712,
1234,12.340,3.939,-0.058,0.748,
1235,12.350,3.518,-0.397,1.061,
1236,12.360,3.238,-0.634,1.316,
1237,12.370,3.085,-1.064,1.392,
1238,12.380,3.170,-1.692,1.731,
1239,12.390,3.479,-2.432,2.198,
1240,12.400,3.968,-3.078,2.910,
1241,12.410,4.604,-3.520,3.768,
1242,12.420,5.530,-3.942,4.902,
1243,12.430,6.720,-4.724,6.003,
1244,12.440,8.326,-5.355,6.444,
1245,12.450,10.863,-5.551,6.201,
1246,12.460,14.702,-4.896,5.978,
1247,12.470,19.611,-3.604,5.351,
1248,12.480,19.611,-0.939,4.044,
1249,12.490,19.611,-0.297,3.423,
1250,12.500,19.611,-1.473,4.530,
1251,12.510,19.611,-1.399,6.271,
1252,12.520,19.611,-4.353,7.455,
1253,12.530,19.611,-7.433,9.101,
1254,12.540,19.611,-10.305,10.488,
1255,12.550,17.427,-13.084,10.820,
1256,12.560,13.516,-13.509,10.199,
1257,12.570,10.178,-10.510,8.960,
1258,12.580,7.532,-5.935,7.606,
1259,12.590,5.213,-1.927,5.861,
1260,12.600,3.799,1.374,3.615,
1261,12.610,2.657,3.739,2.083,
1262,12.620,1.371,5.735,1.726,
1263,12.630,1.083,5.373,3.012,
1264,12.640,1.824,4.609,3.681,
1265,12.650,2.505,3.570,3.652,
1266,12.660,3.244,3.835,3.711,
1267,12.670,4.182,5.039,2.936,
1268,12.680,4.974,5.789,1.925,
1269,12.690,5.156,5.615,0.862,
1270,12.700,5.498,4.653,0.554,
1271,12.710,6.633,2.158,0.563,
1272,12.720,8.603,-1.315,0.940,
1273,12.730,12.868,-5.463,1.137,
1274,12.740,19.611,-10.670,0.243,
1275,12.750,19.611,-10.464,0.496,
1276,12.760,19.611,-4.518,2.247,
1277,12.770,18.037,-5.007,3.161,
1278,12.780,19.400,-5.852,2.807,
1279,12.790,19.611,-4.365,2.854,
1280,12.800,19.442,-2.954,3.772,
1281,12.810,18.086,-2.757,5.025,
1282,12.820,17.026,-2.648,4.831,
1283,12.830,15.255,-4.109,3.057,
1284,12.840,13.548,-5.976,2.818,
1285,12.850,12.466,-9.655,6.993,
1286,12.860,13.674,-3.661,11.189,
1287,12.870,11.228,6.865,19.611,
1288,12.880,8.093,12.849,19.611,
1289,12.890,8.519,13.250,16.600,
1290,12.900,6.244,12.599,9.975,
1291,12.910,1.956,9.374,3.908,
1292,12.920,-1.273,2.381,1.361,
1293,12.930,-3.929,-4.080,-1.040,
1294,12.940,-5.216,-7.611,-2.349,
1295,12.950,-5.014,-7.484,-2.882,
1296,12.960,-3.325,-4.516,-6.487,
1297,12.970,-3.411,-7.074,-9.426,
1298,12.980,-2.504,-10.489,-11.903,
1299,12.990,-2.370,-8.043,0.630,
1300,13.000,-6.069,-4.240,8.177,
1301,13.010,-7.527,-5.112,4.975,
1302,13.020,-10.873,-1.989,5.016,
1303,13.030,-7.701,-3.355,3.511,
1304,13.040,-0.254,-8.833,4.558,
1305,13.050,-19.611,-5.086,6.033,
1306,13.060,-19.611,19.611,19.611,
1307,13.070,-19.611,13.999,4.307,
1308,13.080,-19.611,19.611,0.303,
1309,13.090,18.705,13.724,-1.856,
1310,13.100,19.200,16.089,13.683,
1311,13.110,18.165,10.328,19.611,
1312,13.120,19.611,-9.823,17.904,
1313,13.130,19.611,-19.611,14.978,
1314,13.140,8.172,-19.611,1.708,
1315,13.150,-3.624,-19.611,4.885,
1316,13.160,-8.581,-10.775,3.553,
1317,13.170,-12.683,1.815,-1.175,
1318,13.180,-13.516,5.554,-3.573,
1319,13.190,-12.058,3.650,-3.090,
1320,13.200,-7.967,1.495,-4.784,
1321,13.210,-5.756,2.228,-8.410,
1322,13.220,-3.432,8.574,-9.526,
1323,13.230,-0.080,7.109,3.799,
1324,13.240,0.583,2.632,12.527,
1325,13.250,0.034,0.645,7.491,
1326,13.260,-1.113,6.879,4.113,
1327,13.270,0.400,15.151,2.556,
1328,13.280,4.634,16.609,5.242,
1329,13.290,19.611,2.619,6.488,
1330,13.300,19.611,19.611,19.611,
1331,13.310,19.611,-16.683,5.656,
1332,13.320,14.066,-19.611,0.674,
1333,13.330,13.289,-19.611,-1.834,
1334,13.340,19.611,-17.951,5.664,
1335,13.350,19.611,-8.132,19.611,
1336,13.360,19.611,2.686,19.545,
1337,13.370,19.611,11.178,19.611,
1338,13.380,18.330,19.611,19.611,
1339,13.390,8.828,19.611,8.176,
1340,13.400,-6.560,19.611,5.492,
1341,13.410,-18.351,6.235,0.615,
1342,13.420,-19.611,-1.566,-3.883,
1343,13.430,-17.057,-4.272,-2.036,
1344,13.440,-9.822,-4.932,-2.823,
1345,13.450,-4.033,-6.253,-3.109,
1346,13.460,-1.126,-8.400,-5.582,
1347,13.470,2.363,-13.331,-12.001,
1348,13.480,3.982,-9.833,-1.572,
1349,13.490,6.106,-3.685,11.781,
1350,13.500,3.763,-6.007,6.770,
1351,13.510,0.925,-7.729,4.217,
1352,13.520,-5.342,-9.738,-0.294,
1353,13.530,-2.393,-16.561,-3.948,
1354,13.540,-19.611,12.761,10.081,
1355,13.550,-19.611,17.541,19.611,
1356,13.560,-19.611,19.611,3.380,
1357,13.570,-19.611,19.611,19.611,
1358,13.580,15.940,13.487,-0.155,
1359,13.590,14.602,13.081,12.982,
1360,13.600,14.035,0.825,19.611,
1361,13.610,19.611,-19.139,19.611,
1362,13.620,14.837,-19.611,19.611,
1363,13.630,0.024,-19.611,5.982,
1364,13.640,-4.847,-19.611,9.952,
1365,13.650,-11.690,3.380,9.042,
1366,13.660,-14.614,13.590,0.876,
1367,13.670,-13.058,10.132,-1.176,
1368,13.680,-8.711,5.292,-1.741,
1369,13.690,-3.981,3.839,-6.365,
1370,13.700,-0.108,6.774,-9.219,
1371,13.710,2.880,7.681,-12.587,
1372,13.720,3.822,3.046,-5.224,
1373,13.730,0.363,-5.431,6.095,
1374,13.740,-4.160,-5.944,7.682,
1375,13.750,-4.765,-4.108,5.724,
1376,13.760,-5.142,2.594,2.131,
1377,13.770,1.739,16.406,3.423,
1378,13.780,19.611,8.340,3.275,
1379,13.790,19.611,19.611,19.611,
1380,13.800,19.611,-12.737,2.572,
1381,13.810,18.117,-19.611,-5.209,
1382,13.820,10.175,-19.611,4.175,
1383,13.830,15.738,-18.618,19.581,
1384,13.840,17.384,0.822,19.611,
1385,13.850,19.611,-5.703,19.611,
1386,13.860,13.951,19.611,19.611,
1387,13.870,4.837,19.611,10.225,
1388,13.880,-5.742,19.611,6.271,
1389,13.890,-12.955,3.043,0.604,
1390,13.900,-18.411,-5.068,-3.088,
1391,13.910,-14.925,-5.326,-2.273,
1392,13.920,-6.594,-4.674,-5.165,
1393,13.930,-2.182,-5.127,-4.653,
1394,13.940,2.173,-7.714,-6.339,
1395,13.950,8.206,-12.193,-14.258,
1396,13.960,14.022,-13.291,-15.052,
1397,13.970,11.162,-0.556,7.098,
1398,13.980,4.093,-1.097,15.510,
1399,13.990,1.029,-3.041,3.781,
1400,14.000,-5.973,-2.104,0.089,
1401,14.010,-4.224,-8.709,-7.165,
1402,14.020,-4.935,-19.611,-1.217,
1403,14.030,-19.611,19.611,10.025,
1404,14.040,-19.611,1.233,19.611,
1405,14.050,16.733,19.611,-18.635,
1406,14.060,7.558,17.832,-14.260,
1407,14.070,3.231,17.235,-19.611,
1408,14.080,15.612,2.952,-19.611,
1409,14.090,19.611,4.733,-19.611,
1410,14.100,3.173,19.611,-19.611,
1411,14.110,2.252,19.611,1.379,
1412,14.120,-2.168,19.611,8.443,
1413,14.130,-10.181,4.593,6.841,
1414,14.140,-12.091,12.648,2.434,
1415,14.150,-9.787,6.230,1.065,
1416,14.160,-6.008,1.064,-2.007,
1417,14.170,-3.586,0.728,-4.451,
1418,14.180,0.120,1.915,-10.436,
1419,14.190,4.837,2.028,-10.975,
1420,14.200,7.064,-4.494,3.123,
1421,14.210,3.389,-6.887,13.586,
1422,14.220,0.479,1.811,4.532,
1423,14.230,2.802,9.644,-3.051,
1424,14.240,1.248,19.611,-2.908,
1425,14.250,7.450,19.611,-1.149,
1426,14.260,19.611,-5.234,-5.690,
1427,14.270,19.611,-19.611,-19.611,
1428,14.280,18.457,-19.611,0.180,
1429,14.290,6.544,-19.611,-8.829,
1430,14.300,4.866,-19.611,1.338,
1431,14.310,12.295,-15.390,19.611,
1432,14.320,14.727,7.711,19.611,
1433,14.330,19.611,-0.586,19.611,
1434,14.340,8.778,19.611,19.611,
1435,14.350,2.914,19.611,13.305,
1436,14.360,-6.187,17.346,5.778,
1437,14.370,-11.959,4.570,0.381,
1438,14.380,-13.285,-4.470,1.280,
1439,14.390,-9.401,-7.034,-0.641,
1440,14.400,-3.696,-3.449,-4.652,
1441,14.410,-0.716,-2.533,-2.107,
1442,14.420,3.141,-6.187,-9.127,
1443,14.430,10.602,-9.611,-16.864,
1444,14.440,17.661,-7.608,-7.727,
1445,14.450,12.609,7.637,15.699,
1446,14.460,2.414,4.123,14.574,
1447,14.470,-0.646,-0.222,1.864,
1448,14.480,-6.500,-2.335,-8.115,
1449,14.490,-4.398,-15.381,-12.148,
1450,14.500,0.771,-14.409,-3.143,
1451,14.510,19.611,19.611,8.109,
1452,14.520,19.611,-15.282,19.611,
1453,14.530,9.006,10.844,-14.098,
1454,14.540,-1.359,19.611,18.262,
1455,14.550,8.496,7.012,19.611,
1456,14.560,13.389,3.483,19.611,
1457,14.570,10.403,19.611,19.611,
1458,14.580,-8.705,19.611,2.728,
1459,14.590,-8.019,-16.468,5.887,
1460,14.600,-10.137,-6.265,3.993,
1461,14.610,-11.299,3.931,2.168,
1462,14.620,-8.327,2.910,3.625,
1463,14.630,-4.057,-2.106,-1.257,
1464,14.640,-0.643,-2.551,-4.525,
1465,14.650,4.124,-0.795,-8.803,
1466,14.660,13.268,-0.262,-11.502,
1467,14.670,17.384,-3.175,-6.406,
1468,14.680,11.999,-12.515,17.102,
1469,14.690,6.992,-6.921,19.611,
1470,14.700,4.544,-1.494,4.051,
1471,14.710,5.824,18.507,-9.688,
1472,14.720,10.983,19.611,-6.553,
1473,14.730,19.611,17.392,-2.076,
1474,14.740,19.611,19.611,-7.804,
1475,14.750,19.611,19.611,-19.360,
1476,14.760,0.813,19.611,-4.843,
1477,14.770,-0.019,-18.691,-3.813,
1478,14.780,6.835,-11.904,-19.611,
1479,14.790,8.504,7.388,-19.611,
1480,14.800,19.611,-4.341,-19.611,
1481,14.810,10.504,19.611,-19.611,
1482,14.820,-2.787,19.611,-19.611,
1483,14.830,-10.156,-1.107,15.878,
1484,14.840,-17.017,-9.752,-0.233,
1485,14.850,-17.167,-3.624,-2.068,
1486,14.860,-12.330,-0.934,2.073,
1487,14.870,-6.050,-3.199,2.395,
1488,14.880,-0.816,-3.318,0.972,
1489,14.890,2.325,-3.004,-1.477,
1490,14.900,9.136,-5.077,-7.431,
1491,14.910,12.801,-6.529,-13.944,
1492,14.920,16.804,-2.830,-1.044,
1493,14.930,12.740,8.905,9.866,
1494,14.940,6.236,4.392,7.607,
1495,14.950,2.690,-2.681,0.737,
1496,14.960,-4.474,-1.278,-2.899,
1497,14.970,9.138,-4.243,-8.031,
1498,14.980,19.611,7.394,-7.968,
1499,14.990,19.611,19.611,-19.611,
1500,15.000,19.611,7.524,-19.611,
1501,15.010,19.611,19.611,-19.611,
1502,15.020,12.186,15.287,12.569,
1503,15.030,4.722,11.035,19.611,
1504,15.040,11.603,-7.559,19.611,
1505,15.050,15.742,-5.094,19.611,
1506,15.060,-15.601,-19.611,8.780,
1507,15.070,-4.749,-19.611,6.116,
1508,15.080,-9.297,-5.126,8.135,
1509,15.090,-9.882,2.440,8.719,
1510,15.100,-7.392,4.248,7.147,
1511,15.110,-3.794,-0.268,1.113,
1512,15.120,-0.823,1.717,-3.280,
1513,15.130,4.255,3.333,-7.269,
1514,15.140,11.135,0.706,-9.031,
1515,15.150,11.663,-5.586,6.872,
1516,15.160,6.940,-11.601,19.611,
1517,15.170,5.273,-4.844,12.648,
1518,15.180,9.930,-2.516,-3.041,
1519,15.190,5.790,19.611,-9.540,
1520,15.200,13.180,19.611,-10.656,
1521,15.210,19.611,-8.290,-4.743,
1522,15.220,19.611,-19.611,-19.611,
1523,15.230,19.611,-19.611,-13.969,
1524,15.240,-5.203,-19.611,-1.991,
1525,15.250,3.086,-19.611,18.300,
1526,15.260,6.367,-5.325,19.611,
1527,15.270,19.611,-19.611,19.611,
1528,15.280,6.422,19.611,19.611,
1529,15.290,-3.164,19.611,19.611,
1530,15.300,-1.172,7.052,8.635,
1531,15.310,-10.883,-0.623,0.535,
1532,15.320,-12.208,0.751,-0.289,
1533,15.330,-8.693,0.466,1.954,
1534,15.340,-3.142,0.727,-1.512,
1535,15.350,-1.488,-0.245,-1.415,
1536,15.360,1.621,-0.296,-4.607,
1537,15.370,9.825,-5.004,-11.300,
1538,15.380,15.816,-6.166,-15.492,
1539,15.390,18.331,-3.330,-2.626,
1540,15.400,12.302,10.275,-19.611,
1541,15.410,6.420,3.682,13.020,
1542,15.420,6.321,0.536,0.257,
1543,15.430,-5.646,-8.033,-7.059,
1544,15.440,8.201,-15.832,-7.118,
1545,15.450,19.611,8.587,0.840,
1546,15.460,19.611,19.611,19.611,
1547,15.470,18.633,3.760,19.611,
1548,15.480,0.297,19.611,-1.710,
1549,15.490,5.438,12.213,-19.611,
1550,15.500,8.973,3.798,-19.611,
1551,15.510,19.027,2.973,-19.611,
1552,15.520,11.096,19.611,14.811,
1553,15.530,-10.712,19.611,-4.665,
1554,15.540,-13.305,-10.040,6.951,
1555,15.550,-13.173,1.211,5.270,
1556,15.560,-10.050,2.558,4.214,
1557,15.570,-5.369,-0.537,6.195,
1558,15.580,-0.059,-2.840,0.231,
1559,15.590,1.707,-1.376,-2.057,
1560,15.600,8.274,2.347,-6.098,
1561,15.610,17.158,0.417,-9.894,
1562,15.620,16.973,-2.481,-11.211,
1563,15.630,9.081,-9.706,10.021,
1564,15.640,4.702,-9.504,19.011,
1565,15.650,4.000,-3.464,8.307,
1566,15.660,3.335,3.136,-5.179,
1567,15.670,1.073,19.611,-7.251,
1568,15.680,12.755,19.611,-4.202,
1569,15.690,19.611,19.611,-2.214,
1570,15.700,19.611,19.611,-19.611,
1571,15.710,6.631,-14.134,-2.984,
1572,15.720,-0.418,-19.611,11.521,
1573,15.730,9.182,-12.098,19.611,
1574,15.740,14.501,-2.658,19.611,
1575,15.750,19.611,-19.611,19.611,
1576,15.760,19.611,19.611,19.611,
1577,15.770,-0.878,10.788,15.513,
1578,15.780,-12.338,-5.983,3.674,
1579,15.790,-15.502,-2.967,-2.717,
1580,15.800,-11.906,0.970,-0.673,
1581,15.810,-4.316,0.262,1.690,
1582,15.820,0.874,-0.979,-0.904,
1583,15.830,3.803,-1.298,-3.752,
1584,15.840,14.526,-5.303,-8.644,
1585,15.850,19.611,-6.200,-12.138,
1586,15.860,19.611,-0.260,9.818,
1587,15.870,12.952,13.602,19.611,
1588,15.880,4.561,5.622,13.293,
1589,15.890,5.856,-0.828,-3.758,
1590,15.900,-1.372,-19.611,-12.046,
1591,15.910,15.304,-19.611,-13.900,
1592,15.920,19.611,6.550,-5.276,
1593,15.930,19.611,19.611,-19.611,
1594,15.940,19.611,13.682,-19.611,
1595,15.950,0.153,19.611,-18.203,
1596,15.960,-1.512,19.611,11.938,
1597,15.970,10.195,8.753,19.611,
1598,15.980,10.570,12.210,19.611,
1599,15.990,16.472,19.611,17.763,
1600,16.000,-6.447,19.611,7.167,
1601,16.010,-5.449,-18.722,9.640,
1602,16.020,-9.446,-5.525,7.252,
1603,16.030,-7.070,-2.735,3.481,
1604,16.040,-5.342,-3.139,6.635,
1605,16.050,-3.877,-6.020,2.222,
1606,16.060,-1.743,-5.202,-2.359,
1607,16.070,0.390,-3.587,-5.970,
1608,16.080,9.142,-0.952,-9.218,
1609,16.090,16.961,-2.341,-15.506,
1610,16.100,13.437,-1.544,-7.742,
1611,16.110,8.476,-10.003,17.220,
1612,16.120,6.661,1.039,17.291,
1613,16.130,4.197,0.729,-1.630,
1614,16.140,4.908,16.623,-18.896,
1615,16.150,11.385,19.611,-8.951,
1616,16.160,19.288,10.343,1.350,
1617,16.170,19.611,19.611,19.611,
1618,16.180,19.611,-16.170,-14.451,
1619,16.190,-7.099,-17.257,13.556,
1620,16.200,6.939,-19.611,19.611,
1621,16.210,10.586,-0.014,19.611,
1622,16.220,19.611,-19.611,19.611,
1623,16.230,19.611,19.611,19.611,
1624,16.240,2.855,10.154,16.581,
1625,16.250,-8.954,-7.925,3.944,
1626,16.260,-13.879,-7.082,-2.312,
1627,16.270,-10.814,-1.364,0.408,
1628,16.280,-4.872,1.432,1.760,
1629,16.290,0.613,-0.204,1.262,
1630,16.300,3.845,-0.172,-3.711,
1631,16.310,13.180,-2.993,-5.710,
1632,16.320,18.469,-3.990,-12.483,
1633,16.330,19.611,-2.037,-16.156,
1634,16.340,17.450,5.260,8.584,
1635,16.350,7.187,13.516,19.611,
1636,16.360,2.516,2.633,10.144,
1637,16.370,-0.149,0.839,-6.770,
1638,16.380,-5.655,-16.776,-11.339,
1639,16.390,14.128,-19.611,-9.753,
1640,16.400,19.611,15.643,0.593,
1641,16.410,19.611,19.611,19.611,
1642,16.420,5.056,6.185,19.611,
1643,16.430,-3.175,19.611,18.690,
1644,16.440,11.732,10.327,19.611,
1645,16.450,7.168,-1.934,19.611,
1646,16.460,11.830,0.954,13.586,
1647,16.470,-18.566,19.611,19.611,
1648,16.480,-6.245,-16.943,3.292,
1649,16.490,-12.179,3.317,7.526,
1650,16.500,-11.079,2.039,3.826,
1651,16.510,-7.426,-2.697,5.988,
1652,16.520,-1.571,-5.071,2.152,
1653,16.530,-0.180,-3.480,-0.323,
1654,16.540,7.134,-1.163,-4.407,
1655,16.550,18.004,-2.565,-9.152,
1656,16.560,19.611,-5.154,-15.284,
1657,16.570,12.613,-5.613,2.746,
1658,16.580,7.284,-13.923,19.611,
1659,16.590,5.982,-1.763,19.611,
1660,16.600,6.744,1.925,-6.722,
1661,16.610,10.434,19.611,-12.831,
1662,16.620,17.382,19.611,-8.471,
1663,16.630,19.611,-15.770,-3.751,
1664,16.640,19.611,-19.611,-19.611,
1665,16.650,5.624,-19.611,-9.499,
1666,16.660,-6.679,-19.611,-3.600,
1667,16.670,6.284,-17.422,-19.611,
1668,16.680,5.042,3.602,-19.611,
1669,16.690,19.611,19.611,-19.611,
1670,16.700,-5.993,19.611,-19.611,
1671,16.710,-1.833,19.611,-19.611,
1672,16.720,-8.849,-10.185,10.530,
1673,16.730,-8.914,-13.286,1.695,
1674,16.740,-10.387,-5.889,-0.179,
1675,16.750,-7.299,-3.841,0.904,
1676,16.760,-2.036,-4.544,-1.442,
1677,16.770,-0.416,-2.194,-1.424,
1678,16.780,4.459,-2.431,-4.934,
1679,16.790,12.545,-3.624,-9.554,
1680,16.800,16.615,-2.173,-12.265,
1681,16.810,17.721,0.706,-8.638,
1682,16.820,11.534,17.412,-19.611,
1683,16.830,4.137,15.206,-19.611,
1684,16.840,3.386,5.989,-0.266,
1685,16.850,-4.965,-0.947,-7.855,
1686,16.860,13.854,-19.611,-9.580,
1687,16.870,19.611,4.545,-8.758,
1688,16.880,19.611,19.611,-19.611,
1689,16.890,12.698,8.805,-19.611,
1690,16.900,1.914,19.611,-2.324,
1691,16.910,7.126,10.712,13.601,
1692,16.920,9.121,6.888,19.611,
1693,16.930,12.420,11.400,19.611,
1694,16.940,9.162,19.611,17.551,
1695,16.950,-1.298,19.611,3.863,
1696,16.960,-6.320,-9.583,13.879,
1697,16.970,-10.525,5.784,11.102,
1698,16.980,-10.308,3.705,4.617,
1699,16.990,-8.474,1.478,5.218,
1700,17.000,-4.895,-0.508,1.913,
1701,17.010,-1.728,-1.740,-3.610,
1702,17.020,-0.022,-0.161,-4.764,
1703,17.030,6.687,1.379,-9.064,
1704,17.040,15.023,0.206,-14.701,
1705,17.050,14.285,-0.968,-10.569,
1706,17.060,9.739,-10.309,-19.611,
1707,17.070,8.767,-2.349,-19.611,
1708,17.080,9.915,-5.139,-2.184,
1709,17.090,8.688,18.608,-17.895,
1710,17.100,7.328,19.611,-5.416,
1711,17.110,19.611,8.839,3.801,
1712,17.120,19.611,19.611,19.611,
1713,17.130,19.412,-13.152,-14.416,
1714,17.140,-17.797,-16.050,-6.620,
1715,17.150,2.405,-19.611,17.708,
1716,17.160,5.646,-2.069,19.611,
1717,17.170,19.611,-13.801,19.611,
1718,17.180,0.122,19.611,19.611,
1719,17.190,-4.831,19.611,16.970,
1720,17.200,-6.652,-7.592,15.853,
1721,17.210,-8.345,-19.611,1.913,
1722,17.220,-9.662,-13.605,-1.295,
1723,17.230,-7.610,-6.338,0.961,
1724,17.240,-0.661,-2.966,-0.056,
1725,17.250,2.748,-1.833,0.539,
1726,17.260,6.931,-3.058,-2.690,
1727,17.270,14.444,-5.858,-6.242,
1728,17.280,17.384,-6.023,-13.826,
1729,17.290,18.535,3.390,0.482,
1730,17.300,17.652,19.611,19.611,
1731,17.310,8.275,19.611,19.611,
1732,17.320,13.295,19.611,-4.694,
1733,17.330,19.611,19.611,-19.611,
1734,17.340,-9.264,19.611,-16.764,
1735,17.350,10.821,-5.707,-5.704,
1736,17.360,18.268,10.789,5.916,
1737,17.370,19.611,19.611,-3.717,
1738,17.380,19.611,19.611,-19.611,
1739,17.390,6.588,19.611,8.818,
1740,17.400,-1.115,9.771,19.611,
1741,17.410,8.064,-12.483,19.611,
1742,17.420,8.097,-13.762,19.611,
1743,17.430,-3.145,-19.611,5.417,
1744,17.440,1.102,-16.941,8.257,
1745,17.450,-7.750,-4.536,6.477,
1746,17.460,-4.981,0.486,2.945,
1747,17.470,-1.806,-3.181,5.115,
1748,17.480,-2.273,-8.252,3.737,
1749,17.490,-3.389,-8.435,0.609,
1750,17.500,-1.353,-5.801,-3.533,
1751,17.510,8.184,-2.562,-7.432,
1752,17.520,11.645,-4.163,-9.330,
1753,17.530,9.591,-7.429,11.734,
1754,17.540,7.875,-11.964,19.611,
1755,17.550,10.304,-3.168,16.506,
1756,17.560,19.611,6.964,-6.251,
1757,17.570,19.611,19.611,-15.331,
1758,17.580,19.611,19.365,-14.394,
1759,17.590,19.611,-11.557,-2.556,
1760,17.600,19.611,-19.611,-19.611,
1761,17.610,16.357,-19.611,-17.743,
1762,17.620,-3.052,-15.107,-10.210,
1763,17.630,-4.919,-15.131,14.806,
1764,17.640,-4.449,2.850,19.611,
1765,17.650,7.679,-0.971,19.611,
1766,17.660,2.432,19.611,19.611,
1767,17.670,-12.885,19.611,19.611,
1768,17.680,-3.759,-16.449,14.813,
1769,17.690,1.016,-19.611,1.454,
1770,17.700,0.026,-12.873,-1.679,
1771,17.710,2.507,-5.755,-0.114,
1772,17.720,5.073,-1.913,0.176,
1773,17.730,6.143,1.117,3.202,
1774,17.740,5.191,0.983,-1.196,
1775,17.750,10.822,-1.560,-6.133,
1776,17.760,14.365,0.733,-8.031,
1777,17.770,16.959,10.260,15.780,
1778,17.780,12.989,17.398,19.611,
1779,17.790,4.782,12.477,14.607,
1780,17.800,6.050,-3.313,-1.076,
1781,17.810,-1.285,-19.611,-11.578,
1782,17.820,-19.611,-19.611,-18.019,
1783,17.830,-19.611,-9.981,-11.376,
1784,17.840,-19.611,19.611,-16.411,
1785,17.850,-19.611,19.611,-19.611,
1786,17.860,-3.563,19.611,-19.262,
1787,17.870,-7.130,9.954,5.560,
1788,17.880,-1.359,7.202,19.611,
1789,17.890,4.685,-7.517,19.611,
1790,17.900,12.134,-13.236,19.611,
1791,17.910,-3.259,-19.611,19.611,
1792,17.920,-6.205,-19.611,0.582,
1793,17.930,-7.551,-1.119,11.918,
1794,17.940,-5.089,4.581,4.701,
1795,17.950,-1.846,0.411,4.622,
1796,17.960,0.356,-2.881,6.772,
1797,17.970,1.333,-4.872,1.876,
1798,17.980,-0.664,-2.644,-2.589,
1799,17.990,1.459,-2.285,-4.365,
1800,18.000,7.138,-0.989,-7.006,
1801,18.010,9.363,-4.307,9.094,
1802,18.020,7.082,-11.922,19.611,
1803,18.030,10.699,-5.890,17.281,
1804,18.040,19.611,2.091,-7.785,
1805,18.050,19.611,19.611,-14.333,
1806,18.060,19.611,13.836,-8.894,
1807,18.070,19.611,-12.572,-2.559,
1808,18.080,19.611,-19.611,-19.611,
1809,18.090,17.523,-19.611,-19.236,
1810,18.100,-0.836,-16.741,-14.670,
1811,18.110,-2.476,-10.263,-4.000,
1812,18.120,-1.492,3.440,-19.611,
1813,18.130,-2.036,14.674,-19.611,
1814,18.140,14.362,3.441,-19.611,
1815,18.150,13.609,19.611,-19.611,
1816,18.160,19.611,19.611,-19.611,
1817,18.170,-16.335,19.611,7.308,
1818,18.180,-2.056,19.611,0.807,
1819,18.190,-0.268,-16.774,1.079,
1820,18.200,0.813,-5.509,1.653,
1821,18.210,0.903,-1.957,1.041,
1822,18.220,1.904,0.862,1.367,
1823,18.230,4.903,1.535,2.137,
1824,18.240,7.188,-1.934,-1.494,
1825,18.250,14.817,-5.113,-3.805,
1826,18.260,19.611,-1.206,-6.152,
1827,18.270,19.611,9.693,13.614,
1828,18.280,12.030,19.611,19.611,
1829,18.290,1.586,19.611,16.533,
1830,18.300,4.436,7.873,1.928,
1831,18.310,5.455,-19.050,-4.340,
1832,18.320,19.611,-19.611,-8.216,
1833,18.330,19.611,-0.229,-17.360,
1834,18.340,19.611,17.753,-19.123,
1835,18.350,12.012,19.611,-13.083,
1836,18.360,4.180,19.611,-17.819,
1837,18.370,2.349,9.545,-6.895,
1838,18.380,1.410,-0.149,7.941,
1839,18.390,-1.797,-10.759,19.303,
1840,18.400,-11.202,-15.078,16.285,
1841,18.410,9.770,-19.611,19.611,
1842,18.420,-3.218,-19.611,10.912,
1843,18.430,-17.529,-17.912,12.150,
1844,18.440,-16.126,4.142,5.904,
1845,18.450,-6.539,9.599,4.188,
1846,18.460,-1.970,9.411,1.989,
1847,18.470,1.401,6.185,1.676,
1848,18.480,2.825,2.748,3.834,
1849,18.490,2.762,0.656,2.942,
1850,18.500,2.785,2.551,0.408,
1851,18.510,7.392,5.877,-1.623,
1852,18.520,15.223,8.105,-1.594,
1853,18.530,19.578,2.079,6.541,
1854,18.540,16.611,-9.400,19.611,
1855,18.550,9.765,-3.467,19.611,
1856,18.560,13.653,-2.324,0.413,
1857,18.570,19.611,19.611,-6.956,
1858,18.580,19.611,10.381,5.935,
1859,18.590,14.592,-13.009,5.164,
1860,18.600,19.611,-19.611,-8.491,
1861,18.610,19.611,-19.611,-19.330,
1862,18.620,5.810,-19.611,-13.610,
1863,18.630,4.096,-19.611,-16.558,
1864,18.640,-0.381,-2.213,-3.319,
1865,18.650,-2.500,9.485,8.897,
1866,18.660,-1.789,16.690,19.417,
1867,18.670,-5.089,19.611,14.229,
1868,18.680,-2.949,19.611,8.407,
1869,18.690,8.556,19.611,18.149,
1870,18.700,-4.281,1.614,19.611,
1871,18.710,-13.477,-18.559,4.214,
1872,18.720,-5.136,-19.611,-0.803,
1873,18.730,3.099,-19.611,-1.889,
1874,18.740,7.876,-9.497,1.198,
1875,18.750,6.867,-3.087,0.391,
1876,18.760,4.598,1.415,4.571,
1877,18.770,3.285,2.937,4.907,
1878,18.780,1.146,0.403,0.565,
1879,18.790,-1.708,1.026,-4.346,
1880,18.800,1.578,2.438,-5.398,
1881,18.810,6.509,5.819,-3.005,
1882,18.820,12.279,12.807,15.688,
1883,18.830,13.380,19.611,19.611,
1884,18.840,12.128,15.627,19.611,
1885,18.850,19.611,-16.658,4.096,
1886,18.860,19.611,-19.611,19.611,
1887,18.870,19.611,3.617,-4.920,
1888,18.880,19.611,19.611,-6.016,
1889,18.890,17.006,19.611,-7.882,
1890,18.900,8.767,19.611,-8.595,
1891,18.910,11.321,19.611,-12.495,
1892,18.920,6.517,3.561,-2.463,
1893,18.930,1.946,-14.052,5.112,
1894,18.940,0.496,-19.611,9.187,
1895,18.950,-6.545,-19.611,9.474,
1896,18.960,-1.983,-19.611,7.770,
1897,18.970,3.587,-19.611,14.526,
1898,18.980,-2.804,-13.100,8.394,
1899,18.990,-10.540,-0.722,6.311,
1900,19.000,-13.167,6.099,2.411,
1901,19.010,-10.832,10.610,4.119,
1902,19.020,-5.188,9.610,4.096,
1903,19.030,1.452,6.086,3.968,
1904,19.040,6.260,3.574,2.453,
1905,19.050,7.025,5.423,4.728,
1906,19.060,5.745,8.395,-0.100,
1907,19.070,4.061,9.095,-0.287,
1908,19.080,5.725,6.031,1.883,
1909,19.090,6.214,2.230,1.286,
1910,19.100,6.695,-4.285,1.921,
1911,19.110,7.189,-10.622,9.094,
1912,19.120,8.167,-19.565,19.611,
1913,19.130,6.351,-11.034,19.611,
1914,19.140,19.611,-2.033,0.169,
1915,19.150,19.611,19.611,19.611,
1916,19.160,19.611,-3.774,0.457,
1917,19.170,19.611,-19.611,0.615,
1918,19.180,19.611,-19.611,-7.255,
1919,19.190,12.426,-19.611,-10.747,
1920,19.200,12.739,-19.611,-13.939,
1921,19.210,8.409,-3.461,-2.804,
1922,19.220,6.178,9.467,6.858,
1923,19.230,1.459,19.134,17.526,
1924,19.240,-2.802,19.611,14.537,
1925,19.250,-3.262,19.611,9.399,
1926,19.260,15.577,18.434,8.926,
1927,19.270,-3.236,9.406,19.611,
1928,19.280,-19.392,-13.448,4.235,
1929,19.290,-19.611,-19.611,-1.662,
1930,19.300,-9.561,-19.611,-4.585,
1931,19.310,1.153,-10.791,1.608,
1932,19.320,3.985,-7.835,2.577,
1933,19.330,5.691,-3.884,4.518,
1934,19.340,6.708,-2.263,4.746,
1935,19.350,5.680,-4.811,2.833,
1936,19.360,4.526,-5.531,0.819,
1937,19.370,4.598,-2.601,1.562,
1938,19.380,4.929,1.802,2.868,
1939,19.390,3.811,5.925,-0.095,
1940,19.400,3.259,11.052,1.497,
1941,19.410,9.038,19.611,19.611,
1942,19.420,5.348,19.611,19.611,
1943,19.430,5.024,11.831,15.160,
1944,19.440,19.611,-18.997,5.759,
1945,19.450,19.611,-19.611,19.611,
1946,19.460,19.611,19.611,-10.524,
1947,19.470,19.611,19.611,-1.032,
1948,19.480,15.159,18.227,-7.521,
1949,19.490,14.274,17.498,-11.470,
1950,19.500,16.473,12.011,-10.223,
1951,19.510,11.473,-1.587,-1.220,
1952,19.520,7.775,-12.282,4.694,
1953,19.530,4.847,-13.343,11.319,
1954,19.540,-1.657,-13.899,16.299,
1955,19.550,-7.668,-19.611,12.839,
1956,19.560,-9.972,-19.611,6.434,
1957,19.570,-13.232,-18.989,7.240,
1958,19.580,-17.172,1.278,6.226,
1959,19.590,-13.011,9.557,6.031,
1960,19.600,-8.444,11.390,6.714,
1961,19.610,-0.805,10.314,1.031,
1962,19.620,4.757,9.515,-1.023,
1963,19.630,6.609,8.089,-1.218,
1964,19.640,8.110,7.584,1.618,
1965,19.650,6.794,7.848,0.644,
1966,19.660,6.665,7.163,2.374,
1967,19.670,8.465,3.166,3.093,
1968,19.680,7.242,-1.420,2.647,
1969,19.690,4.777,-7.877,2.436,
1970,19.700,4.234,-16.107,9.243,
1971,19.710,5.989,-19.611,19.611,
1972,19.720,3.670,-17.350,19.611,
1973,19.730,15.139,-2.494,4.094,
1974,19.740,19.611,19.611,-8.464,
1975,19.750,19.611,7.819,-10.446,
1976,19.760,19.611,19.611,2.898,
1977,19.770,19.611,19.611,-5.550,
1978,19.780,14.468,19.611,-8.515,
1979,19.790,10.859,19.611,-9.541,
1980,19.800,9.660,-7.050,-4.189,
1981,19.810,6.748,4.085,0.456,
1982,19.820,3.786,13.069,14.555,
1983,19.830,-2.147,19.127,15.300,
1984,19.840,-5.680,19.611,10.845,
1985,19.850,-1.614,17.308,2.214,
1986,19.860,5.417,19.194,16.088,
1987,19.870,-9.397,-2.821,12.262,
1988,19.880,-17.968,-13.649,1.080,
1989,19.890,-15.829,-18.779,-3.048,
1990,19.900,-3.675,-16.280,-2.920,
1991,19.910,3.621,-9.966,2.721,
1992,19.920,6.626,-7.940,1.256,
1993,19.930,8.188,-5.139,1.707,
1994,19.940,7.475,-2.129,1.851,
1995,19.950,4.984,-3.328,1.829,
1996,19.960,2.124,-3.473,0.865,
1997,19.970,2.578,-1.333,1.305,
1998,19.980,3.385,2.548,1.679,
1999,19.990,5.990,10.780,19.611,
2000,20.000,5.577,19.611,19.611,
2001,20.010,3.218,19.611,19.611,
2002,20.020,19.611,-5.580,6.132,
2003,20.030,19.611,-19.611,-8.975,
2004,20.040,19.611,3.350,-9.202,
2005,20.050,19.611,19.611,-6.125,
2006,20.060,15.412,18.012,-1.866,
2007,20.070,14.170,13.547,-4.230,
2008,20.080,19.611,11.197,-7.944,
2009,20.090,19.611,5.935,-12.402,
2010,20.100,13.122,-6.427,-5.424,
2011,20.110,9.819,-12.697,3.097,
2012,20.120,4.484,-13.066,5.529,
2013,20.130,0.449,-9.025,9.772,
2014,20.140,-2.099,-3.995,7.439,
2015,20.150,-2.372,-13.851,12.370,
2016,20.160,-8.550,-19.611,8.801,
2017,20.170,-11.004,-16.044,5.103,
2018,20.180,-15.992,-2.632,3.992,
2019,20.190,-12.086,3.103,3.417,
2020,20.200,-6.904,3.927,3.455,
2021,20.210,-2.682,5.539,4.812,
2022,20.220,1.005,6.538,2.058,
2023,20.230,3.670,5.767,-2.390,
2024,20.240,4.972,6.245,0.508,
2025,20.250,5.327,6.105,-0.700,
2026,20.260,4.919,5.092,0.798,
2027,20.270,5.438,3.981,3.273,
2028,20.280,5.157,1.745,1.895,
2029,20.290,4.917,-2.842,13.464,
2030,20.300,7.165,-13.753,19.611,
2031,20.310,4.281,-4.774,19.611,
2032,20.320,19.611,-0.220,4.322,
2033,20.330,19.611,19.611,-14.983,
2034,20.340,19.611,-5.165,1.189,
2035,20.350,16.169,-15.147,1.531,
2036,20.360,17.020,-16.836,-0.280,
2037,20.370,15.659,-14.082,-1.807,
2038,20.380,12.552,-16.577,-5.469,
2039,20.390,16.578,-19.517,-8.768,
2040,20.400,11.817,0.547,-5.677,
2041,20.410,7.979,10.965,0.476,
2042,20.420,5.415,16.603,5.549,
2043,20.430,2.566,17.031,10.531,
2044,20.440,-0.567,12.826,9.611,
2045,20.450,-0.354,6.028,6.305,
2046,20.460,-1.040,13.856,4.508,
2047,20.470,-0.572,10.857,8.534,
2048,20.480,-8.996,-0.639,10.531,
2049,20.490,-14.019,-10.552,1.572,
2050,20.500,-13.380,-15.388,-1.095,
2051,20.510,-5.226,-13.449,-1.643,
2052,20.520,1.489,-8.476,2.243,
2053,20.530,4.251,-7.061,-0.166,
2054,20.540,5.008,-4.722,4.465,
2055,20.550,4.660,-1.959,2.624,
2056,20.560,4.289,-2.353,2.094,
2057,20.570,2.321,-2.463,0.733,
2058,20.580,1.574,-2.308,-0.002,
2059,20.590,3.291,0.346,1.677,
2060,20.600,3.581,4.192,3.601,
2061,20.610,6.125,10.361,19.611,
2062,20.620,5.579,16.228,19.611,
2063,20.630,8.772,11.653,19.611,
2064,20.640,19.611,-14.394,8.270,
2065,20.650,19.611,-19.611,19.611,
2066,20.660,19.611,10.482,1.725,
2067,20.670,19.611,19.611,-3.495,
2068,20.680,15.673,16.646,0.780,
2069,20.690,10.667,11.936,1.294,
2070,20.700,18.322,6.327,-1.905,
2071,20.710,19.611,2.290,-8.865,
2072,20.720,14.672,-6.099,-6.096,
2073,20.730,10.075,-11.415,-1.398,
2074,20.740,6.483,-10.647,3.216,
2075,20.750,2.102,-8.371,4.302,
2076,20.760,-1.056,-4.568,4.830,
2077,20.770,-1.613,-2.354,2.451,
2078,20.780,-0.713,-3.218,7.419,
2079,20.790,-5.035,-12.276,7.793,
2080,20.800,-10.964,-11.554,5.603,
2081,20.810,-13.313,-6.225,2.115,
2082,20.820,-10.617,0.369,3.768,
2083,20.830,-5.689,3.233,4.664,
2084,20.840,-2.130,5.382,5.085,
2085,20.850,0.056,6.047,3.306,
2086,20.860,2.779,5.679,-1.547,
2087,20.870,4.303,6.727,-1.163,
2088,20.880,5.654,7.206,-1.129,
2089,20.890,6.108,5.862,0.352,
2090,20.900,5.695,4.380,3.171,
2091,20.910,5.187,0.689,2.163,
2092,20.920,3.778,-3.974,3.763,
2093,20.930,4.530,-12.701,18.318,
2094,20.940,4.225,-15.526,19.611,
2095,20.950,3.476,-6.233,19.611,
2096,20.960,19.611,19.611,-4.870,
2097,20.970,19.611,19.611,-16.964,
2098,20.980,19.611,19.611,7.384,
2099,20.990,18.911,19.611,1.804,
2100,21.000,16.137,19.611,-1.268,
2101,21.010,13.006,-16.492,-1.988,
2102,21.020,16.009,-19.611,-6.424,
2103,21.030,17.121,-4.109,-5.487,
2104,21.040,12.982,7.544,-2.838,
2105,21.050,9.687,14.726,1.497,
2106,21.060,6.895,16.829,6.841,
2107,21.070,4.346,12.826,8.801,
2108,21.080,0.517,7.131,6.287,
2109,21.090,0.673,-2.541,2.969,
2110,21.100,-1.930,12.097,4.762,
2111,21.110,-4.657,10.227,6.852,
2112,21.120,-11.925,2.180,9.010,
2113,21.130,-16.120,-4.268,-0.634,
2114,21.140,-12.746,-7.562,-1.831,
2115,21.150,-5.169,-6.958,-2.004,
2116,21.160,0.694,-5.557,3.596,
2117,21.170,3.218,-4.821,4.254,
2118,21.180,3.749,-5.471,3.844,
2119,21.190,3.103,-6.504,2.210,
2120,21.200,2.627,-6.220,0.160,
2121,21.210,2.372,-5.569,-1.378,
2122,21.220,2.856,-5.039,-0.021,
2123,21.230,4.461,-0.116,7.219,
2124,21.240,5.591,6.781,19.443,
2125,21.250,4.411,10.888,19.611,
2126,21.260,4.404,7.129,19.611,
2127,21.270,16.327,2.679,7.957,
2128,21.280,19.611,-19.611,-10.435,
2129,21.290,19.611,0.590,-2.528,
2130,21.300,19.611,19.611,0.401,
2131,21.310,17.759,17.405,1.815,
2132,21.320,14.720,13.674,2.349,
2133,21.330,18.387,8.676,4.551,
2134,21.340,19.611,-1.837,-1.099,
2135,21.350,19.611,-8.571,-7.323,
2136,21.360,14.878,-11.466,-5.932,
2137,21.370,9.294,-11.187,-2.565,
2138,21.380,8.370,-7.804,-0.666,
2139,21.390,6.776,-5.532,1.685,
2140,21.400,2.823,-1.826,3.106,
2141,21.410,0.160,2.102,3.644,
2142,21.420,-2.751,4.067,1.448,
2143,21.430,-3.303,-2.494,6.920,
2144,21.440,-6.621,-8.092,9.024,
2145,21.450,-11.470,-10.855,7.823,
2146,21.460,-13.856,-9.141,1.585,
2147,21.470,-11.125,-2.531,3.875,
2148,21.480,-5.519,1.281,3.905,
2149,21.490,-2.329,3.031,3.165,
2150,21.500,-1.187,4.558,2.218,
2151,21.510,-0.455,4.951,-1.431,
2152,21.520,0.922,5.166,-0.410,
2153,21.530,2.291,6.286,-0.854,
2154,21.540,4.331,6.567,0.940,
2155,21.550,6.247,6.311,5.548,
2156,21.560,8.098,4.478,15.073,
2157,21.570,9.723,-1.236,19.611,
2158,21.580,6.806,10.944,19.611,
2159,21.590,19.611,13.306,-8.267,
2160,21.600,-19.611,8.988,-1.280,
2161,21.610,19.611,-13.714,7.856,
2162,21.620,19.611,-19.611,4.144,
2163,21.630,16.111,-19.603,1.198,
2164,21.640,10.560,-11.057,4.579,
2165,21.650,12.424,-10.349,5.123,
2166,21.660,17.260,-9.100,1.909,
2167,21.670,19.611,-6.158,-1.965,
2168,21.680,17.641,8.244,-4.367,
2169,21.690,14.410,12.602,-3.900,
2170,21.700,10.979,10.009,-1.930,
2171,21.710,8.477,6.955,3.724,
2172,21.720,5.395,0.819,5.638,
2173,21.730,3.773,-5.297,4.175,
2174,21.740,0.063,-5.270,2.258,
2175,21.750,-2.548,-4.878,0.589,
2176,21.760,-5.222,2.086,1.690,
2177,21.770,-5.193,6.049,3.745,
2178,21.780,-8.213,9.348,5.993,
2179,21.790,-9.640,7.047,2.072,
2180,21.800,-8.942,2.436,0.396,
2181,21.810,-5.452,-1.001,-1.201,
2182,21.820,-2.358,-1.250,3.956,
2183,21.830,-0.981,-1.125,4.865,
2184,21.840,0.083,-2.893,1.720,
2185,21.850,1.454,-4.296,1.256,
2186,21.860,2.734,-4.213,0.268,
2187,21.870,3.384,-4.477,-1.599,
2188,21.880,5.402,-2.601,3.818,
2189,21.890,6.949,-0.008,19.611,
2190,21.900,7.522,1.010,19.611,
2191,21.910,6.806,-3.541,19.611,
2192,21.920,19.611,-14.257,1.337,
2193,21.930,19.611,-19.611,-1.807,
2194,21.940,19.611,8.854,6.518,
2195,21.950,19.611,19.611,-0.767,
2196,21.960,13.573,18.352,2.879,
2197,21.970,12.685,11.706,4.482,
2198,21.980,13.518,9.784,7.948,
2199,21.990,18.918,0.450,5.378,
2200,22.000,19.611,-10.566,-1.606,
2201,22.010,19.611,-15.899,-9.257,
2202,22.020,11.707,-12.554,-3.890,
2203,22.030,9.281,-9.719,-0.710,
2204,22.040,9.228,-5.776,-0.241,
2205,22.050,7.590,-2.346,-0.151,
2206,22.060,5.531,0.126,2.047,
2207,22.070,3.554,2.722,2.495,
2208,22.080,0.888,3.834,3.146,
2209,22.090,-2.188,-0.402,4.574,
2210,22.100,-4.432,-7.675,5.942,
2211,22.110,-7.531,-10.630,5.682,
2212,22.120,-10.660,-11.036,3.133,
2213,22.130,-13.041,-6.090,1.687,
2214,22.140,-9.699,-0.308,2.790,
2215,22.150,-5.854,1.276,1.724,
2216,22.160,-3.580,1.486,0.784,
2217,22.170,-2.325,2.739,0.242,
2218,22.180,-0.941,3.279,-0.991,
2219,22.190,-0.217,4.369,-0.355,
2220,22.200,0.851,5.263,-0.121,
2221,22.210,2.697,5.233,0.364,
2222,22.220,4.605,5.263,0.910,
2223,22.230,7.110,4.360,6.608,
2224,22.240,10.000,0.554,19.611,
2225,22.250,9.316,5.914,19.611,
2226,22.260,17.584,19.611,19.611,
2227,22.270,19.611,16.585,19.611,
2228,22.280,19.611,7.601,5.141,
2229,22.290,19.611,-12.677,13.207,
2230,22.300,19.611,19.611,8.633,
2231,22.310,19.611,-19.611,-0.499,
2232,22.320,15.716,-17.393,3.281,
2233,22.330,13.461,-14.057,3.602,
2234,22.340,16.178,-8.982,2.881,
2235,22.350,19.058,-3.464,1.957,
2236,22.360,19.611,7.720,-0.854,
2237,22.370,16.922,13.000,-1.240,
2238,22.380,14.023,10.691,-2.128,
2239,22.390,12.461,6.908,-1.034,
2240,22.400,10.816,3.321,0.095,
2241,22.410,8.815,-0.411,1.420,
2242,22.420,5.376,-2.808,2.715,
2243,22.430,-0.463,-2.279,2.690,
2244,22.440,-5.127,2.325,1.867,
2245,22.450,-7.032,5.595,3.445,
2246,22.460,-10.328,7.983,1.244,
2247,22.470,-12.706,8.335,-1.541,
2248,22.480,-11.183,6.537,0.396,
2249,22.490,-7.196,2.636,3.532,
2250,22.500,-4.383,-2.185,3.918,
2251,22.510,-2.177,-5.818,2.940,
2252,22.520,-0.914,-6.378,1.957,
2253,22.530,-0.574,-5.200,1.465,
2254,22.540,-0.500,-4.688,1.649,
2255,22.550,-0.137,-4.567,0.065,
2256,22.560,1.655,-4.493,-0.247,
2257,22.570,3.602,-3.693,-1.899,
2258,22.580,5.609,-3.047,2.052,
2259,22.590,7.188,1.726,6.083,
2260,22.600,8.735,6.122,19.611,
2261,22.610,7.693,4.036,19.611,
2262,22.620,12.414,-1.684,-19.611,
2263,22.630,19.611,-18.405,1.977,
2264,22.640,19.611,-19.611,-16.448,
2265,22.650,19.611,7.777,8.313,
2266,22.660,19.611,16.173,4.764,
2267,22.670,19.611,16.927,2.359,
2268,22.680,16.215,12.834,3.541,
2269,22.690,17.456,6.652,5.375,
2270,22.700,19.611,-1.560,3.101,
2271,22.710,19.611,-7.202,0.396,
2272,22.720,16.554,-10.818,-0.488,
2273,22.730,12.029,-10.877,-0.727,
2274,22.740,9.714,-8.734,-2.131,
2275,22.750,8.931,-5.861,-1.878,
2276,22.760,7.504,-3.243,-1.083,
2277,22.770,5.425,-1.125,-0.709,
2278,22.780,3.021,0.919,-0.011,
2279,22.790,0.571,1.770,-0.300,
2280,22.800,-1.486,1.401,0.892,
2281,22.810,-3.259,-0.903,3.455,
2282,22.820,-5.032,-2.127,3.948,
2283,22.830,-6.766,-2.159,3.774,
2284,22.840,-7.927,-1.625,3.322,
2285,22.850,-8.865,-0.184,2.595,
2286,22.860,-8.691,0.737,1.292,
2287,22.870,-7.000,1.112,0.901,
2288,22.880,-4.245,0.290,1.983,
2289,22.890,-1.676,-1.232,3.798,
2290,22.900,0.710,-3.149,10.955,
2291,22.910,2.838,-3.368,19.611,
2292,22.920,2.854,0.186,19.611,
2293,22.930,12.338,17.352,8.269,
2294,22.940,19.611,19.611,-16.755,
2295,22.950,19.611,-14.772,3.354,
2296,22.960,11.232,-9.981,5.573,
2297,22.970,16.016,-19.611,7.645,
2298,22.980,19.430,-19.327,5.004,
2299,22.990,19.611,-11.595,7.080,
2300,23.000,19.611,-5.885,6.330,
2301,23.010,19.611,0.218,4.983,
2302,23.020,19.611,6.234,3.325,
2303,23.030,15.590,10.157,2.130,
2304,23.040,11.107,10.785,0.163,
2305,23.050,8.086,9.376,-0.208,
2306,23.060,7.072,5.185,0.162,
2307,23.070,7.123,-0.098,-0.952,
2308,23.080,6.794,-3.381,-1.500,
2309,23.090,6.391,-4.652,-2.561,
2310,23.100,5.494,-3.962,-1.746,
2311,23.110,3.592,-1.461,0.163,
2312,23.120,1.173,0.683,1.952,
2313,23.130,-1.424,2.449,0.548,
2314,23.140,-3.568,3.084,0.593,
2315,23.150,-4.884,3.398,1.342,
2316,23.160,-6.368,3.408,2.371,
2317,23.170,-7.028,3.024,1.150,
2318,23.180,-6.751,1.921,0.168,
2319,23.190,-5.338,1.598,-0.229,
2320,23.200,-3.473,1.202,-0.447,
2321,23.210,-1.711,0.855,0.486,
2322,23.220,-0.121,-0.399,-0.621,
2323,23.230,2.736,-2.203,5.221,
2324,23.240,5.534,-3.131,19.611,
2325,23.250,3.826,-9.925,19.611,
2326,23.260,14.198,-19.611,0.129,
2327,23.270,19.611,-19.611,19.611,
2328,23.280,19.611,5.025,16.698,
2329,23.290,19.611,19.611,3.665,
2330,23.300,19.611,19.611,4.680,
2331,23.310,18.378,12.880,4.993,
2332,23.320,15.297,6.172,5.202,
2333,23.330,18.132,2.217,2.574,
2334,23.340,19.611,-2.743,1.002,
2335,23.350,19.611,-6.001,0.001,
2336,23.360,19.611,-5.579,0.314,
2337,23.370,16.637,-5.246,0.309,
2338,23.380,13.936,-4.531,-0.291,
2339,23.390,12.457,-4.566,-1.277,
2340,23.400,10.342,-3.464,-1.231,
2341,23.410,8.285,-3.355,-1.308,
2342,23.420,6.375,-4.013,-1.299,
2343,23.430,4.561,-4.949,-0.551,
2344,23.440,2.982,-6.260,0.430,
2345,23.450,1.811,-7.470,0.820,
2346,23.460,0.917,-7.737,1.086,
2347,23.470,-0.324,-7.030,1.517,
2348,23.480,-1.382,-5.205,2.096,
2349,23.490,-2.697,-2.664,2.223,
2350,23.500,-3.981,-0.121,1.762,
2351,23.510,-4.805,1.353,1.047,
2352,23.520,-5.585,2.581,0.815,
2353,23.530,-5.442,2.675,0.348,
2354,23.540,-4.510,2.027,-0.566,
2355,23.550,-2.999,0.883,-0.309,
2356,23.560,-0.980,-0.686,0.183,
2357,23.570,1.137,-2.347,3.040,
2358,23.580,3.111,-3.094,3.972,
2359,23.590,4.840,-1.854,7.119,
2360,23.600,6.353,-1.178,9.729,
2361,23.610,7.797,1.301,10.857,
2362,23.620,10.272,3.554,10.964,
2363,23.630,16.818,6.727,11.321,
2364,23.640,19.611,8.541,11.882,
2365,23.650,19.611,6.211,6.106,
2366,23.660,19.611,-6.445,2.090,
2367,23.670,19.611,-7.888,6.009,
2368,23.680,16.028,-6.243,5.979,
2369,23.690,19.191,-7.235,4.582,
2370,23.700,19.611,-7.270,3.537,
2371,23.710,19.611,-6.389,3.318,
2372,23.720,19.611,-4.273,3.520,
2373,23.730,19.611,-1.401,3.427,
2374,23.740,17.250,2.644,3.507,
2375,23.750,15.319,4.862,3.331,
2376,23.760,13.143,5.718,2.994,
2377,23.770,11.410,5.631,2.870,
2378,23.780,10.150,4.581,2.878,
2379,23.790,9.331,2.860,3.070,
2380,23.800,7.830,1.468,2.293,
2381,23.810,5.788,0.554,2.940,
2382,23.820,4.059,0.194,2.970,
2383,23.830,1.956,-0.695,3.516,
2384,23.840,0.006,-1.234,3.680,
2385,23.850,-1.437,-1.860,3.048,
2386,23.860,-2.468,-2.433,2.067,
2387,23.870,-3.889,-2.623,0.991,
2388,23.880,-5.416,-2.092,0.280,
2389,23.890,-6.117,-1.911,-0.166,
2390,23.900,-6.014,-0.868,-0.454,
2391,23.910,-5.270,-0.076,-0.991,
2392,23.920,-4.111,-0.013,-1.632,
2393,23.930,-3.107,0.730,-1.813,
2394,23.940,-2.470,1.569,0.578,
2395,23.950,-0.679,2.182,-1.435,
2396,23.960,1.409,2.101,0.104,
2397,23.970,4.082,2.841,1.222,
2398,23.980,6.209,3.354,5.116,
2399,23.990,7.528,2.969,7.969,
2400,24.000,11.871,1.395,9.067,
2401,24.010,19.160,-2.148,12.303,
2402,24.020,19.611,-13.791,10.179,
2403,24.030,19.611,-19.611,-4.511,
2404,24.040,16.533,-10.957,6.558,
2405,24.050,10.091,-5.903,8.745,
2406,24.060,16.289,-4.048,7.909,
2407,24.070,18.741,-0.765,7.163,
2408,24.080,19.611,0.154,6.315,
2409,24.090,19.611,-0.740,5.215,
2410,24.100,18.250,-1.430,4.161,
2411,24.110,16.011,-1.293,3.380,
2412,24.120,13.580,-0.892,2.970,
2413,24.130,11.697,-0.805,2.600,
2414,24.140,10.330,-0.921,1.855,
2415,24.150,9.172,-1.193,0.968,
2416,24.160,8.288,-1.451,0.243,
2417,24.170,7.472,-1.799,0.243,
2418,24.180,6.389,-2.128,0.174,
2419,24.190,5.092,-2.318,0.132,
2420,24.200,3.931,-2.468,0.316,
2421,24.210,2.789,-2.802,0.650,
2422,24.220,1.703,-3.237,1.038,
2423,24.230,0.758,-3.513,1.019,
2424,24.240,-0.150,-3.403,0.791,
2425,24.250,-1.139,-2.914,0.788,
2426,24.260,-1.874,-2.264,0.627,
2427,24.270,-2.432,-1.599,0.584,
2428,24.280,-2.642,-0.682,0.618,
2429,24.290,-2.226,-0.037,0.911,
2430,24.300,-1.082,-0.217,2.942,
2431,24.310,0.370,-0.275,6.146,
2432,24.320,1.781,0.944,7.941,
2433,24.330,2.832,2.467,8.628,
2434,24.340,4.085,3.795,8.665,
2435,24.350,6.363,4.828,8.632,
2436,24.360,10.826,6.439,7.558,
2437,24.370,19.611,7.973,6.785,
2438,24.380,19.611,1.373,4.378,
2439,24.390,19.611,-8.757,0.796,
2440,24.400,19.611,-13.926,3.871,
2441,24.410,12.384,-8.705,6.803,
2442,24.420,13.852,-6.630,6.471,
2443,24.430,17.240,-3.977,5.795,
2444,24.440,18.574,-0.991,4.849,
2445,24.450,17.807,0.930,4.248,
2446,24.460,15.153,1.981,3.961,
2447,24.470,12.824,2.164,3.708,
2448,24.480,10.676,2.112,3.604,
2449,24.490,8.838,1.770,3.634,
2450,24.500,7.316,1.337,3.643,
2451,24.510,6.360,0.936,3.574,
2452,24.520,5.656,0.994,3.501,
2453,24.530,5.270,0.855,3.027,
2454,24.540,5.004,0.737,2.770,
2455,24.550,5.001,0.317,2.515,
2456,24.560,5.117,-0.391,2.449,
2457,24.570,4.497,-0.087,1.919,
2458,24.580,4.136,-0.503,1.502,
2459,24.590,3.850,-0.460,0.630,
2460,24.600,3.590,-0.369,0.023,
2461,24.610,3.422,-0.390,-0.305,
2462,24.620,3.597,-0.384,-0.485,
2463,24.630,3.907,-0.323,-0.014,
2464,24.640,4.525,-0.616,0.171,
2465,24.650,5.230,-0.502,0.955,
2466,24.660,5.786,-0.587,0.531,
2467,24.670,6.323,-0.586,-0.092,
2468,24.680,7.170,-0.513,0.377,
2469,24.690,8.245,-0.107,0.899,
2470,24.700,9.057,-0.126,0.907,
2471,24.710,9.915,-0.082,0.452,
2472,24.720,10.651,-0.314,-0.060,
2473,24.730,11.217,-1.138,-0.562,
2474,24.740,11.374,-1.860,-2.316,
2475,24.750,11.856,-1.016,-1.834,
2476,24.760,12.246,0.504,0.133,
2477,24.770,12.475,1.892,3.763,
2478,24.780,12.389,2.584,6.871,
2479,24.790,12.170,1.232,10.946,
2480,24.800,12.788,-0.821,12.299,
2481,24.810,13.238,-3.148,9.035,
2482,24.820,14.058,-6.102,6.122,
2483,24.830,14.476,-6.522,5.262,
2484,24.840,14.166,-2.001,6.304,
2485,24.850,12.842,1.617,6.798,
2486,24.860,12.416,4.786,6.013,
2487,24.870,12.581,6.731,5.050,
2488,24.880,12.468,6.995,4.902,
2489,24.890,11.293,5.417,4.988,
2490,24.900,11.209,2.096,4.558,
2491,24.910,11.556,-0.543,4.148,
2492,24.920,11.505,-2.956,3.719,
2493,24.930,11.485,-4.756,3.011,
2494,24.940,10.394,-5.291,2.568,
2495,24.950,9.160,-5.087,2.392,
2496,24.960,8.046,-4.500,2.621,
2497,24.970,6.612,-3.872,2.796,
2498,24.980,5.351,-3.142,2.885,
2499,24.990,4.252,-2.585,2.765,
2500,25.000,4.115,-2.267,2.614,
2501,25.010,4.321,-1.924,2.655,
2502,25.020,4.630,-1.700,2.262,
2503,25.030,4.989,-1.544,1.986,
2504,25.040,5.164,-1.327,2.024,
2505,25.050,5.262,-1.250,1.993,
2506,25.060,5.407,-1.354,1.713,
2507,25.070,5.584,-1.348,1.634,
2508,25.080,5.750,-1.512,1.458,
2509,25.090,5.859,-1.554,1.361,
2510,25.100,6.163,-1.583,1.365,
2511,25.110,6.420,-1.688,1.389,
2512,25.120,6.775,-1.790,1.644,
2513,25.130,6.878,-1.905,1.860,
2514,25.140,6.690,-2.006,1.683,
2515,25.150,6.415,-1.992,0.429,
2516,25.160,6.716,-1.900,0.072,
2517,25.170,7.840,-1.860,0.833,
2518,25.180,9.211,-1.965,1.678,
2519,25.190,10.443,-1.939,1.762,
2520,25.200,11.131,-2.476,1.502,
2521,25.210,12.044,-3.223,1.269,
2522,25.220,13.014,-2.924,1.087,
2523,25.230,13.762,-2.294,-0.533,
2524,25.240,14.124,-2.058,-1.426,
2525,25.250,13.766,-2.291,-0.920,
2526,25.260,13.094,-2.664,0.424,
2527,25.270,12.659,-2.972,3.050,
2528,25.280,12.128,-3.280,5.381,
2529,25.290,11.672,-2.423,8.137,
2530,25.300,11.515,-1.423,12.305,
2531,25.310,11.725,0.327,12.134,
2532,25.320,13.471,2.426,8.300,
2533,25.330,15.331,5.632,6.330,
2534,25.340,11.622,3.289,6.402,
2535,25.350,9.752,-0.971,6.949,
2536,25.360,9.152,-4.298,7.237,
2537,25.370,8.575,-6.220,6.848,
2538,25.380,8.749,-6.770,6.259,
2539,25.390,9.357,-6.476,5.444,
2540,25.400,10.112,-5.076,4.907,
2541,25.410,10.615,-2.828,4.756,
2542,25.420,10.731,-0.453,4.115,
2543,25.430,10.603,1.554,3.429,
2544,25.440,10.643,2.601,2.717,
2545,25.450,9.693,3.191,2.440,
2546,25.460,8.449,3.000,2.368,
2547,25.470,7.291,2.438,2.473,
2548,25.480,6.161,1.834,2.492,
2549,25.490,5.180,1.342,2.469,
2550,25.500,4.558,0.996,2.484,
2551,25.510,4.172,0.722,2.491,
2552,25.520,3.716,0.517,2.532,
2553,25.530,3.965,0.324,2.459,
2554,25.540,4.453,0.000,2.254,
2555,25.550,4.953,-0.161,1.875,
2556,25.560,5.406,-0.071,1.525,
2557,25.570,6.321,-0.555,1.414,
2558,25.580,7.011,-0.694,1.223,
2559,25.590,7.748,-0.983,0.876,
2560,25.600,8.066,-1.066,0.681,
2561,25.610,8.237,-1.022,0.491,
2562,25.620,8.180,-0.865,0.423,
2563,25.630,8.319,-0.588,0.563,
2564,25.640,8.256,-0.145,0.876,
2565,25.650,7.985,0.006,0.772,
2566,25.660,7.472,0.024,0.220,
2567,25.670,7.389,0.136,0.183,
2568,25.680,7.736,-0.007,0.510,
2569,25.690,8.543,-0.428,0.334,
2570,25.700,9.733,-0.928,0.650,
2571,25.710,10.935,-0.989,1.208,
2572,25.720,11.497,-0.809,1.180,
2573,25.730,11.700,-1.096,1.288,
2574,25.740,11.793,-2.025,1.059,
2575,25.750,11.670,-2.973,0.028,
2576,25.760,11.460,-2.921,0.328,
2577,25.770,11.731,-2.209,4.160,
2578,25.780,12.380,-1.845,7.806,
2579,25.790,12.834,-2.103,7.748,
2580,25.800,12.273,-2.008,8.365,
2581,25.810,12.362,-2.358,9.071,
2582,25.820,13.121,-2.119,7.434,
2583,25.830,12.789,-0.519,6.338,
2584,25.840,12.746,0.576,5.893,
2585,25.850,12.918,2.156,6.529,
2586,25.860,12.709,3.537,6.805,
2587,25.870,13.251,3.742,6.339,
2588,25.880,12.777,3.176,6.144,
2589,25.890,12.708,2.030,5.728,
2590,25.900,12.705,0.667,5.348,
2591,25.910,13.026,-0.590,4.524,
2592,25.920,11.896,-1.722,4.140,
2593,25.930,11.768,-3.272,3.180,
2594,25.940,10.291,-3.482,2.961,
2595,25.950,9.058,-3.444,2.465,
2596,25.960,7.607,-3.017,2.599,
2597,25.970,6.621,-2.493,2.467,
2598,25.980,5.461,-2.174,2.499,
2599,25.990,4.337,-1.927,2.390,
2600,26.000,3.476,-1.757,2.278,
2601,26.010,2.904,-1.608,2.024,
2602,26.020,3.282,-1.760,1.854,
2603,26.030,3.761,-1.867,1.794,
2604,26.040,4.045,-2.006,1.655,
2605,26.050,4.528,-2.095,1.653,
2606,26.060,5.023,-2.024,1.582,
2607,26.070,5.667,-1.733,1.124,
2608,26.080,6.320,-1.493,0.847,
2609,26.090,6.709,-1.500,0.712,
2610,26.100,6.861,-1.466,0.651,
2611,26.110,6.933,-1.722,0.740,
2612,26.120,6.689,-1.951,1.098,
2613,26.130,6.366,-1.964,1.367,
2614,26.140,6.247,-1.810,0.847,
2615,26.150,6.487,-1.755,0.904,
2616,26.160,7.034,-1.796,1.198,
2617,26.170,8.042,-1.814,1.542,
2618,26.180,9.015,-1.943,2.203,
2619,26.190,9.808,-2.172,2.401,
2620,26.200,10.585,-2.889,1.622,
2621,26.210,11.700,-2.647,0.954,
2622,26.220,13.135,-1.676,-0.212,
2623,26.230,14.503,-0.325,-0.564,
2624,26.240,15.492,0.017,0.017,
2625,26.250,15.422,-0.592,1.130,
2626,26.260,15.072,-1.423,4.652,
2627,26.270,14.826,-1.186,6.840,
2628,26.280,14.915,-0.290,7.613,
2629,26.290,14.656,-0.209,9.592,
2630,26.300,13.476,-0.645,10.364,
2631,26.310,12.633,-1.424,8.512,
2632,26.320,12.327,-0.282,7.076,
2633,26.330,11.111,-1.219,7.368,
2634,26.340,9.877,-2.408,7.613,
2635,26.350,9.520,-3.352,7.473,
2636,26.360,9.322,-2.714,7.132,
2637,26.370,9.465,-1.870,6.658,
2638,26.380,9.944,-1.669,5.977,
2639,26.390,10.683,-1.538,5.145,
2640,26.400,11.578,-1.064,4.428,
2641,26.410,11.372,0.219,3.698,
2642,26.420,10.907,0.926,3.103,
2643,26.430,10.250,1.104,2.593,
2644,26.440,9.327,0.877,2.395,
2645,26.450,8.031,0.930,2.252,
2646,26.460,6.725,1.004,2.374,
2647,26.470,5.413,1.149,2.177,
2648,26.480,4.191,1.126,2.004,
2649,26.490,3.449,0.840,2.173,
2650,26.500,2.899,0.734,2.094,
2651,26.510,2.849,0.315,1.824,
2652,26.520,2.781,0.350,1.788,
2653,26.530,3.018,-0.009,1.745,
2654,26.540,3.330,0.069,1.549,
2655,26.550,4.221,-0.121,1.544,
2656,26.560,5.164,0.038,1.402,
2657,26.570,6.238,0.066,1.353,
2658,26.580,7.137,0.061,1.160,
2659,26.590,7.840,0.239,0.950,
2660,26.600,8.307,0.399,0.626,
2661,26.610,8.585,0.414,0.573,
2662,26.620,8.903,0.306,0.452,
2663,26.630,9.000,0.306,0.304,
2664,26.640,8.779,0.182,0.145,
2665,26.650,8.335,0.034,-0.364,
2666,26.660,8.208,0.045,-0.262,
2667,26.670,8.567,0.124,0.336,
2668,26.680,9.395,-0.184,0.712,
2669,26.690,10.732,-1.028,0.950,
2670,26.700,11.938,-1.500,1.167,
2671,26.710,12.588,-1.722,1.005,
2672,26.720,12.721,-1.400,1.397,
2673,26.730,12.712,-1.526,0.443,
2674,26.740,12.455,-2.207,-0.886,
2675,26.750,12.042,-2.270,-1.213,
2676,26.760,12.354,-1.269,0.634,
2677,26.770,12.605,-0.351,3.186,
2678,26.780,12.624,-0.238,4.343,
2679,26.790,12.284,0.207,6.021,
2680,26.800,12.390,0.016,9.091,
2681,26.810,12.424,-0.420,10.543,
2682,26.820,12.107,-1.532,9.862,
2683,26.830,12.449,-3.104,7.835,
2684,26.840,12.639,-4.710,4.946,
2685,26.850,12.262,-3.229,4.170,
2686,26.860,11.573,-0.708,5.266,
2687,26.870,10.761,1.204,5.960,
2688,26.880,10.497,2.168,5.797,
2689,26.890,10.665,2.929,5.675,
2690,26.900,11.540,2.870,5.369,
2691,26.910,12.105,1.732,4.604,
2692,26.920,13.082,0.293,3.772,
2693,26.930,12.304,-0.667,3.269,
2694,26.940,11.131,-2.245,2.849,
2695,26.950,9.472,-2.973,2.654,
2696,26.960,8.508,-3.113,2.498,
2697,26.970,7.681,-3.051,2.285,
2698,26.980,6.312,-2.324,2.490,
2699,26.990,5.540,-2.021,2.252,
2700,27.000,4.543,-1.845,2.200,
2701,27.010,3.775,-1.818,2.163,
2702,27.020,3.623,-1.907,2.023,
2703,27.030,3.678,-2.039,1.963,
2704,27.040,3.894,-1.991,1.853,
2705,27.050,4.017,-1.928,1.846,
2706,27.060,4.433,-1.733,1.810,
2707,27.070,4.628,-1.684,1.805,
2708,27.080,5.090,-1.481,1.592,
2709,27.090,5.615,-1.274,1.290,
2710,27.100,6.254,-1.077,1.113,
2711,27.110,6.793,-0.909,0.977,
2712,27.120,7.248,-1.031,0.877,
2713,27.130,7.333,-1.232,1.172,
2714,27.140,7.256,-1.406,1.371,
2715,27.150,6.992,-1.388,1.403,
2716,27.160,6.633,-1.262,1.306,
2717,27.170,6.572,-1.360,0.989,
2718,27.180,6.962,-1.460,1.524,
2719,27.190,8.000,-1.585,1.751,
2720,27.200,9.492,-1.712,2.107,
2721,27.210,10.378,-1.672,2.206,
2722,27.220,11.135,-1.753,1.572,
2723,27.230,12.058,-1.565,1.069,
2724,27.240,13.003,-0.615,0.138,
2725,27.250,14.121,0.042,-0.714,
2726,27.260,14.941,0.224,-0.459,
2727,27.270,15.011,-0.382,0.898,
2728,27.280,14.523,-0.698,2.168,
2729,27.290,13.913,-1.230,4.477,
2730,27.300,13.626,-0.882,6.488,
2731,27.310,13.218,-0.250,7.748,
2732,27.320,12.495,-0.272,9.658,
2733,27.330,11.630,-0.738,10.187,
2734,27.340,11.021,-0.955,8.403,
2735,27.350,11.319,-0.263,6.995,
2736,27.360,10.522,-0.885,7.218,
2737,27.370,9.533,-2.324,7.688,
2738,27.380,9.241,-3.704,7.242,
2739,27.390,8.889,-3.279,6.854,
2740,27.400,8.887,-2.063,6.529,
2741,27.410,9.960,-1.131,5.978,
2742,27.420,11.289,-0.149,5.061,
2743,27.430,12.183,0.555,4.067,
2744,27.440,12.284,1.378,3.439,
2745,27.450,11.746,1.610,2.904,
2746,27.460,10.843,1.259,2.569,
2747,27.470,9.370,0.995,2.358,
2748,27.480,8.081,0.794,2.212,
2749,27.490,6.721,0.712,2.192,
2750,27.500,5.709,0.661,2.094,
2751,27.510,4.950,0.403,1.949,
2752,27.520,4.331,0.372,1.797,
2753,27.530,3.585,0.649,1.913,
2754,27.540,3.336,0.536,2.024,
2755,27.550,3.704,0.001,1.609,
2756,27.560,4.130,-0.138,1.308,
2757,27.570,4.787,0.075,1.095,
2758,27.580,5.881,-0.089,1.196,
2759,27.590,6.897,-0.266,0.936,
2760,27.600,7.801,-0.490,0.650,
2761,27.610,8.241,-0.502,0.437,
2762,27.620,8.178,-0.375,0.133,
2763,27.630,8.055,-0.278,-0.072,
2764,27.640,8.001,-0.297,-0.186,
2765,27.650,8.008,-0.160,0.057,
2766,27.660,8.136,-0.010,0.351,
2767,27.670,7.998,0.115,0.485,
2768,27.680,7.801,-0.015,-0.117,
2769,27.690,8.123,0.165,-0.373,
2770,27.700,8.820,0.394,0.701,
2771,27.710,9.922,0.074,1.005,
2772,27.720,11.203,-0.982,1.189,
2773,27.730,12.026,-1.621,1.505,
2774,27.740,12.424,-1.788,1.265,
2775,27.750,12.572,-1.601,0.777,
2776,27.760,12.783,-1.849,0.320,
2777,27.770,12.641,-2.499,-0.718,
2778,27.780,12.356,-2.986,-2.496,
2779,27.790,12.593,-2.444,-1.274,
2780,27.800,13.013,-0.599,0.893,
2781,27.810,12.708,0.467,2.310,
2782,27.820,12.479,1.396,2.914,
2783,27.830,12.133,2.214,5.857,
2784,27.840,11.775,1.919,9.309,
2785,27.850,11.712,0.059,10.436,
2786,27.860,11.356,-2.519,10.409,
2787,27.870,10.986,-5.355,8.164,
2788,27.880,12.220,-8.126,4.430,
2789,27.890,11.749,-6.198,3.191,
2790,27.900,10.036,-2.675,4.750,
2791,27.910,9.207,-0.100,5.790,
2792,27.920,9.802,2.278,5.691,
2793,27.930,9.990,4.202,5.227,
2794,27.940,11.937,4.867,4.632,
2795,27.950,13.177,3.319,3.754,
2796,27.960,13.829,1.450,2.953,
2797,27.970,12.169,-0.438,2.994,
2798,27.980,10.604,-2.387,2.656,
2799,27.990,9.537,-3.426,2.405,
2800,28.000,8.433,-3.862,2.162,
2801,28.010,7.414,-3.741,2.074,
2802,28.020,6.579,-3.258,2.011,
2803,28.030,5.723,-2.335,1.940,
2804,28.040,4.650,-2.045,1.851,
2805,28.050,4.087,-1.846,1.837,
2806,28.060,4.099,-1.603,1.683,
2807,28.070,4.051,-1.104,1.717,
2808,28.080,4.140,-1.083,1.743,
2809,28.090,4.568,-1.260,1.711,
2810,28.100,5.050,-1.392,1.620,
2811,28.110,5.373,-1.545,1.439,
2812,28.120,5.885,-1.670,1.165,
2813,28.130,6.422,-1.608,0.925,
2814,28.140,6.760,-1.515,0.733,
2815,28.150,7.084,-1.430,0.746,
2816,28.160,7.400,-1.419,0.838,
2817,28.170,7.492,-1.420,1.063,
2818,28.180,7.416,-1.461,1.520,
2819,28.190,7.017,-1.571,1.654,
2820,28.200,6.438,-1.524,1.661,
2821,28.210,6.379,-1.466,1.468,
2822,28.220,6.651,-1.435,2.030,
2823,28.230,7.352,-1.443,2.416,
2824,28.240,8.271,-1.299,2.456,
2825,28.250,9.249,-1.541,1.960,
2826,28.260,10.492,-2.025,1.591,
2827,28.270,11.772,-1.679,0.472,
2828,28.280,12.990,-0.927,-0.727,
2829,28.290,14.407,-0.212,-2.070,
2830,28.300,14.792,-0.087,-1.152,
2831,28.310,14.089,-1.107,0.578,
2832,28.320,13.470,-2.506,2.917,
2833,28.330,13.346,-2.630,5.624,
2834,28.340,12.991,-1.314,8.309,
2835,28.350,12.754,-0.227,13.330,
2836,28.360,12.772,1.617,13.858,
2837,28.370,13.920,3.197,9.581,
2838,28.380,13.727,4.923,6.651,
2839,28.390,10.019,3.328,7.262,
2840,28.400,8.671,-0.989,8.469,
2841,28.410,8.452,-4.856,8.970,
2842,28.420,9.042,-6.351,8.153,
2843,28.430,10.219,-6.919,7.191,
2844,28.440,11.585,-6.309,6.172,
2845,28.450,12.843,-4.627,5.442,
2846,28.460,13.121,-2.206,4.846,
2847,28.470,12.728,0.624,4.235,
2848,28.480,12.207,2.594,3.420,
2849,28.490,11.111,3.432,2.729,
2850,28.500,9.662,3.242,2.468,
2851,28.510,8.528,2.805,2.430,
2852,28.520,7.235,2.438,2.466,
2853,28.530,5.988,2.030,2.423,
2854,28.540,4.909,1.590,2.327,
2855,28.550,4.064,1.290,2.064,
2856,28.560,3.786,0.989,1.932,
2857,28.570,3.507,0.771,1.828,
2858,28.580,3.809,0.201,1.742,
2859,28.590,3.671,0.048,1.436,
2860,28.600,3.868,0.026,0.943,
2861,28.610,4.665,-0.420,1.154,
2862,28.620,5.417,-0.751,0.873,
2863,28.630,6.093,-1.222,0.616,
2864,28.640,6.688,-1.426,0.168,
2865,28.650,6.886,-1.219,-0.105,
2866,28.660,6.693,-0.886,-0.117,
2867,28.670,6.605,-0.647,0.034,
2868,28.680,6.584,-0.314,0.279,
2869,28.690,6.526,0.055,0.427,
2870,28.700,6.298,0.304,0.275,
2871,28.710,6.331,0.606,0.073,
2872,28.720,6.865,0.844,0.553,
2873,28.730,8.131,0.504,0.664,
2874,28.740,9.586,-0.312,0.761,
2875,28.750,11.043,-0.702,1.586,
2876,28.760,12.236,-0.843,1.730,
2877,28.770,12.957,-1.309,1.392,
2878,28.780,13.589,-2.229,0.650,
2879,28.790,13.571,-3.800,-1.581,
2880,28.800,12.900,-4.309,-2.051,
2881,28.810,12.702,-3.382,-0.150,
2882,28.820,12.884,-2.067,3.112,
2883,28.830,12.574,-0.734,5.355,
2884,28.840,12.018,-0.016,7.016,
2885,28.850,11.672,-0.092,9.695,
2886,28.860,11.363,-0.816,10.169,
2887,28.870,11.608,-2.081,9.691,
2888,28.880,11.748,-2.420,7.839,
2889,28.890,12.844,-2.891,6.038,
2890,28.900,13.281,-1.759,6.041,
2891,28.910,12.292,0.287,6.608,
2892,28.920,11.891,2.022,6.706,
2893,28.930,11.708,3.362,6.600,
2894,28.940,12.518,4.209,6.365,
2895,28.950,13.875,3.185,5.322,
2896,28.960,14.696,1.412,4.258,
2897,28.970,14.195,-0.381,3.458,
2898,28.980,12.648,-2.111,3.246,
2899,28.990,11.360,-3.477,2.626,
2900,29.000,9.873,-3.869,2.217,
2901,29.010,8.390,-3.540,2.011,
2902,29.020,7.202,-2.872,2.070,
2903,29.030,5.777,-2.119,2.017,
2904,29.040,4.684,-1.782,1.925,
2905,29.050,4.021,-1.771,1.739,
2906,29.060,3.322,-1.533,1.633,
2907,29.070,2.942,-1.316,1.501,
2908,29.080,3.277,-1.399,1.415,
2909,29.090,3.356,-1.234,1.515,
2910,29.100,3.652,-1.186,1.430,
2911,29.110,4.129,-1.244,1.369,
2912,29.120,4.601,-1.292,1.156,
2913,29.130,5.022,-1.287,0.789,
2914,29.140,5.632,-1.389,0.462,
2915,29.150,5.970,-1.548,0.393,
2916,29.160,6.199,-1.730,0.466,
2917,29.170,6.531,-1.886,0.680,
2918,29.180,6.744,-1.946,1.238,
2919,29.190,6.854,-1.988,1.642,
2920,29.200,6.579,-1.641,1.544,
2921,29.210,6.611,-1.374,1.250,
2922,29.220,7.113,-1.152,1.345,
2923,29.230,8.104,-0.993,1.854,
2924,29.240,9.281,-0.933,2.266,
2925,29.250,10.264,-0.500,2.580,
2926,29.260,11.207,0.001,2.041,
2927,29.270,12.512,0.126,0.798,
2928,29.280,14.145,0.591,-0.594,
2929,29.290,15.513,0.529,-1.542,
2930,29.300,16.254,0.339,-0.806,
2931,29.310,15.952,-1.764,0.688,
2932,29.320,15.066,-1.994,2.681,
2933,29.330,14.187,-1.955,3.177,
2934,29.340,13.423,-1.462,5.971,
2935,29.350,12.928,-0.850,9.015,
2936,29.360,12.503,-0.332,11.139,
2937,29.370,11.792,-0.405,11.005,
2938,29.380,10.883,-0.545,8.591,
2939,29.390,10.736,0.758,6.734,
2940,29.400,10.128,-0.337,7.156,
2941,29.410,9.592,-2.510,7.747,
2942,29.420,9.562,-4.637,7.787,
2943,29.430,9.321,-4.321,7.211,
2944,29.440,9.945,-3.662,6.848,
2945,29.450,10.968,-2.680,6.287,
2946,29.460,11.788,-1.269,5.561,
2947,29.470,12.881,-0.112,4.623,
2948,29.480,13.036,1.513,3.799,
2949,29.490,12.451,2.188,3.056,
2950,29.500,11.339,1.884,2.605,
2951,29.510,9.744,1.320,2.365,
2952,29.520,8.534,0.932,2.225,
2953,29.530,7.298,1.002,2.167,
2954,29.540,5.959,1.131,2.116,
2955,29.550,4.582,1.165,2.010,
2956,29.560,3.749,1.152,1.829,
2957,29.570,3.373,1.076,1.696,
2958,29.580,2.849,1.118,1.628,
2959,29.590,2.349,1.008,1.543,
2960,29.600,2.951,0.451,1.545,
2961,29.610,3.669,0.202,1.456,
2962,29.620,4.594,0.074,1.169,
2963,29.630,5.427,-0.112,1.162,
2964,29.640,6.277,-0.372,1.112,
2965,29.650,6.945,-0.616,0.649,
2966,29.660,7.369,-0.549,0.308,
2967,29.670,7.547,-0.476,0.160,
2968,29.680,7.615,-0.350,0.366,
2969,29.690,7.679,-0.312,0.554,
2970,29.700,7.389,-0.100,0.749,
2971,29.710,7.068,0.055,0.733,
2972,29.720,6.870,0.203,0.764,
2973,29.730,7.133,0.363,1.116,
2974,29.740,7.803,-0.080,1.147,
2975,29.750,9.071,-0.914,0.973,
2976,29.760,10.533,-1.265,1.635,
2977,29.770,11.839,-1.675,1.572,
2978,29.780,12.654,-2.258,1.177,
2979,29.790,13.445,-3.106,0.667,
2980,29.800,13.815,-4.252,0.177,
2981,29.810,13.756,-4.652,-2.004,
2982,29.820,13.694,-3.702,-2.617,
2983,29.830,13.800,-2.033,-0.846,
2984,29.840,13.601,0.121,2.319,
2985,29.850,13.137,1.184,3.163,
2986,29.860,12.425,1.721,4.212,
2987,29.870,11.805,2.082,7.516,
2988,29.880,11.454,1.081,10.816,
2989,29.890,11.166,-0.421,12.058,
2990,29.900,10.335,-2.426,10.224,
2991,29.910,10.288,-5.191,6.236,
2992,29.920,12.020,-6.487,4.969,
2993,29.930,11.138,-3.318,6.197,
2994,29.940,9.968,-0.333,6.965,
2995,29.950,9.881,2.228,6.999,
2996,29.960,10.580,3.777,6.794,
2997,29.970,11.853,4.360,6.263,
2998,29.980,13.578,2.764,5.284,
2999,29.990,14.155,0.719,4.368,
3000,30.000,14.003,-0.811,3.713,
3001,30.010,12.867,-2.571,3.106,
3002,30.020,10.971,-3.511,2.897,
3003,30.030,9.382,-3.647,2.710,
3004,30.040,8.270,-3.534,2.639,
3005,30.050,6.629,-3.256,2.636,
3006,30.060,5.816,-2.946,2.486,
3007,30.070,4.148,-2.250,2.478,
3008,30.080,3.396,-2.052,2.096,
3009,30.090,3.396,-1.933,1.976,
3010,30.100,3.155,-1.624,1.942,
3011,30.110,3.548,-1.398,1.952,
3012,30.120,3.999,-1.287,1.927,
3013,30.130,4.613,-1.262,1.731,
3014,30.140,5.244,-1.295,1.639,
3015,30.150,5.692,-1.262,1.360,
3016,30.160,5.941,-1.206,1.088,
3017,30.170,6.041,-1.079,0.970,
3018,30.180,6.058,-1.041,0.881,
3019,30.190,6.081,-1.114,0.839,
3020,30.200,6.203,-1.218,1.055,
3021,30.210,6.266,-1.442,1.488,
3022,30.220,6.089,-1.327,1.675,
3023,30.230,6.050,-1.456,1.428,
3024,30.240,6.081,-1.405,1.016,
3025,30.250,6.706,-1.577,1.167,
3026,30.260,7.874,-1.875,1.208,
3027,30.270,9.292,-1.965,1.760,
3028,30.280,10.270,-1.876,1.839,
3029,30.290,10.881,-1.801,1.530,
3030,30.300,11.843,-1.365,0.883,
3031,30.310,12.784,-0.730,-0.179,
3032,30.320,13.800,0.117,-1.255,
3033,30.330,14.788,0.317,-0.908,
3034,30.340,15.221,-0.649,0.500,
3035,30.350,14.977,-1.372,2.349,
3036,30.360,14.509,-1.994,3.986,
3037,30.370,14.138,-1.879,6.160,
3038,30.380,13.842,-1.326,7.776,
3039,30.390,13.225,-0.976,9.692,
3040,30.400,12.031,-0.748,10.361,
3041,30.410,11.173,-0.695,8.513,
3042,30.420,11.129,0.318,6.920,
3043,30.430,10.754,0.097,7.103,
3044,30.440,9.976,-0.928,7.679,
3045,30.450,9.732,-2.276,8.021,
3046,30.460,9.570,-2.830,7.405,
3047,30.470,9.528,-2.530,6.859,
3048,30.480,10.075,-2.118,6.331,
3049,30.490,11.028,-1.606,5.626,
3050,30.500,12.064,-0.841,4.875,
3051,30.510,12.681,0.480,4.073,
3052,30.520,12.155,1.728,3.457,
3053,30.530,11.631,1.915,2.873,
3054,30.540,10.096,1.690,2.623,
3055,30.550,8.446,1.404,2.493,
3056,30.560,6.914,1.305,2.425,
3057,30.570,5.666,1.422,2.317,
3058,30.580,4.800,1.568,2.149,
3059,30.590,4.097,1.664,2.010,
3060,30.600,3.766,1.636,1.887,
3061,30.610,3.743,1.422,1.851,
3062,30.620,3.383,1.317,1.836,
3063,30.630,3.299,1.089,1.617,
3064,30.640,3.899,0.262,1.567,
3065,30.650,4.501,-0.137,1.481,
3066,30.660,5.223,-0.586,1.343,
3067,30.670,6.090,-0.760,0.824,
3068,30.680,6.817,-0.951,0.942,
3069,30.690,7.375,-0.914,0.940,
3070,30.700,7.497,-0.676,0.794,
3071,30.710,7.487,-0.367,0.697,
3072,30.720,7.711,-0.206,0.751,
3073,30.730,8.136,-0.023,0.958,
3074,30.740,8.496,0.156,1.205,
3075,30.750,8.603,0.282,1.007,
3076,30.760,8.277,0.285,0.594,
3077,30.770,8.115,0.339,0.852,
3078,30.780,8.240,-0.190,0.621,
3079,30.790,9.008,-0.975,0.596,
3080,30.800,10.290,-1.698,1.602,
3081,30.810,11.789,-2.229,1.708,
3082,30.820,12.676,-2.647,1.395,
3083,30.830,13.170,-2.616,0.858,
3084,30.840,13.387,-3.426,0.085,
3085,30.850,12.897,-3.567,-0.390,
3086,30.860,12.758,-2.881,-0.381,
3087,30.870,12.909,-1.769,2.412,
3088,30.880,12.897,-0.312,6.483,
3089,30.890,12.905,-0.311,6.936,
3090,30.900,12.435,-0.706,7.520,
3091,30.910,11.953,-0.585,7.898,
3092,30.920,12.117,-0.600,8.792,
3093,30.930,11.812,-0.072,7.631,
3094,30.940,11.691,-0.336,5.932,
3095,30.950,11.772,-0.114,5.596,
3096,30.960,11.424,0.903,6.068,
3097,30.970,10.723,1.411,6.471,
3098,30.980,10.806,1.308,6.149,
3099,30.990,11.096,1.260,5.748,
3100,31.000,11.150,1.758,5.360,
3101,31.010,11.552,1.193,4.459,
3102,31.020,12.246,0.323,3.611,
3103,31.030,11.939,-0.761,3.172,
3104,31.040,11.256,-1.998,2.914,
3105,31.050,10.122,-2.628,2.489,
3106,31.060,9.017,-2.708,2.277,
3107,31.070,8.085,-2.499,2.315,
3108,31.080,7.115,-2.373,2.344,
3109,31.090,5.741,-2.083,2.339,
3110,31.100,4.660,-1.937,2.244,
3111,31.110,3.941,-2.198,2.048,
3112,31.120,3.536,-2.210,1.964,
3113,31.130,3.518,-2.057,1.958,
3114,31.140,3.695,-2.013,1.900,
3115,31.150,3.883,-1.988,1.805,
3116,31.160,4.182,-1.810,1.799,
3117,31.170,4.665,-1.565,1.694,
3118,31.180,5.407,-1.317,1.513,
3119,31.190,6.093,-1.158,1.262,
3120,31.200,6.791,-1.020,1.052,
3121,31.210,7.084,-1.102,0.901,
3122,31.220,7.176,-1.317,1.017,
3123,31.230,7.144,-1.436,1.310,
3124,31.240,6.908,-1.466,1.525,
3125,31.250,6.608,-1.457,1.786,
3126,31.260,6.268,-1.356,1.809,
3127,31.270,6.247,-1.380,1.107,
3128,31.280,6.920,-1.467,1.050,
3129,31.290,8.277,-1.704,1.752,
3130,31.300,9.849,-1.595,2.100,
3131,31.310,10.846,-1.459,1.962,
3132,31.320,11.803,-1.350,1.359,
3133,31.330,12.907,-1.275,0.863,
3134,31.340,13.838,-0.394,0.040,
3135,31.350,14.579,0.285,-1.383,
3136,31.360,14.860,0.281,-1.189,
3137,31.370,14.416,-0.777,0.773,
3138,31.380,13.834,-1.465,2.199,
3139,31.390,13.222,-1.973,4.774,
3140,31.400,12.813,-1.784,6.728,
3141,31.410,12.577,-1.268,8.603,
3142,31.420,12.308,-0.974,11.331,
3143,31.430,11.967,-0.631,10.045,
3144,31.440,12.017,0.008,7.356,
3145,31.450,11.769,1.119,6.858,
3146,31.460,10.378,-0.738,7.235,
3147,31.470,9.905,-2.811,7.795,
3148,31.480,9.447,-4.416,7.453,
3149,31.490,9.132,-4.239,6.865,
3150,31.500,9.574,-3.814,6.290,
3151,31.510,10.832,-3.164,5.707,
3152,31.520,12.022,-1.735,4.868,
3153,31.530,12.292,0.090,4.169,
3154,31.540,12.193,1.642,3.467,
3155,31.550,11.587,2.210,2.959,
3156,31.560,10.560,2.001,2.538,
3157,31.570,9.006,1.460,2.456,
3158,31.580,7.772,1.005,2.331,
3159,31.590,6.696,0.966,2.339,
3160,31.600,5.527,0.887,2.191,
3161,31.610,4.441,0.870,1.992,
3162,31.620,4.023,0.818,1.876,
3163,31.630,3.824,0.836,1.869,
3164,31.640,3.639,0.764,1.883,
3165,31.650,3.911,0.176,1.679,
3166,31.660,3.884,0.437,1.547,
3167,31.670,4.600,0.177,1.450,
3168,31.680,5.279,0.020,1.262,
3169,31.690,6.287,-0.489,1.043,
3170,31.700,6.845,-0.629,0.780,
3171,31.710,7.116,-0.813,0.609,
3172,31.720,7.204,-0.692,0.417,
3173,31.730,7.291,-0.481,0.364,
3174,31.740,7.480,-0.506,0.505,
3175,31.750,7.696,-0.418,0.604,
3176,31.760,7.922,-0.161,0.593,
3177,31.770,7.943,-0.008,0.576,
3178,31.780,7.996,0.168,0.474,
3179,31.790,8.192,0.403,0.614,
3180,31.800,8.789,0.175,1.126,
3181,31.810,9.878,-0.812,0.952,
3182,31.820,11.100,-1.336,1.588,
3183,31.830,11.993,-1.631,1.670,
3184,31.840,12.491,-1.608,1.135,
3185,31.850,12.656,-1.734,0.698,
3186,31.860,12.691,-2.660,-0.111,
3187,31.870,12.450,-3.460,-0.488,
3188,31.880,12.778,-3.298,0.104,
3189,31.890,13.194,-2.287,2.821,
3190,31.900,13.373,-1.408,4.233,
3191,31.910,12.953,-1.164,5.756,
3192,31.920,12.518,-0.384,6.795,
3193,31.930,12.190,-0.180,6.693,
3194,31.940,12.530,-0.070,7.504,
3195,31.950,12.632,-0.184,6.181,
3196,31.960,12.285,0.043,5.395,
3197,31.970,12.350,0.570,5.766,
3198,31.980,11.600,1.229,6.606,
3199,31.990,11.076,1.673,7.193,
3200,32.000,10.185,1.283,6.866,
3201,32.010,10.485,0.688,6.896,
3202,32.020,11.320,0.085,6.542,
3203,32.030,11.926,-0.534,5.621,
3204,32.040,12.004,-1.326,4.655,
3205,32.050,11.739,-1.612,3.913,
3206,32.060,11.372,-1.755,3.530,
3207,32.070,10.331,-1.895,3.118,
3208,32.080,9.008,-1.789,2.910,
3209,32.090,8.091,-1.597,2.759,
3210,32.100,7.050,-1.485,2.592,
3211,32.110,5.995,-1.474,2.504,
3212,32.120,5.475,-1.840,2.315,
3213,32.130,4.650,-2.067,2.265,
3214,32.140,4.059,-2.410,1.973,
3215,32.150,4.032,-2.579,1.784,
3216,32.160,3.863,-2.244,1.784,
3217,32.170,3.747,-2.002,1.695,
3218,32.180,4.166,-1.794,1.677,
3219,32.190,4.428,-1.463,1.679,
3220,32.200,4.971,-1.316,1.503,
3221,32.210,5.602,-1.097,1.417,
3222,32.220,6.100,-0.974,1.254,
3223,32.230,6.298,-0.884,1.113,
3224,32.240,6.422,-0.890,1.094,
3225,32.250,6.610,-1.146,1.252,
3226,32.260,6.673,-1.404,1.565,
3227,32.270,6.891,-1.723,1.904,
3228,32.280,6.845,-1.642,2.119,
3229,32.290,6.725,-1.620,2.047,
3230,32.300,6.761,-1.207,1.587,
3231,32.310,7.297,-1.059,1.962,
3232,32.320,8.647,-0.894,2.216,
3233,32.330,9.788,-0.873,2.768,
3234,32.340,10.554,-0.663,1.962,
3235,32.350,11.696,-0.800,1.354,
3236,32.360,12.897,-0.452,0.740,
3237,32.370,13.876,0.151,-0.505,
3238,32.380,14.679,0.603,-1.450,
3239,32.390,14.941,0.217,-1.269,
3240,32.400,14.596,-1.551,0.977,
3241,32.410,14.021,-2.399,1.958,
3242,32.420,13.556,-2.998,2.848,
3243,32.430,13.068,-3.025,5.079,
3244,32.440,12.419,-2.623,7.200,
3245,32.450,11.782,-1.849,10.130,
3246,32.460,11.211,-0.320,10.923,
3247,32.470,11.354,1.330,8.432,
3248,32.480,12.161,2.588,6.600,
3249,32.490,10.428,1.828,6.439,
3250,32.500,8.681,-0.048,7.065,
3251,32.510,8.164,-2.517,7.526,
3252,32.520,8.118,-3.511,7.314,
3253,32.530,8.444,-3.792,6.634,
3254,32.540,9.848,-3.796,5.869,
3255,32.550,11.286,-3.095,5.099,
3256,32.560,12.250,-2.118,4.501,
3257,32.570,12.356,-0.433,3.887,
3258,32.580,11.602,1.100,3.315,
3259,32.590,10.859,1.586,2.868,
3260,32.600,9.695,1.548,2.577,
3261,32.610,8.355,1.288,2.417,
3262,32.620,7.151,1.208,2.303,
3263,32.630,6.213,1.067,2.217,
3264,32.640,5.341,0.968,2.171,
3265,32.650,4.994,0.905,2.064,
3266,32.660,5.085,0.664,1.955,
3267,32.670,4.604,0.705,1.948,
3268,32.680,4.490,0.456,1.794,
3269,32.690,4.324,0.535,1.859,
3270,32.700,4.770,0.300,1.834,
3271,32.710,5.571,0.036,1.362,
3272,32.720,6.289,-0.386,1.409,
3273,32.730,7.017,-0.719,1.166,
3274,32.740,7.551,-0.998,0.838,
3275,32.750,7.496,-1.017,0.695,
3276,32.760,7.432,-0.874,0.572,
3277,32.770,7.380,-0.884,0.346,
3278,32.780,7.420,-0.805,0.362,
3279,32.790,7.485,-0.582,0.810,
3280,32.800,7.657,-0.305,1.102,
3281,32.810,7.441,-0.144,0.996,
3282,32.820,7.334,0.214,0.746,
3283,32.830,7.503,0.248,1.020,
3284,32.840,8.480,-0.531,0.845,
3285,32.850,9.844,-1.020,1.566,
3286,32.860,11.074,-1.330,1.973,
3287,32.870,11.878,-1.516,1.835,
3288,32.880,12.418,-1.839,1.363,
3289,32.890,12.785,-2.542,0.820,
3290,32.900,12.822,-3.647,0.051,
3291,32.910,12.738,-4.074,-1.849,
3292,32.920,12.930,-3.286,-0.817,
3293,32.930,13.262,-1.536,0.767,
3294,32.940,12.922,-0.057,2.946,
3295,32.950,12.426,0.871,3.210,
3296,32.960,11.897,1.755,5.578,
3297,32.970,11.856,1.392,8.263,
3298,32.980,11.967,0.113,9.350,
3299,32.990,11.865,-1.514,9.360,
3300,33.000,11.028,-2.919,7.297,
3301,33.010,11.483,-4.698,4.916,
3302,33.020,11.864,-3.133,4.636,
3303,33.030,10.838,-0.543,5.727,
3304,33.040,9.413,1.685,6.541,
3305,33.050,9.085,2.684,5.973,
3306,33.060,9.623,3.349,5.667,
3307,33.070,10.549,2.818,5.668,
3308,33.080,11.773,1.460,4.751,
3309,33.090,12.778,-0.348,3.979,
3310,33.100,12.593,-2.076,3.444,
3311,33.110,12.032,-3.497,2.867,
3312,33.120,10.926,-4.138,2.490,
3313,33.130,9.459,-3.802,2.368,
3314,33.140,8.507,-3.169,2.204,
3315,33.150,6.919,-2.422,2.552,
3316,33.160,6.191,-1.885,2.124,
3317,33.170,5.371,-1.629,1.949,
3318,33.180,4.835,-1.624,1.999,
3319,33.190,4.914,-1.731,1.806,
3320,33.200,4.744,-1.565,1.784,
3321,33.210,4.379,-1.469,1.794,
3322,33.220,4.506,-1.433,1.614,
3323,33.230,4.848,-1.158,1.672,
3324,33.240,5.287,-1.174,1.614,
3325,33.250,5.821,-1.138,1.401,
3326,33.260,6.332,-1.166,1.238,
3327,33.270,6.483,-1.293,0.965,
3328,33.280,6.527,-1.326,0.772,
3329,33.290,6.578,-1.533,0.736,
3330,33.300,6.624,-1.787,0.822,
3331,33.310,6.667,-2.063,1.130,
3332,33.320,6.791,-2.148,1.280,
3333,33.330,6.728,-1.931,1.143,
3334,33.340,6.880,-1.682,1.281,
3335,33.350,7.315,-1.407,1.620,
3336,33.360,7.849,-1.163,2.058,
3337,33.370,8.622,-1.086,2.356,
3338,33.380,9.489,-1.070,2.702,
3339,33.390,10.254,-1.038,2.182,
3340,33.400,11.283,-0.907,1.136,
3341,33.410,12.570,-0.259,-0.010,
3342,33.420,13.718,0.304,-0.828,
3343,33.430,14.486,0.023,-1.425,
3344,33.440,14.669,-1.485,-1.303,
3345,33.450,14.094,-2.726,0.640,
3346,33.460,13.338,-3.752,1.523,
3347,33.470,12.891,-4.172,3.048,
3348,33.480,12.293,-3.735,4.820,
3349,33.490,11.958,-3.309,7.856,
3350,33.500,11.846,-2.019,10.126,
3351,33.510,11.725,-0.033,11.233,
3352,33.520,12.275,2.659,8.445,
3353,33.530,13.395,5.261,5.448,
3354,33.540,11.090,3.651,6.183,
3355,33.550,9.207,-0.133,7.133,
3356,33.560,8.107,-2.798,7.170,
3357,33.570,7.740,-4.098,6.755,
3358,33.580,8.234,-4.331,6.119,
3359,33.590,9.837,-3.619,5.437,
3360,33.600,11.238,-2.044,4.902,
3361,33.610,12.552,-0.578,4.083,
3362,33.620,12.969,1.179,3.499,
3363,33.630,12.574,2.173,3.033,
3364,33.640,11.405,2.340,2.667,
3365,33.650,9.850,1.939,2.617,
3366,33.660,8.719,1.475,2.481,
3367,33.670,7.360,1.541,2.480,
3368,33.680,6.321,1.368,2.388,
3369,33.690,5.624,0.953,2.335,
3370,33.700,5.208,0.564,2.369,
3371,33.710,4.733,0.183,2.231,
3372,33.720,4.516,0.080,2.125,
3373,33.730,4.332,-0.142,1.902,
3374,33.740,4.538,-0.375,1.702,
3375,33.750,4.847,-0.409,1.472,
3376,33.760,5.474,-0.457,1.149,
3377,33.770,6.240,-0.751,1.040,
3378,33.780,6.959,-1.020,0.788,
3379,33.790,7.353,-1.035,0.534,
3380,33.800,7.454,-0.823,0.278,
3381,33.810,7.566,-0.479,0.183,
3382,33.820,7.777,-0.271,0.201,
3383,33.830,7.860,-0.118,0.221,
3384,33.840,7.885,0.212,0.461,
3385,33.850,7.788,0.347,0.643,
3386,33.860,7.365,0.520,0.353,
3387,33.870,7.423,0.825,0.215,
3388,33.880,8.069,0.638,0.911,
3389,33.890,9.325,-0.179,1.015,
3390,33.900,10.691,-0.748,1.602,
3391,33.910,11.616,-1.083,1.728,
3392,33.920,11.962,-1.487,1.158,
3393,33.930,11.946,-1.776,1.076,
3394,33.940,11.514,-2.766,-0.315,
3395,33.950,10.899,-3.411,-1.716,
3396,33.960,10.895,-3.262,-1.623,
3397,33.970,11.534,-1.790,0.464,
3398,33.980,12.140,-0.876,2.503,
3399,33.990,12.287,0.110,4.246,
3400,34.000,12.577,0.601,6.356,
3401,34.010,13.517,-0.021,9.218,
3402,34.020,13.958,-1.358,10.176,
3403,34.030,14.642,-2.852,9.424,
3404,34.040,14.630,-4.133,7.030,
3405,34.050,13.810,-4.440,4.630,
3406,34.060,12.200,-1.820,5.039,
3407,34.070,11.087,0.587,5.914,
3408,34.080,9.094,3.213,6.269,
3409,34.090,9.419,3.925,5.892,
3410,34.100,10.104,4.976,5.900,
3411,34.110,11.053,4.148,5.355,
3412,34.120,11.955,2.183,4.591,
3413,34.130,12.481,0.251,4.100,
3414,34.140,12.266,-2.073,3.678,
3415,34.150,11.859,-4.357,2.972,
3416,34.160,10.700,-5.506,2.564,
3417,34.170,9.014,-5.235,2.314,
3418,34.180,7.547,-3.977,2.374,
3419,34.190,6.637,-3.024,2.173,
3420,34.200,5.680,-2.273,2.255,
3421,34.210,4.856,-2.141,2.282,
3422,34.220,4.422,-2.040,1.758,
3423,34.230,4.304,-1.668,1.584,
3424,34.240,4.394,-1.313,1.568,
3425,34.250,4.449,-0.683,1.683,
3426,34.260,4.545,-0.214,1.655,
3427,34.270,4.732,0.044,1.623,
3428,34.280,5.396,-0.020,1.456,
3429,34.290,5.846,-0.063,1.430,
3430,34.300,6.108,-0.397,1.209,
3431,34.310,6.015,-0.944,1.026,
3432,34.320,6.035,-1.377,0.934,
3433,34.330,6.137,-1.796,0.766,
3434,34.340,6.344,-2.039,0.814,
3435,34.350,6.666,-2.147,0.935,
3436,34.360,6.981,-2.142,0.888,
3437,34.370,7.246,-1.972,0.539,
3438,34.380,7.483,-1.635,0.419,
3439,34.390,7.896,-1.474,0.408,
3440,34.400,8.373,-1.256,0.850,
3441,34.410,9.212,-1.362,1.405,
3442,34.420,9.750,-1.186,1.898,
3443,34.430,10.099,-0.902,2.003,
3444,34.440,10.330,-0.520,1.843,
3445,34.450,10.765,-0.351,1.184,
3446,34.460,11.153,-0.251,0.350,
3447,34.470,11.459,-0.386,-0.265,
3448,34.480,11.755,-0.909,-0.491,
3449,34.490,11.842,-2.020,-0.672,
3450,34.500,11.576,-3.219,-0.888,
3451,34.510,11.017,-4.250,0.547,
3452,34.520,10.748,-5.007,1.128,
3453,34.530,10.888,-4.931,2.842,
3454,34.540,11.277,-3.389,5.977,
3455,34.550,11.772,-1.534,11.122,
3456,34.560,12.698,0.926,14.148,
3457,34.570,14.446,4.787,11.404,
3458,34.580,16.497,8.007,6.801,
3459,34.590,15.631,9.593,5.649,
3460,34.600,11.506,4.555,7.290,
3461,34.610,10.071,-1.311,8.373,
3462,34.620,9.084,-5.488,7.730,
3463,34.630,9.174,-7.549,6.021,
3464,34.640,9.868,-7.578,5.159,
3465,34.650,10.931,-5.672,5.055,
3466,34.660,11.951,-3.197,4.966,
3467,34.670,12.648,-0.303,4.623,
3468,34.680,12.715,2.714,3.890,
3469,34.690,12.459,5.038,3.024,
3470,34.700,11.812,6.155,2.156,
3471,34.710,10.673,5.767,1.700,
3472,34.720,9.202,4.701,1.596,
3473,34.730,7.884,3.610,1.691,
3474,34.740,6.733,2.656,1.756,
3475,34.750,5.955,1.900,1.745,
3476,34.760,5.314,1.178,1.830,
3477,34.770,5.093,0.140,1.794,
3478,34.780,4.798,-0.394,1.676,
3479,34.790,4.482,-0.901,1.590,
3480,34.800,4.513,-0.902,1.351,
3481,34.810,4.621,-1.008,1.290,
3482,34.820,4.802,-1.010,1.270,
3483,34.830,5.286,-1.076,1.108,
3484,34.840,6.081,-0.912,1.141,
3485,34.850,6.776,-0.828,1.106,
3486,34.860,7.325,-0.725,1.019,
3487,34.870,7.726,-0.651,0.757,
3488,34.880,8.121,-0.580,0.660,
3489,34.890,8.291,-0.551,0.387,
3490,34.900,8.524,-0.433,0.341,
3491,34.910,8.379,-0.157,0.462,
3492,34.920,7.955,-0.080,0.170,
3493,34.930,7.453,-0.035,-0.080,
3494,34.940,7.296,0.138,-0.044,
3495,34.950,7.794,-0.124,0.729,
3496,34.960,8.881,-0.786,0.607,
3497,34.970,9.999,-1.505,1.134,
3498,34.980,10.980,-1.875,1.514,
3499,34.990,11.386,-2.051,1.264,
3500,35.000,11.843,-1.773,0.998,
3501,35.010,12.228,-2.062,0.122,
3502,35.020,12.152,-2.410,-1.129,
3503,35.030,12.316,-2.483,-0.482,
3504,35.040,12.795,-1.202,2.023,
3505,35.050,12.909,-0.817,2.947,
3506,35.060,12.754,-0.754,3.796,
3507,35.070,12.894,-0.313,5.632,
3508,35.080,13.342,-0.329,8.489,
3509,35.090,14.015,-1.068,10.086,
3510,35.100,13.933,-1.727,9.777,
3511,35.110,12.820,-2.975,7.320,
3512,35.120,11.878,-4.256,6.106,
3513,35.130,11.093,-2.001,6.718,
3514,35.140,9.561,0.619,7.295,
3515,35.150,8.932,2.392,6.898,
3516,35.160,9.133,2.842,6.281,
3517,35.170,9.971,2.908,5.959,
3518,35.180,10.669,2.062,5.534,
3519,35.190,11.423,0.569,4.814,
3520,35.200,11.848,-0.841,4.170,
3521,35.210,11.865,-2.059,3.847,
3522,35.220,11.375,-3.460,3.504,
3523,35.230,10.640,-4.519,3.127,
3524,35.240,9.053,-4.716,2.957,
3525,35.250,7.977,-4.240,2.940,
3526,35.260,6.355,-3.993,3.061,
3527,35.270,5.158,-3.705,3.203,
3528,35.280,4.557,-3.156,3.028,
3529,35.290,4.582,-2.645,2.814,
3530,35.300,4.634,-2.334,2.739,
3531,35.310,4.850,-1.899,2.497,
3532,35.320,5.537,-1.575,2.163,
3533,35.330,5.905,-1.214,2.078,
3534,35.340,6.426,-0.892,1.699,
3535,35.350,6.672,-0.844,1.603,
3536,35.360,6.914,-0.758,1.290,
3537,35.370,6.634,-0.980,1.174,
3538,35.380,6.497,-1.206,1.190,
3539,35.390,6.560,-1.414,1.160,
3540,35.400,6.685,-1.666,0.978,
3541,35.410,6.860,-1.735,0.737,
3542,35.420,6.983,-1.821,0.759,
3543,35.430,7.004,-1.672,0.675,
3544,35.440,7.000,-1.497,0.673,
3545,35.450,7.030,-1.254,0.388,
3546,35.460,7.049,-0.913,-0.045,
3547,35.470,7.556,-0.861,0.502,
3548,35.480,8.530,-1.228,1.306,
3549,35.490,9.388,-1.578,1.999,
3550,35.500,10.006,-1.998,1.811,
3551,35.510,10.675,-2.493,1.398,
3552,35.520,11.609,-2.458,1.002,
3553,35.530,12.504,-2.237,0.420,
3554,35.540,13.250,-1.869,-0.749,
3555,35.550,13.475,-1.491,-1.095,
3556,35.560,13.088,-2.134,-0.216,
3557,35.570,12.606,-2.863,1.214,
3558,35.580,12.114,-3.426,3.623,
3559,35.590,11.770,-2.957,5.856,
3560,35.600,12.050,-1.126,7.843,
3561,35.610,12.560,0.581,10.991,
3562,35.620,12.858,2.773,11.095,
3563,35.630,14.328,4.464,8.239,
3564,35.640,15.035,5.517,4.501,
3565,35.650,10.972,3.069,4.677,
3566,35.660,8.957,-0.698,6.250,
3567,35.670,8.428,-3.437,7.034,
3568,35.680,8.232,-5.306,7.498,
3569,35.690,9.049,-6.335,6.857,
3570,35.700,10.383,-6.171,6.136,
3571,35.710,11.422,-5.017,5.505,
3572,35.720,12.240,-3.097,4.948,
3573,35.730,12.572,-0.748,4.296,
3574,35.740,12.472,1.588,3.508,
3575,35.750,12.067,2.866,2.844,
3576,35.760,10.893,2.857,2.327,
3577,35.770,9.143,2.550,2.516,
3578,35.780,7.392,2.037,2.473,
3579,35.790,5.984,1.486,2.484,
3580,35.800,5.158,0.984,2.399,
3581,35.810,4.903,0.462,2.218,
3582,35.820,4.661,0.028,1.986,
3583,35.830,4.768,-0.220,1.873,
3584,35.840,4.861,-0.314,1.585,
3585,35.850,4.501,-0.501,1.634,
3586,35.860,4.288,-0.311,1.494,
3587,35.870,4.606,-0.430,1.137,
3588,35.880,5.048,-0.394,1.264,
3589,35.890,5.521,-0.560,1.152,
3590,35.900,6.333,-0.824,0.904,
3591,35.910,6.756,-1.049,0.789,
3592,35.920,7.206,-1.087,0.498,
3593,35.930,7.474,-1.020,0.249,
3594,35.940,7.833,-0.897,0.201,
3595,35.950,8.097,-0.827,0.053,
3596,35.960,8.270,-0.819,-0.037,
3597,35.970,8.307,-0.684,-0.208,
3598,35.980,8.317,-0.464,-0.031,
3599,35.990,8.409,-0.132,0.154,
3600,36.000,8.818,0.113,0.555,
3601,36.010,9.541,0.310,1.491,
3602,36.020,10.366,-0.338,1.562,
3603,36.030,11.049,-1.139,1.901,
3604,36.040,11.386,-1.386,1.847,
3605,36.050,11.580,-1.073,1.519,
3606,36.060,11.604,-0.927,1.009,
3607,36.070,11.624,-1.714,0.358,
3608,36.080,11.536,-1.818,-0.795,
3609,36.090,11.912,-1.477,-1.398,
3610,36.100,12.449,-0.744,-1.285,
3611,36.110,12.411,0.600,1.217,
3612,36.120,11.976,2.841,3.180,
3613,36.130,11.888,2.606,2.661,
3614,36.140,11.725,2.310,4.073,
3615,36.150,11.999,1.667,8.281,
3616,36.160,12.594,0.275,10.078,
3617,36.170,13.409,-2.377,9.484,
3618,36.180,13.362,-5.791,7.647,
3619,36.190,14.072,-8.820,5.548,
3620,36.200,14.042,-7.110,6.414,
3621,36.210,12.554,-2.670,7.132,
3622,36.220,10.049,1.354,7.037,
3623,36.230,9.365,3.312,6.013,
3624,36.240,8.885,4.249,5.519,
3625,36.250,9.698,3.668,5.036,
3626,36.260,10.584,1.982,4.709,
3627,36.270,10.961,-0.022,4.194,
3628,36.280,11.038,-2.154,3.536,
3629,36.290,10.569,-3.807,2.949,
3630,36.300,9.787,-4.635,2.451,
3631,36.310,9.047,-4.748,2.237,
3632,36.320,7.876,-4.375,2.277,
3633,36.330,7.095,-3.917,2.316,
3634,36.340,6.234,-3.607,2.297,
3635,36.350,5.652,-3.037,2.252,
3636,36.360,5.296,-2.705,2.079,
3637,36.370,4.929,-2.020,2.035,
3638,36.380,5.007,-1.423,1.998,
3639,36.390,4.977,-0.811,2.085,
3640,36.400,5.366,-0.311,1.991,
3641,36.410,5.663,-0.269,1.968,
3642,36.420,5.724,-0.548,1.793,
3643,36.430,5.782,-0.895,1.675,
3644,36.440,6.007,-1.351,1.597,
3645,36.450,6.383,-1.705,1.490,
3646,36.460,6.979,-1.886,1.298,
3647,36.470,7.696,-2.046,1.094,
3648,36.480,8.350,-2.044,0.740,
3649,36.490,8.803,-1.949,0.520,
3650,36.500,9.091,-1.948,0.530,
3651,36.510,8.985,-1.791,0.461,
3652,36.520,8.608,-1.587,0.205,
3653,36.530,8.094,-1.313,0.110,
3654,36.540,7.880,-1.084,0.427,
3655,36.550,8.091,-0.988,1.320,
3656,36.560,8.572,-1.157,2.169,
3657,36.570,9.115,-1.287,2.546,
3658,36.580,9.559,-1.485,2.238,
3659,36.590,10.012,-2.045,2.046,
3660,36.600,10.643,-2.281,1.380,
3661,36.610,11.235,-2.111,0.474,
3662,36.620,11.871,-1.581,-0.144,
3663,36.630,12.353,-1.570,-0.563,
3664,36.640,12.436,-2.277,0.347,
3665,36.650,12.504,-3.180,1.336,
3666,36.660,12.377,-3.515,1.847,
3667,36.670,12.347,-3.501,2.180,
3668,36.680,12.404,-2.407,2.936,
3669,36.690,12.477,-1.456,6.219,
3670,36.700,12.739,-0.621,9.506,
3671,36.710,13.286,0.573,10.973,
3672,36.720,14.041,1.873,8.694,
3673,36.730,14.605,3.280,5.794,
3674,36.740,12.188,3.087,5.670,
3675,36.750,9.194,0.260,6.652,
3676,36.760,7.655,-2.335,6.898,
3677,36.770,6.764,-4.319,6.515,
3678,36.780,6.438,-5.248,5.978,
3679,36.790,6.956,-5.181,5.225,
3680,36.800,7.782,-4.108,4.768,
3681,36.810,8.826,-2.483,4.525,
3682,36.820,9.750,-0.514,4.180,
3683,36.830,10.108,1.486,3.714,
3684,36.840,10.371,3.006,3.154,
3685,36.850,10.141,3.566,2.590,
3686,36.860,9.410,3.046,2.304,
3687,36.870,8.365,2.175,2.203,
3688,36.880,7.426,1.405,2.171,
3689,36.890,6.898,0.803,2.198,
3690,36.900,6.786,0.346,2.246,
3691,36.910,6.794,0.104,2.151,
3692,36.920,6.647,-0.184,2.050,
3693,36.930,6.446,-0.540,1.989,
3694,36.940,6.134,-0.414,1.956,
3695,36.950,6.174,-0.563,1.843,
3696,36.960,6.223,-0.652,1.732,
3697,36.970,6.734,-0.947,1.633,
3698,36.980,7.143,-1.000,1.517,
3699,36.990,7.715,-1.297,1.205,
3700,37.000,8.135,-1.225,1.073,
3701,37.010,8.356,-1.139,0.926,
3702,37.020,8.416,-0.932,0.814,
3703,37.030,8.479,-0.831,0.682,
3704,37.040,8.540,-0.586,0.534,
3705,37.050,8.738,-0.460,0.315,
3706,37.060,8.839,-0.063,0.429,
3707,37.070,8.717,0.145,0.493,
3708,37.080,8.261,0.176,-0.220,
3709,37.090,7.989,0.524,0.041,
3710,37.100,8.004,1.107,0.533,
3711,37.110,8.225,1.118,0.880,
3712,37.120,8.694,0.705,1.336,
3713,37.130,9.544,-0.870,1.363,
3714,37.140,10.072,-1.651,1.579,
3715,37.150,10.481,-1.929,1.976,
3716,37.160,10.802,-1.801,2.078,
3717,37.170,10.861,-2.317,1.164,
3718,37.180,10.992,-3.000,0.364,
3719,37.190,11.670,-2.692,0.599,
3720,37.200,12.348,-2.050,1.627,
3721,37.210,12.656,-0.895,3.378,
3722,37.220,12.988,0.156,5.236,
3723,37.230,14.053,0.341,7.127,
3724,37.240,15.178,-0.089,6.294,
3725,37.250,16.283,-1.225,4.656,
3726,37.260,16.277,-1.852,3.948,
3727,37.270,14.812,-0.959,3.963,
3728,37.280,13.353,0.630,5.339,
3729,37.290,11.922,1.247,6.172,
3730,37.300,10.391,1.372,6.526,
3731,37.310,8.724,1.040,6.286,
3732,37.320,7.796,0.025,5.705,
3733,37.330,7.442,-0.884,5.314,
3734,37.340,7.435,-1.523,5.190,
3735,37.350,7.969,-2.262,4.637,
3736,37.360,8.379,-2.823,4.239,
3737,37.370,8.637,-2.644,3.827,
3738,37.380,8.662,-2.626,3.614,
3739,37.390,8.631,-2.359,3.285,
3740,37.400,8.209,-2.217,2.915,
3741,37.410,7.784,-1.992,2.768,
3742,37.420,7.562,-1.916,2.752,
3743,37.430,7.460,-2.177,2.721,
3744,37.440,7.217,-2.285,2.583,
3745,37.450,6.977,-2.440,2.395,
3746,37.460,6.678,-2.148,2.288,
3747,37.470,6.711,-1.961,2.175,
3748,37.480,6.450,-1.795,2.255,
3749,37.490,6.342,-1.534,2.199,
3750,37.500,6.377,-1.238,2.226,
3751,37.510,6.884,-1.061,2.054,
3752,37.520,7.284,-1.085,2.013,
3753,37.530,7.574,-1.201,1.841,
3754,37.540,7.720,-1.456,1.693,
3755,37.550,7.894,-1.749,1.549,
3756,37.560,8.208,-2.094,1.477,
3757,37.570,8.511,-2.383,1.369,
3758,37.580,8.771,-2.525,1.245,
3759,37.590,8.941,-2.633,1.220,
3760,37.600,8.938,-2.675,1.179,
3761,37.610,8.820,-2.609,1.158,
3762,37.620,8.370,-2.504,0.867,
3763,37.630,7.839,-2.239,0.516,
3764,37.640,7.496,-2.172,0.500,
3765,37.650,7.611,-2.048,0.897,
3766,37.660,7.861,-1.913,1.794,
3767,37.670,8.338,-2.022,2.425,
3768,37.680,8.604,-2.026,2.577,
3769,37.690,8.911,-2.158,2.405,
3770,37.700,9.376,-2.050,2.329,
3771,37.710,9.863,-2.129,1.811,
3772,37.720,10.488,-1.961,1.282,
3773,37.730,11.323,-1.803,1.204,
3774,37.740,12.055,-1.998,1.211,
3775,37.750,12.377,-1.783,1.908,
3776,37.760,12.498,-1.620,2.174,
3777,37.770,12.562,-1.247,2.764,
3778,37.780,12.691,-0.970,3.881,
3779,37.790,13.208,-0.543,5.563,
3780,37.800,13.876,0.192,7.250,
3781,37.810,14.376,0.685,7.359,
3782,37.820,14.867,1.101,6.483,
3783,37.830,14.167,1.319,5.885,
3784,37.840,11.827,-0.313,6.041,
3785,37.850,10.109,-2.115,6.244,
3786,37.860,8.793,-3.180,6.171,
3787,37.870,7.626,-3.470,5.829,
3788,37.880,6.830,-3.333,5.355,
3789,37.890,6.468,-2.602,4.787,
3790,37.900,6.600,-1.681,4.373,
3791,37.910,6.863,-0.332,4.144,
3792,37.920,7.314,0.906,4.036,
3793,37.930,7.978,2.010,3.678,
3794,37.940,8.507,2.766,3.397,
3795,37.950,8.799,3.153,3.117,
3796,37.960,8.680,3.149,2.961,
3797,37.970,8.226,2.666,2.763,
3798,37.980,7.817,2.066,2.649,
3799,37.990,7.495,1.525,2.702,
3800,38.000,7.746,0.942,2.592,
3801,38.010,7.972,0.747,2.607,
3802,38.020,7.943,0.645,2.556,
3803,38.030,7.917,0.534,2.437,
3804,38.040,7.904,0.194,2.399,
3805,38.050,7.845,-0.222,2.290,
3806,38.060,7.988,-0.533,2.144,
3807,38.070,8.170,-0.779,1.981,
3808,38.080,8.410,-1.115,1.875,
3809,38.090,8.637,-1.352,1.813,
3810,38.100,8.674,-1.499,1.653,
3811,38.110,8.631,-1.378,1.630,
3812,38.120,8.686,-1.116,1.560,
3813,38.130,8.712,-0.877,1.494,
3814,38.140,8.856,-0.732,1.329,
3815,38.150,8.973,-0.567,1.207,
3816,38.160,9.095,-0.400,1.207,
3817,38.170,9.168,-0.289,0.730,
3818,38.180,9.146,-0.011,0.735,
3819,38.190,9.137,0.160,0.980,
3820,38.200,8.753,0.192,0.830,
3821,38.210,8.203,0.057,0.679,
3822,38.220,7.691,0.001,0.609,
3823,38.230,7.507,0.096,0.624,
3824,38.240,7.650,0.207,0.859,
3825,38.250,8.097,0.086,1.314,
3826,38.260,8.753,-0.466,1.579,
3827,38.270,9.330,-1.192,1.786,
3828,38.280,9.644,-2.049,1.347,
3829,38.290,9.846,-2.423,0.907,
3830,38.300,9.980,-2.518,0.786,
3831,38.310,10.340,-1.726,0.718,
3832,38.320,10.817,-1.073,0.794,
3833,38.330,11.519,-0.087,1.392,
3834,38.340,12.240,0.371,1.962,
3835,38.350,13.009,1.171,3.067,
3836,38.360,13.702,1.931,4.576,
3837,38.370,14.453,1.757,5.835,
3838,38.380,15.075,0.857,5.306,
3839,38.390,15.103,-1.016,4.010,
3840,38.400,14.029,-2.987,2.665,
3841,38.410,12.523,-2.602,2.507,
3842,38.420,11.317,-1.569,3.379,
3843,38.430,10.311,-0.649,4.211,
3844,38.440,8.821,0.074,4.808,
3845,38.450,7.557,0.200,4.938,
3846,38.460,6.774,-0.045,4.860,
3847,38.470,6.500,-0.241,4.564,
3848,38.480,7.200,-0.470,4.379,
3849,38.490,7.581,-0.841,4.400,
3850,38.500,8.525,-1.339,3.856,
3851,38.510,8.385,-1.788,3.809,
3852,38.520,8.427,-2.354,3.601,
3853,38.530,8.371,-2.852,3.423,
3854,38.540,8.750,-3.127,3.125,
3855,38.550,9.304,-3.063,2.957,
3856,38.560,9.738,-3.036,2.827,
3857,38.570,9.777,-2.835,2.861,
3858,38.580,9.532,-2.751,2.830,
3859,38.590,9.052,-2.627,2.839,
3860,38.600,8.344,-2.263,2.819,
3861,38.610,7.912,-2.079,2.785,
3862,38.620,7.609,-1.639,2.820,
3863,38.630,7.758,-1.333,2.800,
3864,38.640,7.636,-0.771,2.718,
3865,38.650,7.649,-0.645,2.644,
3866,38.660,7.943,-0.599,2.595,
3867,38.670,8.147,-0.672,2.468,
3868,38.680,8.398,-0.818,2.349,
3869,38.690,8.441,-1.008,2.238,
3870,38.700,8.499,-1.304,2.128,
3871,38.710,8.638,-1.620,2.134,
3872,38.720,8.887,-1.997,2.012,
3873,38.730,9.040,-2.269,1.994,
3874,38.740,9.126,-2.575,1.960,
3875,38.750,9.212,-2.786,1.842,
3876,38.760,9.332,-2.914,1.673,
3877,38.770,9.254,-2.942,1.618,
3878,38.780,9.137,-2.846,1.484,
3879,38.790,8.903,-2.628,1.384,
3880,38.800,8.681,-2.301,1.289,
3881,38.810,8.459,-1.943,1.457,
3882,38.820,8.310,-1.778,1.402,
3883,38.830,8.299,-1.648,1.584,
3884,38.840,8.426,-1.700,1.863,
3885,38.850,8.622,-1.615,1.854,
3886,38.860,8.702,-1.484,1.922,
3887,38.870,8.834,-1.647,2.185,
3888,38.880,9.023,-1.735,2.271,
3889,38.890,9.224,-1.990,2.624,
3890,38.900,9.296,-2.362,2.279,
3891,38.910,9.473,-2.544,1.702,
3892,38.920,9.788,-2.877,2.332,
3893,38.930,10.360,-2.802,2.832,
3894,38.940,10.961,-1.905,3.303,
3895,38.950,11.440,-1.055,3.166,
3896,38.960,11.551,-0.201,3.609,
3897,38.970,11.646,0.254,4.826,
3898,38.980,12.200,0.632,4.017,
3899,38.990,12.818,0.510,2.879,
3900,39.000,13.189,-0.004,2.279,
3901,39.010,12.857,-1.506,2.440,
3902,39.020,11.896,-3.397,2.829,
3903,39.030,11.143,-4.803,3.119,
3904,39.040,10.695,-5.619,3.467,
3905,39.050,10.104,-5.633,3.676,
3906,39.060,9.466,-4.542,3.803,
3907,39.070,8.909,-3.087,3.980,
3908,39.080,8.542,-1.439,3.969,
3909,39.090,8.179,0.260,4.008,
3910,39.100,7.848,1.446,3.945,
3911,39.110,7.606,2.110,3.915,
3912,39.120,7.436,1.985,3.872,
3913,39.130,7.179,1.557,3.823,
3914,39.140,6.968,0.856,3.902,
3915,39.150,6.840,0.335,3.605,
3916,39.160,6.772,0.059,3.352,
3917,39.170,6.785,-0.038,3.190,
3918,39.180,6.955,0.130,3.056,
3919,39.190,7.255,0.378,2.849,
3920,39.200,7.754,0.707,2.841,
3921,39.210,8.473,0.980,2.637,
3922,39.220,9.033,1.107,2.599,
3923,39.230,9.687,0.965,2.412,
3924,39.240,10.286,0.734,2.303,
3925,39.250,10.657,0.508,2.272,
3926,39.260,10.800,0.257,2.216,
3927,39.270,10.679,0.001,1.828,
3928,39.280,10.535,-0.137,1.849,
3929,39.290,10.329,-0.320,1.956,
3930,39.300,9.928,-0.319,1.837,
3931,39.310,9.427,-0.338,1.810,
3932,39.320,9.033,-0.245,1.621,
3933,39.330,8.791,-0.166,1.568,
3934,39.340,8.580,-0.108,1.547,
3935,39.350,8.452,-0.011,1.474,
3936,39.360,8.404,0.217,1.347,
3937,39.370,8.354,0.385,1.204,
3938,39.380,8.370,0.759,1.229,
3939,39.390,8.364,0.877,1.147,
3940,39.400,8.389,0.948,1.043,
3941,39.410,8.397,0.994,0.966,
3942,39.420,8.471,0.991,0.885,
3943,39.430,8.462,0.864,0.785,
3944,39.440,8.475,0.755,0.689,
3945,39.450,8.441,0.839,0.527,
3946,39.460,8.520,0.941,0.329,
3947,39.470,8.641,1.171,0.494,
3948,39.480,8.911,1.013,0.499,
3949,39.490,9.146,0.838,0.614,
3950,39.500,9.562,1.019,1.074,
3951,39.510,9.914,0.824,1.390,
3952,39.520,10.156,0.625,1.822,
3953,39.530,10.171,0.032,1.426,
3954,39.540,10.110,-0.490,1.222,
3955,39.550,10.165,-0.582,1.217,
3956,39.560,10.189,-0.573,0.943,
3957,39.570,10.495,-0.491,1.484,
3958,39.580,11.092,-0.145,2.047,
3959,39.590,11.933,0.089,2.600,
3960,39.600,12.870,0.092,2.860,
3961,39.610,13.754,0.016,3.356,
3962,39.620,14.301,0.045,3.209,
3963,39.630,14.142,0.047,2.459,
3964,39.640,13.161,0.093,1.896,
3965,39.650,11.594,0.254,1.709,
3966,39.660,10.110,0.433,1.841,
3967,39.670,9.169,0.342,2.060,
3968,39.680,8.259,0.178,2.231,
3969,39.690,7.498,-0.218,2.295,
3970,39.700,6.809,-0.490,2.420,
3971,39.710,6.654,-0.625,2.735,
3972,39.720,6.427,-0.968,3.275,
3973,39.730,6.256,-1.485,3.587,
3974,39.740,6.384,-1.740,3.882,
3975,39.750,6.630,-2.069,3.957,
3976,39.760,7.091,-2.415,4.108,
3977,39.770,7.642,-2.628,3.967,
3978,39.780,8.452,-2.771,3.796,
3979,39.790,8.558,-2.539,3.627,
3980,39.800,9.477,-2.475,3.151,
3981,39.810,10.425,-2.134,2.850,
3982,39.820,11.367,-1.697,2.418,
3983,39.830,12.538,-1.137,2.104,
3984,39.840,13.556,-0.941,1.968,
3985,39.850,13.537,-1.108,1.748,
3986,39.860,12.936,-1.669,1.755,
3987,39.870,11.964,-2.119,1.825,
3988,39.880,11.034,-2.206,1.802,
3989,39.890,10.382,-1.961,1.788,
3990,39.900,9.553,-1.656,1.751,
3991,39.910,8.823,-1.390,1.703,
3992,39.920,8.294,-1.327,1.808,
3993,39.930,7.866,-1.351,1.810,
3994,39.940,7.602,-1.386,1.841,
3995,39.950,7.478,-1.607,1.876,
3996,39.960,7.655,-1.799,1.821,
3997,39.970,7.951,-2.093,1.890,
3998,39.980,8.255,-2.270,1.842,
3999,39.990,8.604,-2.548,2.013,
4000,40.000,8.738,-2.656,1.742,
4001,40.010,8.997,-2.566,1.555,
4002,40.020,9.263,-2.314,1.618,
4003,40.030,9.549,-2.076,1.586,
4004,40.040,9.804,-1.860,1.608,
4005,40.050,10.026,-1.666,1.483,
4006,40.060,10.173,-1.618,1.403,
4007,40.070,10.248,-1.462,1.493,
4008,40.080,10.308,-1.359,1.470,
4009,40.090,10.182,-1.058,1.494,
4010,40.100,9.941,-0.906,1.597,
4011,40.110,9.618,-0.816,1.785,
4012,40.120,9.367,-0.901,1.810,
4013,40.130,9.172,-1.166,1.843,
4014,40.140,9.083,-1.263,1.924,
4015,40.150,8.987,-1.200,2.135,
4016,40.160,8.863,-1.223,2.161,
4017,40.170,8.798,-1.404,2.131,
4018,40.180,8.882,-1.692,2.004,
4019,40.190,8.723,-2.003,1.981,
4020,40.200,8.756,-2.191,1.910,
4021,40.210,8.704,-2.456,1.860,
4022,40.220,8.771,-2.548,1.772,
4023,40.230,8.943,-2.715,1.651,
4024,40.240,9.066,-2.964,1.432,
4025,40.250,9.146,-3.023,1.240,
4026,40.260,9.230,-3.089,1.095,
4027,40.270,9.210,-3.003,0.976,
4028,40.280,9.191,-2.884,0.820,
4029,40.290,9.154,-2.616,0.589,
4030,40.300,9.203,-2.331,0.517,
4031,40.310,9.312,-2.015,0.994,
4032,40.320,9.591,-1.532,1.234,
4033,40.330,9.865,-0.839,1.605,
4034,40.340,10.275,-0.034,2.283,
4035,40.350,10.662,0.970,2.882,
4036,40.360,11.105,1.873,3.180,
4037,40.370,11.433,2.782,2.937,
4038,40.380,11.548,3.501,2.921,
4039,40.390,11.355,3.215,3.044,
4040,40.400,10.926,1.981,3.154,
4041,40.410,10.264,0.595,3.312,
4042,40.420,9.652,-0.728,3.311,
4043,40.430,9.166,-1.546,3.301,
4044,40.440,8.743,-1.992,3.169,
4045,40.450,8.536,-1.869,3.034,
4046,40.460,8.489,-1.493,2.886,
4047,40.470,8.540,-0.818,2.857,
4048,40.480,8.730,-0.083,3.113,
4049,40.490,8.929,0.454,3.206,
4050,40.500,9.158,0.789,2.960,
4051,40.510,9.394,0.875,2.849,
4052,40.520,9.902,1.077,2.715,
4053,40.530,10.241,1.124,2.683,
4054,40.540,10.494,0.984,2.593,
4055,40.550,10.510,0.760,2.636,
4056,40.560,10.300,0.509,2.570,
4057,40.570,9.825,0.382,2.619,
4058,40.580,9.332,0.350,2.674,
4059,40.590,9.008,0.499,2.795,
4060,40.600,8.783,0.697,2.710,
4061,40.610,8.710,0.725,2.589,
4062,40.620,8.720,0.710,2.451,
4063,40.630,8.820,0.695,2.243,
4064,40.640,9.011,0.772,2.183,
4065,40.650,9.154,0.964,2.090,
4066,40.660,9.281,1.131,1.989,
4067,40.670,9.290,1.307,1.949,
4068,40.680,9.320,1.421,1.928,
4069,40.690,9.412,1.489,1.811,
4070,40.700,9.411,1.581,1.888,
4071,40.710,9.412,1.677,2.019,
4072,40.720,9.399,1.766,2.156,
4073,40.730,9.354,1.711,2.313,
4074,40.740,9.294,1.525,2.187,
4075,40.750,9.203,1.517,2.200,
4076,40.760,9.192,1.448,2.388,
4077,40.770,9.222,1.317,2.289,
4078,40.780,9.218,1.300,2.394,
4079,40.790,9.243,1.244,2.509,
4080,40.800,9.229,1.231,2.533,
4081,40.810,9.199,1.174,2.529,
4082,40.820,9.170,1.223,2.554,
4083,40.830,9.131,1.287,2.528,
4084,40.840,9.060,1.190,2.432,
4085,40.850,9.032,1.090,2.262,
4086,40.860,8.966,1.080,2.297,
4087,40.870,9.026,1.130,2.185,
4088,40.880,9.053,1.183,2.247,
4089,40.890,9.100,1.217,2.219,
4090,40.900,9.078,1.254,2.209,
4091,40.910,9.131,1.320,2.210,
4092,40.920,9.221,1.367,2.267,
4093,40.930,9.267,1.487,2.315,
4094,40.940,9.310,1.515,2.362,
4095,40.950,9.368,1.468,2.450,
4096,40.960,9.427,1.447,2.358,
4097,40.970,9.479,1.438,2.362,
4098,40.980,9.489,1.465,2.351,
4099,40.990,9.407,1.338,2.442,
4100,41.000,9.322,1.278,2.384,
4101,41.010,9.281,1.192,2.372,
4102,41.020,9.180,1.123,2.286,
4103,41.030,9.111,1.162,2.345,
4104,41.040,9.128,1.161,2.425,
4105,41.050,9.091,1.244,2.454,
4106,41.060,9.131,1.248,2.432,
4107,41.070,9.081,1.239,2.523,
4108,41.080,9.010,1.259,2.644,
4109,41.090,9.012,1.180,2.747,
4110,41.100,9.039,1.067,2.903,
4111,41.110,9.114,0.967,2.936,
4112,41.120,9.270,0.949,2.814,
4113,41.130,9.401,0.784,2.964,
4114,41.140,9.545,0.637,3.164,
4115,41.150,9.582,0.194,3.104,
4116,41.160,9.583,-0.202,3.024,
4117,41.170,9.520,-0.368,2.984,
4118,41.180,9.473,-0.349,2.957,
4119,41.190,9.186,0.158,3.026,
4120,41.200,9.206,0.269,3.139,
4121,41.210,9.380,0.357,3.141,
4122,41.220,9.558,0.249,2.984,
4123,41.230,9.630,0.127,3.100,
4124,41.240,10.111,-0.463,2.608,
4125,41.250,9.687,0.153,2.692,
4126,41.260,9.460,1.742,2.812,
4127,41.270,9.411,2.886,2.793,
4128,41.280,9.413,2.745,2.709,
4129,41.290,9.581,1.675,2.612,
4130,41.300,9.326,-0.288,2.278,
4131,41.310,9.164,-2.486,2.054,
4132,41.320,8.938,-3.406,1.792,
4133,41.330,8.395,-2.644,2.056,
4134,41.340,8.368,-1.602,2.387,
4135,41.350,8.781,-0.675,2.599,
4136,41.360,9.290,0.016,2.578,
4137,41.370,9.679,0.619,2.647,
4138,41.380,9.902,0.950,2.683,
4139,41.390,9.817,0.785,2.712,
4140,41.400,9.618,0.384,2.584,
4141,41.410,9.441,0.184,2.636,
4142,41.420,9.271,0.059,2.614,
4143,41.430,9.100,-0.064,2.553,
4144,41.440,9.079,-0.217,2.528,
4145,41.450,9.109,-0.386,2.520,
4146,41.460,9.186,-0.651,2.550,
4147,41.470,9.344,-0.908,2.542,
4148,41.480,9.454,-1.149,2.389,
4149,41.490,9.477,-1.304,2.313,
4150,41.500,9.570,-1.418,2.503,
4151,41.510,9.600,-1.515,2.329,
4152,41.520,9.549,-1.438,2.383,
4153,41.530,9.465,-1.417,2.355,
4154,41.540,9.421,-1.334,2.351,
4155,41.550,9.444,-1.315,2.310,
4156,41.560,9.367,-1.293,2.211,
4157,41.570,9.434,-1.253,2.265,
4158,41.580,9.455,-1.260,2.285,
4159,41.590,9.485,-1.200,2.218,
4160,41.600,9.540,-1.125,2.238,
4161,41.610,9.670,-1.122,2.212,
4162,41.620,9.727,-1.103,2.210,
4163,41.630,9.829,-1.202,2.276,
4164,41.640,9.887,-1.266,2.141,
4165,41.650,9.933,-1.304,2.103,
4166,41.660,9.879,-1.339,2.012,
4167,41.670,9.877,-1.377,1.999,
4168,41.680,9.738,-1.424,2.016,
4169,41.690,9.635,-1.362,2.029,
4170,41.700,9.526,-1.371,1.966,
4171,41.710,9.466,-1.377,1.925,
4172,41.720,9.333,-1.421,1.975,
4173,41.730,9.184,-1.472,1.973,
4174,41.740,9.127,-1.614,1.969,
4175,41.750,8.998,-1.699,1.999,
4176,41.760,8.974,-1.740,1.969,
4177,41.770,8.950,-1.760,2.082,
4178,41.780,9.061,-1.726,2.171,
4179,41.790,9.137,-1.727,2.098,
4180,41.800,9.146,-1.685,2.103,
4181,41.810,9.179,-1.761,2.083,
4182,41.820,9.253,-1.746,2.003,
4183,41.830,9.230,-1.819,2.021,
4184,41.840,9.263,-1.716,2.079,
4185,41.850,9.283,-1.641,1.945,
4186,41.860,9.389,-1.650,1.913,
4187,41.870,9.486,-1.697,1.962,
4188,41.880,9.521,-1.619,1.932,
4189,41.890,9.460,-1.545,2.034,
4190,41.900,9.399,-1.435,2.036,
4191,41.910,9.326,-1.468,2.005,
4192,41.920,9.322,-1.511,2.090,
4193,41.930,9.291,-1.494,2.158,
4194,41.940,9.340,-1.322,2.359,
4195,41.950,9.411,-1.216,2.483,
4196,41.960,9.515,-0.947,2.563,
4197,41.970,9.603,-0.726,2.574,
4198,41.980,9.682,-0.634,2.608,
4199,41.990,9.693,-0.524,2.657,
4200,42.000,9.612,-0.574,2.662,
4201,42.010,9.622,-0.637,2.700,
4202,42.020,9.525,-0.698,2.680,
4203,42.030,9.520,-0.843,2.697,
4204,42.040,9.508,-0.915,2.680,
4205,42.050,9.389,-1.036,2.687,
4206,42.060,9.298,-1.187,2.683,
4207,42.070,9.206,-1.259,2.611,
4208,42.080,9.136,-1.336,2.624,
4209,42.090,9.041,-1.430,2.595,
4210,42.100,8.957,-1.368,2.540,
4211,42.110,8.964,-1.286,2.539,
4212,42.120,9.011,-1.166,2.505,
4213,42.130,9.100,-1.055,2.538,
4214,42.140,9.175,-0.985,2.566,
4215,42.150,9.212,-0.892,2.539,
4216,42.160,9.213,-0.780,2.540,
4217,42.170,9.197,-0.697,2.587,
4218,42.180,9.174,-0.651,2.443,
4219,42.190,9.224,-0.573,2.503,
4220,42.200,9.356,-0.603,2.620,
4221,42.210,9.421,-0.568,2.552,
4222,42.220,9.455,-0.512,2.392,
4223,42.230,9.466,-0.452,2.246,
4224,42.240,9.501,-0.478,2.438,
4225,42.250,9.556,-0.519,2.222,
4226,42.260,9.450,-0.452,2.314,
4227,42.270,9.368,-0.469,2.382,
4228,42.280,9.313,-0.550,2.315,
4229,42.290,9.325,-0.609,2.332,
4230,42.300,9.307,-0.560,2.394,
4231,42.310,9.316,-0.530,2.376,
4232,42.320,9.289,-0.558,2.461,
4233,42.330,9.304,-0.527,2.505,
4234,42.340,9.321,-0.568,2.540,
4235,42.350,9.360,-0.473,2.481,
4236,42.360,9.357,-0.433,2.447,
4237,42.370,9.380,-0.408,2.471,
4238,42.380,9.380,-0.370,2.469,
4239,42.390,9.379,-0.331,2.474,
4240,42.400,9.434,-0.385,2.438,
4241,42.410,9.419,-0.398,2.419,
4242,42.420,9.354,-0.381,2.449,
4243,42.430,9.314,-0.366,2.522,
4244,42.440,9.316,-0.405,2.491,
4245,42.450,9.336,-0.435,2.377,
4246,42.460,9.368,-0.494,2.317,
4247,42.470,9.467,-0.555,2.310,
4248,42.480,9.579,-0.567,2.435,
4249,42.490,9.647,-0.592,2.380,
4250,42.500,9.717,-0.538,2.340,
4251,42.510,9.741,-0.405,2.241,
4252,42.520,9.720,-0.364,2.284,
4253,42.530,9.682,-0.280,2.288,
4254,42.540,9.605,-0.236,2.295,
4255,42.550,9.532,-0.242,2.279,
4256,42.560,9.484,-0.173,2.164,
4257,42.570,9.459,-0.212,2.268,
4258,42.580,9.454,-0.210,2.437,
4259,42.590,9.482,-0.278,2.177,
4260,42.600,9.422,-0.372,2.120,
4261,42.610,9.504,-0.337,2.316,
4262,42.620,9.496,-0.354,2.390,
4263,42.630,9.423,-0.381,2.406,
4264,42.640,9.193,-0.459,2.444,
4265,42.650,9.054,-0.513,2.451,
4266,42.660,8.959,-0.519,2.553,
4267,42.670,8.918,-0.582,2.595,
4268,42.680,8.842,-0.598,2.557,
4269,42.690,8.881,-0.488,2.556,
4270,42.700,8.909,-0.402,2.554,
4271,42.710,8.994,-0.436,2.554,
4272,42.720,9.040,-0.440,2.596,
4273,42.730,9.146,-0.473,2.576,
4274,42.740,9.237,-0.465,2.568,
4275,42.750,9.306,-0.426,2.565,
4276,42.760,9.404,-0.382,2.564,
4277,42.770,9.411,-0.356,2.559,
4278,42.780,9.421,-0.384,2.554,
4279,42.790,9.382,-0.393,2.499,
4280,42.800,9.322,-0.367,2.541,
4281,42.810,9.273,-0.380,2.535,
4282,42.820,9.330,-0.398,2.536,
4283,42.830,9.373,-0.354,2.479,
4284,42.840,9.364,-0.372,2.479,
4285,42.850,9.373,-0.390,2.490,
4286,42.860,9.441,-0.369,2.477,
4287,42.870,9.404,-0.337,2.416,
4288,42.880,9.367,-0.303,2.471,
4289,42.890,9.385,-0.285,2.487,
4290,42.900,9.393,-0.331,2.519,
4291,42.910,9.419,-0.262,2.498,
4292,42.920,9.354,-0.265,2.463,
4293,42.930,9.290,-0.230,2.443,
4294,42.940,9.362,-0.265,2.601,
4295,42.950,9.397,-0.214,2.667,
4296,42.960,9.456,-0.229,2.296,
4297,42.970,9.524,-0.209,2.405,
4298,42.980,9.632,-0.268,2.560,
4299,42.990,9.605,-0.351,2.390,
4300,43.000,9.439,-0.329,2.463,
4301,43.010,9.331,-0.373,2.483,
4302,43.020,9.231,-0.385,2.406,
4303,43.030,9.168,-0.381,2.405,
4304,43.040,9.120,-0.388,2.471,
4305,43.050,9.133,-0.355,2.396,
4306,43.060,9.209,-0.335,2.418,
4307,43.070,9.269,-0.342,2.405,
4308,43.080,9.339,-0.349,2.377,
4309,43.090,9.452,-0.320,2.286,
4310,43.100,9.585,-0.312,2.363,
4311,43.110,9.672,-0.299,2.375,
4312,43.120,9.715,-0.330,2.299,
4313,43.130,9.689,-0.404,2.401,
4314,43.140,9.611,-0.453,2.485,
4315,43.150,9.526,-0.497,2.532,
4316,43.160,9.467,-0.550,2.521,
4317,43.170,9.507,-0.533,2.511,
4318,43.180,9.446,-0.526,2.592,
4319,43.190,9.376,-0.557,2.527,
4320,43.200,9.313,-0.502,2.587,
4321,43.210,9.233,-0.452,2.607,
4322,43.220,9.211,-0.507,2.641,
4323,43.230,9.228,-0.459,2.686,
4324,43.240,9.336,-0.470,2.548,
4325,43.250,9.367,-0.460,2.604,
4326,43.260,9.318,-0.469,2.588,
4327,43.270,9.273,-0.434,2.661,
4328,43.280,9.246,-0.396,2.671,
4329,43.290,9.211,-0.430,2.649,
4330,43.300,9.217,-0.435,2.617,
4331,43.310,9.283,-0.522,2.612,
4332,43.320,9.264,-0.503,2.696,
4333,43.330,9.286,-0.585,2.560,
4334,43.340,9.382,-0.520,2.462,
4335,43.350,9.492,-0.521,2.559,
4336,43.360,9.540,-0.524,2.516,
4337,43.370,9.371,-0.524,2.504,
4338,43.380,9.283,-0.476,2.510,
4339,43.390,9.245,-0.534,2.461,
4340,43.400,9.263,-0.532,2.466,
4341,43.410,9.234,-0.572,2.428,
4342,43.420,9.275,-0.526,2.514,
4343,43.430,9.277,-0.478,2.552,
4344,43.440,9.284,-0.458,2.496,
4345,43.450,9.300,-0.470,2.414,
4346,43.460,9.315,-0.521,2.457,
4347,43.470,9.367,-0.527,2.469,
4348,43.480,9.398,-0.588,2.504,
4349,43.490,9.453,-0.576,2.422,
4350,43.500,9.531,-0.574,2.480,
4351,43.510,9.555,-0.549,2.442,
4352,43.520,9.490,-0.460,2.509,
4353,43.530,9.419,-0.432,2.389,
4354,43.540,9.415,-0.414,2.451,
4355,43.550,9.385,-0.397,2.364,
4356,43.560,9.417,-0.385,2.315,
4357,43.570,9.480,-0.432,2.357,
4358,43.580,9.512,-0.417,2.302,
4359,43.590,9.539,-0.373,2.289,
4360,43.600,9.527,-0.347,2.313,
4361,43.610,9.500,-0.366,2.353,
4362,43.620,9.471,-0.416,2.378,
4363,43.630,9.405,-0.374,2.355,
4364,43.640,9.357,-0.381,2.394,
4365,43.650,9.362,-0.385,2.383,
4366,43.660,9.290,-0.378,2.295,
4367,43.670,9.351,-0.373,2.283,
4368,43.680,9.416,-0.332,2.392,
4369,43.690,9.430,-0.364,2.414,
4370,43.700,9.406,-0.387,2.313,
4371,43.710,9.435,-0.399,2.228,
4372,43.720,9.561,-0.394,2.364,
4373,43.730,9.610,-0.379,2.302,
4374,43.740,9.433,-0.311,2.407,
4375,43.750,9.288,-0.240,2.381,
4376,43.760,9.248,-0.307,2.361,
4377,43.770,9.278,-0.276,2.325,
4378,43.780,9.243,-0.224,2.374,
4379,43.790,9.292,-0.215,2.359,
4380,43.800,9.312,-0.192,2.383,
4381,43.810,9.300,-0.272,2.374,
4382,43.820,9.339,-0.257,2.323,
4383,43.830,9.342,-0.247,2.386,
4384,43.840,9.332,-0.264,2.355,
4385,43.850,9.354,-0.327,2.351,
4386,43.860,9.428,-0.317,2.317,
4387,43.870,9.496,-0.297,2.247,
4388,43.880,9.513,-0.323,2.280,
4389,43.890,9.551,-0.301,2.237,
4390,43.900,9.506,-0.289,2.219,
4391,43.910,9.491,-0.306,2.242,
4392,43.920,9.494,-0.338,2.299,
4393,43.930,9.486,-0.392,2.242,
4394,43.940,9.482,-0.411,2.316,
4395,43.950,9.419,-0.396,2.380,
4396,43.960,9.430,-0.398,2.417,
4397,43.970,9.413,-0.390,2.468,
4398,43.980,9.437,-0.364,2.430,
4399,43.990,9.474,-0.397,2.479,
4400,44.000,9.516,-0.360,2.521,
4401,44.010,9.462,-0.354,2.541,
4402,44.020,9.496,-0.350,2.504,
4403,44.030,9.439,-0.368,2.485,
4404,44.040,9.436,-0.313,2.380,
4405,44.050,9.376,-0.311,2.454,
4406,44.060,9.399,-0.315,2.535,
4407,44.070,9.360,-0.308,2.442,
4408,44.080,9.419,-0.296,2.286,
4409,44.090,9.543,-0.254,2.244,
4410,44.100,9.647,-0.215,2.337,
4411,44.110,9.631,-0.130,2.301,
4412,44.120,9.521,-0.125,2.434,
4413,44.130,9.386,-0.107,2.418,
4414,44.140,9.296,-0.064,2.477,
4415,44.150,9.241,-0.083,2.483,
4416,44.160,9.233,-0.131,2.497,
4417,44.170,9.263,-0.192,2.578,
4418,44.180,9.298,-0.229,2.511,
4419,44.190,9.320,-0.268,2.468,
4420,44.200,9.419,-0.342,2.440,
4421,44.210,9.477,-0.238,2.472,
4422,44.220,9.531,-0.289,2.489,
4423,44.230,9.515,-0.251,2.388,
4424,44.240,9.592,-0.284,2.254,
4425,44.250,9.653,-0.238,2.108,
4426,44.260,9.732,-0.275,2.096,
4427,44.270,9.806,-0.319,2.085,
4428,44.280,9.719,-0.473,2.047,
4429,44.290,9.661,-0.479,2.061,
4430,44.300,9.573,-0.506,2.157,
4431,44.310,9.465,-0.500,2.262,
4432,44.320,9.360,-0.566,2.260,
4433,44.330,9.297,-0.485,2.291,
4434,44.340,9.272,-0.502,2.278,
4435,44.350,9.296,-0.447,2.331,
4436,44.360,9.269,-0.387,2.303,
4437,44.370,9.338,-0.379,2.335,
4438,44.380,9.270,-0.381,2.396,
4439,44.390,9.283,-0.344,2.401,
4440,44.400,9.242,-0.406,2.446,
4441,44.410,9.203,-0.400,2.367,
4442,44.420,9.234,-0.409,2.392,
4443,44.430,9.326,-0.362,2.539,
4444,44.440,9.373,-0.447,2.631,
4445,44.450,9.416,-0.398,2.323,
4446,44.460,9.500,-0.384,2.302,
4447,44.470,9.608,-0.434,2.471,
4448,44.480,9.662,-0.464,2.293,
4449,44.490,9.486,-0.528,2.384,
4450,44.500,9.310,-0.506,2.399,
4451,44.510,9.324,-0.540,2.358,
4452,44.520,9.254,-0.586,2.363,
4453,44.530,9.245,-0.684,2.329,
4454,44.540,9.156,-0.610,2.414,
4455,44.550,9.176,-0.622,2.434,
4456,44.560,9.206,-0.573,2.410,
4457,44.570,9.215,-0.497,2.437,
4458,44.580,9.338,-0.513,2.414,
4459,44.590,9.405,-0.548,2.485,
4460,44.600,9.415,-0.494,2.406,
4461,44.610,9.452,-0.467,2.442,
4462,44.620,9.482,-0.538,2.396,
4463,44.630,9.464,-0.531,2.442,
4464,44.640,9.368,-0.592,2.420,
4465,44.650,9.279,-0.540,2.430,
4466,44.660,9.296,-0.550,2.457,
4467,44.670,9.281,-0.536,2.475,
4468,44.680,9.281,-0.545,2.434,
4469,44.690,9.320,-0.554,2.449,
4470,44.700,9.360,-0.502,2.406,
4471,44.710,9.373,-0.556,2.484,
4472,44.720,9.332,-0.534,2.463,
4473,44.730,9.360,-0.578,2.454,
4474,44.740,9.348,-0.570,2.419,
4475,44.750,9.313,-0.603,2.417,
4476,44.760,9.267,-0.564,2.453,
4477,44.770,9.296,-0.511,2.408,
4478,44.780,9.252,-0.558,2.508,
4479,44.790,9.257,-0.506,2.410,
4480,44.800,9.269,-0.540,2.436,
4481,44.810,9.371,-0.499,2.503,
4482,44.820,9.325,-0.533,2.405,
4483,44.830,9.429,-0.599,2.334,
4484,44.840,9.507,-0.556,2.443,
4485,44.850,9.619,-0.573,2.376,
4486,44.860,9.466,-0.517,2.307,
4487,44.870,9.345,-0.466,2.419,
4488,44.880,9.318,-0.458,2.381,
4489,44.890,9.370,-0.496,2.337,
4490,44.900,9.327,-0.522,2.315,
4491,44.910,9.376,-0.549,2.344,
4492,44.920,9.356,-0.623,2.423,
4493,44.930,9.277,-0.651,2.475,
4494,44.940,9.221,-0.702,2.496,
4495,44.950,9.178,-0.722,2.377,
4496,44.960,9.163,-0.773,2.359,
4497,44.970,9.210,-0.799,2.389,
4498,44.980,9.324,-0.799,2.417,
4499,44.990,9.395,-0.769,2.449,
4500,45.000,9.498,-0.683,2.399,
4501,45.010,9.552,-0.619,2.374,
4502,45.020,9.553,-0.563,2.334,
4503,45.030,9.516,-0.556,2.383,
4504,45.040,9.516,-0.520,2.352,
4505,45.050,9.479,-0.543,2.436,
4506,45.060,9.443,-0.540,2.384,
4507,45.070,9.430,-0.617,2.400,
4508,45.080,9.375,-0.660,2.364,
4509,45.090,9.349,-0.659,2.369,
4510,45.100,9.382,-0.646,2.346,
4511,45.110,9.448,-0.642,2.372,
4512,45.120,9.427,-0.681,2.364,
4513,45.130,9.406,-0.669,2.429,
4514,45.140,9.333,-0.682,2.411,
4515,45.150,9.337,-0.654,2.375,
4516,45.160,9.362,-0.610,2.369,
4517,45.170,9.385,-0.585,2.363,
4518,45.180,9.447,-0.602,2.410,
4519,45.190,9.471,-0.591,2.353,
4520,45.200,9.439,-0.518,2.234,
4521,45.210,9.507,-0.487,2.279,
4522,45.220,9.640,-0.499,2.416,
4523,45.230,9.567,-0.570,2.372,
4524,45.240,9.433,-0.552,2.392,
4525,45.250,9.333,-0.511,2.353,
4526,45.260,9.357,-0.568,2.350,
4527,45.270,9.364,-0.545,2.347,
4528,45.280,9.448,-0.520,2.332,
4529,45.290,9.465,-0.564,2.327,
4530,45.300,9.455,-0.522,2.394,
4531,45.310,9.377,-0.600,2.404,
4532,45.320,9.324,-0.619,2.362,
4533,45.330,9.351,-0.653,2.449,
4534,45.340,9.355,-0.676,2.447,
4535,45.350,9.300,-0.695,2.407,
4536,45.360,9.337,-0.646,2.450,
4537,45.370,9.380,-0.603,2.455,
4538,45.380,9.393,-0.616,2.381,
4539,45.390,9.413,-0.582,2.344,
4540,45.400,9.447,-0.587,2.345,
4541,45.410,9.437,-0.584,2.355,
4542,45.420,9.448,-0.591,2.333,
4543,45.430,9.413,-0.526,2.420,
4544,45.440,9.401,-0.540,2.387,
4545,45.450,9.437,-0.483,2.329,
4546,45.460,9.424,-0.494,2.431,
4547,45.470,9.436,-0.487,2.383,
4548,45.480,9.446,-0.487,2.414,
4549,45.490,9.510,-0.584,2.321,
4550,45.500,9.563,-0.551,2.295,
4551,45.510,9.575,-0.534,2.329,
4552,45.520,9.570,-0.467,2.331,
4553,45.530,9.549,-0.475,2.380,
4554,45.540,9.522,-0.467,2.340,
4555,45.550,9.525,-0.478,2.314,
4556,45.560,9.479,-0.428,2.405,
4557,45.570,9.441,-0.432,2.326,
4558,45.580,9.448,-0.423,2.191,
4559,45.590,9.539,-0.423,2.232,
4560,45.600,9.673,-0.387,2.328,
4561,45.610,9.636,-0.332,2.155,
4562,45.620,9.494,-0.276,2.288,
4563,45.630,9.394,-0.324,2.325,
4564,45.640,9.327,-0.306,2.343,
4565,45.650,9.249,-0.332,2.349,
4566,45.660,9.252,-0.366,2.367,
4567,45.670,9.186,-0.422,2.371,
4568,45.680,9.203,-0.436,2.386,
4569,45.690,9.242,-0.442,2.405,
4570,45.700,9.324,-0.477,2.442,
4571,45.710,9.327,-0.427,2.411,
4572,45.720,9.373,-0.353,2.367,
4573,45.730,9.388,-0.303,2.418,
4574,45.740,9.422,-0.303,2.402,
4575,45.750,9.423,-0.278,2.441,
4576,45.760,9.416,-0.253,2.377,
4577,45.770,9.369,-0.290,2.350,
4578,45.780,9.368,-0.320,2.351,
4579,45.790,9.346,-0.315,2.370,
4580,45.800,9.387,-0.283,2.347,
4581,45.810,9.391,-0.275,2.315,
4582,45.820,9.446,-0.234,2.295,
4583,45.830,9.507,-0.239,2.302,
4584,45.840,9.516,-0.246,2.278,
4585,45.850,9.577,-0.302,2.420,
4586,45.860,9.585,-0.320,2.322,
4587,45.870,9.527,-0.338,2.332,
4588,45.880,9.454,-0.378,2.303,
4589,45.890,9.369,-0.379,2.412,
4590,45.900,9.295,-0.430,2.435,
4591,45.910,9.235,-0.387,2.388,
4592,45.920,9.194,-0.394,2.382,
4593,45.930,9.269,-0.360,2.405,
4594,45.940,9.340,-0.323,2.507,
4595,45.950,9.321,-0.294,2.408,
4596,45.960,9.376,-0.301,2.250,
4597,45.970,9.491,-0.226,2.315,
4598,45.980,9.612,-0.245,2.380,
4599,45.990,9.569,-0.258,2.265,
4600,46.000,9.403,-0.217,2.340,
4601,46.010,9.334,-0.246,2.357,
4602,46.020,9.310,-0.356,2.339,
4603,46.030,9.254,-0.275,2.333,
4604,46.040,9.211,-0.317,2.462,
4605,46.050,9.179,-0.313,2.422,
4606,46.060,9.196,-0.367,2.479,
4607,46.070,9.273,-0.355,2.460,
4608,46.080,9.294,-0.332,2.374,
4609,46.090,9.357,-0.359,2.431,
4610,46.100,9.411,-0.314,2.466,
4611,46.110,9.412,-0.301,2.522,
4612,46.120,9.424,-0.289,2.444,
4613,46.130,9.412,-0.332,2.399,
4614,46.140,9.427,-0.354,2.401,
4615,46.150,9.394,-0.396,2.377,
4616,46.160,9.351,-0.386,2.347,
4617,46.170,9.358,-0.321,2.361,
4618,46.180,9.387,-0.301,2.424,
4619,46.190,9.389,-0.270,2.369,
4620,46.200,9.376,-0.329,2.438,
4621,46.210,9.429,-0.339,2.432,
4622,46.220,9.488,-0.332,2.436,
4623,46.230,9.433,-0.312,2.459,
4624,46.240,9.447,-0.307,2.480,
4625,46.250,9.448,-0.280,2.559,
4626,46.260,9.364,-0.318,2.531,
4627,46.270,9.294,-0.297,2.542,
4628,46.280,9.236,-0.347,2.581,
4629,46.290,9.172,-0.300,2.602,
4630,46.300,9.186,-0.378,2.536,
4631,46.310,9.254,-0.402,2.671,
4632,46.320,9.297,-0.418,2.623,
4633,46.330,9.295,-0.471,2.456,
4634,46.340,9.383,-0.441,2.450,
4635,46.350,9.479,-0.423,2.575,
4636,46.360,9.455,-0.379,2.496,
4637,46.370,9.397,-0.372,2.557,
4638,46.380,9.336,-0.422,2.481,
4639,46.390,9.319,-0.439,2.507,
4640,46.400,9.405,-0.408,2.459,
4641,46.410,9.387,-0.441,2.463,
4642,46.420,9.345,-0.466,2.539,
4643,46.430,9.342,-0.414,2.461,
4644,46.440,9.373,-0.379,2.460,
4645,46.450,9.363,-0.393,2.526,
4646,46.460,9.400,-0.387,2.548,
4647,46.470,9.389,-0.429,2.572,
4648,46.480,9.373,-0.424,2.504,
4649,46.490,9.454,-0.384,2.486,
4650,46.500,9.468,-0.345,2.475,
4651,46.510,9.494,-0.333,2.418,
4652,46.520,9.489,-0.275,2.418,
4653,46.530,9.421,-0.258,2.444,
4654,46.540,9.461,-0.192,2.398,
4655,46.550,9.434,-0.222,2.438,
4656,46.560,9.442,-0.265,2.463,
4657,46.570,9.412,-0.285,2.430,
4658,46.580,9.338,-0.278,2.437,
4659,46.590,9.327,-0.314,2.499,
4660,46.600,9.312,-0.284,2.473,
4661,46.610,9.356,-0.308,2.480,
4662,46.620,9.439,-0.366,2.454,
4663,46.630,9.460,-0.341,2.466,
4664,46.640,9.465,-0.309,2.519,
4665,46.650,9.433,-0.283,2.521,
4666,46.660,9.437,-0.258,2.534,
4667,46.670,9.462,-0.278,2.551,
4668,46.680,9.466,-0.228,2.572,
4669,46.690,9.508,-0.199,2.571,
4670,46.700,9.453,-0.208,2.469,
4671,46.710,9.484,-0.217,2.338,
4672,46.720,9.569,-0.218,2.502,
4673,46.730,9.575,-0.258,2.487,
4674,46.740,9.303,-0.246,2.617,
4675,46.750,9.166,-0.251,2.660,
4676,46.760,9.172,-0.221,2.572,
4677,46.770,9.223,-0.205,2.599,
4678,46.780,9.198,-0.214,2.615,
4679,46.790,9.236,-0.223,2.613,
4680,46.800,9.248,-0.241,2.656,
4681,46.810,9.242,-0.277,2.661,
4682,46.820,9.267,-0.312,2.608,
4683,46.830,9.278,-0.291,2.669,
4684,46.840,9.292,-0.295,2.699,
4685,46.850,9.247,-0.315,2.650,
4686,46.860,9.233,-0.269,2.685,
4687,46.870,9.286,-0.247,2.650,
4688,46.880,9.320,-0.266,2.605,
4689,46.890,9.355,-0.300,2.685,
4690,46.900,9.377,-0.309,2.675,
4691,46.910,9.413,-0.287,2.629,
4692,46.920,9.442,-0.305,2.631,
4693,46.930,9.388,-0.320,2.718,
4694,46.940,9.399,-0.314,2.714,
4695,46.950,9.338,-0.331,2.618,
4696,46.960,9.282,-0.306,2.649,
4697,46.970,9.266,-0.354,2.590,
4698,46.980,9.252,-0.288,2.638,
4699,46.990,9.204,-0.336,2.613,
4700,47.000,9.219,-0.348,2.596,
4701,47.010,9.217,-0.337,2.635,
4702,47.020,9.168,-0.321,2.673,
4703,47.030,9.139,-0.361,2.776,
4704,47.040,9.260,-0.391,2.741,
4705,47.050,9.310,-0.368,2.775,
4706,47.060,9.343,-0.392,2.769,
4707,47.070,9.369,-0.355,2.868,
4708,47.080,9.333,-0.307,2.638,
4709,47.090,9.364,-0.309,2.608,
4710,47.100,9.477,-0.229,2.698,
4711,47.110,9.497,-0.246,2.571,
4712,47.120,9.394,-0.224,2.686,
4713,47.130,9.277,-0.218,2.679,
4714,47.140,9.218,-0.233,2.653,
4715,47.150,9.204,-0.233,2.704,
4716,47.160,9.156,-0.287,2.681,
4717,47.170,9.204,-0.342,2.741,
4718,47.180,9.155,-0.329,2.776,
4719,47.190,9.190,-0.373,2.738,
4720,47.200,9.193,-0.417,2.787,
4721,47.210,9.242,-0.461,2.704,
4722,47.220,9.253,-0.439,2.716,
4723,47.230,9.276,-0.427,2.747,
4724,47.240,9.249,-0.445,2.732,
4725,47.250,9.261,-0.428,2.697,
4726,47.260,9.231,-0.359,2.708,
4727,47.270,9.235,-0.410,2.740,
4728,47.280,9.231,-0.399,2.718,
4729,47.290,9.265,-0.369,2.736,
4730,47.300,9.298,-0.351,2.684,
4731,47.310,9.318,-0.412,2.691,
4732,47.320,9.301,-0.429,2.705,
4733,47.330,9.281,-0.393,2.673,
4734,47.340,9.321,-0.428,2.681,
4735,47.350,9.313,-0.459,2.741,
4736,47.360,9.297,-0.404,2.645,
4737,47.370,9.297,-0.427,2.642,
4738,47.380,9.321,-0.438,2.663,
4739,47.390,9.351,-0.382,2.668,
4740,47.400,9.258,-0.426,2.669,
4741,47.410,9.286,-0.409,2.717,
4742,47.420,9.263,-0.356,2.638,
4743,47.430,9.261,-0.415,2.615,
4744,47.440,9.295,-0.432,2.720,
4745,47.450,9.306,-0.424,2.827,
4746,47.460,9.322,-0.417,2.624,
4747,47.470,9.405,-0.415,2.441,
4748,47.480,9.531,-0.385,2.638,
4749,47.490,9.585,-0.400,2.583,
4750,47.500,9.419,-0.436,2.654,
4751,47.510,9.349,-0.405,2.721,
4752,47.520,9.235,-0.410,2.623,
4753,47.530,9.190,-0.384,2.709,
4754,47.540,9.152,-0.353,2.644,
4755,47.550,9.134,-0.341,2.742,
4756,47.560,9.138,-0.370,2.727,
4757,47.570,9.162,-0.399,2.727,
4758,47.580,9.180,-0.399,2.721,
4759,47.590,9.235,-0.417,2.690,
4760,47.600,9.291,-0.440,2.638,
4761,47.610,9.309,-0.411,2.642,
4762,47.620,9.322,-0.369,2.650,
4763,47.630,9.304,-0.362,2.596,
4764,47.640,9.328,-0.351,2.630,
4765,47.650,9.283,-0.319,2.576,
4766,47.660,9.303,-0.331,2.572,
4767,47.670,9.295,-0.332,2.583,
4768,47.680,9.267,-0.296,2.539,
4769,47.690,9.261,-0.315,2.554,
4770,47.700,9.289,-0.336,2.557,
4771,47.710,9.285,-0.331,2.580,
4772,47.720,9.278,-0.344,2.556,
4773,47.730,9.331,-0.392,2.583,
4774,47.740,9.295,-0.369,2.535,
4775,47.750,9.332,-0.351,2.575,
4776,47.760,9.336,-0.329,2.563,
4777,47.770,9.397,-0.337,2.513,
4778,47.780,9.406,-0.262,2.517,
4779,47.790,9.393,-0.321,2.554,
4780,47.800,9.376,-0.320,2.486,
4781,47.810,9.361,-0.350,2.477,
4782,47.820,9.374,-0.387,2.642,
4783,47.830,9.333,-0.375,2.570,
4784,47.840,9.338,-0.345,2.467,
4785,47.850,9.401,-0.299,2.453,
4786,47.860,9.556,-0.414,2.534,
4787,47.870,9.476,-0.423,2.418,
4788,47.880,9.307,-0.367,2.544,
4789,47.890,9.285,-0.357,2.515,
4790,47.900,9.290,-0.356,2.485,
4791,47.910,9.304,-0.308,2.523,
4792,47.920,9.269,-0.229,2.554,
4793,47.930,9.257,-0.317,2.536,
4794,47.940,9.202,-0.296,2.618,
4795,47.950,9.221,-0.347,2.623,
4796,47.960,9.239,-0.345,2.550,
4797,47.970,9.265,-0.338,2.542,
4798,47.980,9.304,-0.378,2.571,
4799,47.990,9.304,-0.374,2.536,
4800,48.000,9.288,-0.345,2.587,
4801,48.010,9.271,-0.378,2.570,
4802,48.020,9.334,-0.375,2.569,
4803,48.030,9.340,-0.441,2.600,
4804,48.040,9.360,-0.451,2.578,
4805,48.050,9.411,-0.355,2.499,
4806,48.060,9.349,-0.362,2.490,
4807,48.070,9.346,-0.327,2.508,
4808,48.080,9.314,-0.342,2.535,
4809,48.090,9.316,-0.345,2.468,
4810,48.100,9.345,-0.376,2.501,
4811,48.110,9.340,-0.394,2.526,
4812,48.120,9.368,-0.422,2.453,
4813,48.130,9.428,-0.436,2.495,
4814,48.140,9.460,-0.374,2.440,
4815,48.150,9.480,-0.381,2.463,
4816,48.160,9.436,-0.374,2.425,
