Frame,Time,GSensor.X,GSensor.Y,GSensor.Z,
0,0.000,-28.0,-72.0,168.7,
1,0.010,-28.3,-71.8,169.0,
2,0.020,-28.6,-71.6,169.3,
3,0.030,-28.8,-71.4,169.6,
4,0.040,-29.0,-71.2,169.9,
5,0.050,-29.2,-71.0,170.1,
6,0.060,-29.3,-70.8,170.4,
7,0.070,-29.4,-70.6,170.6,
8,0.080,-29.4,-70.5,170.8,
9,0.090,-29.4,-70.4,170.9,
10,0.100,-29.4,-70.3,171.0,
11,0.110,-29.3,-70.2,171.0,
12,0.120,-29.1,-70.2,170.9,
13,0.130,-28.8,-70.1,170.8,
14,0.140,-28.5,-70.1,170.6,
15,0.150,-28.2,-70.1,170.4,
16,0.160,-27.8,-70.2,170.2,
17,0.170,-27.5,-70.2,170.0,
18,0.180,-27.2,-70.2,169.8,
19,0.190,-26.8,-70.2,169.6,
20,0.200,-26.5,-70.3,169.4,
21,0.210,-26.2,-70.3,169.2,
22,0.220,-26.0,-70.3,169.1,
23,0.230,-25.8,-70.4,168.9,
24,0.240,-25.6,-70.4,168.9,
25,0.250,-25.5,-70.4,168.9,
26,0.260,-25.5,-70.5,169.0,
27,0.270,-25.5,-70.5,169.0,
28,0.280,-25.5,-70.6,169.1,
29,0.290,-25.5,-70.6,169.2,
30,0.300,-25.5,-70.7,169.4,
31,0.310,-25.5,-70.7,169.5,
32,0.320,-25.5,-70.8,169.6,
33,0.330,-25.5,-70.8,169.7,
34,0.340,-25.5,-70.9,169.9,
35,0.350,-25.5,-71.0,170.0,
36,0.360,-25.5,-71.1,170.2,
37,0.370,-25.5,-71.2,170.3,
38,0.380,-25.4,-71.2,170.4,
39,0.390,-25.3,-71.3,170.5,
40,0.400,-25.2,-71.4,170.6,
41,0.410,-25.1,-71.5,170.7,
42,0.420,-25.0,-71.6,170.8,
43,0.430,-24.9,-71.7,170.8,
44,0.440,-24.8,-71.8,170.9,
45,0.450,-24.7,-71.9,171.0,
46,0.460,-24.6,-71.9,171.0,
47,0.470,-24.4,-72.0,171.0,
48,0.480,-24.2,-72.0,170.9,
49,0.490,-23.9,-72.0,170.8,
50,0.500,-23.6,-72.1,170.7,
51,0.510,-23.3,-72.1,170.6,
52,0.520,-23.1,-72.0,170.6,
53,0.530,-23.0,-72.0,170.7,
54,0.540,-23.0,-71.9,170.9,
55,0.550,-23.0,-71.8,171.2,
56,0.560,-23.0,-71.6,171.4,
57,0.570,-22.9,-71.4,171.6,
58,0.580,-22.7,-71.2,171.7,
59,0.590,-22.4,-71.0,171.7,
60,0.600,-21.9,-70.8,171.6,
61,0.610,-21.4,-70.6,171.4,
62,0.620,-20.9,-70.4,171.1,
63,0.630,-20.3,-70.2,170.8,
64,0.640,-19.7,-70.1,170.5,
65,0.650,-19.1,-69.9,170.2,
66,0.660,-18.6,-69.8,170.0,
67,0.670,-18.2,-69.7,169.9,
68,0.680,-17.9,-69.6,169.9,
69,0.690,-17.6,-69.5,169.9,
70,0.700,-17.4,-69.5,170.0,
71,0.710,-17.2,-69.4,170.0,
72,0.720,-17.0,-69.3,170.0,
73,0.730,-16.8,-69.3,170.0,
74,0.740,-16.6,-69.3,169.9,
75,0.750,-16.4,-69.3,169.8,
76,0.760,-16.1,-69.2,169.6,
77,0.770,-15.9,-69.2,169.5,
78,0.780,-15.7,-69.3,169.4,
79,0.790,-15.6,-69.3,169.3,
80,0.800,-15.5,-69.3,169.2,
81,0.810,-15.4,-69.3,169.1,
82,0.820,-15.4,-69.3,169.0,
83,0.830,-15.5,-69.4,169.0,
84,0.840,-15.5,-69.4,168.9,
85,0.850,-15.5,-69.4,168.8,
86,0.860,-15.6,-69.5,168.7,
87,0.870,-15.7,-69.5,168.7,
88,0.880,-15.8,-69.5,168.6,
89,0.890,-16.0,-69.5,168.6,
90,0.900,-16.2,-69.5,168.6,
91,0.910,-16.4,-69.5,168.6,
92,0.920,-16.7,-69.5,168.7,
93,0.930,-17.0,-69.5,168.8,
94,0.940,-17.3,-69.5,168.9,
95,0.950,-17.5,-69.5,169.0,
96,0.960,-17.8,-69.5,169.1,
97,0.970,-18.1,-69.5,169.3,
98,0.980,-18.4,-69.4,169.5,
99,0.990,-18.7,-69.4,169.8,
100,1.000,-19.0,-69.4,170.0,
101,1.010,-19.3,-69.4,170.3,
102,1.020,-19.7,-69.4,170.5,
103,1.030,-20.0,-69.4,170.8,
104,1.040,-20.4,-69.3,171.1,
105,1.050,-20.7,-69.3,171.4,
106,1.060,-21.1,-69.3,171.8,
107,1.070,-21.4,-69.3,172.1,
108,1.080,-21.8,-69.3,172.4,
109,1.090,-22.1,-69.2,172.6,
110,1.100,-22.4,-69.2,172.9,
111,1.110,-22.6,-69.2,173.1,
112,1.120,-22.8,-69.2,173.3,
113,1.130,-23.0,-69.2,173.4,
114,1.140,-23.2,-69.2,173.5,
115,1.150,-23.3,-69.2,173.6,
116,1.160,-23.5,-69.3,173.7,
117,1.170,-23.6,-69.3,173.8,
118,1.180,-23.8,-69.3,173.9,
119,1.190,-23.9,-69.3,173.9,
120,1.200,-24.0,-69.3,174.0,
121,1.210,-24.1,-69.3,174.1,
122,1.220,-24.2,-69.3,174.1,
123,1.230,-24.3,-69.3,174.1,
124,1.240,-24.4,-69.4,174.2,
125,1.250,-24.5,-69.4,174.2,
126,1.260,-24.6,-69.4,174.3,
127,1.270,-24.8,-69.4,174.4,
128,1.280,-25.0,-69.4,174.6,
129,1.290,-25.2,-69.5,174.8,
130,1.300,-25.4,-69.5,175.0,
131,1.310,-25.7,-69.5,175.2,
132,1.320,-25.9,-69.5,175.4,
133,1.330,-26.1,-69.5,175.6,
134,1.340,-26.3,-69.5,175.8,
135,1.350,-26.4,-69.5,175.9,
136,1.360,-26.6,-69.6,176.0,
137,1.370,-26.7,-69.6,176.1,
138,1.380,-26.8,-69.7,176.2,
139,1.390,-26.9,-69.7,176.3,
140,1.400,-27.0,-69.7,176.4,
141,1.410,-27.1,-69.8,176.5,
142,1.420,-27.2,-69.8,176.6,
143,1.430,-27.3,-69.8,176.6,
144,1.440,-27.4,-69.8,176.7,
145,1.450,-27.5,-69.8,176.8,
146,1.460,-27.6,-69.8,176.8,
147,1.470,-27.7,-69.8,176.9,
148,1.480,-27.8,-69.8,176.9,
149,1.490,-27.8,-69.8,177.0,
150,1.500,-27.9,-69.8,177.0,
151,1.510,-27.9,-69.8,177.1,
152,1.520,-28.0,-69.8,177.1,
153,1.530,-28.0,-69.8,177.1,
154,1.540,-28.0,-69.8,177.2,
155,1.550,-28.0,-69.8,177.2,
156,1.560,-28.0,-69.8,177.2,
157,1.570,-28.0,-69.8,177.1,
158,1.580,-27.9,-69.8,177.1,
159,1.590,-27.9,-69.8,177.1,
160,1.600,-27.9,-69.8,177.1,
161,1.610,-27.8,-69.8,177.1,
162,1.620,-27.8,-69.8,177.1,
163,1.630,-27.8,-69.8,177.0,
164,1.640,-27.8,-69.8,177.0,
165,1.650,-27.7,-69.8,177.0,
166,1.660,-27.7,-69.8,177.0,
167,1.670,-27.7,-69.8,176.9,
168,1.680,-27.6,-69.8,176.9,
169,1.690,-27.6,-69.8,176.8,
170,1.700,-27.6,-69.8,176.8,
171,1.710,-27.5,-69.8,176.7,
172,1.720,-27.5,-69.8,176.7,
173,1.730,-27.4,-69.8,176.6,
174,1.740,-27.4,-69.8,176.6,
175,1.750,-27.3,-69.8,176.5,
176,1.760,-27.3,-69.8,176.4,
177,1.770,-27.2,-69.8,176.4,
178,1.780,-27.2,-69.8,176.3,
179,1.790,-27.2,-69.8,176.3,
180,1.800,-27.2,-69.8,176.2,
181,1.810,-27.2,-69.8,176.2,
182,1.820,-27.1,-69.8,176.1,
183,1.830,-27.1,-69.8,176.1,
184,1.840,-27.2,-69.8,176.1,
185,1.850,-27.2,-69.8,176.1,
186,1.860,-27.2,-69.8,176.0,
187,1.870,-27.2,-69.8,176.0,
188,1.880,-27.1,-69.8,175.9,
189,1.890,-27.1,-69.8,175.9,
190,1.900,-27.1,-69.8,175.9,
191,1.910,-27.2,-69.8,175.8,
192,1.920,-27.2,-69.9,175.8,
193,1.930,-27.2,-69.9,175.8,
194,1.940,-27.2,-69.9,175.8,
195,1.950,-27.2,-69.9,175.7,
196,1.960,-27.2,-69.9,175.7,
197,1.970,-27.2,-69.9,175.7,
198,1.980,-27.2,-69.9,175.6,
199,1.990,-27.2,-69.9,175.6,
200,2.000,-27.2,-70.0,175.6,
201,2.010,-27.2,-70.0,175.6,
202,2.020,-27.2,-70.0,175.6,
203,2.030,-27.2,-70.0,175.5,
204,2.040,-27.2,-70.0,175.5,
205,2.050,-27.2,-70.0,175.5,
206,2.060,-27.2,-70.0,175.5,
207,2.070,-27.2,-70.0,175.4,
208,2.080,-27.2,-70.0,175.4,
209,2.090,-27.2,-70.0,175.4,
210,2.100,-27.2,-70.0,175.4,
211,2.110,-27.2,-70.1,175.4,
212,2.120,-27.1,-70.1,175.3,
213,2.130,-27.1,-70.1,175.3,
214,2.140,-27.1,-70.1,175.3,
215,2.150,-27.1,-70.1,175.3,
216,2.160,-27.1,-70.1,175.2,
217,2.170,-27.0,-70.1,175.2,
218,2.180,-27.0,-70.1,175.2,
219,2.190,-27.0,-70.1,175.2,
220,2.200,-27.0,-70.1,175.2,
221,2.210,-27.0,-70.1,175.2,
222,2.220,-27.0,-70.1,175.2,
223,2.230,-27.0,-70.1,175.2,
224,2.240,-26.9,-70.1,175.1,
225,2.250,-26.9,-70.1,175.1,
226,2.260,-26.9,-70.1,175.1,
227,2.270,-26.9,-70.1,175.1,
228,2.280,-26.8,-70.1,175.0,
229,2.290,-26.8,-70.1,175.0,
230,2.300,-26.8,-70.1,175.0,
231,2.310,-26.8,-70.1,175.0,
232,2.320,-26.8,-70.1,175.0,
233,2.330,-26.7,-70.1,175.0,
234,2.340,-26.7,-70.1,174.9,
235,2.350,-26.7,-70.1,174.9,
236,2.360,-26.7,-70.1,174.9,
237,2.370,-26.7,-70.1,174.9,
238,2.380,-26.6,-70.1,174.9,
239,2.390,-26.6,-70.1,174.9,
240,2.400,-26.6,-70.1,174.9,
241,2.410,-26.6,-70.1,174.9,
242,2.420,-26.6,-70.1,174.9,
243,2.430,-26.6,-70.2,174.9,
244,2.440,-26.6,-70.2,174.9,
245,2.450,-26.6,-70.2,174.9,
246,2.460,-26.6,-70.2,174.9,
247,2.470,-26.6,-70.2,174.9,
248,2.480,-26.5,-70.2,174.9,
249,2.490,-26.5,-70.2,174.9,
250,2.500,-26.5,-70.2,174.9,
251,2.510,-26.5,-70.2,174.8,
252,2.520,-26.5,-70.2,174.8,
253,2.530,-26.4,-70.2,174.8,
254,2.540,-26.4,-70.2,174.8,
255,2.550,-26.4,-70.2,174.8,
256,2.560,-26.4,-70.2,174.8,
257,2.570,-26.4,-70.2,174.8,
258,2.580,-26.4,-70.2,174.8,
259,2.590,-26.4,-70.3,174.8,
260,2.600,-26.4,-70.3,174.8,
261,2.610,-26.4,-70.3,174.8,
262,2.620,-26.4,-70.3,174.8,
263,2.630,-26.3,-70.3,174.8,
264,2.640,-26.3,-70.3,174.8,
265,2.650,-26.3,-70.3,174.8,
266,2.660,-26.3,-70.3,174.8,
267,2.670,-26.3,-70.3,174.8,
268,2.680,-26.3,-70.3,174.8,
269,2.690,-26.3,-70.3,174.8,
270,2.700,-26.3,-70.4,174.8,
271,2.710,-26.3,-70.4,174.8,
272,2.720,-26.3,-70.4,174.8,
273,2.730,-26.3,-70.4,174.8,
274,2.740,-26.3,-70.4,174.8,
275,2.750,-26.3,-70.4,174.8,
276,2.760,-26.3,-70.4,174.9,
277,2.770,-26.3,-70.4,174.8,
278,2.780,-26.2,-70.4,174.8,
279,2.790,-26.2,-70.4,174.8,
280,2.800,-26.2,-70.4,174.8,
281,2.810,-26.2,-70.4,174.8,
282,2.820,-26.2,-70.4,174.8,
283,2.830,-26.2,-70.4,174.8,
284,2.840,-26.2,-70.4,174.8,
285,2.850,-26.2,-70.4,174.8,
286,2.860,-26.1,-70.4,174.8,
287,2.870,-26.1,-70.4,174.8,
288,2.880,-26.1,-70.4,174.8,
289,2.890,-26.1,-70.4,174.8,
290,2.900,-26.1,-70.4,174.8,
291,2.910,-26.1,-70.4,174.8,
292,2.920,-26.0,-70.4,174.7,
293,2.930,-26.0,-70.4,174.7,
294,2.940,-26.0,-70.4,174.7,
295,2.950,-26.0,-70.4,174.7,
296,2.960,-25.9,-70.4,174.7,
297,2.970,-25.9,-70.4,174.7,
298,2.980,-25.9,-70.4,174.7,
299,2.990,-25.9,-70.4,174.7,
300,3.000,-25.9,-70.4,174.7,
301,3.010,-25.9,-70.4,174.7,
302,3.020,-25.8,-70.4,174.6,
303,3.030,-25.8,-70.4,174.6,
304,3.040,-25.8,-70.4,174.6,
305,3.050,-25.8,-70.4,174.6,
306,3.060,-25.8,-70.4,174.6,
307,3.070,-25.8,-70.4,174.6,
308,3.080,-25.8,-70.5,174.6,
309,3.090,-25.8,-70.5,174.6,
310,3.100,-25.8,-70.5,174.6,
311,3.110,-25.8,-70.5,174.6,
312,3.120,-25.8,-70.5,174.6,
313,3.130,-25.8,-70.5,174.6,
314,3.140,-25.8,-70.5,174.6,
315,3.150,-25.8,-70.5,174.6,
316,3.160,-25.8,-70.5,174.6,
317,3.170,-25.8,-70.5,174.6,
318,3.180,-25.8,-70.5,174.6,
319,3.190,-25.8,-70.5,174.6,
320,3.200,-25.8,-70.5,174.6,
321,3.210,-25.8,-70.5,174.6,
322,3.220,-25.8,-70.5,174.6,
323,3.230,-25.8,-70.6,174.6,
324,3.240,-25.8,-70.6,174.6,
325,3.250,-25.8,-70.6,174.6,
326,3.260,-25.8,-70.6,174.6,
327,3.270,-25.8,-70.6,174.6,
328,3.280,-25.8,-70.6,174.7,
329,3.290,-25.8,-70.6,174.7,
330,3.300,-25.8,-70.6,174.7,
331,3.310,-25.8,-70.6,174.7,
332,3.320,-25.8,-70.7,174.7,
333,3.330,-25.8,-70.7,174.7,
334,3.340,-25.8,-70.7,174.7,
335,3.350,-25.8,-70.7,174.7,
336,3.360,-25.8,-70.7,174.7,
337,3.370,-25.8,-70.7,174.7,
338,3.380,-25.8,-70.7,174.7,
339,3.390,-25.8,-70.7,174.7,
340,3.400,-25.8,-70.8,174.7,
341,3.410,-25.8,-70.8,174.7,
342,3.420,-25.8,-70.8,174.7,
343,3.430,-25.8,-70.8,174.7,
344,3.440,-25.8,-70.8,174.7,
345,3.450,-25.8,-70.8,174.7,
346,3.460,-25.8,-70.8,174.7,
347,3.470,-25.8,-70.9,174.7,
348,3.480,-25.8,-70.9,174.7,
349,3.490,-25.8,-70.9,174.7,
350,3.500,-25.8,-70.9,174.7,
351,3.510,-25.8,-70.9,174.7,
352,3.520,-25.7,-70.9,174.7,
353,3.530,-25.7,-70.9,174.7,
354,3.540,-25.7,-70.9,174.7,
355,3.550,-25.7,-71.0,174.7,
356,3.560,-25.7,-71.0,174.7,
357,3.570,-25.7,-71.0,174.6,
358,3.580,-25.7,-71.0,174.6,
359,3.590,-25.7,-71.0,174.6,
360,3.600,-25.7,-71.0,174.6,
361,3.610,-25.7,-71.0,174.6,
362,3.620,-25.6,-71.0,174.6,
363,3.630,-25.6,-71.0,174.6,
364,3.640,-25.6,-71.0,174.6,
365,3.650,-25.6,-71.0,174.5,
366,3.660,-25.6,-71.0,174.5,
367,3.670,-25.6,-71.0,174.5,
368,3.680,-25.6,-71.0,174.5,
369,3.690,-25.6,-71.0,174.5,
370,3.700,-25.6,-71.0,174.5,
371,3.710,-25.6,-71.0,174.5,
372,3.720,-25.6,-71.0,174.5,
373,3.730,-25.6,-71.0,174.5,
374,3.740,-25.6,-71.0,174.5,
375,3.750,-25.6,-71.0,174.5,
376,3.760,-25.6,-71.0,174.5,
377,3.770,-25.6,-71.0,174.5,
378,3.780,-25.6,-71.1,174.5,
379,3.790,-25.6,-71.1,174.5,
380,3.800,-25.6,-71.1,174.5,
381,3.810,-25.6,-71.1,174.5,
382,3.820,-25.6,-71.1,174.5,
383,3.830,-25.6,-71.1,174.5,
384,3.840,-25.6,-71.1,174.5,
385,3.850,-25.6,-71.1,174.5,
386,3.860,-25.6,-71.1,174.5,
387,3.870,-25.6,-71.1,174.5,
388,3.880,-25.6,-71.1,174.5,
389,3.890,-25.6,-71.1,174.5,
390,3.900,-25.5,-71.1,174.5,
391,3.910,-25.5,-71.1,174.6,
392,3.920,-25.5,-71.1,174.6,
393,3.930,-25.5,-71.1,174.6,
394,3.940,-25.5,-71.1,174.6,
395,3.950,-25.5,-71.1,174.6,
396,3.960,-25.5,-71.1,174.6,
397,3.970,-25.4,-71.1,174.5,
398,3.980,-25.4,-71.1,174.5,
399,3.990,-25.4,-71.1,174.5,
400,4.000,-25.4,-71.1,174.5,
401,4.010,-25.3,-71.1,174.5,
402,4.020,-25.3,-71.1,174.5,
403,4.030,-25.3,-71.1,174.5,
404,4.040,-25.3,-71.1,174.5,
405,4.050,-25.3,-71.1,174.5,
406,4.060,-25.3,-71.1,174.5,
407,4.070,-25.3,-71.1,174.5,
408,4.080,-25.3,-71.1,174.6,
409,4.090,-25.3,-71.1,174.6,
410,4.100,-25.3,-71.1,174.6,
411,4.110,-25.3,-71.1,174.6,
412,4.120,-25.3,-71.1,174.6,
413,4.130,-25.3,-71.1,174.6,
414,4.140,-25.3,-71.1,174.6,
415,4.150,-25.3,-71.1,174.6,
416,4.160,-25.3,-71.1,174.7,
417,4.170,-25.3,-71.1,174.7,
418,4.180,-25.3,-71.1,174.7,
419,4.190,-25.3,-71.1,174.7,
420,4.200,-25.3,-71.1,174.7,
421,4.210,-25.3,-71.1,174.7,
422,4.220,-25.3,-71.1,174.7,
423,4.230,-25.3,-71.1,174.7,
424,4.240,-25.3,-71.1,174.7,
425,4.250,-25.3,-71.1,174.7,
426,4.260,-25.3,-71.1,174.7,
427,4.270,-25.3,-71.1,174.7,
428,4.280,-25.3,-71.1,174.7,
429,4.290,-25.3,-71.1,174.7,
430,4.300,-25.4,-71.1,174.7,
431,4.310,-25.4,-71.1,174.7,
432,4.320,-25.4,-71.1,174.7,
433,4.330,-25.4,-71.1,174.7,
434,4.340,-25.4,-71.1,174.7,
435,4.350,-25.3,-71.1,174.7,
436,4.360,-25.3,-71.1,174.7,
437,4.370,-25.3,-71.1,174.7,
438,4.380,-25.3,-71.1,174.7,
439,4.390,-25.3,-71.1,174.7,
440,4.400,-25.3,-71.1,174.7,
441,4.410,-25.3,-71.1,174.7,
442,4.420,-25.3,-71.1,174.7,
443,4.430,-25.3,-71.1,174.7,
444,4.440,-25.3,-71.1,174.7,
445,4.450,-25.3,-71.1,174.7,
446,4.460,-25.3,-71.1,174.7,
447,4.470,-25.3,-71.1,174.7,
448,4.480,-25.3,-71.1,174.7,
449,4.490,-25.3,-71.1,174.7,
450,4.500,-25.3,-71.1,174.7,
451,4.510,-25.3,-71.1,174.7,
452,4.520,-25.3,-71.1,174.8,
453,4.530,-25.3,-71.1,174.8,
454,4.540,-25.4,-71.1,174.8,
455,4.550,-25.4,-71.1,174.8,
456,4.560,-25.4,-71.1,174.8,
457,4.570,-25.4,-71.1,174.8,
458,4.580,-25.4,-71.1,174.8,
459,4.590,-25.4,-71.1,174.8,
460,4.600,-25.4,-71.1,174.8,
461,4.610,-25.3,-71.1,174.8,
462,4.620,-25.3,-71.1,174.8,
463,4.630,-25.3,-71.1,174.8,
464,4.640,-25.3,-71.1,174.8,
465,4.650,-25.3,-71.1,174.8,
466,4.660,-25.3,-71.1,174.8,
467,4.670,-25.3,-71.1,174.8,
468,4.680,-25.3,-71.1,174.8,
469,4.690,-25.3,-71.1,174.8,
470,4.700,-25.3,-71.1,174.9,
471,4.710,-25.3,-71.1,174.9,
472,4.720,-25.3,-71.1,174.9,
473,4.730,-25.3,-71.1,174.9,
474,4.740,-25.3,-71.0,174.9,
475,4.750,-25.3,-71.0,174.9,
476,4.760,-25.3,-71.0,174.9,
477,4.770,-25.3,-71.0,174.9,
478,4.780,-25.3,-71.0,174.8,
479,4.790,-25.3,-71.0,174.8,
480,4.800,-25.2,-71.0,174.8,
481,4.810,-25.2,-71.0,174.8,
482,4.820,-25.2,-70.9,174.8,
483,4.830,-25.2,-70.9,174.8,
484,4.840,-25.2,-70.9,174.8,
485,4.850,-25.2,-70.9,174.8,
486,4.860,-25.2,-70.9,174.8,
487,4.870,-25.2,-70.9,174.8,
488,4.880,-25.2,-70.9,174.8,
489,4.890,-25.1,-70.9,174.8,
490,4.900,-25.1,-70.9,174.8,
491,4.910,-25.1,-70.9,174.8,
492,4.920,-25.1,-70.9,174.8,
493,4.930,-25.2,-70.9,174.9,
494,4.940,-25.2,-70.9,174.9,
495,4.950,-25.2,-70.9,174.9,
496,4.960,-25.2,-70.9,174.9,
497,4.970,-25.2,-70.9,174.9,
498,4.980,-25.2,-70.9,174.9,
499,4.990,-25.2,-70.9,175.0,
500,5.000,-25.2,-70.9,175.0,
501,5.010,-25.2,-70.9,175.0,
502,5.020,-25.2,-70.9,175.0,
503,5.030,-25.2,-70.9,175.0,
504,5.040,-25.2,-70.9,175.0,
505,5.050,-25.2,-70.9,175.0,
506,5.060,-25.2,-70.9,175.0,
507,5.070,-25.2,-70.9,175.0,
508,5.080,-25.2,-70.9,175.0,
509,5.090,-25.2,-70.9,175.0,
510,5.100,-25.2,-70.9,175.0,
511,5.110,-25.2,-70.9,175.0,
512,5.120,-25.2,-70.8,175.0,
513,5.130,-25.2,-70.8,175.0,
514,5.140,-25.2,-70.8,175.0,
515,5.150,-25.2,-70.8,175.0,
516,5.160,-25.2,-70.8,175.0,
517,5.170,-25.1,-70.8,174.9,
518,5.180,-25.1,-70.8,174.9,
519,5.190,-25.1,-70.8,174.9,
520,5.200,-25.1,-70.8,174.9,
521,5.210,-25.1,-70.8,175.0,
522,5.220,-25.1,-70.8,175.0,
523,5.230,-25.2,-70.8,175.0,
524,5.240,-25.2,-70.8,175.0,
525,5.250,-25.2,-70.9,175.0,
526,5.260,-25.2,-70.9,175.0,
527,5.270,-25.2,-70.9,175.0,
528,5.280,-25.2,-70.9,175.0,
529,5.290,-25.2,-70.9,175.0,
530,5.300,-25.2,-70.9,175.0,
531,5.310,-25.2,-70.9,175.0,
532,5.320,-25.2,-70.9,175.0,
533,5.330,-25.3,-70.8,175.0,
534,5.340,-25.2,-70.8,174.9,
535,5.350,-25.2,-70.8,174.9,
536,5.360,-25.2,-70.8,174.9,
537,5.370,-25.2,-70.8,174.9,
538,5.380,-25.2,-70.8,174.9,
539,5.390,-25.2,-70.8,174.9,
540,5.400,-25.2,-70.8,174.9,
541,5.410,-25.2,-70.8,174.9,
542,5.420,-25.2,-70.8,174.9,
543,5.430,-25.2,-70.8,174.9,
544,5.440,-25.2,-70.8,174.9,
545,5.450,-25.2,-70.8,174.9,
546,5.460,-25.2,-70.8,174.9,
547,5.470,-25.2,-70.8,174.9,
548,5.480,-25.2,-70.8,174.9,
549,5.490,-25.2,-70.8,174.9,
550,5.500,-25.2,-70.8,174.9,
551,5.510,-25.2,-70.8,174.9,
552,5.520,-25.2,-70.8,174.9,
553,5.530,-25.2,-70.8,174.9,
554,5.540,-25.2,-70.8,174.9,
555,5.550,-25.3,-70.8,174.9,
556,5.560,-25.3,-70.8,174.9,
557,5.570,-25.3,-70.9,174.9,
558,5.580,-25.2,-70.9,174.9,
559,5.590,-25.2,-70.9,174.9,
560,5.600,-25.2,-70.9,174.9,
561,5.610,-25.2,-70.9,174.9,
562,5.620,-25.2,-70.9,174.9,
563,5.630,-25.2,-70.9,174.9,
564,5.640,-25.2,-70.9,174.9,
565,5.650,-25.2,-70.9,174.9,
566,5.660,-25.2,-70.9,174.9,
567,5.670,-25.2,-70.9,174.9,
568,5.680,-25.2,-70.9,174.9,
569,5.690,-25.2,-70.9,174.9,
570,5.700,-25.2,-70.9,175.0,
571,5.710,-25.2,-70.9,175.0,
572,5.720,-25.2,-70.9,175.0,
573,5.730,-25.2,-70.9,175.0,
574,5.740,-25.2,-70.9,175.0,
575,5.750,-25.2,-70.9,175.0,
576,5.760,-25.2,-70.9,175.0,
577,5.770,-25.1,-70.9,175.0,
578,5.780,-25.1,-70.9,175.0,
579,5.790,-25.1,-70.9,175.0,
580,5.800,-25.1,-70.9,175.0,
581,5.810,-25.1,-70.9,175.0,
582,5.820,-25.1,-70.9,175.0,
583,5.830,-25.1,-70.9,175.0,
584,5.840,-25.1,-70.9,175.0,
585,5.850,-25.1,-70.9,175.0,
586,5.860,-25.1,-70.9,175.0,
587,5.870,-25.1,-71.0,175.0,
588,5.880,-25.1,-71.0,175.0,
589,5.890,-25.1,-71.0,175.0,
590,5.900,-25.1,-71.0,175.0,
591,5.910,-25.1,-71.0,175.0,
592,5.920,-25.1,-71.0,175.0,
593,5.930,-25.1,-71.0,175.0,
594,5.940,-25.1,-71.0,175.1,
595,5.950,-25.1,-71.0,175.1,
596,5.960,-25.1,-71.0,175.1,
597,5.970,-25.1,-71.0,175.0,
598,5.980,-25.1,-71.0,175.0,
599,5.990,-25.1,-71.0,175.0,
600,6.000,-25.1,-71.0,175.0,
601,6.010,-25.1,-71.0,175.0,
602,6.020,-25.1,-71.0,175.1,
603,6.030,-25.1,-71.0,175.1,
604,6.040,-25.1,-71.0,175.1,
605,6.050,-25.1,-71.0,175.1,
606,6.060,-25.1,-71.0,175.1,
607,6.070,-25.1,-71.0,175.1,
608,6.080,-25.1,-71.0,175.1,
609,6.090,-25.1,-71.0,175.1,
610,6.100,-25.1,-71.0,175.1,
611,6.110,-25.1,-71.0,175.1,
612,6.120,-25.1,-71.0,175.1,
613,6.130,-25.1,-71.0,175.1,
614,6.140,-25.1,-71.0,175.2,
615,6.150,-25.1,-71.0,175.2,
616,6.160,-25.0,-71.0,175.2,
617,6.170,-25.0,-71.0,175.2,
618,6.180,-25.0,-71.0,175.2,
619,6.190,-25.0,-71.0,175.2,
620,6.200,-25.0,-71.0,175.2,
621,6.210,-25.0,-71.0,175.2,
622,6.220,-25.0,-71.0,175.2,
623,6.230,-25.0,-71.0,175.2,
624,6.240,-25.0,-71.0,175.2,
625,6.250,-25.0,-71.0,175.2,
626,6.260,-25.0,-71.0,175.3,
627,6.270,-25.0,-71.0,175.2,
628,6.280,-25.0,-71.0,175.2,
629,6.290,-25.0,-71.0,175.2,
630,6.300,-25.0,-71.0,175.2,
631,6.310,-25.0,-71.0,175.2,
632,6.320,-25.0,-71.0,175.3,
633,6.330,-25.0,-71.0,175.3,
634,6.340,-25.0,-71.0,175.3,
635,6.350,-25.0,-71.0,175.3,
636,6.360,-25.0,-71.0,175.3,
637,6.370,-25.0,-71.0,175.3,
638,6.380,-25.0,-71.0,175.3,
639,6.390,-24.9,-71.0,175.3,
640,6.400,-24.9,-71.0,175.3,
641,6.410,-24.9,-71.0,175.2,
642,6.420,-24.9,-71.0,175.2,
643,6.430,-24.9,-71.0,175.2,
644,6.440,-24.9,-71.0,175.2,
645,6.450,-24.9,-71.0,175.2,
646,6.460,-24.8,-71.0,175.2,
647,6.470,-24.8,-71.0,175.2,
648,6.480,-24.8,-70.9,175.2,
649,6.490,-24.8,-70.9,175.2,
650,6.500,-24.8,-70.9,175.2,
651,6.510,-24.7,-70.9,175.2,
652,6.520,-24.7,-70.9,175.2,
653,6.530,-24.7,-70.9,175.2,
654,6.540,-24.7,-70.9,175.2,
655,6.550,-24.7,-70.9,175.2,
656,6.560,-24.7,-70.9,175.2,
657,6.570,-24.7,-70.9,175.2,
658,6.580,-24.7,-70.9,175.2,
659,6.590,-24.7,-70.9,175.2,
660,6.600,-24.7,-70.9,175.2,
661,6.610,-24.7,-70.9,175.2,
662,6.620,-24.6,-70.9,175.2,
663,6.630,-24.6,-70.9,175.2,
664,6.640,-24.6,-70.9,175.2,
665,6.650,-24.6,-70.9,175.2,
666,6.660,-24.6,-70.9,175.2,
667,6.670,-24.5,-70.9,175.2,
668,6.680,-24.5,-70.9,175.2,
669,6.690,-24.5,-70.9,175.2,
670,6.700,-24.5,-70.9,175.2,
671,6.710,-24.5,-70.9,175.2,
672,6.720,-24.5,-70.9,175.2,
673,6.730,-24.5,-70.9,175.2,
674,6.740,-24.5,-70.9,175.2,
675,6.750,-24.5,-70.9,175.2,
676,6.760,-24.5,-70.9,175.2,
677,6.770,-24.5,-70.9,175.2,
678,6.780,-24.5,-70.9,175.2,
679,6.790,-24.5,-70.9,175.2,
680,6.800,-24.5,-70.9,175.2,
681,6.810,-24.5,-70.9,175.2,
682,6.820,-24.5,-70.9,175.2,
683,6.830,-24.5,-70.9,175.2,
684,6.840,-24.5,-70.9,175.2,
685,6.850,-24.5,-70.9,175.2,
686,6.860,-24.5,-70.9,175.3,
687,6.870,-24.5,-70.9,175.3,
688,6.880,-24.5,-70.9,175.3,
689,6.890,-24.5,-70.9,175.3,
690,6.900,-24.5,-70.9,175.3,
691,6.910,-24.5,-70.9,175.3,
692,6.920,-24.5,-70.9,175.3,
693,6.930,-24.5,-70.9,175.3,
694,6.940,-24.5,-70.9,175.3,
695,6.950,-24.5,-70.9,175.3,
696,6.960,-24.5,-70.9,175.3,
697,6.970,-24.5,-70.9,175.3,
698,6.980,-24.5,-70.9,175.3,
699,6.990,-24.5,-70.9,175.4,
700,7.000,-24.4,-70.9,175.4,
701,7.010,-24.4,-70.9,175.4,
702,7.020,-24.4,-70.8,175.4,
703,7.030,-24.4,-70.8,175.4,
704,7.040,-24.4,-70.8,175.4,
705,7.050,-24.4,-70.9,175.4,
706,7.060,-24.4,-70.9,175.4,
707,7.070,-24.4,-70.9,175.4,
708,7.080,-24.4,-70.9,175.4,
709,7.090,-24.4,-70.9,175.4,
710,7.100,-24.4,-70.9,175.4,
711,7.110,-24.4,-70.9,175.4,
712,7.120,-24.4,-70.8,175.4,
713,7.130,-24.4,-70.8,175.4,
714,7.140,-24.4,-70.8,175.4,
715,7.150,-24.4,-70.9,175.4,
716,7.160,-24.4,-70.9,175.4,
717,7.170,-24.4,-70.9,175.4,
718,7.180,-24.4,-70.9,175.4,
719,7.190,-24.4,-70.9,175.4,
720,7.200,-24.3,-70.9,175.4,
721,7.210,-24.3,-70.9,175.4,
722,7.220,-24.3,-70.9,175.4,
723,7.230,-24.3,-70.9,175.4,
724,7.240,-24.3,-70.9,175.4,
725,7.250,-24.3,-70.9,175.4,
726,7.260,-24.3,-70.9,175.4,
727,7.270,-24.3,-70.9,175.4,
728,7.280,-24.3,-70.9,175.4,
729,7.290,-24.3,-70.9,175.4,
730,7.300,-24.3,-70.9,175.4,
731,7.310,-24.3,-70.9,175.4,
732,7.320,-24.3,-70.9,175.4,
733,7.330,-24.3,-70.9,175.4,
734,7.340,-24.3,-70.9,175.4,
735,7.350,-24.3,-70.9,175.4,
736,7.360,-24.3,-70.9,175.4,
737,7.370,-24.3,-70.9,175.4,
738,7.380,-24.3,-70.9,175.5,
739,7.390,-24.3,-70.9,175.5,
740,7.400,-24.3,-70.9,175.5,
741,7.410,-24.3,-70.9,175.5,
742,7.420,-24.3,-70.9,175.5,
743,7.430,-24.3,-70.9,175.5,
744,7.440,-24.3,-70.9,175.5,
745,7.450,-24.3,-70.9,175.5,
746,7.460,-24.3,-70.9,175.5,
747,7.470,-24.3,-70.9,175.5,
748,7.480,-24.3,-70.9,175.5,
749,7.490,-24.3,-70.9,175.5,
750,7.500,-24.3,-70.9,175.5,
751,7.510,-24.3,-70.9,175.5,
752,7.520,-24.3,-70.9,175.5,
753,7.530,-24.3,-70.9,175.5,
754,7.540,-24.2,-70.9,175.5,
755,7.550,-24.2,-70.9,175.5,
756,7.560,-24.2,-70.9,175.5,
757,7.570,-24.3,-70.9,175.5,
758,7.580,-24.3,-70.9,175.5,
759,7.590,-24.2,-71.0,175.5,
760,7.600,-24.2,-71.0,175.5,
761,7.610,-24.2,-71.0,175.5,
762,7.620,-24.2,-71.0,175.5,
763,7.630,-24.2,-71.0,175.5,
764,7.640,-24.2,-71.0,175.5,
765,7.650,-24.2,-71.0,175.5,
766,7.660,-24.3,-71.0,175.6,
767,7.670,-24.3,-71.0,175.6,
768,7.680,-24.3,-71.0,175.6,
769,7.690,-24.3,-71.0,175.6,
770,7.700,-24.2,-71.0,175.6,
771,7.710,-24.2,-71.0,175.6,
772,7.720,-24.2,-71.0,175.6,
773,7.730,-24.3,-71.1,175.6,
774,7.740,-24.3,-71.1,175.7,
775,7.750,-24.3,-71.1,175.7,
776,7.760,-24.3,-71.1,175.7,
777,7.770,-24.3,-71.1,175.7,
778,7.780,-24.3,-71.1,175.7,
779,7.790,-24.2,-71.1,175.7,
780,7.800,-24.2,-71.1,175.7,
781,7.810,-24.2,-71.1,175.7,
782,7.820,-24.2,-71.2,175.7,
783,7.830,-24.2,-71.2,175.7,
784,7.840,-24.2,-71.2,175.7,
785,7.850,-24.2,-71.2,175.7,
786,7.860,-24.2,-71.2,175.7,
787,7.870,-24.2,-71.2,175.6,
788,7.880,-24.1,-71.2,175.6,
789,7.890,-24.1,-71.2,175.6,
790,7.900,-24.1,-71.2,175.6,
791,7.910,-24.1,-71.2,175.6,
792,7.920,-24.1,-71.2,175.6,
793,7.930,-24.2,-71.2,175.7,
794,7.940,-24.2,-71.2,175.7,
795,7.950,-24.2,-71.2,175.7,
796,7.960,-24.2,-71.2,175.7,
797,7.970,-24.2,-71.2,175.7,
798,7.980,-24.2,-71.2,175.7,
799,7.990,-24.2,-71.2,175.7,
800,8.000,-24.2,-71.3,175.7,
801,8.010,-24.2,-71.3,175.7,
802,8.020,-24.2,-71.3,175.7,
803,8.030,-24.2,-71.3,175.7,
804,8.040,-24.2,-71.3,175.7,
805,8.050,-24.2,-71.3,175.7,
806,8.060,-24.2,-71.3,175.7,
807,8.070,-24.2,-71.3,175.7,
808,8.080,-24.2,-71.3,175.7,
809,8.090,-24.2,-71.3,175.7,
810,8.100,-24.2,-71.3,175.7,
811,8.110,-24.2,-71.3,175.7,
812,8.120,-24.2,-71.3,175.7,
813,8.130,-24.2,-71.3,175.7,
814,8.140,-24.2,-71.3,175.7,
815,8.150,-24.2,-71.3,175.8,
816,8.160,-24.2,-71.4,175.8,
817,8.170,-24.2,-71.4,175.8,
818,8.180,-24.2,-71.4,175.8,
819,8.190,-24.2,-71.4,175.8,
820,8.200,-24.2,-71.4,175.8,
821,8.210,-24.2,-71.4,175.8,
822,8.220,-24.2,-71.4,175.8,
823,8.230,-24.2,-71.4,175.9,
824,8.240,-24.2,-71.4,175.9,
825,8.250,-24.2,-71.4,175.9,
826,8.260,-24.2,-71.4,175.9,
827,8.270,-24.2,-71.4,175.9,
828,8.280,-24.2,-71.4,175.9,
829,8.290,-24.2,-71.4,175.9,
830,8.300,-24.2,-71.4,175.9,
831,8.310,-24.2,-71.4,175.9,
832,8.320,-24.2,-71.4,175.9,
833,8.330,-24.2,-71.4,175.9,
834,8.340,-24.2,-71.4,175.9,
835,8.350,-24.2,-71.4,176.0,
836,8.360,-24.2,-71.4,176.0,
837,8.370,-24.2,-71.5,176.0,
838,8.380,-24.2,-71.5,176.0,
839,8.390,-24.2,-71.5,176.0,
840,8.400,-24.2,-71.5,176.0,
841,8.410,-24.2,-71.5,176.0,
842,8.420,-24.2,-71.5,176.0,
843,8.430,-24.2,-71.5,176.0,
844,8.440,-24.2,-71.5,176.0,
845,8.450,-24.2,-71.5,176.0,
846,8.460,-24.2,-71.5,176.0,
847,8.470,-24.2,-71.5,176.0,
848,8.480,-24.2,-71.5,176.0,
849,8.490,-24.2,-71.5,176.0,
850,8.500,-24.1,-71.5,176.0,
851,8.510,-24.1,-71.4,176.0,
852,8.520,-24.1,-71.4,176.0,
853,8.530,-24.1,-71.4,176.0,
854,8.540,-24.1,-71.4,176.0,
855,8.550,-24.1,-71.4,176.0,
856,8.560,-24.1,-71.4,176.0,
857,8.570,-24.1,-71.4,176.0,
858,8.580,-24.1,-71.4,176.1,
859,8.590,-24.1,-71.4,176.1,
860,8.600,-24.1,-71.4,176.1,
861,8.610,-24.1,-71.3,176.1,
862,8.620,-24.1,-71.3,176.1,
863,8.630,-24.1,-71.3,176.2,
864,8.640,-24.1,-71.3,176.2,
865,8.650,-24.1,-71.3,176.2,
866,8.660,-24.1,-71.3,176.3,
867,8.670,-24.2,-71.3,176.3,
868,8.680,-24.2,-71.3,176.3,
869,8.690,-24.2,-71.3,176.3,
870,8.700,-24.2,-71.3,176.3,
871,8.710,-24.2,-71.3,176.4,
872,8.720,-24.2,-71.3,176.4,
873,8.730,-24.2,-71.3,176.4,
874,8.740,-24.2,-71.3,176.4,
875,8.750,-24.2,-71.3,176.4,
876,8.760,-24.2,-71.3,176.4,
877,8.770,-24.2,-71.3,176.4,
878,8.780,-24.2,-71.3,176.4,
879,8.790,-24.2,-71.3,176.5,
880,8.800,-24.2,-71.3,176.5,
881,8.810,-24.2,-71.3,176.5,
882,8.820,-24.2,-71.3,176.5,
883,8.830,-24.2,-71.3,176.5,
884,8.840,-24.2,-71.3,176.5,
885,8.850,-24.2,-71.3,176.5,
886,8.860,-24.2,-71.3,176.5,
887,8.870,-24.2,-71.3,176.6,
888,8.880,-24.2,-71.3,176.6,
889,8.890,-24.2,-71.3,176.6,
890,8.900,-24.2,-71.3,176.6,
891,8.910,-24.2,-71.3,176.6,
892,8.920,-24.2,-71.3,176.7,
893,8.930,-24.2,-71.3,176.7,
894,8.940,-24.2,-71.2,176.7,
895,8.950,-24.3,-71.2,176.8,
896,8.960,-24.3,-71.2,176.8,
897,8.970,-24.3,-71.2,176.8,
898,8.980,-24.3,-71.2,176.9,
899,8.990,-24.3,-71.2,176.9,
900,9.000,-24.3,-71.2,176.9,
901,9.010,-24.3,-71.2,176.9,
902,9.020,-24.4,-71.2,177.0,
903,9.030,-24.4,-71.2,177.0,
904,9.040,-24.4,-71.1,177.0,
905,9.050,-24.4,-71.1,177.1,
906,9.060,-24.4,-71.1,177.1,
907,9.070,-24.5,-71.0,177.1,
908,9.080,-24.5,-71.0,177.2,
909,9.090,-24.6,-71.0,177.3,
910,9.100,-24.7,-70.9,177.3,
911,9.110,-24.7,-70.9,177.4,
912,9.120,-24.7,-70.8,177.4,
913,9.130,-24.7,-70.8,177.4,
914,9.140,-24.8,-70.7,177.4,
915,9.150,-24.8,-70.7,177.4,
916,9.160,-24.8,-70.6,177.5,
917,9.170,-24.8,-70.5,177.5,
918,9.180,-24.8,-70.5,177.5,
919,9.190,-24.9,-70.4,177.5,
920,9.200,-24.9,-70.4,177.5,
921,9.210,-24.9,-70.4,177.6,
922,9.220,-25.0,-70.3,177.6,
923,9.230,-25.0,-70.3,177.7,
924,9.240,-25.1,-70.3,177.7,
925,9.250,-25.2,-70.3,177.8,
926,9.260,-25.2,-70.2,177.8,
927,9.270,-25.3,-70.2,177.9,
928,9.280,-25.3,-70.2,177.9,
929,9.290,-25.4,-70.2,178.0,
930,9.300,-25.4,-70.2,178.0,
931,9.310,-25.4,-70.1,178.0,
932,9.320,-25.5,-70.1,178.1,
933,9.330,-25.5,-70.1,178.1,
934,9.340,-25.5,-70.1,178.1,
935,9.350,-25.5,-70.1,178.2,
936,9.360,-25.5,-70.1,178.2,
937,9.370,-25.5,-70.1,178.2,
938,9.380,-25.4,-70.0,178.2,
939,9.390,-25.4,-70.0,178.3,
940,9.400,-25.3,-70.0,178.3,
941,9.410,-25.3,-70.0,178.3,
942,9.420,-25.2,-69.9,178.3,
943,9.430,-25.1,-69.9,178.3,
944,9.440,-25.0,-69.9,178.3,
945,9.450,-24.8,-69.9,178.3,
946,9.460,-24.6,-69.9,178.3,
947,9.470,-24.4,-69.9,178.2,
948,9.480,-24.1,-69.9,178.1,
949,9.490,-23.8,-69.9,178.0,
950,9.500,-23.5,-69.9,177.9,
951,9.510,-23.1,-69.9,177.7,
952,9.520,-22.8,-69.8,177.6,
953,9.530,-22.4,-69.8,177.3,
954,9.540,-21.9,-69.7,177.1,
955,9.550,-21.4,-69.6,176.8,
956,9.560,-20.8,-69.5,176.5,
957,9.570,-20.3,-69.5,176.1,
958,9.580,-19.7,-69.4,175.7,
959,9.590,-19.0,-69.3,175.3,
960,9.600,-18.3,-69.2,174.9,
961,9.610,-17.6,-69.0,174.4,
962,9.620,-16.9,-68.9,174.0,
963,9.630,-16.2,-68.8,173.6,
964,9.640,-15.5,-68.6,173.3,
965,9.650,-14.8,-68.5,172.9,
966,9.660,-14.2,-68.3,172.6,
967,9.670,-13.5,-68.2,172.3,
968,9.680,-12.9,-68.0,172.0,
969,9.690,-12.2,-67.9,171.8,
970,9.700,-11.6,-67.7,171.5,
971,9.710,-11.0,-67.6,171.3,
972,9.720,-10.4,-67.5,171.1,
973,9.730,-9.8,-67.3,170.8,
974,9.740,-9.2,-67.2,170.6,
975,9.750,-8.6,-67.1,170.5,
976,9.760,-8.1,-67.0,170.3,
977,9.770,-7.6,-66.9,170.2,
978,9.780,-7.2,-66.8,170.1,
979,9.790,-6.8,-66.8,170.0,
980,9.800,-6.4,-66.7,169.9,
981,9.810,-6.1,-66.7,169.8,
982,9.820,-5.8,-66.7,169.8,
983,9.830,-5.5,-66.7,169.7,
984,9.840,-5.2,-66.7,169.7,
985,9.850,-5.0,-66.7,169.7,
986,9.860,-4.8,-66.6,169.6,
987,9.870,-4.7,-66.6,169.6,
988,9.880,-4.5,-66.6,169.5,
989,9.890,-4.4,-66.6,169.5,
990,9.900,-4.2,-66.6,169.3,
991,9.910,-4.1,-66.6,169.2,
992,9.920,-3.9,-66.6,169.0,
993,9.930,-3.7,-66.6,168.8,
994,9.940,-3.6,-66.6,168.6,
995,9.950,-3.4,-66.6,168.3,
996,9.960,-3.2,-66.6,168.1,
997,9.970,-3.0,-66.6,167.7,
998,9.980,-2.8,-66.6,167.4,
999,9.990,-2.6,-66.6,167.1,
1000,10.000,-2.4,-66.5,166.8,
1001,10.010,-2.3,-66.5,166.5,
1002,10.020,-2.2,-66.5,166.2,
1003,10.030,-2.1,-66.5,165.9,
1004,10.040,-2.0,-66.4,165.6,
1005,10.050,-2.0,-66.4,165.4,
1006,10.060,-2.0,-66.4,165.2,
1007,10.070,-2.0,-66.3,165.0,
1008,10.080,-2.1,-66.3,164.9,
1009,10.090,-2.3,-66.3,164.8,
1010,10.100,-2.5,-66.2,164.8,
1011,10.110,-2.7,-66.2,164.9,
1012,10.120,-3.1,-66.1,165.0,
1013,10.130,-3.4,-66.1,165.1,
1014,10.140,-3.8,-66.1,165.3,
1015,10.150,-4.1,-66.0,165.5,
1016,10.160,-4.4,-66.0,165.6,
1017,10.170,-4.7,-66.0,165.7,
1018,10.180,-5.0,-65.9,165.8,
1019,10.190,-5.2,-65.9,165.9,
1020,10.200,-5.4,-65.9,166.0,
1021,10.210,-5.6,-65.8,166.0,
1022,10.220,-5.7,-65.8,166.1,
1023,10.230,-5.8,-65.8,166.1,
1024,10.240,-5.9,-65.8,166.1,
1025,10.250,-6.0,-65.9,166.2,
1026,10.260,-6.1,-65.9,166.3,
1027,10.270,-6.2,-66.0,166.5,
1028,10.280,-6.4,-66.0,166.8,
1029,10.290,-6.6,-66.1,167.0,
1030,10.300,-6.8,-66.2,167.3,
1031,10.310,-6.9,-66.2,167.6,
1032,10.320,-7.1,-66.3,167.8,
1033,10.330,-7.2,-66.4,168.1,
1034,10.340,-7.4,-66.5,168.3,
1035,10.350,-7.5,-66.5,168.6,
1036,10.360,-7.7,-66.5,168.9,
1037,10.370,-7.9,-66.5,169.2,
1038,10.380,-8.1,-66.6,169.4,
1039,10.390,-8.4,-66.6,169.7,
1040,10.400,-8.6,-66.6,170.0,
1041,10.410,-8.9,-66.6,170.3,
1042,10.420,-9.1,-66.6,170.5,
1043,10.430,-9.4,-66.7,170.7,
1044,10.440,-9.6,-66.7,170.9,
1045,10.450,-9.8,-66.8,171.0,
1046,10.460,-9.9,-66.8,171.0,
1047,10.470,-10.0,-66.8,171.0,
1048,10.480,-10.1,-66.9,171.0,
1049,10.490,-10.2,-66.9,170.9,
1050,10.500,-10.2,-66.9,170.8,
1051,10.510,-10.2,-66.9,170.6,
1052,10.520,-10.2,-67.0,170.5,
1053,10.530,-10.2,-67.0,170.3,
1054,10.540,-10.2,-66.9,170.1,
1055,10.550,-10.3,-66.9,170.0,
1056,10.560,-10.3,-66.9,169.8,
1057,10.570,-10.4,-66.8,169.6,
1058,10.580,-10.5,-66.8,169.4,
1059,10.590,-10.5,-66.7,169.2,
1060,10.600,-10.6,-66.6,169.0,
1061,10.610,-10.7,-66.6,168.8,
1062,10.620,-10.7,-66.5,168.5,
1063,10.630,-10.8,-66.4,168.3,
1064,10.640,-10.8,-66.4,168.0,
1065,10.650,-10.7,-66.3,167.7,
1066,10.660,-10.6,-66.2,167.4,
1067,10.670,-10.5,-66.2,167.2,
1068,10.680,-10.4,-66.1,166.9,
1069,10.690,-10.3,-66.1,166.6,
1070,10.700,-10.1,-66.0,166.4,
1071,10.710,-10.0,-65.9,166.1,
1072,10.720,-9.8,-65.8,165.8,
1073,10.730,-9.5,-65.7,165.6,
1074,10.740,-9.3,-65.6,165.3,
1075,10.750,-9.1,-65.5,165.1,
1076,10.760,-8.9,-65.3,164.8,
1077,10.770,-8.7,-65.2,164.6,
1078,10.780,-8.5,-65.0,164.4,
1079,10.790,-8.3,-64.8,164.1,
1080,10.800,-8.0,-64.6,163.9,
1081,10.810,-7.8,-64.4,163.6,
1082,10.820,-7.5,-64.1,163.3,
1083,10.830,-7.1,-63.9,163.0,
1084,10.840,-6.7,-63.6,162.7,
1085,10.850,-6.3,-63.3,162.4,
1086,10.860,-5.9,-63.0,162.1,
1087,10.870,-5.5,-62.6,161.8,
1088,10.880,-5.1,-62.3,161.4,
1089,10.890,-4.7,-61.9,161.1,
1090,10.900,-4.2,-61.6,160.8,
1091,10.910,-3.8,-61.3,160.5,
1092,10.920,-3.3,-60.9,160.1,
1093,10.930,-2.8,-60.6,159.8,
1094,10.940,-2.4,-60.4,159.4,
1095,10.950,-1.9,-60.1,159.0,
1096,10.960,-1.5,-59.9,158.6,
1097,10.970,-1.0,-59.6,158.2,
1098,10.980,-0.6,-59.4,157.9,
1099,10.990,-0.3,-59.2,157.5,
1100,11.000,-0.0,-58.9,157.2,
1101,11.010,0.2,-58.8,156.9,
1102,11.020,0.4,-58.6,156.6,
1103,11.030,0.5,-58.4,156.3,
1104,11.040,0.6,-58.2,156.1,
1105,11.050,0.6,-58.1,156.0,
1106,11.060,0.5,-57.9,155.9,
1107,11.070,0.4,-57.8,155.8,
1108,11.080,0.2,-57.7,155.8,
1109,11.090,0.0,-57.6,155.8,
1110,11.100,-0.2,-57.5,155.7,
1111,11.110,-0.4,-57.4,155.7,
1112,11.120,-0.6,-57.3,155.6,
1113,11.130,-0.8,-57.3,155.6,
1114,11.140,-0.9,-57.2,155.6,
1115,11.150,-1.1,-57.1,155.6,
1116,11.160,-1.3,-57.1,155.6,
1117,11.170,-1.5,-57.0,155.7,
1118,11.180,-1.6,-57.0,155.8,
1119,11.190,-1.8,-56.9,155.9,
1120,11.200,-1.9,-56.9,156.0,
1121,11.210,-2.0,-56.9,156.1,
1122,11.220,-2.1,-56.9,156.3,
1123,11.230,-2.2,-56.9,156.4,
1124,11.240,-2.2,-56.8,156.6,
1125,11.250,-2.2,-56.8,156.7,
1126,11.260,-2.2,-56.7,156.8,
1127,11.270,-2.2,-56.6,156.9,
1128,11.280,-2.2,-56.5,156.9,
1129,11.290,-2.1,-56.4,156.9,
1130,11.300,-2.0,-56.3,156.9,
1131,11.310,-1.9,-56.1,156.9,
1132,11.320,-1.8,-56.0,156.8,
1133,11.330,-1.7,-55.8,156.8,
1134,11.340,-1.6,-55.6,156.8,
1135,11.350,-1.6,-55.5,156.8,
1136,11.360,-1.5,-55.3,156.8,
1137,11.370,-1.4,-55.1,156.8,
1138,11.380,-1.4,-55.0,156.8,
1139,11.390,-1.3,-54.8,156.8,
1140,11.400,-1.3,-54.6,156.9,
1141,11.410,-1.2,-54.5,156.9,
1142,11.420,-1.2,-54.3,157.0,
1143,11.430,-1.2,-54.2,157.0,
1144,11.440,-1.2,-54.1,157.1,
1145,11.450,-1.1,-54.0,157.1,
1146,11.460,-1.1,-53.9,157.1,
1147,11.470,-1.1,-53.8,157.1,
1148,11.480,-1.0,-53.7,157.1,
1149,11.490,-1.0,-53.6,157.0,
1150,11.500,-0.9,-53.6,157.0,
1151,11.510,-0.9,-53.5,157.0,
1152,11.520,-0.8,-53.4,156.9,
1153,11.530,-0.8,-53.4,156.9,
1154,11.540,-0.8,-53.3,156.9,
1155,11.550,-0.8,-53.3,156.9,
1156,11.560,-0.8,-53.2,156.9,
1157,11.570,-0.7,-53.2,156.8,
1158,11.580,-0.7,-53.1,156.8,
1159,11.590,-0.7,-53.1,156.8,
1160,11.600,-0.6,-53.0,156.7,
1161,11.610,-0.6,-53.0,156.7,
1162,11.620,-0.6,-53.0,156.7,
1163,11.630,-0.6,-52.9,156.7,
1164,11.640,-0.6,-52.9,156.6,
1165,11.650,-0.6,-52.8,156.6,
1166,11.660,-0.5,-52.8,156.5,
1167,11.670,-0.5,-52.7,156.5,
1168,11.680,-0.4,-52.7,156.4,
1169,11.690,-0.4,-52.7,156.4,
1170,11.700,-0.4,-52.6,156.3,
1171,11.710,-0.3,-52.6,156.3,
1172,11.720,-0.3,-52.5,156.3,
1173,11.730,-0.3,-52.4,156.3,
1174,11.740,-0.3,-52.4,156.3,
1175,11.750,-0.3,-52.3,156.3,
1176,11.760,-0.3,-52.3,156.3,
1177,11.770,-0.3,-52.2,156.3,
1178,11.780,-0.3,-52.2,156.3,
1179,11.790,-0.3,-52.1,156.3,
1180,11.800,-0.3,-52.1,156.2,
1181,11.810,-0.3,-52.0,156.2,
1182,11.820,-0.4,-52.0,156.2,
1183,11.830,-0.4,-52.0,156.2,
1184,11.840,-0.4,-51.9,156.2,
1185,11.850,-0.4,-51.9,156.2,
1186,11.860,-0.4,-51.9,156.2,
1187,11.870,-0.4,-51.9,156.2,
1188,11.880,-0.5,-51.8,156.2,
1189,11.890,-0.5,-51.8,156.2,
1190,11.900,-0.6,-51.8,156.2,
1191,11.910,-0.6,-51.8,156.3,
1192,11.920,-0.6,-51.8,156.3,
1193,11.930,-0.7,-51.7,156.3,
1194,11.940,-0.7,-51.7,156.4,
1195,11.950,-0.7,-51.7,156.4,
1196,11.960,-0.7,-51.7,156.4,
1197,11.970,-0.7,-51.7,156.4,
1198,11.980,-0.7,-51.7,156.4,
1199,11.990,-0.7,-51.7,156.4,
1200,12.000,-0.7,-51.7,156.4,
1201,12.010,-0.8,-51.7,156.4,
1202,12.020,-0.8,-51.7,156.4,
1203,12.030,-0.8,-51.6,156.5,
1204,12.040,-0.8,-51.6,156.5,
1205,12.050,-0.8,-51.6,156.5,
1206,12.060,-0.9,-51.6,156.5,
1207,12.070,-0.9,-51.6,156.5,
1208,12.080,-0.9,-51.6,156.4,
1209,12.090,-0.9,-51.5,156.4,
1210,12.100,-1.0,-51.5,156.4,
1211,12.110,-1.0,-51.5,156.4,
1212,12.120,-1.1,-51.5,156.4,
1213,12.130,-1.1,-51.4,156.4,
1214,12.140,-1.1,-51.4,156.4,
1215,12.150,-1.2,-51.4,156.4,
1216,12.160,-1.2,-51.3,156.3,
1217,12.170,-1.3,-51.3,156.3,
1218,12.180,-1.3,-51.3,156.3,
1219,12.190,-1.4,-51.2,156.3,
1220,12.200,-1.4,-51.1,156.2,
1221,12.210,-1.5,-51.1,156.2,
1222,12.220,-1.6,-51.0,156.2,
1223,12.230,-1.7,-51.0,156.1,
1224,12.240,-1.8,-50.9,156.0,
1225,12.250,-2.0,-50.8,155.9,
1226,12.260,-2.1,-50.8,155.8,
1227,12.270,-2.3,-50.7,155.6,
1228,12.280,-2.4,-50.6,155.4,
1229,12.290,-2.6,-50.6,155.2,
1230,12.300,-2.8,-50.5,154.9,
1231,12.310,-3.0,-50.5,154.6,
1232,12.320,-3.2,-50.5,154.2,
1233,12.330,-3.4,-50.4,153.8,
1234,12.340,-3.6,-50.4,153.4,
1235,12.350,-3.9,-50.3,153.1,
1236,12.360,-4.1,-50.3,152.7,
1237,12.370,-4.3,-50.2,152.3,
1238,12.380,-4.5,-50.2,151.9,
1239,12.390,-4.7,-50.2,151.5,
1240,12.400,-4.8,-50.1,151.2,
1241,12.410,-4.9,-50.0,150.8,
1242,12.420,-4.8,-49.9,150.5,
1243,12.430,-4.6,-49.8,150.2,
1244,12.440,-4.5,-49.6,150.1,
1245,12.450,-4.4,-49.4,150.2,
1246,12.460,-4.3,-49.3,150.4,
1247,12.470,-4.4,-49.4,151.0,
1248,12.480,-4.8,-49.5,152.0,
1249,12.490,-5.5,-49.5,153.5,
1250,12.500,-6.5,-49.4,155.3,
1251,12.510,-7.6,-49.1,157.1,
1252,12.520,-8.7,-48.7,158.9,
1253,12.530,-9.9,-48.1,160.6,
1254,12.540,-11.0,-47.5,162.3,
1255,12.550,-11.9,-46.9,163.9,
1256,12.560,-12.5,-46.3,165.0,
1257,12.570,-12.5,-45.8,165.5,
1258,12.580,-12.0,-45.5,165.4,
1259,12.590,-11.1,-45.2,164.9,
1260,12.600,-10.1,-45.0,164.3,
1261,12.610,-9.1,-45.0,163.6,
1262,12.620,-8.1,-44.9,163.0,
1263,12.630,-7.4,-44.9,162.4,
1264,12.640,-6.8,-44.8,162.0,
1265,12.650,-6.4,-44.7,161.4,
1266,12.660,-6.1,-44.6,160.9,
1267,12.670,-6.1,-44.7,160.3,
1268,12.680,-6.1,-44.7,159.7,
1269,12.690,-6.2,-44.8,159.1,
1270,12.700,-6.3,-44.9,158.5,
1271,12.710,-6.4,-45.0,157.7,
1272,12.720,-6.6,-45.1,156.8,
1273,12.730,-6.7,-45.2,155.9,
1274,12.740,-6.8,-45.5,154.7,
1275,12.750,-6.8,-46.0,153.1,
1276,12.760,-6.6,-46.5,151.4,
1277,12.770,-6.3,-46.9,150.0,
1278,12.780,-6.0,-47.3,148.8,
1279,12.790,-5.6,-47.8,147.8,
1280,12.800,-5.0,-48.3,146.6,
1281,12.810,-4.2,-48.9,145.4,
1282,12.820,-3.3,-49.6,144.2,
1283,12.830,-2.3,-50.6,143.0,
1284,12.840,-1.2,-51.6,141.8,
1285,12.850,-0.3,-52.5,140.8,
1286,12.860,0.2,-53.1,140.0,
1287,12.870,0.7,-53.4,138.9,
1288,12.880,1.1,-53.5,138.0,
1289,12.890,1.1,-53.7,137.8,
1290,12.900,0.4,-54.3,138.7,
1291,12.910,-0.8,-55.3,140.2,
1292,12.920,-2.3,-56.3,142.2,
1293,12.930,-4.1,-57.2,144.3,
1294,12.940,-5.8,-57.9,146.2,
1295,12.950,-7.0,-58.3,147.4,
1296,12.960,-7.1,-58.6,147.7,
1297,12.970,-6.3,-58.8,147.7,
1298,12.980,-5.6,-58.9,148.2,
1299,12.990,-4.9,-58.6,148.7,
1300,13.000,-3.1,-57.4,148.7,
1301,13.010,-1.5,-56.1,149.1,
1302,13.020,-0.3,-55.0,149.8,
1303,13.030,0.5,-54.0,151.1,
1304,13.040,0.2,-53.3,153.3,
1305,13.050,-0.9,-52.9,156.0,
1306,13.060,-2.1,-53.2,159.8,
1307,13.070,-4.6,-54.7,164.1,
1308,13.080,-6.8,-54.7,165.6,
1309,13.090,-9.3,-55.1,166.0,
1310,13.100,-12.0,-55.3,165.2,
1311,13.110,-13.7,-54.6,163.6,
1312,13.120,-15.3,-53.8,163.6,
1313,13.130,-16.8,-53.2,164.1,
1314,13.140,-17.9,-53.5,164.5,
1315,13.150,-18.2,-54.4,163.5,
1316,13.160,-18.3,-55.6,161.8,
1317,13.170,-17.6,-57.4,159.4,
1318,13.180,-16.2,-59.2,157.1,
1319,13.190,-14.9,-60.7,155.5,
1320,13.200,-14.3,-61.8,155.0,
1321,13.210,-14.7,-62.6,155.4,
1322,13.220,-16.0,-63.3,156.1,
1323,13.230,-17.6,-63.2,156.8,
1324,13.240,-19.7,-62.0,157.7,
1325,13.250,-21.6,-60.3,157.9,
1326,13.260,-22.6,-58.9,156.9,
1327,13.270,-22.5,-57.7,154.8,
1328,13.280,-21.6,-57.2,151.9,
1329,13.290,-20.5,-57.6,149.5,
1330,13.300,-18.9,-58.3,147.0,
1331,13.310,-16.8,-59.8,142.8,
1332,13.320,-16.8,-60.3,143.5,
1333,13.330,-15.8,-60.6,144.5,
1334,13.340,-14.1,-60.9,145.7,
1335,13.350,-12.2,-60.4,146.5,
1336,13.360,-9.3,-59.9,145.7,
1337,13.370,-6.4,-59.7,144.6,
1338,13.380,-4.2,-59.6,143.7,
1339,13.390,-3.6,-60.6,144.4,
1340,13.400,-4.0,-61.8,146.4,
1341,13.410,-5.1,-63.0,148.9,
1342,13.420,-6.9,-63.6,151.9,
1343,13.430,-8.9,-64.1,154.8,
1344,13.440,-11.3,-64.6,157.8,
1345,13.450,-13.4,-65.1,160.4,
1346,13.460,-14.3,-65.4,162.1,
1347,13.470,-14.7,-65.7,163.6,
1348,13.480,-14.3,-65.9,164.6,
1349,13.490,-11.4,-65.2,163.2,
1350,13.500,-6.6,-63.9,160.4,
1351,13.510,-2.2,-62.7,158.3,
1352,13.520,0.6,-61.8,157.6,
1353,13.530,0.6,-61.4,159.4,
1354,13.540,-1.4,-60.8,162.3,
1355,13.550,-5.2,-60.7,169.3,
1356,13.560,-10.5,-61.3,175.6,
1357,13.570,-13.3,-61.8,176.8,
1358,13.580,-15.3,-62.3,174.6,
1359,13.590,-16.7,-62.2,171.4,
1360,13.600,-17.4,-61.5,168.8,
1361,13.610,-18.8,-60.8,168.3,
1362,13.620,-19.7,-60.2,167.9,
1363,13.630,-19.2,-60.5,166.5,
1364,13.640,-17.7,-61.4,163.2,
1365,13.650,-15.4,-62.8,158.7,
1366,13.660,-11.6,-64.7,153.4,
1367,13.670,-7.7,-66.4,148.8,
1368,13.680,-5.2,-67.5,146.3,
1369,13.690,-4.9,-68.2,146.1,
1370,13.700,-6.2,-68.7,146.7,
1371,13.710,-8.5,-68.9,148.2,
1372,13.720,-12.0,-68.8,151.0,
1373,13.730,-16.5,-67.7,154.4,
1374,13.740,-19.8,-65.7,156.1,
1375,13.750,-21.1,-63.8,155.7,
1376,13.760,-21.0,-62.1,154.1,
1377,13.770,-19.6,-61.5,151.3,
1378,13.780,-16.8,-62.1,147.8,
1379,13.790,-12.5,-63.1,143.1,
1380,13.800,-9.0,-64.5,139.4,
1381,13.810,-8.0,-65.0,140.0,
1382,13.820,-7.1,-65.5,141.7,
1383,13.830,-6.4,-65.0,144.2,
1384,13.840,-4.5,-64.0,144.7,
1385,13.850,-1.2,-63.4,143.2,
1386,13.860,1.0,-62.9,142.1,
1387,13.870,0.4,-63.5,143.6,
1388,13.880,-0.9,-64.5,146.2,
1389,13.890,-3.2,-65.6,150.1,
1390,13.900,-7.2,-66.5,155.3,
1391,13.910,-11.1,-67.2,160.1,
1392,13.920,-14.8,-68.0,164.3,
1393,13.930,-17.6,-68.6,167.2,
1394,13.940,-19.2,-68.9,169.5,
1395,13.950,-19.8,-69.1,171.1,
1396,13.960,-19.1,-69.4,171.3,
1397,13.970,-15.1,-69.4,168.1,
1398,13.980,-7.9,-68.1,162.4,
1399,13.990,-1.9,-66.6,158.4,
1400,14.000,2.3,-65.4,156.0,
1401,14.010,4.0,-64.7,155.8,
1402,14.020,1.3,-64.4,159.2,
1403,14.030,-0.9,-64.2,161.7,
1404,14.040,-7.1,-64.5,171.2,
1405,14.050,-14.0,-65.8,177.3,
1406,14.060,-18.2,-66.1,177.2,
1407,14.070,-19.5,-65.4,172.5,
1408,14.080,-20.1,-63.9,168.8,
1409,14.090,-19.9,-63.1,166.3,
1410,14.100,-19.9,-62.6,165.4,
1411,14.110,-19.7,-62.8,163.9,
1412,14.120,-18.0,-63.5,160.1,
1413,14.130,-15.6,-64.8,155.4,
1414,14.140,-12.0,-66.6,150.1,
1415,14.150,-8.8,-68.1,146.4,
1416,14.160,-7.5,-69.2,145.3,
1417,14.170,-8.1,-70.1,146.4,
1418,14.180,-10.4,-70.7,148.9,
1419,14.190,-14.1,-70.8,152.6,
1420,14.200,-18.9,-70.1,157.2,
1421,14.210,-23.5,-68.2,161.0,
1422,14.220,-25.8,-65.9,161.8,
1423,14.230,-26.3,-64.3,161.0,
1424,14.240,-25.6,-63.5,159.1,
1425,14.250,-24.0,-63.5,156.6,
1426,14.260,-22.0,-64.1,154.8,
1427,14.270,-18.3,-65.2,150.9,
1428,14.280,-16.2,-66.4,148.8,
1429,14.290,-14.9,-67.0,149.3,
1430,14.300,-13.5,-67.6,150.3,
1431,14.310,-11.4,-66.6,150.6,
1432,14.320,-7.9,-65.5,148.6,
1433,14.330,-4.3,-65.0,145.9,
1434,14.340,-2.2,-64.4,144.7,
1435,14.350,-3.4,-64.7,147.1,
1436,14.360,-5.6,-65.5,150.9,
1437,14.370,-9.0,-66.3,156.0,
1438,14.380,-14.0,-66.8,162.4,
1439,14.390,-19.2,-66.9,168.8,
1440,14.400,-23.6,-67.1,173.5,
1441,14.410,-25.6,-67.3,175.9,
1442,14.420,-26.0,-67.5,177.0,
1443,14.430,-25.5,-67.9,177.6,
1444,14.440,-23.6,-68.4,176.2,
1445,14.450,-17.7,-68.3,171.1,
1446,14.460,-9.6,-67.1,164.6,
1447,14.470,-3.8,-65.8,160.7,
1448,14.480,0.2,-65.0,158.1,
1449,14.490,0.5,-64.6,158.8,
1450,14.500,-2.0,-64.4,161.4,
1451,14.510,-2.9,-64.4,162.2,
1452,14.520,-8.3,-65.1,170.7,
1453,14.530,-15.2,-65.8,175.5,
1454,14.540,-17.5,-65.3,172.8,
1455,14.550,-17.4,-63.4,168.5,
1456,14.560,-17.9,-62.2,166.2,
1457,14.570,-17.5,-61.9,164.7,
1458,14.580,-18.4,-62.1,164.2,
1459,14.590,-18.6,-63.1,162.3,
1460,14.600,-18.5,-64.1,160.0,
1461,14.610,-16.6,-65.6,156.5,
1462,14.620,-13.9,-66.8,153.0,
1463,14.630,-12.3,-67.7,151.3,
1464,14.640,-11.9,-68.3,151.1,
1465,14.650,-12.3,-68.4,151.7,
1466,14.660,-13.9,-68.4,153.4,
1467,14.670,-17.4,-68.2,157.3,
1468,14.680,-21.8,-67.0,161.6,
1469,14.690,-25.6,-64.3,164.0,
1470,14.700,-27.0,-62.3,164.0,
1471,14.710,-27.3,-61.7,163.3,
1472,14.720,-26.2,-62.7,161.3,
1473,14.730,-24.9,-64.1,160.0,
1474,14.740,-22.9,-64.9,159.6,
1475,14.750,-22.0,-66.8,158.7,
1476,14.760,-23.0,-68.3,160.7,
1477,14.770,-21.8,-68.5,162.4,
1478,14.780,-19.7,-67.5,162.3,
1479,14.790,-15.5,-65.9,159.6,
1480,14.800,-10.2,-65.4,154.9,
1481,14.810,-4.9,-65.0,149.9,
1482,14.820,-3.7,-65.0,149.5,
1483,14.830,-5.4,-65.7,153.2,
1484,14.840,-9.7,-66.8,159.7,
1485,14.850,-15.1,-67.8,166.6,
1486,14.860,-20.2,-68.0,172.5,
1487,14.870,-24.7,-67.8,177.8,
1488,14.880,-28.6,-67.6,-177.5,
1489,14.890,-31.6,-67.4,-174.0,
1490,14.900,-33.3,-67.6,-171.6,
1491,14.910,-33.0,-68.1,-171.0,
1492,14.920,-30.1,-68.7,-173.0,
1493,14.930,-23.2,-68.8,-178.7,
1494,14.940,-14.8,-68.3,174.4,
1495,14.950,-8.7,-67.6,169.9,
1496,14.960,-5.3,-67.0,167.5,
1497,14.970,-4.8,-66.7,167.4,
1498,14.980,-6.1,-67.0,168.6,
1499,14.990,-8.2,-67.5,171.4,
1500,15.000,-12.6,-68.5,175.9,
1501,15.010,-15.9,-69.1,176.2,
1502,15.020,-17.0,-69.2,173.1,
1503,15.030,-15.8,-67.8,168.2,
1504,15.040,-16.2,-66.7,166.0,
1505,15.050,-16.5,-65.9,165.3,
1506,15.060,-16.1,-65.7,164.1,
1507,15.070,-14.4,-66.6,160.5,
1508,15.080,-13.0,-67.3,156.4,
1509,15.090,-10.4,-68.3,151.6,
1510,15.100,-7.0,-69.1,147.0,
1511,15.110,-4.5,-69.8,144.3,
1512,15.120,-3.4,-70.3,143.1,
1513,15.130,-4.1,-70.6,143.7,
1514,15.140,-7.4,-70.6,147.2,
1515,15.150,-13.1,-70.3,152.8,
1516,15.160,-19.5,-68.4,158.6,
1517,15.170,-23.7,-65.7,161.2,
1518,15.180,-25.5,-64.0,162.0,
1519,15.190,-25.5,-64.0,161.0,
1520,15.200,-24.7,-65.1,159.4,
1521,15.210,-23.2,-66.3,158.6,
1522,15.220,-21.1,-67.5,157.7,
1523,15.230,-20.7,-69.4,157.1,
1524,15.240,-20.6,-70.3,158.8,
1525,15.250,-20.1,-69.6,161.2,
1526,15.260,-16.7,-68.1,160.2,
1527,15.270,-11.8,-67.1,156.8,
1528,15.280,-6.7,-66.3,152.1,
1529,15.290,-6.0,-65.7,152.3,
1530,15.300,-8.0,-66.5,156.6,
1531,15.310,-11.4,-67.5,162.5,
1532,15.320,-15.7,-68.4,168.4,
1533,15.330,-19.9,-68.8,174.0,
1534,15.340,-24.1,-68.9,179.2,
1535,15.350,-27.8,-69.0,-176.4,
1536,15.360,-30.1,-69.0,-173.4,
1537,15.370,-30.9,-69.1,-171.7,
1538,15.380,-29.9,-69.4,-171.9,
1539,15.390,-27.0,-70.0,-174.2,
1540,15.400,-20.1,-69.9,179.9,
1541,15.410,-11.4,-68.8,173.2,
1542,15.420,-5.8,-67.7,169.5,
1543,15.430,-3.0,-67.1,167.8,
1544,15.440,-4.3,-66.9,169.6,
1545,15.450,-6.9,-67.1,171.9,
1546,15.460,-8.4,-67.8,174.1,
1547,15.470,-11.8,-69.2,177.5,
1548,15.480,-14.5,-69.1,176.2,
1549,15.490,-14.0,-68.0,171.1,
1550,15.500,-14.0,-65.8,167.4,
1551,15.510,-15.4,-64.5,166.7,
1552,15.520,-16.2,-63.8,167.0,
1553,15.530,-16.7,-64.2,166.2,
1554,15.540,-16.7,-65.5,163.5,
1555,15.550,-15.7,-66.5,159.7,
1556,15.560,-12.9,-67.5,155.2,
1557,15.570,-9.9,-68.1,151.2,
1558,15.580,-8.0,-68.5,148.9,
1559,15.590,-6.7,-68.8,147.4,
1560,15.600,-6.4,-69.0,146.8,
1561,15.610,-8.3,-69.2,148.6,
1562,15.620,-12.6,-69.5,153.1,
1563,15.630,-17.9,-69.1,158.2,
1564,15.640,-22.8,-66.8,161.9,
1565,15.650,-24.9,-64.4,162.5,
1566,15.660,-25.6,-63.4,162.2,
1567,15.670,-24.5,-63.9,160.3,
1568,15.680,-22.8,-65.1,158.4,
1569,15.690,-20.5,-66.3,157.9,
1570,15.700,-19.1,-67.9,157.4,
1571,15.710,-18.6,-69.3,157.4,
1572,15.720,-17.4,-69.2,158.9,
1573,15.730,-15.2,-67.6,159.1,
1574,15.740,-11.0,-66.0,156.3,
1575,15.750,-6.7,-65.3,152.4,
1576,15.760,-3.7,-64.6,149.4,
1577,15.770,-6.5,-65.1,153.6,
1578,15.780,-10.0,-66.2,159.7,
1579,15.790,-14.9,-67.3,166.5,
1580,15.800,-19.7,-67.8,172.4,
1581,15.810,-24.0,-67.7,177.8,
1582,15.820,-27.8,-67.4,-177.6,
1583,15.830,-30.5,-67.1,-174.1,
1584,15.840,-31.7,-66.9,-172.1,
1585,15.850,-30.9,-67.3,-172.4,
1586,15.860,-27.6,-68.2,-175.2,
1587,15.870,-19.2,-68.2,177.6,
1588,15.880,-10.4,-67.3,171.0,
1589,15.890,-5.4,-66.5,167.8,
1590,15.900,-4.2,-66.2,168.3,
1591,15.910,-6.4,-66.4,171.3,
1592,15.920,-8.5,-66.8,173.1,
1593,15.930,-9.0,-67.3,173.9,
1594,15.940,-9.6,-68.6,175.9,
1595,15.950,-10.8,-69.7,174.5,
1596,15.960,-10.9,-69.1,169.8,
1597,15.970,-11.4,-67.0,166.9,
1598,15.980,-13.0,-65.4,165.9,
1599,15.990,-14.1,-64.6,166.6,
1600,16.000,-14.3,-64.6,165.7,
1601,16.010,-13.2,-65.3,162.3,
1602,16.020,-12.3,-65.8,158.8,
1603,16.030,-10.4,-66.7,155.1,
1604,16.040,-8.2,-67.3,151.9,
1605,16.050,-6.9,-67.8,150.0,
1606,16.060,-6.5,-68.5,149.6,
1607,16.070,-6.6,-68.9,149.9,
1608,16.080,-7.7,-69.1,151.3,
1609,16.090,-11.2,-69.3,154.9,
1610,16.100,-16.4,-69.7,160.3,
1611,16.110,-21.6,-68.5,164.9,
1612,16.120,-25.0,-65.9,166.9,
1613,16.130,-25.8,-64.3,167.0,
1614,16.140,-26.3,-64.2,167.3,
1615,16.150,-25.0,-65.7,165.3,
1616,16.160,-22.6,-67.5,163.3,
1617,16.170,-21.0,-68.8,163.6,
1618,16.180,-20.5,-70.8,163.1,
1619,16.190,-18.7,-71.3,162.8,
1620,16.200,-16.4,-69.7,162.9,
1621,16.210,-12.6,-67.9,160.5,
1622,16.220,-7.7,-67.2,156.2,
1623,16.230,-3.2,-66.6,151.6,
1624,16.240,-5.5,-66.8,155.0,
1625,16.250,-8.9,-67.7,160.8,
1626,16.260,-14.3,-68.7,168.1,
1627,16.270,-19.7,-69.2,174.5,
1628,16.280,-24.3,-69.1,179.8,
1629,16.290,-28.2,-68.8,-175.7,
1630,16.300,-31.2,-68.5,-172.0,
1631,16.310,-33.3,-68.3,-169.4,
1632,16.320,-33.3,-68.6,-168.7,
1633,16.330,-31.8,-69.5,-169.7,
1634,16.340,-28.0,-70.6,-173.2,
1635,16.350,-19.3,-70.3,179.3,
1636,16.360,-11.5,-69.0,173.3,
1637,16.370,-7.5,-68.3,170.7,
1638,16.380,-7.6,-68.3,171.7,
1639,16.390,-11.9,-68.3,175.9,
1640,16.400,-14.8,-68.5,178.1,
1641,16.410,-16.0,-69.9,-179.9,
1642,16.420,-19.6,-71.1,-178.1,
1643,16.430,-19.7,-70.0,176.6,
1644,16.440,-17.4,-67.8,170.3,
1645,16.450,-17.3,-65.9,167.1,
1646,16.460,-18.4,-65.0,167.3,
1647,16.470,-20.4,-64.7,168.3,
1648,16.480,-19.7,-65.7,165.6,
1649,16.490,-18.9,-66.7,161.9,
1650,16.500,-16.6,-67.7,157.7,
1651,16.510,-13.8,-68.2,153.9,
1652,16.520,-11.8,-68.5,151.5,
1653,16.530,-10.5,-68.7,150.0,
1654,16.540,-9.9,-69.0,149.3,
1655,16.550,-11.5,-69.2,151.0,
1656,16.560,-15.9,-69.5,155.8,
1657,16.570,-21.8,-69.7,161.9,
1658,16.580,-26.8,-67.5,165.9,
1659,16.590,-29.4,-64.6,166.7,
1660,16.600,-30.1,-63.2,167.1,
1661,16.610,-30.0,-64.2,166.2,
1662,16.620,-29.2,-66.0,165.0,
1663,16.630,-27.4,-67.2,164.9,
1664,16.640,-27.0,-68.7,165.8,
1665,16.650,-28.8,-70.6,168.2,
1666,16.660,-28.4,-70.9,170.8,
1667,16.670,-26.4,-69.6,171.6,
1668,16.680,-21.8,-67.7,168.5,
1669,16.690,-16.0,-67.2,162.9,
1670,16.700,-9.9,-66.5,156.5,
1671,16.710,-11.7,-65.8,159.4,
1672,16.720,-13.8,-65.9,164.7,
1673,16.730,-19.5,-66.3,172.8,
1674,16.740,-25.4,-66.7,-179.6,
1675,16.750,-30.6,-66.7,-173.2,
1676,16.760,-34.9,-66.2,-167.6,
1677,16.770,-37.9,-65.6,-163.7,
1678,16.780,-39.5,-65.1,-161.3,
1679,16.790,-39.6,-65.1,-160.4,
1680,16.800,-38.0,-65.6,-161.4,
1681,16.810,-35.1,-66.9,-163.6,
1682,16.820,-28.9,-67.7,-168.8,
1683,16.830,-19.4,-67.0,-176.5,
1684,16.840,-13.5,-65.9,179.5,
1685,16.850,-11.4,-65.7,178.3,
1686,16.860,-14.4,-65.6,-177.9,
1687,16.870,-17.6,-66.1,-174.9,
1688,16.880,-17.9,-67.8,-174.5,
1689,16.890,-18.2,-69.5,-175.9,
1690,16.900,-17.6,-70.0,178.8,
1691,16.910,-14.3,-69.5,171.2,
1692,16.920,-12.4,-67.6,165.6,
1693,16.930,-12.7,-66.2,164.0,
1694,16.940,-13.9,-65.2,165.6,
1695,16.950,-16.0,-64.7,166.8,
1696,16.960,-14.5,-65.1,163.0,
1697,16.970,-12.7,-65.6,158.5,
1698,16.980,-10.0,-66.7,154.3,
1699,16.990,-7.2,-67.7,150.5,
1700,17.000,-4.6,-68.3,147.6,
1701,17.010,-2.7,-68.8,145.6,
1702,17.020,-1.2,-68.9,144.2,
1703,17.030,-0.6,-68.9,143.8,
1704,17.040,-2.1,-69.2,145.5,
1705,17.050,-5.9,-69.8,149.5,
1706,17.060,-11.1,-69.1,154.3,
1707,17.070,-16.1,-66.5,157.8,
1708,17.080,-17.9,-64.5,158.7,
1709,17.090,-18.6,-64.3,159.0,
1710,17.100,-17.1,-65.8,156.4,
1711,17.110,-14.5,-67.3,154.3,
1712,17.120,-11.8,-68.3,153.8,
1713,17.130,-11.2,-70.5,153.0,
1714,17.140,-10.5,-71.3,154.8,
1715,17.150,-10.1,-70.2,157.7,
1716,17.160,-8.7,-67.6,158.3,
1717,17.170,-5.1,-66.2,155.0,
1718,17.180,-0.8,-65.5,149.9,
1719,17.190,-1.8,-65.1,151.2,
1720,17.200,-3.7,-65.6,155.6,
1721,17.210,-8.3,-66.4,162.4,
1722,17.220,-14.5,-67.3,169.7,
1723,17.230,-20.2,-67.6,176.0,
1724,17.240,-24.6,-67.4,-179.0,
1725,17.250,-27.7,-67.1,-175.4,
1726,17.260,-29.7,-66.8,-172.7,
1727,17.270,-30.5,-66.8,-171.4,
1728,17.280,-29.6,-67.2,-171.7,
1729,17.290,-26.8,-68.0,-174.3,
1730,17.300,-19.2,-68.2,178.4,
1731,17.310,-8.2,-67.1,168.2,
1732,17.320,-0.3,-65.7,161.7,
1733,17.330,0.7,-65.9,161.3,
1734,17.340,1.3,-66.4,159.6,
1735,17.350,1.3,-66.2,159.0,
1736,17.360,-0.8,-66.4,159.7,
1737,17.370,-3.2,-67.0,161.4,
1738,17.380,-8.6,-68.1,167.2,
1739,17.390,-13.6,-67.7,170.1,
1740,17.400,-16.1,-65.6,169.4,
1741,17.410,-18.5,-63.5,169.8,
1742,17.420,-21.1,-61.7,171.4,
1743,17.430,-22.2,-61.6,171.7,
1744,17.440,-20.4,-62.2,167.4,
1745,17.450,-18.0,-62.9,162.1,
1746,17.460,-14.5,-63.9,156.4,
1747,17.470,-11.1,-64.6,151.5,
1748,17.480,-8.7,-65.1,148.4,
1749,17.490,-7.9,-65.6,147.5,
1750,17.500,-8.4,-66.0,148.2,
1751,17.510,-10.2,-66.3,150.5,
1752,17.520,-13.9,-66.4,154.7,
1753,17.530,-18.8,-66.1,160.1,
1754,17.540,-24.4,-63.7,164.9,
1755,17.550,-28.2,-61.0,167.2,
1756,17.560,-29.9,-59.6,168.9,
1757,17.570,-30.7,-60.5,169.2,
1758,17.580,-31.1,-62.2,169.5,
1759,17.590,-29.7,-63.4,169.4,
1760,17.600,-28.4,-64.8,169.7,
1761,17.610,-29.1,-66.9,170.4,
1762,17.620,-27.8,-68.0,171.0,
1763,17.630,-25.0,-67.5,170.7,
1764,17.640,-21.2,-65.9,167.9,
1765,17.650,-15.1,-65.1,161.4,
1766,17.660,-7.3,-64.7,152.8,
1767,17.670,-7.5,-63.9,153.8,
1768,17.680,-10.1,-63.5,159.2,
1769,17.690,-15.1,-63.5,166.6,
1770,17.700,-20.5,-63.7,173.5,
1771,17.710,-24.7,-63.8,178.9,
1772,17.720,-28.1,-63.8,-176.7,
1773,17.730,-30.8,-63.6,-173.4,
1774,17.740,-32.3,-63.4,-171.3,
1775,17.750,-33.1,-63.6,-169.7,
1776,17.760,-32.8,-64.1,-169.7,
1777,17.770,-30.1,-64.8,-172.0,
1778,17.780,-22.7,-64.6,-177.9,
1779,17.790,-15.2,-63.6,176.7,
1780,17.800,-10.9,-63.0,174.2,
1781,17.810,-10.5,-62.9,175.7,
1782,17.820,-13.4,-63.0,179.2,
1783,17.830,-16.2,-63.7,-178.7,
1784,17.840,-18.0,-64.5,-178.0,
1785,17.850,-17.4,-65.6,-178.5,
1786,17.860,-18.5,-67.0,-179.9,
1787,17.870,-20.2,-67.1,177.2,
1788,17.880,-21.4,-65.7,174.5,
1789,17.890,-22.9,-64.0,173.4,
1790,17.900,-25.1,-62.5,175.0,
1791,17.910,-26.3,-61.4,175.7,
1792,17.920,-24.5,-62.4,172.2,
1793,17.930,-22.1,-63.1,167.2,
1794,17.940,-18.8,-64.0,161.9,
1795,17.950,-16.2,-64.9,158.2,
1796,17.960,-14.6,-65.5,155.9,
1797,17.970,-14.3,-66.0,155.4,
1798,17.980,-14.6,-66.5,155.8,
1799,17.990,-15.2,-66.6,157.0,
1800,18.000,-16.9,-66.5,159.3,
1801,18.010,-19.9,-66.2,162.9,
1802,18.020,-24.5,-64.0,166.6,
1803,18.030,-28.7,-61.4,169.2,
1804,18.040,-30.3,-60.1,170.7,
1805,18.050,-30.8,-60.9,170.6,
1806,18.060,-31.6,-62.0,171.3,
1807,18.070,-30.7,-62.6,171.4,
1808,18.080,-29.3,-63.9,171.0,
1809,18.090,-29.8,-65.7,171.8,
1810,18.100,-29.0,-66.7,172.9,
1811,18.110,-26.6,-66.5,172.4,
1812,18.120,-23.8,-65.3,170.2,
1813,18.130,-19.5,-63.9,165.8,
1814,18.140,-12.5,-63.3,158.1,
1815,18.150,-6.2,-62.7,151.5,
1816,18.160,-6.0,-62.2,152.1,
1817,18.170,-7.5,-62.1,156.3,
1818,18.180,-12.1,-62.2,162.7,
1819,18.190,-17.6,-62.4,168.7,
1820,18.200,-22.0,-62.6,173.9,
1821,18.210,-25.0,-62.8,178.0,
1822,18.220,-27.2,-62.6,-178.8,
1823,18.230,-28.2,-62.3,-176.8,
1824,18.240,-28.9,-62.0,-175.3,
1825,18.250,-29.5,-61.8,-174.3,
1826,18.260,-28.7,-62.0,-175.0,
1827,18.270,-25.5,-62.6,-177.8,
1828,18.280,-18.5,-62.3,175.9,
1829,18.290,-12.0,-61.4,170.8,
1830,18.300,-8.4,-60.2,168.3,
1831,18.310,-7.7,-59.3,168.9,
1832,18.320,-9.6,-59.1,171.2,
1833,18.330,-11.5,-59.8,171.6,
1834,18.340,-12.0,-60.9,170.4,
1835,18.350,-12.0,-61.4,168.6,
1836,18.360,-12.0,-61.8,166.2,
1837,18.370,-13.3,-62.1,163.9,
1838,18.380,-15.1,-61.3,162.7,
1839,18.390,-17.2,-60.0,163.2,
1840,18.400,-19.9,-58.4,165.7,
1841,18.410,-24.3,-55.7,170.8,
1842,18.420,-26.4,-54.9,173.0,
1843,18.430,-25.8,-55.5,171.9,
1844,18.440,-24.4,-56.1,169.9,
1845,18.450,-22.0,-56.9,167.6,
1846,18.460,-19.2,-57.7,165.5,
1847,18.470,-16.9,-58.5,164.1,
1848,18.480,-15.3,-58.8,163.1,
1849,18.490,-14.0,-59.0,162.2,
1850,18.500,-12.4,-59.1,160.8,
1851,18.510,-10.8,-59.3,159.2,
1852,18.520,-9.3,-59.5,158.0,
1853,18.530,-9.0,-59.8,158.8,
1854,18.540,-11.2,-58.7,161.5,
1855,18.550,-17.4,-57.0,165.9,
1856,18.560,-21.6,-55.6,169.5,
1857,18.570,-23.0,-55.1,170.6,
1858,18.580,-22.7,-55.0,169.9,
1859,18.590,-22.3,-54.6,170.6,
1860,18.600,-22.9,-55.5,172.1,
1861,18.610,-23.4,-57.4,172.9,
1862,18.620,-23.7,-59.1,174.0,
1863,18.630,-23.0,-60.2,175.7,
1864,18.640,-21.6,-61.1,175.4,
1865,18.650,-18.7,-61.5,172.7,
1866,18.660,-15.8,-61.5,169.0,
1867,18.670,-12.7,-61.7,165.2,
1868,18.680,-8.7,-61.9,160.6,
1869,18.690,-4.5,-61.4,156.7,
1870,18.700,-4.3,-60.9,157.4,
1871,18.710,-6.9,-60.7,161.1,
1872,18.720,-12.0,-60.9,166.3,
1873,18.730,-16.6,-61.0,171.0,
1874,18.740,-20.2,-61.3,175.0,
1875,18.750,-22.1,-61.7,177.6,
1876,18.760,-22.9,-61.9,178.9,
1877,18.770,-22.8,-62.0,179.3,
1878,18.780,-23.0,-62.0,-180.0,
1879,18.790,-23.9,-62.1,-178.7,
1880,18.800,-25.2,-62.1,-177.6,
1881,18.810,-25.9,-62.0,-177.6,
1882,18.820,-25.0,-61.9,-178.8,
1883,18.830,-19.7,-60.6,176.7,
1884,18.840,-13.3,-59.9,172.2,
1885,18.850,-9.1,-60.3,169.0,
1886,18.860,-7.3,-61.1,167.8,
1887,18.870,-7.2,-62.0,166.0,
1888,18.880,-5.8,-63.0,163.0,
1889,18.890,-5.0,-63.5,160.9,
1890,18.900,-4.3,-63.7,158.4,
1891,18.910,-4.3,-64.1,156.2,
1892,18.920,-5.2,-64.2,155.1,
1893,18.930,-7.8,-63.8,156.7,
1894,18.940,-11.8,-63.2,160.5,
1895,18.950,-15.7,-62.8,164.4,
1896,18.960,-19.7,-62.2,168.2,
1897,18.970,-22.4,-61.5,170.8,
1898,18.980,-22.7,-61.6,170.8,
1899,18.990,-21.1,-62.6,169.0,
1900,19.000,-18.1,-63.7,166.1,
1901,19.010,-14.6,-64.7,163.0,
1902,19.020,-11.1,-65.3,160.5,
1903,19.030,-8.5,-65.6,159.0,
1904,19.040,-6.9,-65.6,158.3,
1905,19.050,-5.8,-65.7,157.3,
1906,19.060,-4.1,-65.9,155.2,
1907,19.070,-1.8,-66.4,152.5,
1908,19.080,0.3,-66.4,150.2,
1909,19.090,1.7,-66.5,149.5,
1910,19.100,1.9,-66.8,150.5,
1911,19.110,0.4,-67.2,153.6,
1912,19.120,-4.8,-66.0,158.6,
1913,19.130,-12.0,-63.5,163.1,
1914,19.140,-16.2,-62.5,166.6,
1915,19.150,-18.3,-63.1,168.6,
1916,19.160,-18.8,-63.6,169.8,
1917,19.170,-18.8,-63.9,171.1,
1918,19.180,-18.7,-65.3,171.9,
1919,19.190,-18.6,-66.9,172.6,
1920,19.200,-17.7,-68.2,173.5,
1921,19.210,-14.8,-68.7,171.6,
1922,19.220,-9.8,-68.4,166.8,
1923,19.230,-4.3,-67.5,161.0,
1924,19.240,0.4,-67.0,156.1,
1925,19.250,4.0,-66.9,152.2,
1926,19.260,8.0,-66.6,148.4,
1927,19.270,9.1,-66.6,147.6,
1928,19.280,6.6,-67.6,150.8,
1929,19.290,0.6,-69.1,157.4,
1930,19.300,-7.5,-69.8,165.0,
1931,19.310,-13.6,-69.7,170.7,
1932,19.320,-16.7,-69.3,174.4,
1933,19.330,-17.8,-68.9,176.5,
1934,19.340,-17.8,-68.7,177.3,
1935,19.350,-17.6,-68.5,178.0,
1936,19.360,-18.0,-68.3,179.1,
1937,19.370,-18.3,-68.0,179.7,
1938,19.380,-17.9,-67.8,179.2,
1939,19.390,-16.8,-68.0,177.9,
1940,19.400,-15.3,-68.7,176.2,
1941,19.410,-12.1,-68.7,173.2,
1942,19.420,-5.8,-66.3,168.0,
1943,19.430,-0.7,-64.8,164.7,
1944,19.440,0.9,-64.4,164.3,
1945,19.450,-0.4,-65.0,166.4,
1946,19.460,-1.5,-66.4,165.9,
1947,19.470,-0.9,-66.5,164.1,
1948,19.480,-0.1,-66.4,162.4,
1949,19.490,0.2,-66.5,160.4,
1950,19.500,-0.5,-66.6,158.8,
1951,19.510,-2.1,-66.3,158.2,
1952,19.520,-4.6,-65.5,159.4,
1953,19.530,-7.7,-64.8,161.8,
1954,19.540,-10.7,-64.3,163.9,
1955,19.550,-13.3,-63.6,166.4,
1956,19.560,-15.4,-63.1,168.6,
1957,19.570,-16.2,-63.2,168.7,
1958,19.580,-15.0,-63.6,166.9,
1959,19.590,-12.1,-64.1,163.7,
1960,19.600,-8.1,-64.2,160.6,
1961,19.610,-4.1,-64.1,158.1,
1962,19.620,-1.0,-64.0,156.2,
1963,19.630,0.8,-64.0,154.7,
1964,19.640,1.6,-63.8,153.5,
1965,19.650,2.2,-63.7,151.9,
1966,19.660,2.9,-63.5,150.4,
1967,19.670,3.3,-63.3,149.9,
1968,19.680,3.0,-63.3,150.9,
1969,19.690,1.9,-63.4,153.4,
1970,19.700,-0.8,-63.8,157.5,
1971,19.710,-6.1,-62.5,162.4,
1972,19.720,-12.0,-59.8,166.0,
1973,19.730,-14.9,-58.7,168.0,
1974,19.740,-15.1,-59.4,167.6,
1975,19.750,-15.4,-60.3,168.8,
1976,19.760,-15.2,-60.6,170.0,
1977,19.770,-14.9,-61.7,170.3,
1978,19.780,-14.5,-63.1,170.4,
1979,19.790,-13.7,-64.2,170.5,
1980,19.800,-12.2,-64.9,170.0,
1981,19.810,-8.8,-65.1,166.9,
1982,19.820,-5.0,-64.6,162.8,
1983,19.830,-1.2,-63.8,158.8,
1984,19.840,1.5,-63.6,155.9,
1985,19.850,4.6,-63.6,152.6,
1986,19.860,6.9,-63.2,150.2,
1987,19.870,6.1,-63.3,151.0,
1988,19.880,2.6,-64.2,155.0,
1989,19.890,-2.8,-65.2,160.6,
1990,19.900,-8.7,-65.5,165.9,
1991,19.910,-12.3,-65.5,169.1,
1992,19.920,-13.9,-65.3,171.1,
1993,19.930,-14.7,-65.3,172.5,
1994,19.940,-14.6,-65.4,173.3,
1995,19.950,-14.4,-65.3,173.8,
1996,19.960,-14.7,-65.1,174.6,
1997,19.970,-15.4,-64.9,175.2,
1998,19.980,-15.9,-64.8,175.0,
1999,19.990,-15.4,-64.6,173.8,
2000,20.000,-10.7,-62.9,170.1,
2001,20.010,-5.4,-61.4,166.8,
2002,20.020,-2.6,-61.0,165.2,
2003,20.030,-2.0,-61.4,165.7,
2004,20.040,-1.6,-62.5,164.4,
2005,20.050,-0.4,-63.3,162.1,
2006,20.060,0.2,-63.4,160.8,
2007,20.070,0.2,-63.3,159.8,
2008,20.080,-0.1,-63.4,158.7,
2009,20.090,-1.2,-64.0,158.2,
2010,20.100,-3.2,-64.2,158.5,
2011,20.110,-5.9,-63.7,159.9,
2012,20.120,-8.5,-63.1,161.6,
2013,20.130,-10.9,-62.8,162.8,
2014,20.140,-12.3,-62.7,163.3,
2015,20.150,-13.2,-62.3,164.4,
2016,20.160,-14.4,-61.8,166.2,
2017,20.170,-14.7,-61.9,166.5,
2018,20.180,-13.3,-62.3,164.9,
2019,20.190,-10.6,-62.7,162.3,
2020,20.200,-7.9,-63.0,160.3,
2021,20.210,-5.5,-63.0,158.9,
2022,20.220,-3.5,-62.9,158.0,
2023,20.230,-2.1,-62.8,157.6,
2024,20.240,-1.5,-62.7,157.4,
2025,20.250,-1.1,-62.5,157.0,
2026,20.260,-0.8,-62.3,156.4,
2027,20.270,-0.2,-62.1,155.7,
2028,20.280,0.4,-62.0,155.8,
2029,20.290,0.9,-62.0,156.8,
2030,20.300,-1.4,-61.0,159.5,
2031,20.310,-7.0,-59.1,163.0,
2032,20.320,-10.8,-58.4,166.5,
2033,20.330,-12.7,-58.8,169.0,
2034,20.340,-12.5,-59.1,169.2,
2035,20.350,-13.1,-59.2,170.5,
2036,20.360,-13.7,-59.6,171.5,
2037,20.370,-13.4,-60.4,171.7,
2038,20.380,-12.8,-61.2,171.8,
2039,20.390,-12.4,-62.0,172.7,
2040,20.400,-11.4,-62.8,172.2,
2041,20.410,-8.5,-63.2,169.1,
2042,20.420,-4.8,-63.3,165.3,
2043,20.430,-1.5,-63.0,162.0,
2044,20.440,0.4,-62.7,160.1,
2045,20.450,1.5,-62.7,159.0,
2046,20.460,2.7,-62.8,157.3,
2047,20.470,3.5,-62.7,155.8,
2048,20.480,2.4,-62.7,156.4,
2049,20.490,-0.4,-63.1,159.3,
2050,20.500,-4.7,-63.6,163.6,
2051,20.510,-9.5,-63.9,167.7,
2052,20.520,-12.8,-63.9,170.3,
2053,20.530,-14.3,-64.0,171.8,
2054,20.540,-14.9,-63.9,172.7,
2055,20.550,-14.8,-63.8,173.0,
2056,20.560,-14.5,-63.7,173.3,
2057,20.570,-14.4,-63.6,173.6,
2058,20.580,-14.7,-63.4,173.9,
2059,20.590,-15.1,-63.1,173.8,
2060,20.600,-15.4,-63.0,173.2,
2061,20.610,-14.9,-62.6,171.9,
2062,20.620,-11.0,-60.9,168.9,
2063,20.630,-6.6,-59.5,166.3,
2064,20.640,-4.6,-59.5,165.1,
2065,20.650,-4.2,-60.0,165.3,
2066,20.660,-4.5,-61.0,164.5,
2067,20.670,-3.3,-61.5,162.5,
2068,20.680,-2.5,-61.7,161.2,
2069,20.690,-2.4,-61.4,160.3,
2070,20.700,-2.9,-61.4,159.8,
2071,20.710,-4.0,-61.8,159.9,
2072,20.720,-5.8,-62.3,160.4,
2073,20.730,-8.4,-62.3,161.9,
2074,20.740,-11.0,-62.0,163.6,
2075,20.750,-13.4,-61.9,164.9,
2076,20.760,-15.1,-62.0,165.7,
2077,20.770,-15.9,-62.4,165.9,
2078,20.780,-16.0,-62.6,166.2,
2079,20.790,-15.9,-62.6,166.9,
2080,20.800,-15.4,-63.0,166.9,
2081,20.810,-13.9,-63.6,165.4,
2082,20.820,-11.6,-64.0,163.0,
2083,20.830,-9.3,-64.1,161.0,
2084,20.840,-7.2,-64.2,159.3,
2085,20.850,-5.3,-64.1,158.0,
2086,20.860,-3.7,-64.1,157.1,
2087,20.870,-2.6,-64.2,156.3,
2088,20.880,-1.7,-64.2,155.3,
2089,20.890,-1.2,-64.2,154.3,
2090,20.900,-0.6,-64.1,153.7,
2091,20.910,-0.1,-64.0,153.9,
2092,20.920,0.1,-64.2,155.1,
2093,20.930,-1.0,-64.3,157.8,
2094,20.940,-6.2,-62.2,161.6,
2095,20.950,-11.5,-60.1,165.0,
2096,20.960,-14.8,-59.8,168.3,
2097,20.970,-16.3,-60.7,170.3,
2098,20.980,-17.0,-60.8,172.0,
2099,20.990,-18.2,-60.8,173.9,
2100,21.000,-18.6,-61.6,174.7,
2101,21.010,-18.4,-62.3,175.1,
2102,21.020,-17.9,-62.9,175.8,
2103,21.030,-17.5,-63.7,176.3,
2104,21.040,-15.3,-64.5,174.4,
2105,21.050,-11.9,-65.2,171.0,
2106,21.060,-8.1,-65.4,167.5,
2107,21.070,-5.2,-65.2,165.1,
2108,21.080,-4.2,-65.2,164.7,
2109,21.090,-4.0,-65.4,164.7,
2110,21.100,-3.6,-65.8,163.6,
2111,21.110,-3.6,-66.0,162.7,
2112,21.120,-5.1,-66.3,163.6,
2113,21.130,-8.0,-66.8,166.4,
2114,21.140,-12.1,-67.3,170.3,
2115,21.150,-16.0,-67.2,173.8,
2116,21.160,-18.7,-67.0,175.9,
2117,21.170,-19.7,-66.6,176.7,
2118,21.180,-20.2,-66.2,177.3,
2119,21.190,-20.7,-65.9,178.0,
2120,21.200,-21.7,-65.7,179.3,
2121,21.210,-22.7,-65.5,-179.6,
2122,21.220,-23.5,-65.3,-179.0,
2123,21.230,-23.8,-65.1,-179.4,
2124,21.240,-22.8,-64.6,178.8,
2125,21.250,-19.3,-63.4,175.5,
2126,21.260,-14.7,-62.0,172.5,
2127,21.270,-11.4,-61.6,170.3,
2128,21.280,-10.1,-61.9,169.7,
2129,21.290,-10.6,-62.8,169.8,
2130,21.300,-10.0,-63.4,168.9,
2131,21.310,-8.7,-63.7,167.6,
2132,21.320,-7.9,-63.5,166.4,
2133,21.330,-7.6,-63.1,165.4,
2134,21.340,-8.1,-63.0,165.4,
2135,21.350,-9.7,-63.2,166.4,
2136,21.360,-11.9,-63.6,167.6,
2137,21.370,-14.2,-63.6,168.9,
2138,21.380,-16.1,-63.4,169.9,
2139,21.390,-17.5,-63.3,170.4,
2140,21.400,-18.3,-63.3,170.5,
2141,21.410,-18.7,-63.7,170.2,
2142,21.420,-18.4,-64.2,169.9,
2143,21.430,-17.9,-64.6,169.9,
2144,21.440,-17.3,-64.7,170.4,
2145,21.450,-16.6,-64.9,170.5,
2146,21.460,-15.5,-65.2,169.9,
2147,21.470,-14.0,-65.4,168.7,
2148,21.480,-12.2,-65.5,167.4,
2149,21.490,-10.4,-65.5,166.2,
2150,21.500,-8.5,-65.4,164.9,
2151,21.510,-6.3,-65.4,163.5,
2152,21.520,-4.6,-65.1,162.5,
2153,21.530,-3.6,-64.7,161.9,
2154,21.540,-3.0,-64.3,161.4,
2155,21.550,-2.7,-63.9,161.2,
2156,21.560,-2.6,-63.4,161.5,
2157,21.570,-3.9,-62.2,162.9,
2158,21.580,-7.5,-61.3,165.1,
2159,21.590,-10.9,-61.1,169.0,
2160,21.600,-14.3,-61.1,173.4,
2161,21.610,-15.2,-60.8,174.6,
2162,21.620,-16.1,-60.6,175.2,
2163,21.630,-17.1,-60.9,176.0,
2164,21.640,-17.6,-60.9,176.6,
2165,21.650,-17.0,-60.6,176.3,
2166,21.660,-16.5,-60.5,176.0,
2167,21.670,-16.0,-60.9,175.8,
2168,21.680,-15.2,-61.5,175.0,
2169,21.690,-13.4,-62.5,173.2,
2170,21.700,-11.1,-63.4,171.3,
2171,21.710,-8.9,-63.9,169.6,
2172,21.720,-7.4,-64.1,168.8,
2173,21.730,-7.4,-64.4,169.3,
2174,21.740,-8.2,-64.8,170.4,
2175,21.750,-9.0,-65.3,171.1,
2176,21.760,-9.7,-65.8,171.1,
2177,21.770,-10.6,-66.3,171.0,
2178,21.780,-11.5,-66.6,171.1,
2179,21.790,-12.5,-66.8,171.7,
2180,21.800,-14.1,-66.9,173.2,
2181,21.810,-16.2,-67.0,175.1,
2182,21.820,-18.1,-66.9,176.7,
2183,21.830,-19.3,-66.7,177.7,
2184,21.840,-20.3,-66.6,178.7,
2185,21.850,-21.4,-66.4,179.7,
2186,21.860,-22.5,-66.2,-179.3,
2187,21.870,-23.7,-66.1,-178.3,
2188,21.880,-24.9,-65.8,-177.8,
2189,21.890,-24.6,-65.2,-178.7,
2190,21.900,-21.4,-63.9,178.3,
2191,21.910,-17.4,-63.2,175.1,
2192,21.920,-14.0,-63.3,171.8,
2193,21.930,-11.8,-64.0,169.0,
2194,21.940,-10.0,-64.5,166.0,
2195,21.950,-7.6,-65.1,163.3,
2196,21.960,-6.1,-65.6,161.7,
2197,21.970,-4.8,-65.3,159.7,
2198,21.980,-4.0,-64.9,158.1,
2199,21.990,-3.4,-64.6,157.1,
2200,22.000,-4.3,-64.8,157.6,
2201,22.010,-6.5,-65.6,159.4,
2202,22.020,-9.1,-66.2,161.0,
2203,22.030,-11.1,-66.3,162.2,
2204,22.040,-12.4,-66.3,163.0,
2205,22.050,-13.0,-66.4,163.1,
2206,22.060,-12.9,-66.5,162.8,
2207,22.070,-12.4,-66.8,162.3,
2208,22.080,-11.8,-67.2,162.0,
2209,22.090,-11.2,-67.7,162.2,
2210,22.100,-11.1,-68.1,163.4,
2211,22.110,-11.3,-68.4,164.9,
2212,22.120,-11.4,-68.6,166.0,
2213,22.130,-11.2,-68.8,166.5,
2214,22.140,-10.4,-69.0,166.5,
2215,22.150,-9.1,-69.3,166.2,
2216,22.160,-7.8,-69.5,166.2,
2217,22.170,-6.4,-69.7,165.9,
2218,22.180,-4.8,-69.7,165.4,
2219,22.190,-3.3,-69.5,164.7,
2220,22.200,-1.9,-69.0,164.1,
2221,22.210,-0.7,-68.6,163.5,
2222,22.220,0.3,-68.3,163.2,
2223,22.230,1.0,-68.0,163.3,
2224,22.240,0.4,-67.4,164.7,
2225,22.250,-2.8,-66.1,167.1,
2226,22.260,-6.3,-65.8,170.1,
2227,22.270,-10.3,-65.9,175.5,
2228,22.280,-14.0,-66.3,178.9,
2229,22.290,-14.3,-65.5,178.7,
2230,22.300,-15.0,-65.4,179.0,
2231,22.310,-17.0,-66.0,-179.4,
2232,22.320,-18.5,-66.4,-177.9,
2233,22.330,-18.4,-66.3,-177.4,
2234,22.340,-17.5,-66.2,-177.5,
2235,22.350,-16.4,-66.3,-177.9,
2236,22.360,-15.4,-66.7,-178.5,
2237,22.370,-14.0,-67.4,-179.7,
2238,22.380,-12.6,-68.0,179.5,
2239,22.390,-11.9,-68.3,179.4,
2240,22.400,-11.9,-68.3,179.7,
2241,22.410,-12.3,-68.2,-179.5,
2242,22.420,-13.3,-68.2,-178.5,
2243,22.430,-14.4,-68.5,-177.8,
2244,22.440,-15.4,-69.2,-177.5,
2245,22.450,-16.1,-70.2,-177.7,
2246,22.460,-16.8,-71.3,-178.1,
2247,22.470,-17.1,-72.3,-178.8,
2248,22.480,-16.8,-72.8,-179.9,
2249,22.490,-16.3,-72.8,179.1,
2250,22.500,-16.6,-72.3,179.0,
2251,22.510,-18.0,-71.7,-180.0,
2252,22.520,-20.0,-71.0,-178.4,
2253,22.530,-22.2,-70.3,-176.8,
2254,22.540,-24.5,-69.6,-175.0,
2255,22.550,-26.9,-69.0,-173.1,
2256,22.560,-29.3,-68.3,-171.2,
2257,22.570,-31.2,-67.8,-170.1,
2258,22.580,-32.5,-67.6,-169.9,
2259,22.590,-32.4,-67.5,-171.1,
2260,22.600,-29.7,-67.3,-174.7,
2261,22.610,-23.5,-66.7,-179.9,
2262,22.620,-18.7,-66.9,176.0,
2263,22.630,-15.3,-67.5,172.6,
2264,22.640,-14.9,-68.6,172.1,
2265,22.650,-15.7,-69.3,172.1,
2266,22.660,-15.1,-69.5,171.2,
2267,22.670,-14.2,-70.0,170.1,
2268,22.680,-13.3,-70.4,168.9,
2269,22.690,-13.4,-70.5,168.5,
2270,22.700,-14.2,-70.4,169.0,
2271,22.710,-15.8,-70.5,170.2,
2272,22.720,-17.6,-70.5,171.4,
2273,22.730,-19.3,-70.6,172.4,
2274,22.740,-20.7,-70.6,173.1,
2275,22.750,-21.7,-70.7,173.4,
2276,22.760,-22.3,-70.9,173.3,
2277,22.770,-22.3,-71.3,172.6,
2278,22.780,-21.8,-71.9,171.6,
2279,22.790,-21.0,-72.8,170.4,
2280,22.800,-20.1,-73.7,169.3,
2281,22.810,-19.3,-74.4,168.3,
2282,22.820,-18.4,-75.0,167.2,
2283,22.830,-17.3,-75.5,165.8,
2284,22.840,-15.7,-76.0,163.9,
2285,22.850,-13.1,-76.4,161.1,
2286,22.860,-9.7,-76.7,157.8,
2287,22.870,-5.8,-77.0,154.2,
2288,22.880,-1.8,-77.1,150.7,
2289,22.890,1.8,-77.0,147.5,
2290,22.900,4.7,-76.5,144.9,
2291,22.910,5.5,-75.3,143.6,
2292,22.920,4.1,-73.8,143.2,
2293,22.930,3.1,-73.4,143.2,
2294,22.940,-0.8,-74.1,147.1,
2295,22.950,-9.5,-74.4,157.1,
2296,22.960,-15.8,-74.6,163.1,
2297,22.970,-19.6,-74.4,166.5,
2298,22.980,-23.6,-74.1,170.4,
2299,22.990,-25.4,-73.7,172.4,
2300,23.000,-25.3,-73.4,172.6,
2301,23.010,-23.9,-73.4,171.5,
2302,23.020,-21.6,-73.5,169.3,
2303,23.030,-18.3,-73.8,166.0,
2304,23.040,-14.3,-74.1,161.9,
2305,23.050,-10.5,-74.3,157.7,
2306,23.060,-7.6,-74.2,154.4,
2307,23.070,-5.7,-74.1,152.1,
2308,23.080,-4.8,-74.1,150.7,
2309,23.090,-4.3,-74.3,149.6,
2310,23.100,-4.0,-74.7,148.2,
2311,23.110,-3.5,-75.1,146.4,
2312,23.120,-2.7,-75.4,144.1,
2313,23.130,-1.6,-75.9,141.2,
2314,23.140,0.0,-76.5,137.8,
2315,23.150,2.0,-76.9,134.0,
2316,23.160,4.1,-77.0,130.0,
2317,23.170,5.9,-77.1,126.5,
2318,23.180,6.9,-77.0,123.7,
2319,23.190,6.8,-77.0,122.0,
2320,23.200,5.8,-76.9,121.2,
2321,23.210,3.9,-76.7,121.4,
2322,23.220,1.4,-76.6,122.5,
2323,23.230,-1.4,-76.3,123.9,
2324,23.240,-2.7,-74.8,124.6,
2325,23.250,-2.3,-72.6,124.5,
2326,23.260,-3.1,-72.2,124.8,
2327,23.270,-1.1,-73.0,122.0,
2328,23.280,4.7,-73.7,113.9,
2329,23.290,9.2,-73.4,108.4,
2330,23.300,12.6,-73.6,104.6,
2331,23.310,15.5,-73.3,101.1,
2332,23.320,17.0,-73.0,98.5,
2333,23.330,17.9,-72.8,96.2,
2334,23.340,18.0,-72.7,94.5,
2335,23.350,17.2,-72.7,93.6,
2336,23.360,16.3,-72.7,92.8,
2337,23.370,15.8,-72.7,91.4,
2338,23.380,15.7,-72.6,89.7,
2339,23.390,16.1,-72.6,87.5,
2340,23.400,17.0,-72.5,84.7,
2341,23.410,18.5,-72.4,81.4,
2342,23.420,20.0,-72.3,78.0,
2343,23.430,21.5,-72.3,74.9,
2344,23.440,22.7,-72.2,72.2,
2345,23.450,23.3,-72.1,70.2,
2346,23.460,23.3,-72.1,68.9,
2347,23.470,23.2,-72.0,67.7,
2348,23.480,23.1,-71.9,66.5,
2349,23.490,23.4,-71.7,64.7,
2350,23.500,24.4,-71.4,62.4,
2351,23.510,26.0,-71.0,59.5,
2352,23.520,27.9,-70.5,56.4,
2353,23.530,29.9,-69.9,53.4,
2354,23.540,31.6,-69.4,50.7,
2355,23.550,33.0,-68.9,48.5,
2356,23.560,33.9,-68.4,47.0,
2357,23.570,34.1,-68.0,46.1,
2358,23.580,33.5,-67.4,45.9,
2359,23.590,32.2,-66.8,46.1,
2360,23.600,30.0,-66.0,46.8,
2361,23.610,27.6,-65.1,47.7,
2362,23.620,25.4,-64.3,48.4,
2363,23.630,23.5,-63.8,49.0,
2364,23.640,21.5,-63.5,50.0,
2365,23.650,19.0,-63.6,51.7,
2366,23.660,16.2,-63.9,54.0,
2367,23.670,13.7,-64.1,55.6,
2368,23.680,12.2,-64.0,56.2,
2369,23.690,11.4,-64.0,56.3,
2370,23.700,10.9,-64.2,56.1,
2371,23.710,10.5,-64.4,55.9,
2372,23.720,10.2,-64.6,55.8,
2373,23.730,10.1,-64.8,55.5,
2374,23.740,10.2,-64.9,54.9,
2375,23.750,10.4,-64.9,54.1,
2376,23.760,10.6,-64.9,53.4,
2377,23.770,10.6,-64.8,52.8,
2378,23.780,10.5,-64.8,52.3,
2379,23.790,10.2,-64.7,52.0,
2380,23.800,9.9,-64.6,51.6,
2381,23.810,9.5,-64.6,51.1,
2382,23.820,9.2,-64.5,50.6,
2383,23.830,8.9,-64.5,49.9,
2384,23.840,8.6,-64.6,49.2,
2385,23.850,8.3,-64.7,48.4,
2386,23.860,8.1,-65.0,47.6,
2387,23.870,7.8,-65.2,46.9,
2388,23.880,7.4,-65.4,46.1,
2389,23.890,6.8,-65.5,45.6,
2390,23.900,5.8,-65.6,45.2,
2391,23.910,4.8,-65.7,44.9,
2392,23.920,3.7,-65.8,44.8,
2393,23.930,2.5,-65.8,44.9,
2394,23.940,1.1,-65.8,45.0,
2395,23.950,-0.2,-65.8,45.3,
2396,23.960,-1.5,-65.6,45.5,
2397,23.970,-2.8,-65.3,45.5,
2398,23.980,-3.7,-64.8,45.1,
2399,23.990,-4.1,-64.3,44.3,
2400,24.000,-4.2,-64.1,43.4,
2401,24.010,-4.4,-64.2,42.6,
2402,24.020,-4.5,-64.5,42.1,
2403,24.030,-4.5,-65.2,41.2,
2404,24.040,-5.4,-65.9,41.0,
2405,24.050,-6.3,-65.8,40.9,
2406,24.060,-6.9,-65.6,40.8,
2407,24.070,-7.5,-65.7,40.7,
2408,24.080,-8.2,-65.8,40.8,
2409,24.090,-9.1,-66.0,41.3,
2410,24.100,-10.2,-66.2,41.9,
2411,24.110,-11.2,-66.4,42.3,
2412,24.120,-12.1,-66.5,42.4,
2413,24.130,-12.9,-66.6,42.4,
2414,24.140,-13.7,-66.8,42.3,
2415,24.150,-14.4,-66.9,42.1,
2416,24.160,-15.2,-67.1,41.9,
2417,24.170,-15.8,-67.3,41.5,
2418,24.180,-16.3,-67.5,41.0,
2419,24.190,-16.8,-67.7,40.3,
2420,24.200,-17.0,-68.1,39.6,
2421,24.210,-17.1,-68.4,38.7,
2422,24.220,-17.0,-68.9,37.7,
2423,24.230,-16.8,-69.4,36.6,
2424,24.240,-16.4,-70.0,35.4,
2425,24.250,-15.9,-70.6,34.1,
2426,24.260,-15.1,-71.3,32.6,
2427,24.270,-14.0,-71.9,30.9,
2428,24.280,-12.6,-72.5,28.9,
2429,24.290,-10.9,-73.1,26.8,
2430,24.300,-9.0,-73.4,24.5,
2431,24.310,-7.3,-73.4,22.4,
2432,24.320,-6.0,-73.1,20.3,
2433,24.330,-4.9,-72.7,18.3,
2434,24.340,-3.9,-72.2,16.4,
2435,24.350,-3.0,-71.8,14.9,
2436,24.360,-2.3,-71.5,13.8,
2437,24.370,-2.5,-71.5,13.6,
2438,24.380,-4.7,-71.6,15.9,
2439,24.390,-9.0,-71.9,20.2,
2440,24.400,-13.2,-72.2,24.0,
2441,24.410,-15.4,-72.2,25.6,
2442,24.420,-16.4,-72.1,25.8,
2443,24.430,-16.5,-72.0,25.4,
2444,24.440,-16.0,-72.0,24.3,
2445,24.450,-15.1,-72.1,22.9,
2446,24.460,-14.0,-72.2,21.2,
2447,24.470,-12.7,-72.2,19.5,
2448,24.480,-11.2,-72.1,17.6,
2449,24.490,-9.7,-72.0,15.6,
2450,24.500,-8.5,-71.9,13.8,
2451,24.510,-7.4,-71.7,12.1,
2452,24.520,-6.4,-71.4,10.5,
2453,24.530,-5.4,-71.2,8.9,
2454,24.540,-4.3,-71.1,7.3,
2455,24.550,-3.3,-70.9,5.6,
2456,24.560,-2.2,-70.9,3.9,
2457,24.570,-1.1,-70.8,2.2,
2458,24.580,0.0,-70.9,0.4,
2459,24.590,1.2,-71.0,-1.3,
2460,24.600,2.2,-71.2,-3.0,
2461,24.610,3.2,-71.3,-4.6,
2462,24.620,4.1,-71.4,-6.0,
2463,24.630,4.8,-71.5,-7.3,
2464,24.640,5.3,-71.5,-8.4,
2465,24.650,5.6,-71.6,-9.3,
2466,24.660,5.9,-71.7,-10.2,
2467,24.670,6.1,-71.9,-10.9,
2468,24.680,6.2,-72.1,-11.4,
2469,24.690,6.2,-72.2,-11.9,
2470,24.700,6.3,-72.4,-12.4,
2471,24.710,6.4,-72.6,-13.0,
2472,24.720,6.7,-72.9,-13.6,
2473,24.730,6.9,-73.3,-14.2,
2474,24.740,7.0,-73.7,-14.6,
2475,24.750,6.6,-74.3,-14.7,
2476,24.760,6.1,-74.7,-14.9,
2477,24.770,5.5,-75.1,-15.0,
2478,24.780,5.0,-75.3,-15.2,
2479,24.790,4.6,-75.4,-15.2,
2480,24.800,4.0,-75.3,-15.0,
2481,24.810,3.4,-75.1,-14.7,
2482,24.820,2.7,-75.0,-14.4,
2483,24.830,1.8,-75.0,-14.0,
2484,24.840,1.4,-75.0,-14.3,
2485,24.850,2.0,-74.9,-15.7,
2486,24.860,2.9,-74.8,-17.4,
2487,24.870,3.9,-74.8,-19.2,
2488,24.880,4.7,-74.8,-20.9,
2489,24.890,5.0,-74.7,-22.1,
2490,24.900,4.8,-74.7,-22.8,
2491,24.910,4.2,-74.6,-23.0,
2492,24.920,3.3,-74.5,-22.9,
2493,24.930,2.1,-74.5,-22.7,
2494,24.940,0.8,-74.4,-22.2,
2495,24.950,-0.7,-74.4,-21.6,
2496,24.960,-2.3,-74.3,-20.7,
2497,24.970,-4.0,-74.2,-19.7,
2498,24.980,-5.7,-74.0,-18.6,
2499,24.990,-7.2,-73.8,-17.6,
2500,25.000,-8.6,-73.6,-16.6,
2501,25.010,-9.7,-73.4,-15.9,
2502,25.020,-10.6,-73.3,-15.3,
2503,25.030,-11.2,-73.1,-15.0,
2504,25.040,-11.7,-72.9,-14.8,
2505,25.050,-12.0,-72.7,-14.7,
2506,25.060,-12.3,-72.6,-14.5,
2507,25.070,-12.7,-72.4,-14.3,
2508,25.080,-13.1,-72.3,-14.1,
2509,25.090,-13.5,-72.1,-13.8,
2510,25.100,-13.8,-72.0,-13.6,
2511,25.110,-14.1,-71.9,-13.5,
2512,25.120,-14.4,-71.8,-13.3,
2513,25.130,-14.7,-71.9,-13.0,
2514,25.140,-15.2,-72.1,-12.7,
2515,25.150,-15.8,-72.4,-12.1,
2516,25.160,-16.6,-72.8,-11.5,
2517,25.170,-17.2,-73.2,-10.9,
2518,25.180,-17.7,-73.4,-10.4,
2519,25.190,-18.1,-73.6,-10.0,
2520,25.200,-18.4,-73.7,-9.4,
2521,25.210,-19.0,-73.9,-8.6,
2522,25.220,-19.8,-74.0,-7.7,
2523,25.230,-20.8,-74.2,-6.6,
2524,25.240,-21.7,-74.4,-5.4,
2525,25.250,-22.7,-74.7,-4.2,
2526,25.260,-23.6,-74.9,-2.9,
2527,25.270,-24.5,-75.0,-1.7,
2528,25.280,-25.3,-74.9,-0.5,
2529,25.290,-26.1,-74.8,0.6,
2530,25.300,-26.8,-74.5,1.5,
2531,25.310,-27.5,-74.1,2.1,
2532,25.320,-28.1,-73.7,2.6,
2533,25.330,-28.5,-73.4,3.0,
2534,25.340,-28.7,-73.1,3.2,
2535,25.350,-29.2,-72.8,3.9,
2536,25.360,-29.6,-72.5,4.5,
2537,25.370,-29.9,-72.2,5.1,
2538,25.380,-30.1,-71.9,5.6,
2539,25.390,-30.4,-71.6,6.2,
2540,25.400,-30.6,-71.4,6.6,
2541,25.410,-30.5,-71.2,6.8,
2542,25.420,-30.2,-71.1,6.6,
2543,25.430,-29.5,-71.1,6.1,
2544,25.440,-28.7,-71.2,5.4,
2545,25.450,-27.8,-71.3,4.6,
2546,25.460,-26.7,-71.3,3.6,
2547,25.470,-25.4,-71.4,2.4,
2548,25.480,-24.0,-71.5,0.9,
2549,25.490,-22.4,-71.6,-0.7,
2550,25.500,-20.9,-71.7,-2.4,
2551,25.510,-19.5,-71.7,-4.0,
2552,25.520,-18.3,-71.8,-5.5,
2553,25.530,-17.2,-71.8,-6.8,
2554,25.540,-16.4,-71.8,-7.9,
2555,25.550,-15.8,-71.8,-8.9,
2556,25.560,-15.3,-71.8,-9.7,
2557,25.570,-14.9,-71.8,-10.4,
2558,25.580,-14.7,-71.9,-11.0,
2559,25.590,-14.5,-71.9,-11.5,
2560,25.600,-14.5,-72.0,-11.9,
2561,25.610,-14.5,-72.0,-12.2,
2562,25.620,-14.6,-72.1,-12.4,
2563,25.630,-14.8,-72.1,-12.5,
2564,25.640,-15.1,-72.3,-12.5,
2565,25.650,-15.5,-72.5,-12.6,
2566,25.660,-15.9,-72.9,-12.5,
2567,25.670,-16.3,-73.3,-12.4,
2568,25.680,-16.7,-73.7,-12.3,
2569,25.690,-17.0,-74.1,-12.2,
2570,25.700,-17.5,-74.4,-12.0,
2571,25.710,-17.9,-74.7,-11.9,
2572,25.720,-18.2,-74.9,-11.8,
2573,25.730,-18.4,-75.1,-11.7,
2574,25.740,-18.7,-75.4,-11.5,
2575,25.750,-19.1,-75.6,-11.1,
2576,25.760,-19.7,-75.8,-10.5,
2577,25.770,-20.2,-75.9,-10.1,
2578,25.780,-20.2,-75.9,-10.2,
2579,25.790,-19.7,-75.8,-10.7,
2580,25.800,-19.1,-75.8,-11.4,
2581,25.810,-18.2,-75.8,-12.4,
2582,25.820,-17.1,-75.7,-13.6,
2583,25.830,-15.8,-75.6,-15.0,
2584,25.840,-14.5,-75.5,-16.5,
2585,25.850,-12.9,-75.5,-18.5,
2586,25.860,-10.9,-75.4,-20.8,
2587,25.870,-8.9,-75.3,-23.1,
2588,25.880,-7.0,-75.2,-25.3,
2589,25.890,-5.6,-75.0,-27.2,
2590,25.900,-4.3,-74.9,-28.9,
2591,25.910,-3.4,-74.7,-30.3,
2592,25.920,-2.8,-74.6,-31.4,
2593,25.930,-2.7,-74.5,-31.9,
2594,25.940,-3.0,-74.4,-32.1,
2595,25.950,-3.5,-74.2,-32.0,
2596,25.960,-4.3,-74.1,-31.5,
2597,25.970,-5.6,-74.0,-30.6,
2598,25.980,-7.1,-73.8,-29.2,
2599,25.990,-8.9,-73.6,-27.6,
2600,26.000,-10.5,-73.3,-26.0,
2601,26.010,-12.2,-73.0,-24.3,
2602,26.020,-13.7,-72.8,-22.8,
2603,26.030,-15.0,-72.4,-21.4,
2604,26.040,-16.0,-72.1,-20.2,
2605,26.050,-16.8,-71.9,-19.3,
2606,26.060,-17.3,-71.6,-18.6,
2607,26.070,-17.6,-71.4,-18.0,
2608,26.080,-17.8,-71.3,-17.6,
2609,26.090,-17.9,-71.1,-17.3,
2610,26.100,-18.0,-71.1,-17.0,
2611,26.110,-18.0,-71.0,-16.7,
2612,26.120,-18.1,-71.1,-16.4,
2613,26.130,-18.2,-71.1,-16.1,
2614,26.140,-18.4,-71.3,-15.8,
2615,26.150,-18.5,-71.6,-15.4,
2616,26.160,-18.7,-71.9,-15.1,
2617,26.170,-18.8,-72.1,-14.7,
2618,26.180,-18.9,-72.3,-14.4,
2619,26.190,-18.9,-72.5,-14.1,
2620,26.200,-19.0,-72.7,-13.7,
2621,26.210,-19.3,-72.8,-13.1,
2622,26.220,-19.8,-73.1,-12.3,
2623,26.230,-20.5,-73.3,-11.5,
2624,26.240,-21.4,-73.6,-10.4,
2625,26.250,-22.5,-73.7,-9.1,
2626,26.260,-23.7,-73.8,-7.6,
2627,26.270,-24.8,-73.7,-6.3,
2628,26.280,-26.0,-73.5,-5.0,
2629,26.290,-27.2,-73.3,-3.7,
2630,26.300,-28.5,-72.9,-2.5,
2631,26.310,-29.7,-72.5,-1.3,
2632,26.320,-30.8,-72.1,-0.3,
2633,26.330,-31.4,-71.8,0.4,
2634,26.340,-31.6,-71.5,0.8,
2635,26.350,-31.6,-71.2,1.0,
2636,26.360,-31.4,-70.9,1.2,
2637,26.370,-31.2,-70.6,1.2,
2638,26.380,-31.0,-70.2,1.4,
2639,26.390,-31.0,-70.0,1.8,
2640,26.400,-31.0,-69.7,2.1,
2641,26.410,-30.9,-69.5,2.2,
2642,26.420,-30.5,-69.4,2.1,
2643,26.430,-30.1,-69.4,1.9,
2644,26.440,-29.6,-69.4,1.6,
2645,26.450,-28.8,-69.5,0.9,
2646,26.460,-27.7,-69.6,-0.0,
2647,26.470,-26.3,-69.8,-1.3,
2648,26.480,-24.8,-69.9,-2.7,
2649,26.490,-23.3,-70.1,-4.2,
2650,26.500,-21.9,-70.2,-5.6,
2651,26.510,-20.7,-70.3,-6.7,
2652,26.520,-19.7,-70.4,-7.7,
2653,26.530,-19.0,-70.5,-8.4,
2654,26.540,-18.5,-70.5,-8.9,
2655,26.550,-18.4,-70.4,-9.2,
2656,26.560,-18.4,-70.4,-9.3,
2657,26.570,-18.5,-70.3,-9.3,
2658,26.580,-18.7,-70.3,-9.3,
2659,26.590,-19.0,-70.3,-9.3,
2660,26.600,-19.2,-70.4,-9.3,
2661,26.610,-19.5,-70.5,-9.3,
2662,26.620,-19.8,-70.6,-9.2,
2663,26.630,-20.1,-70.8,-9.1,
2664,26.640,-20.6,-71.1,-8.9,
2665,26.650,-21.1,-71.5,-8.6,
2666,26.660,-21.6,-72.0,-8.3,
2667,26.670,-22.1,-72.5,-8.1,
2668,26.680,-22.4,-72.8,-8.0,
2669,26.690,-22.8,-73.2,-7.9,
2670,26.700,-23.2,-73.5,-7.6,
2671,26.710,-23.6,-73.7,-7.5,
2672,26.720,-23.9,-73.8,-7.4,
2673,26.730,-24.0,-74.0,-7.3,
2674,26.740,-24.3,-74.3,-7.1,
2675,26.750,-24.7,-74.6,-6.7,
2676,26.760,-25.1,-74.9,-6.5,
2677,26.770,-25.1,-75.0,-6.8,
2678,26.780,-24.8,-75.2,-7.3,
2679,26.790,-24.3,-75.3,-8.0,
2680,26.800,-23.5,-75.4,-9.1,
2681,26.810,-22.1,-75.3,-10.5,
2682,26.820,-20.7,-75.2,-12.0,
2683,26.830,-19.5,-75.1,-13.2,
2684,26.840,-18.5,-75.0,-14.1,
2685,26.850,-17.6,-75.0,-15.1,
2686,26.860,-16.3,-74.9,-16.7,
2687,26.870,-14.4,-74.9,-18.9,
2688,26.880,-12.4,-74.7,-21.2,
2689,26.890,-10.4,-74.6,-23.4,
2690,26.900,-8.6,-74.5,-25.5,
2691,26.910,-7.0,-74.4,-27.2,
2692,26.920,-5.9,-74.3,-28.5,
2693,26.930,-5.3,-74.3,-29.3,
2694,26.940,-5.2,-74.2,-29.6,
2695,26.950,-5.5,-74.1,-29.5,
2696,26.960,-6.1,-74.0,-28.9,
2697,26.970,-7.1,-73.9,-28.0,
2698,26.980,-8.4,-73.7,-26.6,
2699,26.990,-10.0,-73.5,-25.0,
2700,27.000,-11.6,-73.2,-23.2,
2701,27.010,-13.2,-72.9,-21.4,
2702,27.020,-14.7,-72.5,-19.6,
2703,27.030,-16.0,-72.1,-17.9,
2704,27.040,-17.1,-71.7,-16.5,
2705,27.050,-17.9,-71.3,-15.3,
2706,27.060,-18.4,-71.0,-14.4,
2707,27.070,-18.7,-70.6,-13.6,
2708,27.080,-18.9,-70.3,-13.0,
2709,27.090,-18.9,-70.0,-12.5,
2710,27.100,-18.8,-69.8,-12.1,
2711,27.110,-18.7,-69.6,-11.8,
2712,27.120,-18.4,-69.5,-11.5,
2713,27.130,-18.2,-69.5,-11.3,
2714,27.140,-17.9,-69.5,-11.0,
2715,27.150,-17.7,-69.6,-10.8,
2716,27.160,-17.6,-69.9,-10.5,
2717,27.170,-17.5,-70.2,-10.2,
2718,27.180,-17.4,-70.6,-9.8,
2719,27.190,-17.3,-70.9,-9.5,
2720,27.200,-17.1,-71.2,-9.2,
2721,27.210,-16.8,-71.4,-9.0,
2722,27.220,-16.5,-71.7,-8.9,
2723,27.230,-16.5,-72.0,-8.6,
2724,27.240,-16.6,-72.2,-8.3,
2725,27.250,-17.0,-72.5,-7.7,
2726,27.260,-17.7,-72.8,-6.8,
2727,27.270,-18.7,-73.1,-5.6,
2728,27.280,-19.8,-73.3,-4.3,
2729,27.290,-21.0,-73.3,-2.9,
2730,27.300,-22.3,-73.3,-1.6,
2731,27.310,-23.5,-73.1,-0.3,
2732,27.320,-24.7,-72.9,1.0,
2733,27.330,-26.0,-72.5,2.2,
2734,27.340,-27.1,-72.1,3.3,
2735,27.350,-28.0,-71.7,4.4,
2736,27.360,-28.7,-71.4,5.3,
2737,27.370,-29.3,-71.0,6.2,
2738,27.380,-29.7,-70.6,7.0,
2739,27.390,-30.1,-70.2,7.9,
2740,27.400,-30.4,-69.8,8.5,
2741,27.410,-30.6,-69.5,9.1,
2742,27.420,-30.8,-69.3,9.6,
2743,27.430,-30.8,-69.1,10.0,
2744,27.440,-30.8,-69.1,10.2,
2745,27.450,-30.6,-69.1,10.2,
2746,27.460,-30.3,-69.2,10.1,
2747,27.470,-29.9,-69.3,9.7,
2748,27.480,-29.3,-69.5,9.1,
2749,27.490,-28.4,-69.7,8.2,
2750,27.500,-27.3,-70.0,7.0,
2751,27.510,-26.1,-70.2,5.7,
2752,27.520,-24.8,-70.5,4.3,
2753,27.530,-23.6,-70.7,2.9,
2754,27.540,-22.5,-70.9,1.7,
2755,27.550,-21.7,-71.0,0.7,
2756,27.560,-21.1,-71.0,-0.1,
2757,27.570,-20.7,-71.1,-0.8,
2758,27.580,-20.4,-71.1,-1.3,
2759,27.590,-20.2,-71.1,-1.8,
2760,27.600,-20.1,-71.1,-2.2,
2761,27.610,-20.1,-71.2,-2.6,
2762,27.620,-20.1,-71.3,-2.9,
2763,27.630,-20.1,-71.4,-3.2,
2764,27.640,-20.2,-71.4,-3.4,
2765,27.650,-20.4,-71.5,-3.5,
2766,27.660,-20.7,-71.6,-3.6,
2767,27.670,-21.1,-71.8,-3.6,
2768,27.680,-21.5,-72.1,-3.4,
2769,27.690,-22.2,-72.5,-3.1,
2770,27.700,-22.7,-72.8,-3.0,
2771,27.710,-23.1,-73.0,-3.0,
2772,27.720,-23.5,-73.2,-2.8,
2773,27.730,-24.0,-73.3,-2.7,
2774,27.740,-24.3,-73.3,-2.6,
2775,27.750,-24.5,-73.4,-2.6,
2776,27.760,-24.6,-73.5,-2.6,
2777,27.770,-24.7,-73.7,-2.6,
2778,27.780,-24.9,-74.0,-2.4,
2779,27.790,-25.4,-74.3,-2.1,
2780,27.800,-25.2,-74.5,-2.5,
2781,27.810,-24.6,-74.7,-3.5,
2782,27.820,-24.0,-74.9,-4.6,
2783,27.830,-23.1,-75.1,-5.9,
2784,27.840,-21.7,-75.1,-7.5,
2785,27.850,-20.2,-74.9,-9.1,
2786,27.860,-19.0,-74.7,-10.3,
2787,27.870,-18.2,-74.4,-11.0,
2788,27.880,-17.7,-74.1,-11.5,
2789,27.890,-17.2,-74.0,-12.2,
2790,27.900,-15.9,-73.8,-13.8,
2791,27.910,-14.3,-73.6,-15.9,
2792,27.920,-12.2,-73.4,-18.2,
2793,27.930,-10.0,-73.2,-20.8,
2794,27.940,-7.7,-73.0,-23.2,
2795,27.950,-6.0,-72.9,-25.0,
2796,27.960,-5.1,-72.8,-26.1,
2797,27.970,-4.8,-72.7,-26.5,
2798,27.980,-5.2,-72.6,-26.2,
2799,27.990,-5.9,-72.4,-25.5,
2800,28.000,-7.0,-72.3,-24.4,
2801,28.010,-8.3,-72.1,-23.1,
2802,28.020,-9.8,-71.9,-21.6,
2803,28.030,-11.2,-71.7,-20.1,
2804,28.040,-12.5,-71.4,-18.7,
2805,28.050,-13.7,-71.2,-17.3,
2806,28.060,-14.7,-70.9,-16.0,
2807,28.070,-15.4,-70.6,-15.0,
2808,28.080,-15.9,-70.3,-14.3,
2809,28.090,-16.3,-70.0,-13.6,
2810,28.100,-16.5,-69.7,-13.0,
2811,28.110,-16.7,-69.4,-12.4,
2812,28.120,-16.8,-69.2,-11.8,
2813,28.130,-16.9,-69.0,-11.3,
2814,28.140,-16.8,-68.9,-11.0,
2815,28.150,-16.6,-68.7,-10.7,
2816,28.160,-16.3,-68.6,-10.6,
2817,28.170,-16.0,-68.5,-10.5,
2818,28.180,-15.6,-68.5,-10.5,
2819,28.190,-15.3,-68.6,-10.3,
2820,28.200,-15.1,-68.8,-10.1,
2821,28.210,-15.0,-69.0,-9.7,
2822,28.220,-15.0,-69.3,-9.4,
2823,28.230,-14.9,-69.6,-9.0,
2824,28.240,-14.8,-69.8,-8.7,
2825,28.250,-14.7,-70.0,-8.5,
2826,28.260,-14.7,-70.2,-8.1,
2827,28.270,-14.9,-70.4,-7.5,
2828,28.280,-15.3,-70.6,-6.9,
2829,28.290,-15.9,-70.9,-6.0,
2830,28.300,-16.7,-71.3,-4.9,
2831,28.310,-17.5,-71.5,-3.6,
2832,28.320,-18.5,-71.6,-2.2,
2833,28.330,-19.6,-71.6,-0.8,
2834,28.340,-20.7,-71.5,0.5,
2835,28.350,-21.7,-71.2,1.6,
2836,28.360,-22.8,-70.8,2.5,
2837,28.370,-23.8,-70.3,3.4,
2838,28.380,-24.7,-69.9,4.2,
2839,28.390,-25.0,-69.6,4.7,
2840,28.400,-25.4,-69.2,5.3,
2841,28.410,-25.6,-68.7,6.0,
2842,28.420,-25.8,-68.2,6.8,
2843,28.430,-26.2,-67.8,7.7,
2844,28.440,-26.8,-67.4,8.8,
2845,28.450,-27.3,-67.1,9.8,
2846,28.460,-27.6,-67.0,10.5,
2847,28.470,-27.5,-66.9,10.8,
2848,28.480,-27.1,-67.0,10.8,
2849,28.490,-26.6,-67.0,10.7,
2850,28.500,-26.0,-67.1,10.4,
2851,28.510,-25.1,-67.2,9.8,
2852,28.520,-24.1,-67.4,8.9,
2853,28.530,-22.8,-67.5,7.7,
2854,28.540,-21.5,-67.7,6.4,
2855,28.550,-20.3,-67.9,5.2,
2856,28.560,-19.2,-68.0,4.0,
2857,28.570,-18.2,-68.1,2.9,
2858,28.580,-17.5,-68.1,2.0,
2859,28.590,-16.9,-68.1,1.2,
2860,28.600,-16.6,-68.2,0.7,
2861,28.610,-16.5,-68.2,0.2,
2862,28.620,-16.4,-68.2,-0.1,
2863,28.630,-16.4,-68.2,-0.4,
2864,28.640,-16.5,-68.2,-0.6,
2865,28.650,-16.7,-68.3,-0.8,
2866,28.660,-16.8,-68.4,-0.9,
2867,28.670,-17.1,-68.5,-1.0,
2868,28.680,-17.4,-68.6,-1.1,
2869,28.690,-17.7,-68.8,-1.1,
2870,28.700,-18.1,-69.2,-1.1,
2871,28.710,-18.6,-69.6,-1.0,
2872,28.720,-19.1,-70.1,-1.0,
2873,28.730,-19.5,-70.5,-1.0,
2874,28.740,-19.8,-70.8,-1.1,
2875,28.750,-20.2,-71.1,-1.1,
2876,28.760,-20.4,-71.2,-1.2,
2877,28.770,-20.7,-71.4,-1.3,
2878,28.780,-20.9,-71.7,-1.2,
2879,28.790,-21.3,-72.0,-1.0,
2880,28.800,-21.9,-72.4,-0.5,
2881,28.810,-22.5,-72.7,-0.0,
2882,28.820,-22.8,-73.0,-0.0,
2883,28.830,-22.6,-73.1,-0.5,
2884,28.840,-22.1,-73.2,-1.3,
2885,28.850,-21.2,-73.3,-2.3,
2886,28.860,-19.8,-73.2,-3.6,
2887,28.870,-18.5,-73.1,-4.9,
2888,28.880,-17.3,-73.0,-6.0,
2889,28.890,-16.1,-72.9,-7.2,
2890,28.900,-14.7,-72.9,-8.8,
2891,28.910,-12.8,-72.8,-10.8,
2892,28.920,-10.7,-72.8,-13.2,
2893,28.930,-8.5,-72.8,-15.7,
2894,28.940,-6.4,-72.7,-18.0,
2895,28.950,-4.6,-72.7,-20.0,
2896,28.960,-3.4,-72.7,-21.4,
2897,28.970,-2.6,-72.6,-22.3,
2898,28.980,-2.3,-72.6,-22.7,
2899,28.990,-2.5,-72.6,-22.6,
2900,29.000,-3.1,-72.6,-22.1,
2901,29.010,-3.9,-72.5,-21.3,
2902,29.020,-5.0,-72.5,-20.1,
2903,29.030,-6.3,-72.4,-18.8,
2904,29.040,-7.7,-72.2,-17.2,
2905,29.050,-9.2,-72.0,-15.5,
2906,29.060,-10.6,-71.8,-13.8,
2907,29.070,-11.8,-71.5,-12.3,
2908,29.080,-12.8,-71.2,-10.9,
2909,29.090,-13.5,-70.9,-9.8,
2910,29.100,-14.0,-70.6,-8.9,
2911,29.110,-14.3,-70.3,-8.1,
2912,29.120,-14.6,-70.0,-7.4,
2913,29.130,-14.8,-69.8,-6.7,
2914,29.140,-14.9,-69.6,-6.0,
2915,29.150,-15.0,-69.5,-5.5,
2916,29.160,-14.9,-69.4,-5.0,
2917,29.170,-14.7,-69.4,-4.6,
2918,29.180,-14.5,-69.3,-4.3,
2919,29.190,-14.2,-69.4,-4.1,
2920,29.200,-13.9,-69.5,-3.8,
2921,29.210,-13.6,-69.8,-3.7,
2922,29.220,-13.3,-70.0,-3.5,
2923,29.230,-12.9,-70.3,-3.4,
2924,29.240,-12.5,-70.5,-3.3,
2925,29.250,-12.1,-70.6,-3.3,
2926,29.260,-11.7,-70.8,-3.4,
2927,29.270,-11.4,-71.0,-3.5,
2928,29.280,-11.4,-71.2,-3.3,
2929,29.290,-11.7,-71.5,-2.9,
2930,29.300,-12.4,-71.8,-2.1,
2931,29.310,-13.4,-72.0,-0.9,
2932,29.320,-14.7,-72.1,0.5,
2933,29.330,-16.1,-72.3,1.9,
2934,29.340,-17.5,-72.3,3.2,
2935,29.350,-18.7,-72.2,4.3,
2936,29.360,-20.0,-71.9,5.4,
2937,29.370,-21.2,-71.4,6.4,
2938,29.380,-22.3,-71.0,7.4,
2939,29.390,-22.9,-70.7,8.0,
2940,29.400,-23.1,-70.4,8.4,
2941,29.410,-23.3,-70.0,9.0,
2942,29.420,-23.6,-69.6,9.8,
2943,29.430,-23.9,-69.1,10.7,
2944,29.440,-24.3,-68.7,11.5,
2945,29.450,-24.7,-68.3,12.4,
2946,29.460,-25.1,-68.0,13.2,
2947,29.470,-25.3,-67.8,13.8,
2948,29.480,-25.3,-67.7,14.2,
2949,29.490,-25.0,-67.7,14.2,
2950,29.500,-24.6,-67.8,14.1,
2951,29.510,-24.1,-67.8,13.8,
2952,29.520,-23.3,-67.9,13.1,
2953,29.530,-22.2,-68.1,12.1,
2954,29.540,-21.0,-68.2,10.7,
2955,29.550,-19.6,-68.4,9.3,
2956,29.560,-18.4,-68.5,7.9,
2957,29.570,-17.2,-68.7,6.5,
2958,29.580,-16.2,-68.7,5.3,
2959,29.590,-15.3,-68.8,4.2,
2960,29.600,-14.8,-68.8,3.3,
2961,29.610,-14.4,-68.9,2.7,
2962,29.620,-14.2,-68.9,2.1,
2963,29.630,-14.1,-68.9,1.6,
2964,29.640,-14.1,-68.9,1.1,
2965,29.650,-14.1,-69.0,0.7,
2966,29.660,-14.1,-69.1,0.3,
2967,29.670,-14.2,-69.1,-0.1,
2968,29.680,-14.4,-69.2,-0.4,
2969,29.690,-14.7,-69.3,-0.7,
2970,29.700,-15.0,-69.5,-0.8,
2971,29.710,-15.4,-69.8,-1.0,
2972,29.720,-15.9,-70.2,-1.0,
2973,29.730,-16.4,-70.6,-1.1,
2974,29.740,-16.8,-71.0,-1.3,
2975,29.750,-17.3,-71.3,-1.3,
2976,29.760,-17.8,-71.6,-1.3,
2977,29.770,-18.2,-71.7,-1.4,
2978,29.780,-18.7,-71.8,-1.3,
2979,29.790,-19.1,-72.0,-1.2,
2980,29.800,-19.5,-72.1,-1.0,
2981,29.810,-19.7,-72.4,-0.8,
2982,29.820,-20.1,-72.7,-0.6,
2983,29.830,-20.4,-73.1,-0.6,
2984,29.840,-20.0,-73.3,-1.3,
2985,29.850,-19.2,-73.4,-2.3,
2986,29.860,-18.5,-73.6,-3.4,
2987,29.870,-17.5,-73.8,-4.7,
2988,29.880,-16.1,-73.7,-6.2,
2989,29.890,-14.7,-73.5,-7.6,
2990,29.900,-13.5,-73.2,-8.8,
2991,29.910,-12.9,-73.0,-9.4,
2992,29.920,-12.6,-72.8,-9.8,
2993,29.930,-11.8,-72.6,-11.0,
2994,29.940,-10.3,-72.3,-13.0,
2995,29.950,-8.5,-72.1,-15.4,
2996,29.960,-6.5,-71.9,-17.8,
2997,29.970,-4.6,-71.7,-20.2,
2998,29.980,-2.9,-71.5,-22.2,
2999,29.990,-1.8,-71.4,-23.6,
3000,30.000,-1.2,-71.3,-24.4,
3001,30.010,-1.1,-71.3,-24.8,
3002,30.020,-1.4,-71.2,-24.7,
3003,30.030,-2.1,-71.1,-24.3,
3004,30.040,-3.1,-70.9,-23.4,
3005,30.050,-4.5,-70.8,-22.1,
3006,30.060,-5.9,-70.6,-20.6,
3007,30.070,-7.3,-70.4,-19.1,
3008,30.080,-8.6,-70.1,-17.7,
3009,30.090,-9.9,-69.8,-16.2,
3010,30.100,-10.8,-69.5,-15.0,
3011,30.110,-11.6,-69.2,-14.0,
3012,30.120,-12.1,-68.8,-13.1,
3013,30.130,-12.4,-68.5,-12.4,
3014,30.140,-12.7,-68.3,-11.8,
3015,30.150,-12.8,-68.1,-11.2,
3016,30.160,-12.9,-67.9,-10.6,
3017,30.170,-12.9,-67.8,-10.2,
3018,30.180,-12.9,-67.7,-9.8,
3019,30.190,-12.7,-67.6,-9.4,
3020,30.200,-12.6,-67.5,-9.2,
3021,30.210,-12.4,-67.5,-8.9,
3022,30.220,-12.3,-67.6,-8.6,
3023,30.230,-12.2,-67.9,-8.2,
3024,30.240,-12.3,-68.2,-7.9,
3025,30.250,-12.3,-68.5,-7.5,
3026,30.260,-12.2,-68.9,-7.2,
3027,30.270,-12.1,-69.2,-6.8,
3028,30.280,-12.0,-69.4,-6.6,
3029,30.290,-11.8,-69.7,-6.4,
3030,30.300,-11.6,-69.9,-6.2,
3031,30.310,-11.6,-70.2,-5.9,
3032,30.320,-11.8,-70.5,-5.5,
3033,30.330,-12.2,-70.8,-4.9,
3034,30.340,-12.8,-71.0,-4.1,
3035,30.350,-13.6,-71.1,-3.0,
3036,30.360,-14.5,-71.2,-1.9,
3037,30.370,-15.4,-71.2,-0.9,
3038,30.380,-16.4,-71.1,0.1,
3039,30.390,-17.5,-71.0,1.1,
3040,30.400,-18.5,-70.7,2.1,
3041,30.410,-19.4,-70.4,3.0,
3042,30.420,-20.1,-70.2,3.7,
3043,30.430,-20.5,-70.0,4.2,
3044,30.440,-20.7,-69.7,4.8,
3045,30.450,-20.9,-69.4,5.4,
3046,30.460,-21.3,-69.0,6.2,
3047,30.470,-21.7,-68.6,7.2,
3048,30.480,-22.4,-68.2,8.3,
3049,30.490,-23.0,-67.8,9.5,
3050,30.500,-23.6,-67.6,10.5,
3051,30.510,-23.8,-67.4,11.1,
3052,30.520,-23.8,-67.3,11.4,
3053,30.530,-23.6,-67.2,11.5,
3054,30.540,-23.2,-67.2,11.3,
3055,30.550,-22.5,-67.3,10.8,
3056,30.560,-21.5,-67.3,9.8,
3057,30.570,-20.2,-67.4,8.5,
3058,30.580,-18.8,-67.6,7.1,
3059,30.590,-17.4,-67.7,5.5,
3060,30.600,-16.1,-67.7,4.0,
3061,30.610,-14.9,-67.8,2.6,
3062,30.620,-13.9,-67.9,1.4,
3063,30.630,-13.2,-67.9,0.4,
3064,30.640,-12.8,-67.9,-0.3,
3065,30.650,-12.6,-67.9,-0.8,
3066,30.660,-12.5,-67.9,-1.1,
3067,30.670,-12.7,-67.9,-1.3,
3068,30.680,-12.8,-67.9,-1.5,
3069,30.690,-13.0,-67.9,-1.7,
3070,30.700,-13.2,-67.8,-1.8,
3071,30.710,-13.4,-67.8,-1.9,
3072,30.720,-13.6,-67.8,-2.0,
3073,30.730,-13.9,-67.8,-2.1,
3074,30.740,-14.3,-67.8,-2.2,
3075,30.750,-14.7,-67.9,-2.3,
3076,30.760,-15.1,-68.2,-2.3,
3077,30.770,-15.5,-68.7,-2.4,
3078,30.780,-15.9,-69.1,-2.4,
3079,30.790,-16.3,-69.6,-2.3,
3080,30.800,-16.7,-69.9,-2.3,
3081,30.810,-17.0,-70.2,-2.3,
3082,30.820,-17.2,-70.4,-2.3,
3083,30.830,-17.4,-70.7,-2.3,
3084,30.840,-17.6,-71.0,-2.3,
3085,30.850,-17.9,-71.3,-2.1,
3086,30.860,-18.1,-71.6,-2.0,
3087,30.870,-18.2,-71.8,-2.1,
3088,30.880,-17.8,-71.9,-2.7,
3089,30.890,-17.1,-72.0,-3.6,
3090,30.900,-16.5,-72.1,-4.4,
3091,30.910,-15.8,-72.1,-5.2,
3092,30.920,-15.0,-72.1,-6.1,
3093,30.930,-14.1,-72.1,-7.2,
3094,30.940,-13.3,-72.0,-8.1,
3095,30.950,-12.5,-72.1,-9.0,
3096,30.960,-11.5,-72.0,-10.3,
3097,30.970,-10.4,-71.9,-11.7,
3098,30.980,-9.2,-71.8,-13.2,
3099,30.990,-8.1,-71.7,-14.7,
3100,31.000,-6.9,-71.6,-16.2,
3101,31.010,-5.8,-71.6,-17.7,
3102,31.020,-4.9,-71.6,-19.0,
3103,31.030,-4.2,-71.6,-20.1,
3104,31.040,-4.0,-71.6,-20.7,
3105,31.050,-4.0,-71.6,-20.9,
3106,31.060,-4.4,-71.5,-20.8,
3107,31.070,-5.0,-71.4,-20.5,
3108,31.080,-5.8,-71.3,-19.7,
3109,31.090,-7.0,-71.2,-18.7,
3110,31.100,-8.2,-71.0,-17.4,
3111,31.110,-9.5,-70.8,-16.0,
3112,31.120,-10.7,-70.5,-14.6,
3113,31.130,-11.8,-70.2,-13.3,
3114,31.140,-12.7,-69.9,-12.2,
3115,31.150,-13.3,-69.6,-11.3,
3116,31.160,-13.8,-69.2,-10.5,
3117,31.170,-14.2,-68.9,-9.8,
3118,31.180,-14.5,-68.7,-9.1,
3119,31.190,-14.7,-68.4,-8.4,
3120,31.200,-14.9,-68.2,-7.8,
3121,31.210,-15.0,-68.1,-7.3,
3122,31.220,-15.0,-68.0,-6.8,
3123,31.230,-14.9,-68.0,-6.4,
3124,31.240,-14.8,-68.0,-6.1,
3125,31.250,-14.7,-68.1,-5.8,
3126,31.260,-14.7,-68.4,-5.4,
3127,31.270,-14.7,-68.7,-5.0,
3128,31.280,-14.8,-69.1,-4.5,
3129,31.290,-14.9,-69.5,-4.0,
3130,31.300,-14.9,-69.7,-3.5,
3131,31.310,-14.9,-70.0,-3.2,
3132,31.320,-14.8,-70.3,-2.8,
3133,31.330,-15.0,-70.6,-2.3,
3134,31.340,-15.5,-70.8,-1.7,
3135,31.350,-16.1,-71.2,-0.8,
3136,31.360,-16.9,-71.5,0.2,
3137,31.370,-17.9,-71.7,1.3,
3138,31.380,-18.9,-71.9,2.5,
3139,31.390,-19.9,-72.0,3.7,
3140,31.400,-20.9,-71.9,4.8,
3141,31.410,-21.9,-71.8,5.9,
3142,31.420,-22.9,-71.5,6.9,
3143,31.430,-23.9,-71.1,7.8,
3144,31.440,-24.8,-70.7,8.7,
3145,31.450,-25.4,-70.3,9.4,
3146,31.460,-25.9,-70.0,10.2,
3147,31.470,-26.4,-69.6,11.0,
3148,31.480,-26.9,-69.2,12.0,
3149,31.490,-27.4,-68.8,12.9,
3150,31.500,-27.8,-68.4,13.8,
3151,31.510,-28.1,-68.1,14.6,
3152,31.520,-28.3,-67.8,15.1,
3153,31.530,-28.3,-67.7,15.4,
3154,31.540,-28.0,-67.7,15.4,
3155,31.550,-27.5,-67.8,15.1,
3156,31.560,-26.9,-67.8,14.8,
3157,31.570,-26.3,-67.9,14.3,
3158,31.580,-25.4,-68.1,13.5,
3159,31.590,-24.2,-68.2,12.3,
3160,31.600,-22.8,-68.4,10.9,
3161,31.610,-21.4,-68.6,9.5,
3162,31.620,-20.1,-68.8,8.0,
3163,31.630,-18.9,-68.9,6.7,
3164,31.640,-17.8,-68.9,5.5,
3165,31.650,-16.9,-69.0,4.4,
3166,31.660,-16.3,-69.0,3.7,
3167,31.670,-15.9,-68.9,3.1,
3168,31.680,-15.7,-68.9,2.6,
3169,31.690,-15.7,-68.9,2.3,
3170,31.700,-15.7,-68.9,2.1,
3171,31.710,-15.8,-69.0,2.0,
3172,31.720,-16.0,-69.0,1.9,
3173,31.730,-16.2,-69.1,1.8,
3174,31.740,-16.5,-69.1,1.9,
3175,31.750,-16.8,-69.2,2.0,
3176,31.760,-17.3,-69.3,2.2,
3177,31.770,-17.7,-69.5,2.4,
3178,31.780,-18.3,-69.8,2.6,
3179,31.790,-18.8,-70.2,2.9,
3180,31.800,-19.2,-70.5,3.0,
3181,31.810,-19.6,-70.9,3.1,
3182,31.820,-20.0,-71.1,3.3,
3183,31.830,-20.2,-71.3,3.4,
3184,31.840,-20.4,-71.4,3.3,
3185,31.850,-20.4,-71.6,3.2,
3186,31.860,-20.3,-71.8,3.2,
3187,31.870,-20.4,-72.0,3.3,
3188,31.880,-20.5,-72.2,3.5,
3189,31.890,-20.5,-72.4,3.5,
3190,31.900,-20.1,-72.4,3.1,
3191,31.910,-19.6,-72.5,2.5,
3192,31.920,-18.8,-72.6,1.7,
3193,31.930,-17.9,-72.7,0.7,
3194,31.940,-17.0,-72.6,-0.2,
3195,31.950,-16.2,-72.6,-1.0,
3196,31.960,-15.5,-72.5,-1.7,
3197,31.970,-14.8,-72.5,-2.6,
3198,31.980,-13.7,-72.4,-3.8,
3199,31.990,-12.5,-72.2,-5.3,
3200,32.000,-11.1,-72.0,-6.9,
3201,32.010,-9.7,-71.8,-8.6,
3202,32.020,-8.4,-71.5,-10.2,
3203,32.030,-7.1,-71.3,-11.9,
3204,32.040,-6.0,-71.2,-13.4,
3205,32.050,-5.0,-71.1,-14.7,
3206,32.060,-4.3,-70.9,-15.8,
3207,32.070,-3.8,-70.8,-16.6,
3208,32.080,-3.7,-70.7,-17.0,
3209,32.090,-3.9,-70.6,-16.9,
3210,32.100,-4.5,-70.4,-16.4,
3211,32.110,-5.4,-70.3,-15.5,
3212,32.120,-6.6,-70.1,-14.2,
3213,32.130,-7.9,-69.8,-12.8,
3214,32.140,-9.2,-69.6,-11.3,
3215,32.150,-10.4,-69.3,-9.8,
3216,32.160,-11.4,-69.1,-8.5,
3217,32.170,-12.3,-68.8,-7.4,
3218,32.180,-12.9,-68.6,-6.4,
3219,32.190,-13.3,-68.3,-5.7,
3220,32.200,-13.5,-68.1,-5.0,
3221,32.210,-13.6,-67.9,-4.5,
3222,32.220,-13.7,-67.8,-4.0,
3223,32.230,-13.7,-67.7,-3.5,
3224,32.240,-13.6,-67.6,-3.1,
3225,32.250,-13.4,-67.5,-2.7,
3226,32.260,-13.2,-67.4,-2.4,
3227,32.270,-13.0,-67.4,-2.2,
3228,32.280,-12.7,-67.5,-1.9,
3229,32.290,-12.5,-67.8,-1.7,
3230,32.300,-12.4,-68.1,-1.4,
3231,32.310,-12.2,-68.5,-1.1,
3232,32.320,-12.1,-68.8,-0.8,
3233,32.330,-11.9,-69.2,-0.5,
3234,32.340,-11.8,-69.5,-0.2,
3235,32.350,-11.7,-69.8,0.1,
3236,32.360,-11.9,-70.1,0.6,
3237,32.370,-12.2,-70.5,1.2,
3238,32.380,-12.7,-70.8,1.9,
3239,32.390,-13.3,-71.2,2.7,
3240,32.400,-14.0,-71.5,3.7,
3241,32.410,-15.0,-71.7,5.0,
3242,32.420,-16.1,-71.8,6.3,
3243,32.430,-17.2,-71.9,7.6,
3244,32.440,-18.3,-71.9,8.8,
3245,32.450,-19.3,-71.8,9.9,
3246,32.460,-20.2,-71.6,10.7,
3247,32.470,-21.0,-71.3,11.3,
3248,32.480,-21.5,-71.0,11.9,
3249,32.490,-22.0,-70.8,12.4,
3250,32.500,-22.5,-70.4,13.2,
3251,32.510,-23.0,-70.0,14.0,
3252,32.520,-23.6,-69.5,15.0,
3253,32.530,-24.2,-69.1,15.9,
3254,32.540,-24.8,-68.7,16.8,
3255,32.550,-25.4,-68.4,17.7,
3256,32.560,-25.9,-68.2,18.3,
3257,32.570,-26.0,-68.2,18.6,
3258,32.580,-25.8,-68.2,18.4,
3259,32.590,-25.4,-68.3,18.1,
3260,32.600,-24.9,-68.4,17.5,
3261,32.610,-24.2,-68.5,16.8,
3262,32.620,-23.3,-68.6,15.8,
3263,32.630,-22.2,-68.7,14.5,
3264,32.640,-21.0,-68.8,13.1,
3265,32.650,-19.7,-68.9,11.6,
3266,32.660,-18.6,-69.0,10.2,
3267,32.670,-17.6,-69.0,8.8,
3268,32.680,-16.7,-69.0,7.6,
3269,32.690,-16.0,-69.0,6.5,
3270,32.700,-15.4,-69.0,5.6,
3271,32.710,-15.0,-69.0,4.8,
3272,32.720,-14.7,-69.0,4.1,
3273,32.730,-14.5,-69.0,3.5,
3274,32.740,-14.4,-69.1,2.9,
3275,32.750,-14.3,-69.1,2.4,
3276,32.760,-14.3,-69.2,2.0,
3277,32.770,-14.5,-69.3,1.8,
3278,32.780,-14.7,-69.3,1.6,
3279,32.790,-15.1,-69.4,1.6,
3280,32.800,-15.5,-69.6,1.6,
3281,32.810,-16.0,-69.9,1.7,
3282,32.820,-16.5,-70.2,1.8,
3283,32.830,-16.9,-70.6,1.8,
3284,32.840,-17.4,-71.0,1.9,
3285,32.850,-17.8,-71.2,2.0,
3286,32.860,-18.2,-71.4,2.1,
3287,32.870,-18.5,-71.6,2.1,
3288,32.880,-18.7,-71.7,2.0,
3289,32.890,-18.8,-71.9,2.0,
3290,32.900,-18.9,-72.0,2.0,
3291,32.910,-19.1,-72.3,2.2,
3292,32.920,-19.5,-72.6,2.5,
3293,32.930,-19.5,-72.9,2.3,
3294,32.940,-19.2,-73.1,1.7,
3295,32.950,-18.5,-73.4,0.8,
3296,32.960,-17.7,-73.6,-0.3,
3297,32.970,-16.5,-73.7,-1.8,
3298,32.980,-15.2,-73.7,-3.2,
3299,32.990,-14.0,-73.6,-4.4,
3300,33.000,-13.1,-73.4,-5.3,
3301,33.010,-12.6,-73.3,-5.9,
3302,33.020,-12.0,-73.3,-6.8,
3303,33.030,-10.8,-73.1,-8.5,
3304,33.040,-9.2,-73.0,-10.6,
3305,33.050,-7.4,-72.8,-12.9,
3306,33.060,-5.8,-72.6,-15.0,
3307,33.070,-4.2,-72.4,-17.0,
3308,33.080,-3.0,-72.3,-18.6,
3309,33.090,-2.1,-72.2,-19.7,
3310,33.100,-1.8,-72.1,-20.3,
3311,33.110,-2.0,-72.1,-20.4,
3312,33.120,-2.5,-72.1,-20.2,
3313,33.130,-3.3,-72.1,-19.6,
3314,33.140,-4.3,-72.0,-18.7,
3315,33.150,-5.5,-71.9,-17.6,
3316,33.160,-6.9,-71.8,-16.1,
3317,33.170,-8.6,-71.6,-14.3,
3318,33.180,-10.2,-71.4,-12.5,
3319,33.190,-11.6,-71.2,-10.8,
3320,33.200,-12.8,-70.9,-9.4,
3321,33.210,-13.7,-70.6,-8.2,
3322,33.220,-14.5,-70.4,-7.1,
3323,33.230,-15.0,-70.2,-6.3,
3324,33.240,-15.4,-69.9,-5.6,
3325,33.250,-15.7,-69.7,-4.9,
3326,33.260,-15.9,-69.5,-4.2,
3327,33.270,-16.0,-69.4,-3.7,
3328,33.280,-16.1,-69.3,-3.3,
3329,33.290,-16.0,-69.2,-3.0,
3330,33.300,-15.8,-69.2,-2.8,
3331,33.310,-15.7,-69.2,-2.6,
3332,33.320,-15.5,-69.3,-2.4,
3333,33.330,-15.3,-69.5,-2.2,
3334,33.340,-15.2,-69.7,-2.1,
3335,33.350,-15.0,-70.0,-1.9,
3336,33.360,-14.7,-70.3,-1.8,
3337,33.370,-14.5,-70.5,-1.7,
3338,33.380,-14.2,-70.7,-1.7,
3339,33.390,-14.1,-71.0,-1.6,
3340,33.400,-14.0,-71.2,-1.4,
3341,33.410,-14.2,-71.4,-1.0,
3342,33.420,-14.7,-71.7,-0.5,
3343,33.430,-15.3,-72.0,0.3,
3344,33.440,-16.1,-72.3,1.3,
3345,33.450,-17.1,-72.4,2.6,
3346,33.460,-18.2,-72.6,4.0,
3347,33.470,-19.4,-72.7,5.5,
3348,33.480,-20.5,-72.7,6.9,
3349,33.490,-21.6,-72.6,8.2,
3350,33.500,-22.6,-72.4,9.3,
3351,33.510,-23.4,-72.1,10.0,
3352,33.520,-23.9,-71.7,10.5,
3353,33.530,-24.1,-71.5,10.9,
3354,33.540,-24.4,-71.2,11.6,
3355,33.550,-24.9,-70.9,12.7,
3356,33.560,-25.7,-70.4,14.0,
3357,33.570,-26.6,-70.0,15.4,
3358,33.580,-27.4,-69.6,16.6,
3359,33.590,-28.0,-69.2,17.6,
3360,33.600,-28.4,-68.9,18.3,
3361,33.610,-28.5,-68.8,18.6,
3362,33.620,-28.2,-68.8,18.5,
3363,33.630,-27.7,-68.9,18.0,
3364,33.640,-27.0,-69.1,17.4,
3365,33.650,-26.3,-69.2,16.7,
3366,33.660,-25.4,-69.4,15.8,
3367,33.670,-24.2,-69.6,14.6,
3368,33.680,-22.9,-69.8,13.1,
3369,33.690,-21.5,-70.0,11.5,
3370,33.700,-20.1,-70.2,9.9,
3371,33.710,-18.8,-70.3,8.4,
3372,33.720,-17.8,-70.4,7.1,
3373,33.730,-16.9,-70.4,5.9,
3374,33.740,-16.2,-70.5,5.0,
3375,33.750,-15.6,-70.5,4.2,
3376,33.760,-15.2,-70.5,3.5,
3377,33.770,-14.8,-70.5,2.8,
3378,33.780,-14.5,-70.6,2.2,
3379,33.790,-14.3,-70.6,1.7,
3380,33.800,-14.1,-70.7,1.2,
3381,33.810,-14.0,-70.7,0.8,
3382,33.820,-14.0,-70.7,0.4,
3383,33.830,-14.0,-70.8,0.1,
3384,33.840,-14.1,-71.0,-0.1,
3385,33.850,-14.2,-71.2,-0.4,
3386,33.860,-14.4,-71.5,-0.6,
3387,33.870,-14.5,-71.9,-0.8,
3388,33.880,-14.6,-72.3,-1.1,
3389,33.890,-14.7,-72.5,-1.4,
3390,33.900,-14.8,-72.7,-1.5,
3391,33.910,-15.0,-72.9,-1.7,
3392,33.920,-15.1,-73.0,-1.8,
3393,33.930,-15.3,-73.1,-1.9,
3394,33.940,-15.5,-73.3,-1.9,
3395,33.950,-15.9,-73.5,-1.6,
3396,33.960,-16.7,-73.8,-1.1,
3397,33.970,-17.3,-74.0,-0.8,
3398,33.980,-17.5,-74.2,-1.1,
3399,33.990,-17.4,-74.3,-1.7,
3400,34.000,-16.8,-74.4,-2.7,
3401,34.010,-15.8,-74.4,-4.0,
3402,34.020,-14.5,-74.4,-5.4,
3403,34.030,-13.1,-74.2,-6.9,
3404,34.040,-11.7,-74.1,-8.4,
3405,34.050,-10.4,-74.0,-9.8,
3406,34.060,-8.8,-73.9,-11.7,
3407,34.070,-6.8,-73.7,-14.1,
3408,34.080,-4.6,-73.5,-16.8,
3409,34.090,-2.5,-73.3,-19.4,
3410,34.100,-0.6,-73.1,-21.7,
3411,34.110,1.0,-72.8,-23.7,
3412,34.120,2.0,-72.7,-25.2,
3413,34.130,2.6,-72.5,-26.1,
3414,34.140,2.6,-72.4,-26.4,
3415,34.150,2.1,-72.3,-26.2,
3416,34.160,1.2,-72.2,-25.5,
3417,34.170,0.0,-72.2,-24.4,
3418,34.180,-1.3,-72.1,-23.2,
3419,34.190,-2.9,-71.9,-21.6,
3420,34.200,-4.6,-71.8,-19.9,
3421,34.210,-6.4,-71.6,-18.0,
3422,34.220,-8.0,-71.3,-16.1,
3423,34.230,-9.5,-71.1,-14.4,
3424,34.240,-10.6,-70.8,-12.9,
3425,34.250,-11.4,-70.5,-11.9,
3426,34.260,-11.9,-70.3,-11.1,
3427,34.270,-12.1,-70.0,-10.5,
3428,34.280,-12.2,-69.8,-10.0,
3429,34.290,-12.3,-69.6,-9.5,
3430,34.300,-12.4,-69.5,-8.9,
3431,34.310,-12.5,-69.4,-8.3,
3432,34.320,-12.6,-69.3,-7.8,
3433,34.330,-12.6,-69.3,-7.4,
3434,34.340,-12.6,-69.3,-7.0,
3435,34.350,-12.5,-69.3,-6.7,
3436,34.360,-12.4,-69.4,-6.5,
3437,34.370,-12.2,-69.7,-6.3,
3438,34.380,-11.9,-70.0,-6.3,
3439,34.390,-11.5,-70.3,-6.3,
3440,34.400,-11.0,-70.7,-6.4,
3441,34.410,-10.4,-71.0,-6.6,
3442,34.420,-9.8,-71.3,-6.7,
3443,34.430,-9.3,-71.5,-6.9,
3444,34.440,-8.8,-71.7,-7.0,
3445,34.450,-8.5,-71.9,-7.0,
3446,34.460,-8.4,-72.1,-6.9,
3447,34.470,-8.6,-72.3,-6.5,
3448,34.480,-9.0,-72.4,-5.9,
3449,34.490,-9.7,-72.6,-4.9,
3450,34.500,-10.6,-72.8,-3.6,
3451,34.510,-11.8,-73.1,-1.9,
3452,34.520,-13.2,-73.4,-0.2,
3453,34.530,-14.7,-73.6,1.6,
3454,34.540,-16.1,-73.6,3.2,
3455,34.550,-17.5,-73.5,4.5,
3456,34.560,-19.1,-73.1,5.8,
3457,34.570,-20.8,-72.5,7.1,
3458,34.580,-22.4,-72.1,8.5,
3459,34.590,-23.4,-71.8,9.6,
3460,34.600,-24.2,-71.5,10.8,
3461,34.610,-25.0,-71.0,12.3,
3462,34.620,-25.7,-70.5,13.8,
3463,34.630,-26.4,-70.2,15.0,
3464,34.640,-26.9,-69.9,16.1,
3465,34.650,-27.3,-69.7,16.9,
3466,34.660,-27.4,-69.5,17.3,
3467,34.670,-27.2,-69.4,17.3,
3468,34.680,-26.6,-69.4,16.8,
3469,34.690,-25.7,-69.5,16.0,
3470,34.700,-24.5,-69.6,15.0,
3471,34.710,-23.3,-69.8,13.8,
3472,34.720,-22.1,-69.9,12.5,
3473,34.730,-20.7,-70.1,11.1,
3474,34.740,-19.2,-70.2,9.3,
3475,34.750,-17.7,-70.4,7.5,
3476,34.760,-16.2,-70.5,5.6,
3477,34.770,-15.0,-70.5,3.8,
3478,34.780,-14.0,-70.5,2.3,
3479,34.790,-13.2,-70.5,0.9,
3480,34.800,-12.7,-70.5,-0.2,
3481,34.810,-12.3,-70.5,-1.3,
3482,34.820,-11.9,-70.4,-2.3,
3483,34.830,-11.7,-70.3,-3.2,
3484,34.840,-11.5,-70.2,-4.1,
3485,34.850,-11.4,-70.1,-4.8,
3486,34.860,-11.3,-69.9,-5.5,
3487,34.870,-11.4,-69.8,-6.0,
3488,34.880,-11.6,-69.7,-6.4,
3489,34.890,-12.0,-69.6,-6.7,
3490,34.900,-12.3,-69.5,-6.9,
3491,34.910,-12.8,-69.5,-7.1,
3492,34.920,-13.2,-69.7,-7.2,
3493,34.930,-13.8,-69.9,-7.2,
3494,34.940,-14.3,-70.2,-7.2,
3495,34.950,-14.9,-70.5,-7.2,
3496,34.960,-15.5,-70.8,-7.0,
3497,34.970,-16.3,-71.1,-6.8,
3498,34.980,-16.9,-71.2,-6.5,
3499,34.990,-17.5,-71.3,-6.3,
3500,35.000,-18.1,-71.3,-6.0,
3501,35.010,-18.6,-71.4,-5.7,
3502,35.020,-19.2,-71.6,-5.4,
3503,35.030,-19.8,-71.8,-5.0,
3504,35.040,-20.3,-72.0,-4.8,
3505,35.050,-20.4,-72.1,-5.1,
3506,35.060,-20.3,-72.3,-5.6,
3507,35.070,-20.0,-72.5,-6.5,
3508,35.080,-19.1,-72.6,-7.7,
3509,35.090,-17.6,-72.6,-9.4,
3510,35.100,-15.9,-72.5,-11.3,
3511,35.110,-14.3,-72.3,-13.0,
3512,35.120,-13.2,-72.2,-14.4,
3513,35.130,-12.1,-72.1,-15.9,
3514,35.140,-10.8,-71.9,-17.7,
3515,35.150,-9.4,-71.8,-19.6,
3516,35.160,-8.1,-71.6,-21.4,
3517,35.170,-7.1,-71.4,-23.0,
3518,35.180,-6.2,-71.3,-24.3,
3519,35.190,-5.6,-71.1,-25.4,
3520,35.200,-5.3,-71.0,-26.2,
3521,35.210,-5.2,-70.9,-26.7,
3522,35.220,-5.4,-70.8,-26.9,
3523,35.230,-5.9,-70.6,-26.6,
3524,35.240,-6.7,-70.5,-26.0,
3525,35.250,-7.8,-70.3,-25.1,
3526,35.260,-9.2,-70.1,-23.7,
3527,35.270,-10.8,-69.9,-22.1,
3528,35.280,-12.3,-69.6,-20.4,
3529,35.290,-13.6,-69.2,-18.8,
3530,35.300,-14.7,-68.9,-17.4,
3531,35.310,-15.5,-68.6,-16.2,
3532,35.320,-16.1,-68.4,-15.2,
3533,35.330,-16.5,-68.2,-14.3,
3534,35.340,-16.8,-68.0,-13.6,
3535,35.350,-17.0,-67.8,-12.8,
3536,35.360,-17.1,-67.7,-12.1,
3537,35.370,-17.3,-67.6,-11.3,
3538,35.380,-17.5,-67.5,-10.6,
3539,35.390,-17.6,-67.5,-10.0,
3540,35.400,-17.6,-67.4,-9.4,
3541,35.410,-17.7,-67.5,-8.9,
3542,35.420,-17.7,-67.6,-8.5,
3543,35.430,-17.8,-67.7,-8.1,
3544,35.440,-17.9,-68.0,-7.7,
3545,35.450,-18.1,-68.3,-7.3,
3546,35.460,-18.3,-68.8,-6.9,
3547,35.470,-18.3,-69.2,-6.5,
3548,35.480,-18.3,-69.5,-6.1,
3549,35.490,-18.2,-69.8,-5.7,
3550,35.500,-18.2,-70.0,-5.3,
3551,35.510,-18.3,-70.2,-4.7,
3552,35.520,-18.6,-70.4,-4.0,
3553,35.530,-19.1,-70.7,-3.2,
3554,35.540,-19.8,-70.9,-2.2,
3555,35.550,-20.5,-71.2,-1.1,
3556,35.560,-21.3,-71.5,0.0,
3557,35.570,-22.0,-71.7,1.2,
3558,35.580,-22.7,-71.8,2.3,
3559,35.590,-23.3,-71.9,3.4,
3560,35.600,-23.9,-71.8,4.3,
3561,35.610,-24.5,-71.6,5.0,
3562,35.620,-25.1,-71.4,5.6,
3563,35.630,-25.7,-71.0,6.2,
3564,35.640,-26.3,-70.8,6.9,
3565,35.650,-26.9,-70.6,7.6,
3566,35.660,-27.5,-70.4,8.4,
3567,35.670,-27.9,-70.0,9.0,
3568,35.680,-28.2,-69.7,9.6,
3569,35.690,-28.5,-69.3,10.2,
3570,35.700,-29.0,-68.9,11.0,
3571,35.710,-29.4,-68.7,11.7,
3572,35.720,-29.7,-68.5,12.1,
3573,35.730,-29.6,-68.5,12.1,
3574,35.740,-29.1,-68.6,11.8,
3575,35.750,-28.5,-68.8,11.2,
3576,35.760,-27.7,-69.0,10.4,
3577,35.770,-26.7,-69.3,9.5,
3578,35.780,-25.6,-69.5,8.2,
3579,35.790,-24.2,-69.8,6.8,
3580,35.800,-22.8,-70.1,5.2,
3581,35.810,-21.5,-70.3,3.6,
3582,35.820,-20.2,-70.5,2.2,
3583,35.830,-19.2,-70.6,0.9,
3584,35.840,-18.3,-70.8,-0.3,
3585,35.850,-17.5,-70.9,-1.3,
3586,35.860,-17.0,-71.0,-2.1,
3587,35.870,-16.6,-71.0,-2.8,
3588,35.880,-16.4,-71.0,-3.2,
3589,35.890,-16.4,-71.0,-3.5,
3590,35.900,-16.5,-71.0,-3.6,
3591,35.910,-16.7,-71.1,-3.7,
3592,35.920,-17.0,-71.1,-3.6,
3593,35.930,-17.4,-71.1,-3.4,
3594,35.940,-17.8,-71.2,-3.2,
3595,35.950,-18.3,-71.3,-2.9,
3596,35.960,-18.9,-71.4,-2.5,
3597,35.970,-19.6,-71.6,-2.0,
3598,35.980,-20.3,-71.9,-1.5,
3599,35.990,-21.1,-72.2,-1.0,
3600,36.000,-21.8,-72.5,-0.5,
3601,36.010,-22.4,-72.8,-0.1,
3602,36.020,-22.8,-73.0,0.3,
3603,36.030,-23.4,-73.2,0.7,
3604,36.040,-23.9,-73.4,1.2,
3605,36.050,-24.4,-73.6,1.5,
3606,36.060,-24.6,-73.8,1.7,
3607,36.070,-24.7,-73.9,1.7,
3608,36.080,-24.9,-74.1,1.9,
3609,36.090,-25.1,-74.3,2.0,
3610,36.100,-25.2,-74.5,1.8,
3611,36.110,-25.0,-74.7,1.2,
3612,36.120,-24.1,-74.8,0.1,
3613,36.130,-23.1,-75.0,-1.3,
3614,36.140,-22.2,-75.4,-2.6,
3615,36.150,-20.8,-75.5,-4.4,
3616,36.160,-18.7,-75.5,-6.6,
3617,36.170,-16.8,-75.4,-8.6,
3618,36.180,-15.3,-75.2,-10.2,
3619,36.190,-14.5,-75.0,-11.3,
3620,36.200,-13.5,-74.7,-12.8,
3621,36.210,-11.7,-74.5,-15.3,
3622,36.220,-9.4,-74.2,-18.4,
3623,36.230,-7.0,-74.1,-21.4,
3624,36.240,-5.0,-74.0,-24.1,
3625,36.250,-3.4,-73.8,-26.1,
3626,36.260,-2.6,-73.7,-27.4,
3627,36.270,-2.4,-73.5,-27.9,
3628,36.280,-3.0,-73.3,-27.7,
3629,36.290,-4.1,-73.2,-26.7,
3630,36.300,-5.7,-73.1,-25.3,
3631,36.310,-7.6,-72.9,-23.6,
3632,36.320,-9.6,-72.7,-21.8,
3633,36.330,-11.6,-72.5,-19.8,
3634,36.340,-13.6,-72.2,-17.8,
3635,36.350,-15.5,-71.8,-15.8,
3636,36.360,-17.1,-71.5,-14.0,
3637,36.370,-18.4,-71.1,-12.5,
3638,36.380,-19.3,-70.7,-11.3,
3639,36.390,-19.9,-70.3,-10.5,
3640,36.400,-20.2,-70.0,-9.8,
3641,36.410,-20.4,-69.7,-9.3,
3642,36.420,-20.4,-69.4,-8.9,
3643,36.430,-20.5,-69.2,-8.5,
3644,36.440,-20.5,-69.0,-8.1,
3645,36.450,-20.4,-68.8,-7.8,
3646,36.460,-20.3,-68.7,-7.6,
3647,36.470,-20.1,-68.6,-7.4,
3648,36.480,-19.9,-68.6,-7.4,
3649,36.490,-19.6,-68.6,-7.4,
3650,36.500,-19.4,-68.8,-7.5,
3651,36.510,-19.2,-69.0,-7.5,
3652,36.520,-19.0,-69.2,-7.6,
3653,36.530,-18.9,-69.5,-7.6,
3654,36.540,-18.8,-69.9,-7.6,
3655,36.550,-18.7,-70.2,-7.6,
3656,36.560,-18.5,-70.4,-7.6,
3657,36.570,-18.3,-70.6,-7.5,
3658,36.580,-18.1,-70.8,-7.5,
3659,36.590,-18.0,-71.0,-7.3,
3660,36.600,-18.1,-71.1,-7.0,
3661,36.610,-18.4,-71.3,-6.5,
3662,36.620,-18.8,-71.4,-6.1,
3663,36.630,-19.2,-71.6,-5.6,
3664,36.640,-19.5,-71.8,-5.1,
3665,36.650,-19.9,-71.9,-4.4,
3666,36.660,-20.4,-72.1,-3.6,
3667,36.670,-21.0,-72.2,-2.7,
3668,36.680,-21.9,-72.4,-1.6,
3669,36.690,-22.7,-72.5,-0.5,
3670,36.700,-23.6,-72.4,0.5,
3671,36.710,-24.6,-72.1,1.4,
3672,36.720,-25.6,-71.7,2.4,
3673,36.730,-26.6,-71.4,3.4,
3674,36.740,-27.4,-71.2,4.3,
3675,36.750,-28.0,-70.9,5.1,
3676,36.760,-28.4,-70.6,5.9,
3677,36.770,-28.7,-70.2,6.6,
3678,36.780,-29.0,-69.8,7.3,
3679,36.790,-29.3,-69.5,7.9,
3680,36.800,-29.5,-69.2,8.5,
3681,36.810,-29.6,-69.0,8.8,
3682,36.820,-29.4,-68.9,8.7,
3683,36.830,-29.0,-68.9,8.4,
3684,36.840,-28.3,-69.0,7.8,
3685,36.850,-27.6,-69.1,7.1,
3686,36.860,-26.8,-69.3,6.4,
3687,36.870,-26.1,-69.4,5.6,
3688,36.880,-25.2,-69.5,4.6,
3689,36.890,-24.3,-69.7,3.5,
3690,36.900,-23.2,-69.9,2.3,
3691,36.910,-22.1,-70.0,0.9,
3692,36.920,-21.0,-70.2,-0.4,
3693,36.930,-20.2,-70.3,-1.6,
3694,36.940,-19.5,-70.4,-2.6,
3695,36.950,-18.9,-70.5,-3.5,
3696,36.960,-18.5,-70.6,-4.2,
3697,36.970,-18.2,-70.6,-4.7,
3698,36.980,-18.1,-70.7,-5.2,
3699,36.990,-18.1,-70.8,-5.5,
3700,37.000,-18.1,-70.8,-5.7,
3701,37.010,-18.2,-70.9,-5.8,
3702,37.020,-18.3,-71.0,-5.9,
3703,37.030,-18.4,-71.1,-6.0,
3704,37.040,-18.5,-71.1,-6.0,
3705,37.050,-18.7,-71.2,-6.0,
3706,37.060,-18.9,-71.3,-6.0,
3707,37.070,-19.2,-71.4,-6.0,
3708,37.080,-19.5,-71.6,-5.8,
3709,37.090,-20.1,-72.0,-5.5,
3710,37.100,-20.5,-72.3,-5.3,
3711,37.110,-20.9,-72.6,-5.1,
3712,37.120,-21.2,-72.9,-5.0,
3713,37.130,-21.6,-73.1,-4.7,
3714,37.140,-22.0,-73.3,-4.3,
3715,37.150,-22.4,-73.3,-4.0,
3716,37.160,-22.6,-73.3,-3.8,
3717,37.170,-22.8,-73.3,-3.5,
3718,37.180,-23.3,-73.4,-3.0,
3719,37.190,-23.8,-73.5,-2.4,
3720,37.200,-24.2,-73.7,-2.1,
3721,37.210,-24.3,-73.9,-2.3,
3722,37.220,-24.0,-74.1,-2.8,
3723,37.230,-23.2,-74.2,-3.8,
3724,37.240,-21.8,-74.4,-5.4,
3725,37.250,-20.1,-74.7,-7.1,
3726,37.260,-18.4,-75.0,-9.0,
3727,37.270,-16.8,-75.2,-10.9,
3728,37.280,-15.1,-75.3,-13.0,
3729,37.290,-13.4,-75.2,-15.1,
3730,37.300,-11.9,-75.1,-17.1,
3731,37.310,-10.6,-74.9,-18.9,
3732,37.320,-9.6,-74.7,-20.4,
3733,37.330,-9.0,-74.5,-21.6,
3734,37.340,-8.5,-74.2,-22.5,
3735,37.350,-8.3,-73.9,-23.3,
3736,37.360,-8.1,-73.7,-24.0,
3737,37.370,-8.0,-73.4,-24.7,
3738,37.380,-8.0,-73.2,-25.2,
3739,37.390,-8.1,-73.1,-25.5,
3740,37.400,-8.6,-72.9,-25.4,
3741,37.410,-9.3,-72.7,-25.0,
3742,37.420,-10.4,-72.5,-24.1,
3743,37.430,-11.7,-72.3,-22.9,
3744,37.440,-13.2,-72.0,-21.5,
3745,37.450,-14.6,-71.8,-20.1,
3746,37.460,-15.9,-71.5,-18.8,
3747,37.470,-16.9,-71.2,-17.8,
3748,37.480,-17.7,-71.0,-17.0,
3749,37.490,-18.3,-70.7,-16.4,
3750,37.500,-18.7,-70.5,-16.0,
3751,37.510,-18.9,-70.3,-15.8,
3752,37.520,-18.9,-70.1,-15.7,
3753,37.530,-18.8,-70.0,-15.6,
3754,37.540,-18.8,-69.8,-15.6,
3755,37.550,-18.7,-69.7,-15.7,
3756,37.560,-18.5,-69.7,-15.7,
3757,37.570,-18.3,-69.6,-15.9,
3758,37.580,-18.1,-69.5,-16.1,
3759,37.590,-17.8,-69.5,-16.3,
3760,37.600,-17.5,-69.5,-16.5,
3761,37.610,-17.3,-69.5,-16.6,
3762,37.620,-17.2,-69.6,-16.7,
3763,37.630,-17.2,-69.8,-16.6,
3764,37.640,-17.2,-70.0,-16.4,
3765,37.650,-17.3,-70.2,-16.1,
3766,37.660,-17.3,-70.5,-15.8,
3767,37.670,-17.3,-70.7,-15.5,
3768,37.680,-17.2,-70.8,-15.2,
3769,37.690,-17.1,-71.0,-14.9,
3770,37.700,-17.2,-71.1,-14.5,
3771,37.710,-17.2,-71.2,-14.1,
3772,37.720,-17.4,-71.3,-13.7,
3773,37.730,-17.6,-71.4,-13.1,
3774,37.740,-17.9,-71.6,-12.5,
3775,37.750,-18.3,-71.8,-11.6,
3776,37.760,-18.7,-72.0,-10.8,
3777,37.770,-19.2,-72.2,-9.9,
3778,37.780,-19.8,-72.3,-9.0,
3779,37.790,-20.6,-72.3,-8.0,
3780,37.800,-21.5,-72.3,-6.9,
3781,37.810,-22.5,-72.1,-5.9,
3782,37.820,-23.5,-71.9,-4.8,
3783,37.830,-24.5,-71.7,-3.7,
3784,37.840,-25.3,-71.5,-2.7,
3785,37.850,-26.1,-71.3,-1.6,
3786,37.860,-26.6,-71.0,-0.7,
3787,37.870,-26.8,-70.8,0.0,
3788,37.880,-26.9,-70.5,0.5,
3789,37.890,-26.8,-70.3,1.0,
3790,37.900,-26.8,-70.0,1.4,
3791,37.910,-26.7,-69.8,1.8,
3792,37.920,-26.6,-69.6,2.1,
3793,37.930,-26.5,-69.4,2.3,
3794,37.940,-26.2,-69.2,2.4,
3795,37.950,-26.0,-69.1,2.4,
3796,37.960,-25.7,-69.1,2.3,
3797,37.970,-25.3,-69.1,2.1,
3798,37.980,-24.9,-69.1,1.8,
3799,37.990,-24.3,-69.2,1.2,
3800,38.000,-23.5,-69.3,0.4,
3801,38.010,-22.6,-69.4,-0.6,
3802,38.020,-21.6,-69.6,-1.8,
3803,38.030,-20.7,-69.8,-2.9,
3804,38.040,-19.7,-70.0,-4.0,
3805,38.050,-19.0,-70.2,-5.0,
3806,38.060,-18.4,-70.3,-5.7,
3807,38.070,-18.0,-70.4,-6.3,
3808,38.080,-17.7,-70.5,-6.7,
3809,38.090,-17.6,-70.6,-7.0,
3810,38.100,-17.6,-70.7,-7.1,
3811,38.110,-17.6,-70.8,-7.2,
3812,38.120,-17.7,-70.9,-7.2,
3813,38.130,-17.8,-71.0,-7.1,
3814,38.140,-17.9,-71.0,-7.0,
3815,38.150,-18.0,-71.1,-6.9,
3816,38.160,-18.2,-71.1,-6.8,
3817,38.170,-18.4,-71.1,-6.6,
3818,38.180,-18.7,-71.2,-6.3,
3819,38.190,-19.0,-71.2,-6.1,
3820,38.200,-19.4,-71.3,-5.7,
3821,38.210,-20.0,-71.4,-5.2,
3822,38.220,-20.7,-71.7,-4.6,
3823,38.230,-21.5,-72.0,-3.9,
3824,38.240,-22.3,-72.3,-3.2,
3825,38.250,-22.9,-72.6,-2.5,
3826,38.260,-23.5,-72.9,-1.9,
3827,38.270,-24.1,-73.1,-1.3,
3828,38.280,-24.7,-73.3,-0.6,
3829,38.290,-25.6,-73.4,0.3,
3830,38.300,-26.5,-73.5,1.3,
3831,38.310,-27.4,-73.6,2.2,
3832,38.320,-28.2,-73.6,3.0,
3833,38.330,-28.9,-73.7,3.5,
3834,38.340,-29.3,-73.8,3.7,
3835,38.350,-29.6,-73.9,3.8,
3836,38.360,-29.6,-74.1,3.4,
3837,38.370,-29.0,-74.3,2.7,
3838,38.380,-28.1,-74.6,1.6,
3839,38.390,-27.0,-75.0,0.4,
3840,38.400,-26.0,-75.5,-0.9,
3841,38.410,-24.9,-75.9,-2.3,
3842,38.420,-23.5,-76.2,-4.1,
3843,38.430,-21.8,-76.4,-6.3,
3844,38.440,-19.9,-76.5,-8.6,
3845,38.450,-18.3,-76.4,-10.8,
3846,38.460,-16.9,-76.3,-12.6,
3847,38.470,-15.9,-76.2,-14.1,
3848,38.480,-15.1,-76.0,-15.4,
3849,38.490,-14.5,-75.8,-16.4,
3850,38.500,-14.0,-75.6,-17.2,
3851,38.510,-13.6,-75.5,-18.0,
3852,38.520,-13.5,-75.3,-18.4,
3853,38.530,-13.6,-75.2,-18.5,
3854,38.540,-14.0,-75.0,-18.2,
3855,38.550,-14.8,-74.9,-17.5,
3856,38.560,-15.9,-74.7,-16.4,
3857,38.570,-17.2,-74.6,-15.0,
3858,38.580,-18.7,-74.4,-13.5,
3859,38.590,-20.2,-74.2,-11.9,
3860,38.600,-21.5,-74.0,-10.3,
3861,38.610,-22.7,-73.8,-9.0,
3862,38.620,-23.6,-73.5,-7.9,
3863,38.630,-24.3,-73.3,-7.0,
3864,38.640,-24.8,-73.0,-6.4,
3865,38.650,-25.0,-72.8,-6.0,
3866,38.660,-25.1,-72.6,-5.7,
3867,38.670,-25.0,-72.4,-5.6,
3868,38.680,-24.9,-72.2,-5.6,
3869,38.690,-24.7,-72.0,-5.6,
3870,38.700,-24.6,-71.9,-5.6,
3871,38.710,-24.4,-71.7,-5.6,
3872,38.720,-24.3,-71.5,-5.6,
3873,38.730,-24.1,-71.4,-5.7,
3874,38.740,-24.0,-71.2,-5.7,
3875,38.750,-23.9,-71.1,-5.7,
3876,38.760,-23.7,-71.0,-5.7,
3877,38.770,-23.6,-70.9,-5.7,
3878,38.780,-23.5,-70.8,-5.7,
3879,38.790,-23.3,-70.8,-5.6,
3880,38.800,-23.2,-70.7,-5.6,
3881,38.810,-23.0,-70.8,-5.5,
3882,38.820,-22.8,-70.8,-5.5,
3883,38.830,-22.6,-70.8,-5.5,
3884,38.840,-22.3,-70.9,-5.4,
3885,38.850,-22.1,-70.9,-5.4,
3886,38.860,-21.9,-71.0,-5.4,
3887,38.870,-21.6,-71.1,-5.3,
3888,38.880,-21.4,-71.1,-5.4,
3889,38.890,-21.1,-71.2,-5.4,
3890,38.900,-20.9,-71.2,-5.4,
3891,38.910,-20.7,-71.2,-5.3,
3892,38.920,-20.7,-71.3,-5.1,
3893,38.930,-20.7,-71.3,-4.8,
3894,38.940,-20.9,-71.4,-4.5,
3895,38.950,-21.1,-71.5,-4.0,
3896,38.960,-21.4,-71.6,-3.5,
3897,38.970,-21.9,-71.7,-2.9,
3898,38.980,-22.4,-71.7,-2.1,
3899,38.990,-23.2,-71.8,-1.0,
3900,39.000,-24.2,-71.7,0.4,
3901,39.010,-25.5,-71.7,2.0,
3902,39.020,-26.8,-71.5,3.8,
3903,39.030,-28.0,-71.3,5.6,
3904,39.040,-29.0,-71.1,7.2,
3905,39.050,-29.7,-71.0,8.5,
3906,39.060,-30.0,-70.8,9.4,
3907,39.070,-30.0,-70.7,9.8,
3908,39.080,-29.5,-70.6,9.8,
3909,39.090,-28.8,-70.6,9.6,
3910,39.100,-27.8,-70.6,9.2,
3911,39.110,-26.7,-70.6,8.8,
3912,39.120,-25.7,-70.5,8.5,
3913,39.130,-24.8,-70.5,8.5,
3914,39.140,-24.0,-70.4,8.6,
3915,39.150,-23.4,-70.3,8.9,
3916,39.160,-23.0,-70.2,9.4,
3917,39.170,-22.6,-70.1,9.9,
3918,39.180,-22.3,-70.0,10.5,
3919,39.190,-22.0,-70.0,11.1,
3920,39.200,-21.8,-69.9,11.8,
3921,39.210,-21.7,-69.9,12.4,
3922,39.220,-21.5,-70.0,13.0,
3923,39.230,-21.3,-70.0,13.5,
3924,39.240,-21.2,-70.1,14.1,
3925,39.250,-20.9,-70.2,14.6,
3926,39.260,-20.7,-70.4,15.1,
3927,39.270,-20.4,-70.5,15.5,
3928,39.280,-20.0,-70.7,15.8,
3929,39.290,-19.5,-70.9,16.1,
3930,39.300,-19.0,-71.1,16.3,
3931,39.310,-18.4,-71.3,16.5,
3932,39.320,-17.9,-71.5,16.7,
3933,39.330,-17.4,-71.7,17.0,
3934,39.340,-16.9,-71.9,17.3,
3935,39.350,-16.5,-72.1,17.7,
3936,39.360,-16.1,-72.2,18.1,
3937,39.370,-15.8,-72.4,18.5,
3938,39.380,-15.5,-72.6,19.0,
3939,39.390,-15.2,-72.8,19.5,
3940,39.400,-15.1,-72.9,20.1,
3941,39.410,-15.0,-73.1,20.8,
3942,39.420,-15.1,-73.3,21.6,
3943,39.430,-15.3,-73.5,22.5,
3944,39.440,-15.5,-73.7,23.6,
3945,39.450,-16.0,-73.9,24.7,
3946,39.460,-16.5,-74.2,25.9,
3947,39.470,-17.2,-74.5,27.2,
3948,39.480,-18.0,-74.7,28.6,
3949,39.490,-18.9,-74.9,30.1,
3950,39.500,-19.9,-75.0,31.6,
3951,39.510,-20.9,-75.1,33.2,
3952,39.520,-21.9,-75.1,34.7,
3953,39.530,-23.0,-75.1,36.3,
3954,39.540,-24.4,-75.0,38.0,
3955,39.550,-25.9,-74.9,39.8,
3956,39.560,-27.4,-74.7,41.6,
3957,39.570,-28.9,-74.6,43.1,
3958,39.580,-30.1,-74.5,44.4,
3959,39.590,-31.1,-74.4,45.3,
3960,39.600,-31.6,-74.4,45.6,
3961,39.610,-31.7,-74.4,45.6,
3962,39.620,-31.4,-74.6,45.2,
3963,39.630,-30.8,-75.0,44.6,
3964,39.640,-30.0,-75.4,43.7,
3965,39.650,-29.1,-75.9,42.6,
3966,39.660,-28.3,-76.3,41.7,
3967,39.670,-27.6,-76.6,41.0,
3968,39.680,-27.2,-76.9,40.6,
3969,39.690,-26.9,-77.1,40.3,
3970,39.700,-26.8,-77.2,40.3,
3971,39.710,-26.7,-77.2,40.3,
3972,39.720,-26.7,-77.2,40.3,
3973,39.730,-26.5,-77.1,40.2,
3974,39.740,-26.1,-76.9,40.0,
3975,39.750,-25.5,-76.7,39.6,
3976,39.760,-24.7,-76.6,39.0,
3977,39.770,-23.9,-76.5,38.4,
3978,39.780,-23.0,-76.4,37.7,
3979,39.790,-22.1,-76.3,37.2,
3980,39.800,-21.5,-76.3,36.9,
3981,39.810,-21.2,-76.4,37.0,
3982,39.820,-21.4,-76.4,37.5,
3983,39.830,-22.0,-76.5,38.7,
3984,39.840,-23.2,-76.5,40.3,
3985,39.850,-24.7,-76.4,42.4,
3986,39.860,-26.5,-76.3,44.7,
3987,39.870,-28.2,-76.2,47.0,
3988,39.880,-29.6,-76.0,49.0,
3989,39.890,-30.7,-75.8,50.7,
3990,39.900,-31.4,-75.6,52.0,
3991,39.910,-31.9,-75.5,53.0,
3992,39.920,-32.0,-75.3,53.8,
3993,39.930,-32.0,-75.1,54.3,
3994,39.940,-31.8,-74.9,54.8,
3995,39.950,-31.5,-74.7,55.2,
3996,39.960,-31.2,-74.5,55.6,
3997,39.970,-30.9,-74.3,56.0,
3998,39.980,-30.6,-74.1,56.4,
3999,39.990,-30.3,-73.9,56.9,
4000,40.000,-30.0,-73.8,57.4,
4001,40.010,-29.8,-73.6,57.9,
4002,40.020,-29.5,-73.5,58.4,
4003,40.030,-29.2,-73.4,58.9,
4004,40.040,-28.9,-73.3,59.5,
4005,40.050,-28.5,-73.2,60.0,
4006,40.060,-28.2,-73.1,60.6,
4007,40.070,-27.8,-73.1,61.1,
4008,40.080,-27.5,-73.1,61.7,
4009,40.090,-27.1,-73.1,62.2,
4010,40.100,-26.6,-73.1,62.7,
4011,40.110,-26.1,-73.1,63.1,
4012,40.120,-25.6,-73.1,63.6,
4013,40.130,-25.2,-73.1,64.1,
4014,40.140,-24.8,-73.0,64.6,
4015,40.150,-24.5,-73.0,65.2,
4016,40.160,-24.2,-72.9,65.7,
4017,40.170,-23.9,-72.9,66.2,
4018,40.180,-23.5,-72.8,66.8,
4019,40.190,-23.2,-72.7,67.3,
4020,40.200,-22.8,-72.6,67.8,
4021,40.210,-22.4,-72.6,68.2,
4022,40.220,-22.0,-72.5,68.6,
4023,40.230,-21.5,-72.5,69.0,
4024,40.240,-21.0,-72.5,69.4,
4025,40.250,-20.5,-72.5,69.9,
4026,40.260,-20.0,-72.6,70.4,
4027,40.270,-19.6,-72.6,71.0,
4028,40.280,-19.3,-72.7,71.7,
4029,40.290,-18.9,-72.8,72.4,
4030,40.300,-18.6,-72.9,73.2,
4031,40.310,-18.2,-73.1,73.9,
4032,40.320,-17.8,-73.2,74.7,
4033,40.330,-17.4,-73.3,75.4,
4034,40.340,-16.9,-73.4,76.0,
4035,40.350,-16.4,-73.5,76.5,
4036,40.360,-16.0,-73.5,76.9,
4037,40.370,-15.6,-73.6,77.5,
4038,40.380,-15.4,-73.7,78.1,
4039,40.390,-15.3,-73.7,79.0,
4040,40.400,-15.6,-73.7,80.2,
4041,40.410,-16.1,-73.7,81.7,
4042,40.420,-16.9,-73.6,83.4,
4043,40.430,-17.8,-73.4,85.2,
4044,40.440,-18.5,-73.3,86.9,
4045,40.450,-19.2,-73.2,88.4,
4046,40.460,-19.6,-73.1,89.7,
4047,40.470,-19.8,-72.9,90.7,
4048,40.480,-19.7,-72.8,91.4,
4049,40.490,-19.4,-72.6,91.9,
4050,40.500,-18.9,-72.5,92.1,
4051,40.510,-18.4,-72.3,92.3,
4052,40.520,-17.7,-72.2,92.4,
4053,40.530,-17.0,-72.1,92.4,
4054,40.540,-16.2,-72.1,92.3,
4055,40.550,-15.4,-72.0,92.3,
4056,40.560,-14.5,-71.9,92.3,
4057,40.570,-13.7,-71.8,92.3,
4058,40.580,-12.8,-71.8,92.3,
4059,40.590,-11.8,-71.7,92.2,
4060,40.600,-10.8,-71.5,92.0,
4061,40.610,-9.8,-71.4,91.9,
4062,40.620,-8.8,-71.3,91.9,
4063,40.630,-8.0,-71.3,92.0,
4064,40.640,-7.2,-71.2,92.1,
4065,40.650,-6.5,-71.1,92.3,
4066,40.660,-5.8,-71.1,92.5,
4067,40.670,-5.2,-71.0,92.7,
4068,40.680,-4.6,-71.0,92.8,
4069,40.690,-3.9,-71.0,92.9,
4070,40.700,-3.2,-71.0,92.9,
4071,40.710,-2.5,-71.0,92.8,
4072,40.720,-1.9,-71.0,92.8,
4073,40.730,-1.2,-71.0,92.7,
4074,40.740,-0.6,-71.0,92.6,
4075,40.750,-0.0,-71.0,92.6,
4076,40.760,0.5,-71.0,92.6,
4077,40.770,1.0,-71.0,92.6,
4078,40.780,1.4,-71.0,92.6,
4079,40.790,1.9,-71.0,92.5,
4080,40.800,2.3,-71.0,92.5,
4081,40.810,2.8,-71.0,92.4,
4082,40.820,3.2,-71.0,92.3,
4083,40.830,3.6,-71.0,92.2,
4084,40.840,4.1,-71.0,92.1,
4085,40.850,4.4,-71.1,92.0,
4086,40.860,4.8,-71.1,92.0,
4087,40.870,5.1,-71.1,91.9,
4088,40.880,5.4,-71.2,91.9,
4089,40.890,5.7,-71.3,91.9,
4090,40.900,5.9,-71.3,92.0,
4091,40.910,6.0,-71.4,92.2,
4092,40.920,6.0,-71.4,92.4,
4093,40.930,6.0,-71.5,92.6,
4094,40.940,6.0,-71.6,92.9,
4095,40.950,5.9,-71.6,93.2,
4096,40.960,5.9,-71.7,93.5,
4097,40.970,5.8,-71.8,93.9,
4098,40.980,5.7,-71.8,94.2,
4099,40.990,5.6,-71.9,94.6,
4100,41.000,5.5,-72.0,95.0,
4101,41.010,5.3,-72.1,95.4,
4102,41.020,5.2,-72.2,95.8,
4103,41.030,5.0,-72.3,96.2,
4104,41.040,4.9,-72.4,96.6,
4105,41.050,4.7,-72.5,97.0,
4106,41.060,4.6,-72.6,97.4,
4107,41.070,4.4,-72.6,97.7,
4108,41.080,4.2,-72.7,98.1,
4109,41.090,4.0,-72.8,98.5,
4110,41.100,3.8,-72.9,98.9,
4111,41.110,3.5,-73.0,99.4,
4112,41.120,3.2,-73.0,99.8,
4113,41.130,2.9,-73.1,100.3,
4114,41.140,2.6,-73.2,100.8,
4115,41.150,2.3,-73.2,101.3,
4116,41.160,1.9,-73.3,101.9,
4117,41.170,1.5,-73.4,102.5,
4118,41.180,1.1,-73.5,103.0,
4119,41.190,0.7,-73.6,103.5,
4120,41.200,0.3,-73.6,104.0,
4121,41.210,-0.0,-73.7,104.4,
4122,41.220,-0.3,-73.7,104.8,
4123,41.230,-0.5,-73.8,105.1,
4124,41.240,-0.8,-73.8,105.4,
4125,41.250,-0.9,-73.9,105.6,
4126,41.260,-0.8,-73.9,105.5,
4127,41.270,-0.7,-74.0,105.3,
4128,41.280,-0.8,-74.0,105.4,
4129,41.290,-1.5,-74.1,106.0,
4130,41.300,-2.6,-74.1,107.1,
4131,41.310,-3.9,-74.2,108.5,
4132,41.320,-5.2,-74.2,109.9,
4133,41.330,-6.2,-74.2,110.8,
4134,41.340,-6.7,-74.2,111.2,
4135,41.350,-6.9,-74.2,111.2,
4136,41.360,-6.7,-74.1,110.9,
4137,41.370,-6.4,-74.1,110.4,
4138,41.380,-6.0,-74.1,110.0,
4139,41.390,-5.7,-74.2,109.6,
4140,41.400,-5.6,-74.2,109.3,
4141,41.410,-5.5,-74.2,109.2,
4142,41.420,-5.5,-74.3,109.2,
4143,41.430,-5.6,-74.3,109.1,
4144,41.440,-5.7,-74.4,109.2,
4145,41.450,-5.9,-74.4,109.2,
4146,41.460,-6.0,-74.4,109.3,
4147,41.470,-6.2,-74.4,109.4,
4148,41.480,-6.5,-74.4,109.5,
4149,41.490,-6.7,-74.4,109.7,
4150,41.500,-7.0,-74.4,109.8,
4151,41.510,-7.3,-74.4,110.0,
4152,41.520,-7.6,-74.3,110.2,
4153,41.530,-7.9,-74.3,110.3,
4154,41.540,-8.1,-74.2,110.5,
4155,41.550,-8.4,-74.1,110.7,
4156,41.560,-8.8,-74.1,110.9,
4157,41.570,-9.1,-74.0,111.1,
4158,41.580,-9.5,-73.9,111.4,
4159,41.590,-9.9,-73.9,111.7,
4160,41.600,-10.3,-73.8,112.0,
4161,41.610,-10.7,-73.7,112.4,
4162,41.620,-11.2,-73.6,112.8,
4163,41.630,-11.7,-73.6,113.2,
4164,41.640,-12.2,-73.5,113.7,
4165,41.650,-12.8,-73.4,114.2,
4166,41.660,-13.3,-73.3,114.7,
4167,41.670,-13.9,-73.3,115.3,
4168,41.680,-14.5,-73.2,115.8,
4169,41.690,-15.1,-73.1,116.3,
4170,41.700,-15.6,-73.0,116.8,
4171,41.710,-16.1,-73.0,117.2,
4172,41.720,-16.5,-72.9,117.7,
4173,41.730,-17.0,-72.8,118.2,
4174,41.740,-17.4,-72.8,118.6,
4175,41.750,-17.7,-72.7,119.0,
4176,41.760,-18.1,-72.6,119.5,
4177,41.770,-18.4,-72.6,119.8,
4178,41.780,-18.7,-72.6,120.2,
4179,41.790,-18.9,-72.5,120.5,
4180,41.800,-19.2,-72.5,120.9,
4181,41.810,-19.4,-72.5,121.2,
4182,41.820,-19.6,-72.5,121.5,
4183,41.830,-19.9,-72.5,121.8,
4184,41.840,-20.0,-72.5,122.1,
4185,41.850,-20.2,-72.5,122.4,
4186,41.860,-20.3,-72.5,122.6,
4187,41.870,-20.4,-72.6,122.8,
4188,41.880,-20.5,-72.6,123.0,
4189,41.890,-20.4,-72.6,123.1,
4190,41.900,-20.4,-72.7,123.2,
4191,41.910,-20.4,-72.8,123.3,
4192,41.920,-20.3,-72.8,123.5,
4193,41.930,-20.2,-72.9,123.5,
4194,41.940,-20.0,-72.9,123.6,
4195,41.950,-19.8,-73.0,123.5,
4196,41.960,-19.6,-73.0,123.5,
4197,41.970,-19.3,-73.1,123.3,
4198,41.980,-19.0,-73.1,123.2,
4199,41.990,-18.6,-73.2,123.0,
4200,42.000,-18.3,-73.2,122.8,
4201,42.010,-18.0,-73.2,122.6,
4202,42.020,-17.7,-73.2,122.4,
4203,42.030,-17.4,-73.2,122.3,
4204,42.040,-17.2,-73.2,122.2,
4205,42.050,-17.1,-73.2,122.1,
4206,42.060,-17.0,-73.2,122.1,
4207,42.070,-16.9,-73.2,122.2,
4208,42.080,-16.9,-73.2,122.3,
4209,42.090,-16.9,-73.1,122.4,
4210,42.100,-16.9,-73.1,122.5,
4211,42.110,-16.9,-73.1,122.6,
4212,42.120,-16.9,-73.1,122.7,
4213,42.130,-16.9,-73.1,122.8,
4214,42.140,-16.9,-73.1,122.9,
4215,42.150,-16.8,-73.1,122.9,
4216,42.160,-16.8,-73.1,123.0,
4217,42.170,-16.7,-73.2,123.1,
4218,42.180,-16.6,-73.2,123.1,
4219,42.190,-16.4,-73.2,123.1,
4220,42.200,-16.3,-73.3,123.1,
4221,42.210,-16.1,-73.3,123.1,
4222,42.220,-15.9,-73.3,123.0,
4223,42.230,-15.8,-73.4,123.0,
4224,42.240,-15.6,-73.4,123.0,
4225,42.250,-15.5,-73.4,123.0,
4226,42.260,-15.4,-73.5,123.0,
4227,42.270,-15.3,-73.5,123.0,
4228,42.280,-15.2,-73.6,123.0,
4229,42.290,-15.2,-73.6,123.0,
4230,42.300,-15.2,-73.7,123.1,
4231,42.310,-15.2,-73.8,123.2,
4232,42.320,-15.2,-73.8,123.2,
4233,42.330,-15.2,-73.9,123.2,
4234,42.340,-15.2,-73.9,123.3,
4235,42.350,-15.2,-73.9,123.3,
4236,42.360,-15.1,-74.0,123.3,
4237,42.370,-15.1,-74.0,123.3,
4238,42.380,-15.1,-74.1,123.3,
4239,42.390,-15.0,-74.1,123.3,
4240,42.400,-15.0,-74.1,123.3,
4241,42.410,-14.9,-74.2,123.3,
4242,42.420,-14.9,-74.2,123.3,
4243,42.430,-14.8,-74.2,123.4,
4244,42.440,-14.8,-74.2,123.4,
4245,42.450,-14.8,-74.3,123.4,
4246,42.460,-14.7,-74.3,123.5,
4247,42.470,-14.7,-74.3,123.6,
4248,42.480,-14.7,-74.3,123.7,
4249,42.490,-14.7,-74.2,123.7,
4250,42.500,-14.7,-74.2,123.8,
4251,42.510,-14.6,-74.2,123.8,
4252,42.520,-14.6,-74.1,123.8,
4253,42.530,-14.5,-74.1,123.8,
4254,42.540,-14.4,-74.0,123.7,
4255,42.550,-14.3,-73.9,123.7,
4256,42.560,-14.2,-73.9,123.6,
4257,42.570,-14.1,-73.8,123.5,
4258,42.580,-13.9,-73.7,123.5,
4259,42.590,-13.8,-73.6,123.4,
4260,42.600,-13.7,-73.6,123.3,
4261,42.610,-13.6,-73.5,123.2,
4262,42.620,-13.6,-73.4,123.1,
4263,42.630,-13.5,-73.4,123.1,
4264,42.640,-13.5,-73.3,123.1,
4265,42.650,-13.4,-73.3,123.1,
4266,42.660,-13.4,-73.3,123.1,
4267,42.670,-13.5,-73.3,123.2,
4268,42.680,-13.5,-73.3,123.3,
4269,42.690,-13.5,-73.3,123.3,
4270,42.700,-13.5,-73.3,123.4,
4271,42.710,-13.5,-73.3,123.5,
4272,42.720,-13.6,-73.4,123.6,
4273,42.730,-13.6,-73.4,123.7,
4274,42.740,-13.7,-73.4,123.9,
4275,42.750,-13.7,-73.5,124.0,
4276,42.760,-13.8,-73.5,124.2,
4277,42.770,-13.8,-73.6,124.3,
4278,42.780,-13.9,-73.6,124.5,
4279,42.790,-13.9,-73.7,124.6,
4280,42.800,-14.0,-73.7,124.8,
4281,42.810,-14.1,-73.8,125.0,
4282,42.820,-14.1,-73.8,125.2,
4283,42.830,-14.2,-73.8,125.4,
4284,42.840,-14.3,-73.9,125.5,
4285,42.850,-14.3,-73.9,125.7,
4286,42.860,-14.4,-74.0,125.8,
4287,42.870,-14.4,-74.0,126.0,
4288,42.880,-14.4,-74.0,126.1,
4289,42.890,-14.4,-74.1,126.2,
4290,42.900,-14.4,-74.1,126.3,
4291,42.910,-14.4,-74.2,126.4,
4292,42.920,-14.4,-74.2,126.4,
4293,42.930,-14.4,-74.2,126.5,
4294,42.940,-14.3,-74.3,126.6,
4295,42.950,-14.3,-74.3,126.6,
4296,42.960,-14.3,-74.3,126.7,
4297,42.970,-14.3,-74.3,126.7,
4298,42.980,-14.2,-74.3,126.7,
4299,42.990,-14.2,-74.3,126.8,
4300,43.000,-14.2,-74.3,126.9,
4301,43.010,-14.2,-74.4,127.0,
4302,43.020,-14.2,-74.4,127.0,
4303,43.030,-14.2,-74.4,127.1,
4304,43.040,-14.2,-74.4,127.2,
4305,43.050,-14.2,-74.4,127.3,
4306,43.060,-14.2,-74.5,127.4,
4307,43.070,-14.2,-74.5,127.5,
4308,43.080,-14.3,-74.5,127.7,
4309,43.090,-14.3,-74.5,127.8,
4310,43.100,-14.3,-74.5,127.9,
4311,43.110,-14.3,-74.5,128.0,
4312,43.120,-14.3,-74.5,128.2,
4313,43.130,-14.4,-74.5,128.3,
4314,43.140,-14.4,-74.5,128.5,
4315,43.150,-14.5,-74.5,128.7,
4316,43.160,-14.5,-74.5,128.9,
4317,43.170,-14.6,-74.5,129.0,
4318,43.180,-14.6,-74.4,129.2,
4319,43.190,-14.6,-74.4,129.4,
4320,43.200,-14.6,-74.4,129.5,
4321,43.210,-14.7,-74.4,129.7,
4322,43.220,-14.7,-74.4,129.8,
4323,43.230,-14.7,-74.4,129.9,
4324,43.240,-14.7,-74.4,130.1,
4325,43.250,-14.7,-74.3,130.2,
4326,43.260,-14.7,-74.3,130.4,
4327,43.270,-14.7,-74.4,130.5,
4328,43.280,-14.7,-74.4,130.7,
4329,43.290,-14.7,-74.4,130.8,
4330,43.300,-14.7,-74.4,131.0,
4331,43.310,-14.7,-74.4,131.1,
4332,43.320,-14.7,-74.4,131.3,
4333,43.330,-14.7,-74.5,131.5,
4334,43.340,-14.7,-74.5,131.7,
4335,43.350,-14.7,-74.5,131.9,
4336,43.360,-14.8,-74.5,132.2,
4337,43.370,-14.8,-74.6,132.4,
4338,43.380,-14.8,-74.6,132.6,
4339,43.390,-14.8,-74.6,132.9,
4340,43.400,-14.9,-74.6,133.1,
4341,43.410,-14.9,-74.6,133.4,
4342,43.420,-15.0,-74.7,133.7,
4343,43.430,-15.0,-74.7,133.9,
4344,43.440,-15.0,-74.7,134.2,
4345,43.450,-15.0,-74.7,134.5,
4346,43.460,-15.0,-74.8,134.8,
4347,43.470,-15.0,-74.8,135.0,
4348,43.480,-15.0,-74.8,135.3,
4349,43.490,-15.0,-74.9,135.5,
4350,43.500,-15.0,-74.9,135.8,
4351,43.510,-14.9,-74.9,136.1,
4352,43.520,-14.9,-74.9,136.3,
4353,43.530,-14.8,-74.9,136.6,
4354,43.540,-14.8,-74.9,136.8,
4355,43.550,-14.7,-74.9,137.1,
4356,43.560,-14.7,-74.9,137.4,
4357,43.570,-14.7,-74.9,137.7,
4358,43.580,-14.7,-74.9,138.0,
4359,43.590,-14.7,-74.8,138.4,
4360,43.600,-14.7,-74.8,138.8,
4361,43.610,-14.7,-74.8,139.1,
4362,43.620,-14.8,-74.7,139.5,
4363,43.630,-14.8,-74.7,139.8,
4364,43.640,-14.8,-74.6,140.2,
4365,43.650,-14.8,-74.6,140.5,
4366,43.660,-14.9,-74.6,140.9,
4367,43.670,-14.9,-74.5,141.3,
4368,43.680,-14.9,-74.5,141.6,
4369,43.690,-15.0,-74.5,142.0,
4370,43.700,-15.0,-74.4,142.4,
4371,43.710,-15.1,-74.4,142.8,
4372,43.720,-15.1,-74.3,143.1,
4373,43.730,-15.1,-74.3,143.5,
4374,43.740,-15.2,-74.3,143.9,
4375,43.750,-15.2,-74.3,144.3,
4376,43.760,-15.2,-74.2,144.6,
4377,43.770,-15.3,-74.2,145.0,
4378,43.780,-15.3,-74.2,145.3,
4379,43.790,-15.3,-74.2,145.7,
4380,43.800,-15.3,-74.2,146.0,
4381,43.810,-15.4,-74.2,146.3,
4382,43.820,-15.4,-74.2,146.7,
4383,43.830,-15.4,-74.2,147.0,
4384,43.840,-15.4,-74.2,147.3,
4385,43.850,-15.5,-74.2,147.6,
4386,43.860,-15.5,-74.2,148.0,
4387,43.870,-15.5,-74.2,148.3,
4388,43.880,-15.5,-74.2,148.6,
4389,43.890,-15.6,-74.2,148.9,
4390,43.900,-15.6,-74.2,149.1,
4391,43.910,-15.6,-74.2,149.4,
4392,43.920,-15.6,-74.2,149.6,
4393,43.930,-15.6,-74.3,149.8,
4394,43.940,-15.6,-74.3,150.0,
4395,43.950,-15.6,-74.3,150.2,
4396,43.960,-15.5,-74.3,150.4,
4397,43.970,-15.4,-74.3,150.5,
4398,43.980,-15.4,-74.3,150.6,
4399,43.990,-15.2,-74.3,150.7,
4400,44.000,-15.1,-74.3,150.8,
4401,44.010,-15.0,-74.3,150.8,
4402,44.020,-14.8,-74.3,150.8,
4403,44.030,-14.7,-74.3,150.8,
4404,44.040,-14.5,-74.3,150.9,
4405,44.050,-14.4,-74.2,150.9,
4406,44.060,-14.2,-74.2,150.8,
4407,44.070,-14.1,-74.2,150.8,
4408,44.080,-14.0,-74.2,150.9,
4409,44.090,-13.9,-74.2,150.9,
4410,44.100,-13.8,-74.2,150.8,
4411,44.110,-13.8,-74.2,150.8,
4412,44.120,-13.7,-74.2,150.8,
4413,44.130,-13.6,-74.2,150.7,
4414,44.140,-13.6,-74.2,150.7,
4415,44.150,-13.5,-74.2,150.6,
4416,44.160,-13.5,-74.2,150.6,
4417,44.170,-13.5,-74.2,150.5,
4418,44.180,-13.5,-74.1,150.4,
4419,44.190,-13.4,-74.1,150.4,
4420,44.200,-13.4,-74.1,150.3,
4421,44.210,-13.4,-74.1,150.2,
4422,44.220,-13.4,-74.1,150.0,
4423,44.230,-13.4,-74.1,149.9,
4424,44.240,-13.4,-74.1,149.8,
4425,44.250,-13.4,-74.0,149.7,
4426,44.260,-13.4,-74.0,149.6,
4427,44.270,-13.4,-74.0,149.5,
4428,44.280,-13.5,-74.0,149.4,
4429,44.290,-13.5,-73.9,149.3,
4430,44.300,-13.5,-73.9,149.3,
4431,44.310,-13.6,-73.9,149.2,
4432,44.320,-13.6,-73.9,149.1,
4433,44.330,-13.6,-73.8,149.1,
4434,44.340,-13.6,-73.8,149.0,
4435,44.350,-13.6,-73.8,148.9,
4436,44.360,-13.6,-73.8,148.8,
4437,44.370,-13.6,-73.8,148.7,
4438,44.380,-13.6,-73.8,148.6,
4439,44.390,-13.6,-73.8,148.5,
4440,44.400,-13.6,-73.8,148.4,
4441,44.410,-13.6,-73.8,148.3,
4442,44.420,-13.5,-73.8,148.1,
4443,44.430,-13.5,-73.8,148.0,
4444,44.440,-13.5,-73.8,147.9,
4445,44.450,-13.5,-73.8,147.7,
4446,44.460,-13.5,-73.8,147.5,
4447,44.470,-13.4,-73.8,147.3,
4448,44.480,-13.4,-73.8,147.1,
4449,44.490,-13.4,-73.8,146.9,
4450,44.500,-13.3,-73.7,146.7,
4451,44.510,-13.3,-73.7,146.4,
4452,44.520,-13.3,-73.7,146.2,
4453,44.530,-13.3,-73.7,146.0,
4454,44.540,-13.3,-73.8,145.8,
4455,44.550,-13.3,-73.8,145.5,
4456,44.560,-13.3,-73.8,145.2,
4457,44.570,-13.3,-73.8,144.9,
4458,44.580,-13.2,-73.8,144.6,
4459,44.590,-13.1,-73.9,144.3,
4460,44.600,-13.1,-73.9,143.9,
4461,44.610,-13.0,-73.9,143.5,
4462,44.620,-12.9,-73.9,143.1,
4463,44.630,-12.8,-74.0,142.7,
4464,44.640,-12.7,-74.0,142.3,
4465,44.650,-12.5,-74.0,141.9,
4466,44.660,-12.4,-74.0,141.4,
4467,44.670,-12.3,-74.1,141.0,
4468,44.680,-12.2,-74.1,140.6,
4469,44.690,-12.0,-74.1,140.1,
4470,44.700,-11.9,-74.2,139.6,
4471,44.710,-11.7,-74.2,139.2,
4472,44.720,-11.6,-74.2,138.7,
4473,44.730,-11.5,-74.2,138.2,
4474,44.740,-11.3,-74.3,137.8,
4475,44.750,-11.2,-74.3,137.3,
4476,44.760,-11.1,-74.3,136.8,
4477,44.770,-10.9,-74.4,136.3,
4478,44.780,-10.8,-74.4,135.8,
4479,44.790,-10.6,-74.4,135.3,
4480,44.800,-10.5,-74.5,134.8,
4481,44.810,-10.3,-74.5,134.3,
4482,44.820,-10.2,-74.6,133.9,
4483,44.830,-10.0,-74.6,133.4,
4484,44.840,-9.9,-74.6,132.9,
4485,44.850,-9.8,-74.7,132.4,
4486,44.860,-9.6,-74.7,131.9,
4487,44.870,-9.5,-74.8,131.4,
4488,44.880,-9.3,-74.8,131.0,
4489,44.890,-9.2,-74.9,130.5,
4490,44.900,-9.1,-74.9,130.0,
4491,44.910,-8.9,-74.9,129.6,
4492,44.920,-8.8,-75.0,129.1,
4493,44.930,-8.7,-75.0,128.7,
4494,44.940,-8.6,-75.0,128.3,
4495,44.950,-8.5,-75.1,127.9,
4496,44.960,-8.5,-75.1,127.6,
4497,44.970,-8.5,-75.2,127.3,
4498,44.980,-8.5,-75.2,127.0,
4499,44.990,-8.5,-75.2,126.8,
4500,45.000,-8.5,-75.3,126.5,
4501,45.010,-8.4,-75.3,126.2,
4502,45.020,-8.4,-75.4,125.9,
4503,45.030,-8.3,-75.4,125.7,
4504,45.040,-8.3,-75.4,125.4,
4505,45.050,-8.3,-75.4,125.2,
4506,45.060,-8.3,-75.5,125.0,
4507,45.070,-8.3,-75.5,124.8,
4508,45.080,-8.3,-75.5,124.6,
4509,45.090,-8.4,-75.5,124.5,
4510,45.100,-8.4,-75.5,124.3,
4511,45.110,-8.4,-75.6,124.2,
4512,45.120,-8.4,-75.6,124.0,
4513,45.130,-8.4,-75.6,123.9,
4514,45.140,-8.4,-75.6,123.7,
4515,45.150,-8.4,-75.6,123.6,
4516,45.160,-8.4,-75.6,123.4,
4517,45.170,-8.4,-75.6,123.3,
4518,45.180,-8.4,-75.7,123.1,
4519,45.190,-8.4,-75.7,123.0,
4520,45.200,-8.4,-75.7,122.8,
4521,45.210,-8.4,-75.7,122.7,
4522,45.220,-8.3,-75.7,122.5,
4523,45.230,-8.3,-75.7,122.4,
4524,45.240,-8.2,-75.7,122.2,
4525,45.250,-8.2,-75.7,122.0,
4526,45.260,-8.1,-75.7,121.9,
4527,45.270,-8.1,-75.7,121.7,
4528,45.280,-8.1,-75.7,121.6,
4529,45.290,-8.1,-75.7,121.5,
4530,45.300,-8.0,-75.7,121.4,
4531,45.310,-8.0,-75.6,121.3,
4532,45.320,-8.0,-75.6,121.3,
4533,45.330,-8.0,-75.6,121.2,
4534,45.340,-8.0,-75.6,121.2,
4535,45.350,-8.0,-75.6,121.1,
4536,45.360,-8.0,-75.6,121.1,
4537,45.370,-8.0,-75.6,121.1,
4538,45.380,-8.0,-75.6,121.1,
4539,45.390,-8.0,-75.5,121.1,
4540,45.400,-8.0,-75.5,121.2,
4541,45.410,-8.0,-75.5,121.2,
4542,45.420,-8.1,-75.5,121.3,
4543,45.430,-8.1,-75.5,121.3,
4544,45.440,-8.1,-75.5,121.4,
4545,45.450,-8.1,-75.5,121.5,
4546,45.460,-8.1,-75.4,121.5,
4547,45.470,-8.1,-75.4,121.6,
4548,45.480,-8.1,-75.4,121.7,
4549,45.490,-8.0,-75.4,121.7,
4550,45.500,-8.0,-75.4,121.7,
4551,45.510,-8.0,-75.4,121.8,
4552,45.520,-7.9,-75.3,121.8,
4553,45.530,-7.9,-75.3,121.8,
4554,45.540,-7.8,-75.3,121.8,
4555,45.550,-7.7,-75.2,121.8,
4556,45.560,-7.6,-75.2,121.9,
4557,45.570,-7.6,-75.1,121.9,
4558,45.580,-7.5,-75.1,121.9,
4559,45.590,-7.5,-75.0,122.0,
4560,45.600,-7.5,-75.0,122.1,
4561,45.610,-7.5,-75.0,122.1,
4562,45.620,-7.5,-74.9,122.2,
4563,45.630,-7.5,-74.9,122.3,
4564,45.640,-7.5,-74.8,122.4,
4565,45.650,-7.5,-74.8,122.5,
4566,45.660,-7.5,-74.8,122.7,
4567,45.670,-7.6,-74.8,122.8,
4568,45.680,-7.6,-74.8,122.9,
4569,45.690,-7.7,-74.7,123.1,
4570,45.700,-7.8,-74.7,123.2,
4571,45.710,-7.8,-74.7,123.4,
4572,45.720,-7.9,-74.7,123.5,
4573,45.730,-7.9,-74.7,123.7,
4574,45.740,-8.0,-74.7,123.8,
4575,45.750,-8.0,-74.7,123.9,
4576,45.760,-8.1,-74.7,124.1,
4577,45.770,-8.1,-74.7,124.2,
4578,45.780,-8.2,-74.7,124.3,
4579,45.790,-8.2,-74.7,124.4,
4580,45.800,-8.3,-74.7,124.6,
4581,45.810,-8.3,-74.7,124.7,
4582,45.820,-8.3,-74.7,124.8,
4583,45.830,-8.4,-74.7,124.9,
4584,45.840,-8.4,-74.7,125.0,
4585,45.850,-8.4,-74.7,125.1,
4586,45.860,-8.5,-74.7,125.2,
4587,45.870,-8.5,-74.7,125.4,
4588,45.880,-8.6,-74.7,125.5,
4589,45.890,-8.6,-74.7,125.7,
4590,45.900,-8.7,-74.7,125.8,
4591,45.910,-8.8,-74.7,126.0,
4592,45.920,-8.9,-74.7,126.2,
4593,45.930,-8.9,-74.7,126.3,
4594,45.940,-9.0,-74.7,126.5,
4595,45.950,-9.0,-74.7,126.6,
4596,45.960,-9.0,-74.7,126.8,
4597,45.970,-9.1,-74.7,126.9,
4598,45.980,-9.1,-74.7,127.0,
4599,45.990,-9.2,-74.7,127.2,
4600,46.000,-9.2,-74.7,127.3,
4601,46.010,-9.2,-74.7,127.5,
4602,46.020,-9.3,-74.7,127.6,
4603,46.030,-9.3,-74.7,127.8,
4604,46.040,-9.4,-74.7,127.9,
4605,46.050,-9.4,-74.7,128.0,
4606,46.060,-9.4,-74.8,128.1,
4607,46.070,-9.4,-74.8,128.3,
4608,46.080,-9.4,-74.8,128.4,
4609,46.090,-9.4,-74.8,128.5,
4610,46.100,-9.4,-74.8,128.6,
4611,46.110,-9.4,-74.8,128.7,
4612,46.120,-9.4,-74.8,128.9,
4613,46.130,-9.4,-74.9,129.0,
4614,46.140,-9.4,-74.9,129.1,
4615,46.150,-9.4,-74.9,129.3,
4616,46.160,-9.4,-74.9,129.4,
4617,46.170,-9.5,-74.9,129.6,
4618,46.180,-9.5,-74.9,129.8,
4619,46.190,-9.5,-74.9,129.9,
4620,46.200,-9.6,-74.9,130.1,
4621,46.210,-9.6,-74.9,130.3,
4622,46.220,-9.6,-74.9,130.5,
4623,46.230,-9.7,-74.8,130.7,
4624,46.240,-9.7,-74.8,130.9,
4625,46.250,-9.8,-74.8,131.1,
4626,46.260,-9.8,-74.8,131.4,
4627,46.270,-9.8,-74.8,131.6,
4628,46.280,-9.9,-74.8,131.8,
4629,46.290,-9.9,-74.8,132.0,
4630,46.300,-9.9,-74.8,132.3,
4631,46.310,-10.0,-74.8,132.5,
4632,46.320,-10.0,-74.7,132.7,
4633,46.330,-10.0,-74.7,133.0,
4634,46.340,-10.0,-74.7,133.2,
4635,46.350,-10.0,-74.7,133.4,
4636,46.360,-10.1,-74.7,133.7,
4637,46.370,-10.1,-74.7,133.9,
4638,46.380,-10.1,-74.7,134.1,
4639,46.390,-10.1,-74.7,134.3,
4640,46.400,-10.1,-74.7,134.6,
4641,46.410,-10.2,-74.7,134.9,
4642,46.420,-10.2,-74.7,135.2,
4643,46.430,-10.3,-74.7,135.5,
4644,46.440,-10.4,-74.7,135.8,
4645,46.450,-10.5,-74.7,136.2,
4646,46.460,-10.6,-74.7,136.5,
4647,46.470,-10.7,-74.7,136.9,
4648,46.480,-10.8,-74.7,137.2,
4649,46.490,-10.9,-74.6,137.6,
4650,46.500,-11.0,-74.6,138.0,
4651,46.510,-11.1,-74.6,138.3,
4652,46.520,-11.2,-74.6,138.7,
4653,46.530,-11.3,-74.6,139.1,
4654,46.540,-11.4,-74.6,139.5,
4655,46.550,-11.4,-74.5,139.8,
4656,46.560,-11.5,-74.5,140.2,
4657,46.570,-11.6,-74.5,140.6,
4658,46.580,-11.7,-74.4,141.0,
4659,46.590,-11.8,-74.4,141.4,
4660,46.600,-11.9,-74.3,141.7,
4661,46.610,-12.0,-74.3,142.1,
4662,46.620,-12.0,-74.2,142.4,
4663,46.630,-12.1,-74.2,142.8,
4664,46.640,-12.1,-74.1,143.1,
4665,46.650,-12.2,-74.1,143.4,
4666,46.660,-12.2,-74.0,143.7,
4667,46.670,-12.2,-74.0,143.9,
4668,46.680,-12.2,-73.9,144.2,
4669,46.690,-12.2,-73.8,144.4,
4670,46.700,-12.2,-73.8,144.7,
4671,46.710,-12.2,-73.7,144.9,
4672,46.720,-12.2,-73.6,145.2,
4673,46.730,-12.2,-73.6,145.4,
4674,46.740,-12.2,-73.5,145.6,
4675,46.750,-12.2,-73.4,145.7,
4676,46.760,-12.2,-73.3,145.9,
4677,46.770,-12.2,-73.3,146.1,
4678,46.780,-12.2,-73.2,146.2,
4679,46.790,-12.2,-73.2,146.4,
4680,46.800,-12.2,-73.1,146.5,
4681,46.810,-12.2,-73.1,146.6,
4682,46.820,-12.2,-73.0,146.7,
4683,46.830,-12.3,-73.0,146.9,
4684,46.840,-12.3,-72.9,146.9,
4685,46.850,-12.3,-72.9,147.0,
4686,46.860,-12.3,-72.8,147.1,
4687,46.870,-12.3,-72.8,147.2,
4688,46.880,-12.3,-72.8,147.3,
4689,46.890,-12.3,-72.8,147.3,
4690,46.900,-12.3,-72.7,147.4,
4691,46.910,-12.3,-72.7,147.4,
4692,46.920,-12.3,-72.7,147.4,
4693,46.930,-12.3,-72.6,147.5,
4694,46.940,-12.3,-72.6,147.5,
4695,46.950,-12.3,-72.6,147.5,
4696,46.960,-12.3,-72.5,147.5,
4697,46.970,-12.3,-72.5,147.5,
4698,46.980,-12.3,-72.5,147.5,
4699,46.990,-12.3,-72.4,147.5,
4700,47.000,-12.3,-72.4,147.4,
4701,47.010,-12.2,-72.4,147.4,
4702,47.020,-12.2,-72.4,147.4,
4703,47.030,-12.2,-72.4,147.3,
4704,47.040,-12.2,-72.4,147.3,
4705,47.050,-12.1,-72.3,147.2,
4706,47.060,-12.1,-72.3,147.1,
4707,47.070,-12.1,-72.3,147.0,
4708,47.080,-12.0,-72.3,146.9,
4709,47.090,-12.0,-72.3,146.8,
4710,47.100,-11.9,-72.3,146.7,
4711,47.110,-11.8,-72.4,146.5,
4712,47.120,-11.7,-72.4,146.4,
4713,47.130,-11.7,-72.4,146.2,
4714,47.140,-11.6,-72.4,146.0,
4715,47.150,-11.5,-72.4,145.9,
4716,47.160,-11.4,-72.4,145.7,
4717,47.170,-11.4,-72.4,145.6,
4718,47.180,-11.4,-72.4,145.4,
4719,47.190,-11.3,-72.5,145.2,
4720,47.200,-11.3,-72.5,145.1,
4721,47.210,-11.2,-72.5,144.9,
4722,47.220,-11.2,-72.5,144.8,
4723,47.230,-11.2,-72.6,144.6,
4724,47.240,-11.1,-72.6,144.4,
4725,47.250,-11.1,-72.7,144.3,
4726,47.260,-11.0,-72.7,144.1,
4727,47.270,-11.0,-72.7,143.9,
4728,47.280,-10.9,-72.8,143.8,
4729,47.290,-10.9,-72.8,143.6,
4730,47.300,-10.8,-72.9,143.5,
4731,47.310,-10.8,-72.9,143.3,
4732,47.320,-10.8,-72.9,143.2,
4733,47.330,-10.8,-72.9,143.1,
4734,47.340,-10.7,-73.0,143.0,
4735,47.350,-10.7,-73.0,142.9,
4736,47.360,-10.7,-73.0,142.8,
4737,47.370,-10.7,-73.1,142.6,
4738,47.380,-10.7,-73.1,142.5,
4739,47.390,-10.7,-73.1,142.4,
4740,47.400,-10.6,-73.1,142.3,
4741,47.410,-10.6,-73.1,142.2,
4742,47.420,-10.6,-73.1,142.1,
4743,47.430,-10.6,-73.2,141.9,
4744,47.440,-10.5,-73.2,141.8,
4745,47.450,-10.5,-73.2,141.7,
4746,47.460,-10.5,-73.2,141.6,
4747,47.470,-10.4,-73.2,141.5,
4748,47.480,-10.4,-73.2,141.3,
4749,47.490,-10.4,-73.2,141.2,
4750,47.500,-10.3,-73.2,141.1,
4751,47.510,-10.3,-73.2,140.9,
4752,47.520,-10.2,-73.1,140.8,
4753,47.530,-10.2,-73.1,140.7,
4754,47.540,-10.1,-73.1,140.6,
4755,47.550,-10.1,-73.1,140.5,
4756,47.560,-10.1,-73.1,140.4,
4757,47.570,-10.1,-73.1,140.3,
4758,47.580,-10.1,-73.2,140.3,
4759,47.590,-10.1,-73.2,140.2,
4760,47.600,-10.1,-73.2,140.1,
4761,47.610,-10.1,-73.2,140.1,
4762,47.620,-10.1,-73.2,140.1,
4763,47.630,-10.1,-73.2,140.0,
4764,47.640,-10.1,-73.3,140.0,
4765,47.650,-10.2,-73.3,139.9,
4766,47.660,-10.2,-73.3,139.9,
4767,47.670,-10.2,-73.4,139.8,
4768,47.680,-10.2,-73.4,139.7,
4769,47.690,-10.1,-73.5,139.6,
4770,47.700,-10.1,-73.5,139.5,
4771,47.710,-10.1,-73.6,139.4,
4772,47.720,-10.0,-73.6,139.3,
4773,47.730,-9.9,-73.6,139.1,
4774,47.740,-9.8,-73.7,138.9,
4775,47.750,-9.7,-73.7,138.8,
4776,47.760,-9.6,-73.8,138.6,
4777,47.770,-9.5,-73.8,138.4,
4778,47.780,-9.4,-73.9,138.2,
4779,47.790,-9.3,-73.9,138.0,
4780,47.800,-9.2,-74.0,137.8,
4781,47.810,-9.1,-74.0,137.6,
4782,47.820,-9.1,-74.1,137.4,
4783,47.830,-9.0,-74.1,137.2,
4784,47.840,-8.9,-74.1,137.1,
4785,47.850,-8.9,-74.2,136.9,
4786,47.860,-8.8,-74.2,136.7,
4787,47.870,-8.7,-74.2,136.5,
4788,47.880,-8.7,-74.3,136.3,
4789,47.890,-8.6,-74.3,136.2,
4790,47.900,-8.5,-74.3,136.0,
4791,47.910,-8.4,-74.3,135.8,
4792,47.920,-8.4,-74.4,135.6,
4793,47.930,-8.3,-74.4,135.4,
4794,47.940,-8.2,-74.4,135.2,
4795,47.950,-8.2,-74.4,135.0,
4796,47.960,-8.1,-74.5,134.9,
4797,47.970,-8.1,-74.5,134.7,
4798,47.980,-8.0,-74.5,134.5,
4799,47.990,-7.9,-74.5,134.3,
4800,48.000,-7.8,-74.6,134.1,
4801,48.010,-7.8,-74.6,133.9,
4802,48.020,-7.7,-74.6,133.7,
4803,48.030,-7.6,-74.6,133.5,
4804,48.040,-7.5,-74.7,133.3,
4805,48.050,-7.5,-74.7,133.1,
4806,48.060,-7.4,-74.7,133.0,
4807,48.070,-7.4,-74.7,132.8,
4808,48.080,-7.4,-74.8,132.7,
4809,48.090,-7.3,-74.8,132.5,
4810,48.100,-7.3,-74.8,132.4,
4811,48.110,-7.3,-74.9,132.3,
4812,48.120,-7.3,-74.9,132.1,
4813,48.130,-7.3,-74.9,132.0,
4814,48.140,-7.3,-75.0,131.9,
4815,48.150,-7.3,-75.0,131.8,
4816,48.160,-7.2,-75.0,131.7,
