Frame,Time,GSensor.X,GSensor.Y,GSensor.Z,
0,0.000,7.574,0.180,159.800,
1,0.010,7.604,0.179,159.799,
2,0.020,7.635,0.175,159.799,
3,0.030,7.665,0.174,159.798,
4,0.040,7.687,0.170,159.798,
5,0.050,7.706,0.166,159.798,
6,0.060,7.719,0.161,159.799,
7,0.070,7.723,0.157,159.799,
8,0.080,7.722,0.153,159.800,
9,0.090,7.719,0.149,159.801,
10,0.100,7.716,0.147,159.801,
11,0.110,7.713,0.146,159.802,
12,0.120,7.708,0.143,159.803,
13,0.130,7.699,0.142,159.803,
14,0.140,7.687,0.141,159.804,
15,0.150,7.672,0.139,159.805,
16,0.160,7.660,0.138,159.805,
17,0.170,7.652,0.138,159.805,
18,0.180,7.655,0.136,159.805,
19,0.190,7.662,0.133,159.804,
20,0.200,7.671,0.132,159.804,
21,0.210,7.678,0.129,159.803,
22,0.220,7.683,0.126,159.803,
23,0.230,7.686,0.125,159.804,
24,0.240,7.687,0.124,159.805,
25,0.250,7.686,0.123,159.805,
26,0.260,7.686,0.122,159.806,
27,0.270,7.687,0.121,159.807,
28,0.280,7.690,0.121,159.807,
29,0.290,7.696,0.121,159.807,
30,0.300,7.697,0.122,159.807,
31,0.310,7.691,0.124,159.806,
32,0.320,7.681,0.125,159.807,
33,0.330,7.666,0.127,159.807,
34,0.340,7.646,0.126,159.808,
35,0.350,7.624,0.126,159.808,
36,0.360,7.600,0.125,159.809,
37,0.370,7.580,0.124,159.809,
38,0.380,7.563,0.123,159.809,
39,0.390,7.551,0.124,159.810,
40,0.400,7.543,0.127,159.809,
41,0.410,7.537,0.130,159.809,
42,0.420,7.533,0.133,159.809,
43,0.430,7.531,0.135,159.808,
44,0.440,7.532,0.140,159.807,
45,0.450,7.533,0.143,159.808,
46,0.460,7.535,0.144,159.808,
47,0.470,7.539,0.145,159.808,
48,0.480,7.540,0.146,159.808,
49,0.490,7.544,0.149,159.808,
50,0.500,7.547,0.150,159.808,
51,0.510,7.551,0.154,159.808,
52,0.520,7.553,0.157,159.809,
53,0.530,7.558,0.157,159.809,
54,0.540,7.565,0.157,159.809,
55,0.550,7.573,0.157,159.809,
56,0.560,7.578,0.154,159.809,
57,0.570,7.583,0.155,159.809,
58,0.580,7.584,0.153,159.809,
59,0.590,7.581,0.152,159.809,
60,0.600,7.575,0.149,159.809,
61,0.610,7.567,0.144,159.809,
62,0.620,7.559,0.144,159.810,
63,0.630,7.550,0.143,159.810,
64,0.640,7.539,0.143,159.811,
65,0.650,7.525,0.144,159.812,
66,0.660,7.510,0.143,159.812,
67,0.670,7.494,0.141,159.813,
68,0.680,7.473,0.136,159.814,
69,0.690,7.455,0.132,159.816,
70,0.700,7.433,0.135,159.818,
71,0.710,7.409,0.139,159.819,
72,0.720,7.384,0.147,159.820,
73,0.730,7.354,0.151,159.821,
74,0.740,7.324,0.154,159.820,
75,0.750,7.294,0.155,159.820,
76,0.760,7.267,0.154,159.821,
77,0.770,7.240,0.153,159.821,
78,0.780,7.214,0.153,159.821,
79,0.790,7.192,0.153,159.821,
80,0.800,7.174,0.156,159.821,
81,0.810,7.164,0.157,159.821,
82,0.820,7.162,0.156,159.821,
83,0.830,7.174,0.153,159.821,
84,0.840,7.195,0.150,159.821,
85,0.850,7.227,0.146,159.820,
86,0.860,7.263,0.143,159.820,
87,0.870,7.299,0.143,159.820,
88,0.880,7.329,0.143,159.819,
89,0.890,7.352,0.145,159.819,
90,0.900,7.369,0.145,159.818,
91,0.910,7.379,0.145,159.818,
92,0.920,7.386,0.144,159.819,
93,0.930,7.393,0.143,159.819,
94,0.940,7.399,0.141,159.820,
95,0.950,7.403,0.137,159.820,
96,0.960,7.403,0.132,159.820,
97,0.970,7.401,0.129,159.821,
98,0.980,7.395,0.125,159.821,
99,0.990,7.387,0.122,159.822,
100,1.000,7.381,0.121,159.823,
101,1.010,7.376,0.120,159.824,
102,1.020,7.378,0.119,159.825,
103,1.030,7.382,0.117,159.827,
104,1.040,7.386,0.112,159.828,
105,1.050,7.388,0.106,159.829,
106,1.060,7.388,0.098,159.831,
107,1.070,7.383,0.089,159.832,
108,1.080,7.381,0.083,159.833,
109,1.090,7.382,0.081,159.834,
110,1.100,7.382,0.079,159.834,
111,1.110,7.383,0.079,159.834,
112,1.120,7.385,0.083,159.835,
113,1.130,7.384,0.086,159.834,
114,1.140,7.383,0.089,159.833,
115,1.150,7.381,0.095,159.832,
116,1.160,7.379,0.100,159.831,
117,1.170,7.380,0.106,159.831,
118,1.180,7.379,0.111,159.830,
119,1.190,7.379,0.117,159.829,
120,1.200,7.379,0.124,159.827,
121,1.210,7.378,0.130,159.826,
122,1.220,7.376,0.134,159.825,
123,1.230,7.373,0.136,159.824,
124,1.240,7.370,0.139,159.823,
125,1.250,7.369,0.141,159.822,
126,1.260,7.369,0.143,159.822,
127,1.270,7.370,0.142,159.823,
128,1.280,7.374,0.142,159.823,
129,1.290,7.378,0.141,159.823,
130,1.300,7.380,0.135,159.823,
131,1.310,7.384,0.128,159.824,
132,1.320,7.389,0.122,159.825,
133,1.330,7.391,0.114,159.826,
134,1.340,7.393,0.107,159.826,
135,1.350,7.397,0.102,159.827,
136,1.360,7.401,0.097,159.827,
137,1.370,7.407,0.094,159.827,
138,1.380,7.406,0.089,159.828,
139,1.390,7.297,0.083,159.830,
140,1.400,7.207,0.072,159.836,
141,1.410,7.151,0.066,159.840,
142,1.420,7.131,0.081,159.841,
143,1.430,7.105,0.085,159.841,
144,1.440,7.075,0.087,159.842,
145,1.450,7.062,0.098,159.842,
146,1.460,7.070,0.111,159.842,
147,1.470,7.075,0.118,159.841,
148,1.480,7.080,0.121,159.841,
149,1.490,7.094,0.127,159.841,
150,1.500,7.122,0.131,159.840,
151,1.510,7.156,0.135,159.839,
152,1.520,7.184,0.140,159.838,
153,1.530,7.206,0.143,159.838,
154,1.540,7.218,0.145,159.838,
155,1.550,7.223,0.145,159.838,
156,1.560,7.228,0.145,159.838,
157,1.570,7.238,0.142,159.838,
158,1.580,7.252,0.138,159.839,
159,1.590,7.271,0.133,159.839,
160,1.600,7.295,0.125,159.840,
161,1.610,7.320,0.116,159.840,
162,1.620,7.348,0.109,159.841,
163,1.630,7.371,0.099,159.842,
164,1.640,7.391,0.088,159.844,
165,1.650,7.404,0.079,159.846,
166,1.660,7.415,0.073,159.847,
167,1.670,7.419,0.066,159.848,
168,1.680,7.411,0.061,159.849,
169,1.690,7.399,0.058,159.850,
170,1.700,7.385,0.058,159.851,
171,1.710,7.364,0.057,159.852,
172,1.720,7.338,0.059,159.852,
173,1.730,7.311,0.060,159.853,
174,1.740,7.286,0.060,159.854,
175,1.750,7.261,0.059,159.855,
176,1.760,7.241,0.058,159.856,
177,1.770,7.225,0.061,159.858,
178,1.780,7.216,0.063,159.859,
179,1.790,7.209,0.061,159.860,
180,1.800,7.202,0.064,159.860,
181,1.810,7.201,0.068,159.860,
182,1.820,7.198,0.070,159.860,
183,1.830,7.195,0.075,159.860,
184,1.840,7.185,0.080,159.860,
185,1.850,7.176,0.087,159.860,
186,1.860,7.168,0.091,159.859,
187,1.870,7.158,0.094,159.859,
188,1.880,7.145,0.097,159.858,
189,1.890,7.134,0.099,159.857,
190,1.900,7.129,0.100,159.856,
191,1.910,7.124,0.102,159.856,
192,1.920,7.122,0.104,159.856,
193,1.930,7.121,0.107,159.855,
194,1.940,7.119,0.111,159.855,
195,1.950,7.120,0.113,159.855,
196,1.960,7.121,0.115,159.856,
197,1.970,7.124,0.114,159.857,
198,1.980,7.132,0.113,159.857,
199,1.990,7.146,0.110,159.858,
200,2.000,7.157,0.107,159.858,
201,2.010,7.166,0.103,159.858,
202,2.020,7.172,0.102,159.859,
203,2.030,7.174,0.099,159.860,
204,2.040,7.177,0.095,159.862,
205,2.050,7.182,0.092,159.863,
206,2.060,7.191,0.089,159.864,
207,2.070,7.205,0.085,159.865,
208,2.080,7.216,0.081,159.867,
209,2.090,7.225,0.077,159.869,
210,2.100,7.226,0.077,159.870,
211,2.110,7.223,0.076,159.872,
212,2.120,7.210,0.076,159.873,
213,2.130,7.194,0.078,159.875,
214,2.140,7.179,0.078,159.876,
215,2.150,7.169,0.077,159.877,
216,2.160,7.157,0.077,159.878,
217,2.170,7.147,0.079,159.879,
218,2.180,7.140,0.083,159.879,
219,2.190,7.133,0.086,159.878,
220,2.200,7.124,0.092,159.878,
221,2.210,7.115,0.097,159.877,
222,2.220,7.106,0.100,159.877,
223,2.230,7.101,0.101,159.877,
224,2.240,7.096,0.103,159.876,
225,2.250,7.092,0.104,159.876,
226,2.260,7.086,0.106,159.876,
227,2.270,7.084,0.107,159.877,
228,2.280,7.084,0.107,159.877,
229,2.290,7.087,0.106,159.877,
230,2.300,7.092,0.103,159.877,
231,2.310,7.095,0.101,159.877,
232,2.320,7.090,0.098,159.877,
233,2.330,7.080,0.094,159.877,
234,2.340,7.069,0.089,159.877,
235,2.350,7.055,0.083,159.877,
236,2.360,7.039,0.079,159.876,
237,2.370,7.022,0.074,159.877,
238,2.380,7.008,0.070,159.877,
239,2.390,6.998,0.065,159.878,
240,2.400,6.988,0.058,159.879,
241,2.410,6.976,0.052,159.880,
242,2.420,6.958,0.047,159.882,
243,2.430,6.937,0.043,159.883,
244,2.440,6.916,0.042,159.885,
245,2.450,6.895,0.042,159.886,
246,2.460,6.876,0.043,159.886,
247,2.470,6.859,0.043,159.886,
248,2.480,6.846,0.046,159.886,
249,2.490,6.832,0.048,159.885,
250,2.500,6.824,0.051,159.884,
251,2.510,6.824,0.056,159.883,
252,2.520,6.829,0.061,159.882,
253,2.530,6.833,0.064,159.880,
254,2.540,6.833,0.066,159.878,
255,2.550,6.834,0.068,159.877,
256,2.560,6.838,0.069,159.877,
257,2.570,6.842,0.069,159.876,
258,2.580,6.851,0.069,159.876,
259,2.590,6.862,0.070,159.875,
260,2.600,6.874,0.072,159.874,
261,2.610,6.884,0.076,159.874,
262,2.620,6.890,0.080,159.873,
263,2.630,6.889,0.085,159.873,
264,2.640,6.883,0.090,159.872,
265,2.650,6.872,0.093,159.872,
266,2.660,6.859,0.096,159.873,
267,2.670,6.851,0.099,159.873,
268,2.680,6.848,0.102,159.873,
269,2.690,6.850,0.105,159.873,
270,2.700,6.854,0.107,159.873,
271,2.710,6.858,0.108,159.873,
272,2.720,6.860,0.108,159.874,
273,2.730,6.861,0.109,159.874,
274,2.740,6.861,0.110,159.876,
275,2.750,6.861,0.110,159.877,
276,2.760,6.863,0.109,159.878,
277,2.770,6.864,0.108,159.879,
278,2.780,6.870,0.107,159.879,
279,2.790,6.880,0.107,159.880,
280,2.800,6.889,0.105,159.880,
281,2.810,6.899,0.100,159.880,
282,2.820,6.908,0.095,159.881,
283,2.830,6.915,0.091,159.881,
284,2.840,6.923,0.087,159.883,
285,2.850,6.929,0.085,159.884,
286,2.860,6.934,0.083,159.885,
287,2.870,6.938,0.082,159.885,
288,2.880,6.941,0.081,159.886,
289,2.890,6.942,0.081,159.886,
290,2.900,6.942,0.080,159.886,
291,2.910,6.937,0.078,159.887,
292,2.920,6.930,0.078,159.887,
293,2.930,6.921,0.079,159.888,
294,2.940,6.911,0.080,159.888,
295,2.950,6.906,0.081,159.888,
296,2.960,6.903,0.083,159.888,
297,2.970,6.902,0.086,159.888,
298,2.980,6.901,0.091,159.887,
299,2.990,6.897,0.093,159.887,
300,3.000,6.892,0.096,159.887,
301,3.010,6.882,0.099,159.886,
302,3.020,6.870,0.100,159.887,
303,3.030,6.866,0.100,159.888,
304,3.040,6.872,0.099,159.888,
305,3.050,6.887,0.098,159.888,
306,3.060,6.905,0.095,159.888,
307,3.070,6.925,0.094,159.887,
308,3.080,6.941,0.091,159.886,
309,3.090,6.949,0.090,159.886,
310,3.100,6.952,0.091,159.886,
311,3.110,6.951,0.090,159.886,
312,3.120,6.952,0.091,159.886,
313,3.130,6.960,0.092,159.886,
314,3.140,6.975,0.089,159.885,
315,3.150,6.991,0.090,159.885,
316,3.160,7.006,0.088,159.885,
317,3.170,7.016,0.089,159.885,
318,3.180,7.020,0.087,159.885,
319,3.190,7.020,0.085,159.885,
320,3.200,7.019,0.083,159.885,
321,3.210,7.017,0.080,159.885,
322,3.220,7.014,0.077,159.885,
323,3.230,7.010,0.075,159.885,
324,3.240,7.006,0.071,159.885,
325,3.250,7.003,0.067,159.886,
326,3.260,7.000,0.062,159.887,
327,3.270,6.999,0.057,159.887,
328,3.280,7.003,0.051,159.888,
329,3.290,7.007,0.044,159.888,
330,3.300,7.010,0.040,159.888,
331,3.310,7.010,0.039,159.889,
332,3.320,7.008,0.039,159.890,
333,3.330,7.006,0.041,159.890,
334,3.340,7.005,0.045,159.890,
335,3.350,7.006,0.050,159.890,
336,3.360,7.009,0.054,159.890,
337,3.370,7.016,0.056,159.890,
338,3.380,7.024,0.060,159.889,
339,3.390,7.028,0.067,159.888,
340,3.400,7.032,0.077,159.887,
341,3.410,7.033,0.085,159.886,
342,3.420,7.030,0.092,159.885,
343,3.430,7.026,0.097,159.884,
344,3.440,7.020,0.101,159.884,
345,3.450,7.015,0.101,159.884,
346,3.460,7.012,0.102,159.884,
347,3.470,7.014,0.101,159.884,
348,3.480,7.015,0.100,159.885,
349,3.490,7.020,0.100,159.885,
350,3.500,7.027,0.100,159.885,
351,3.510,7.033,0.101,159.885,
352,3.520,7.040,0.102,159.884,
353,3.530,7.046,0.103,159.884,
354,3.540,7.052,0.105,159.884,
355,3.550,7.058,0.104,159.884,
356,3.560,7.061,0.103,159.884,
357,3.570,7.065,0.102,159.884,
358,3.580,7.063,0.101,159.884,
359,3.590,7.054,0.101,159.884,
360,3.600,7.042,0.101,159.885,
361,3.610,7.030,0.102,159.886,
362,3.620,7.023,0.101,159.887,
363,3.630,7.021,0.102,159.888,
364,3.640,7.021,0.104,159.889,
365,3.650,7.025,0.109,159.888,
366,3.660,7.028,0.113,159.888,
367,3.670,7.032,0.117,159.888,
368,3.680,7.035,0.121,159.888,
369,3.690,7.031,0.125,159.888,
370,3.700,7.024,0.128,159.888,
371,3.710,7.014,0.133,159.888,
372,3.720,7.004,0.133,159.887,
373,3.730,6.996,0.132,159.888,
374,3.740,6.986,0.133,159.888,
375,3.750,6.976,0.134,159.889,
376,3.760,6.966,0.136,159.889,
377,3.770,6.958,0.140,159.889,
378,3.780,6.949,0.143,159.889,
379,3.790,6.943,0.145,159.889,
380,3.800,6.939,0.146,159.889,
381,3.810,6.936,0.146,159.889,
382,3.820,6.930,0.147,159.889,
383,3.830,6.922,0.147,159.888,
384,3.840,6.914,0.148,159.888,
385,3.850,6.907,0.149,159.888,
386,3.860,6.903,0.148,159.889,
387,3.870,6.906,0.147,159.890,
388,3.880,6.909,0.146,159.890,
389,3.890,6.915,0.140,159.890,
390,3.900,6.924,0.136,159.890,
391,3.910,6.933,0.134,159.890,
392,3.920,6.938,0.131,159.890,
393,3.930,6.942,0.128,159.891,
394,3.940,6.945,0.128,159.891,
395,3.950,6.945,0.128,159.890,
396,3.960,6.946,0.129,159.890,
397,3.970,6.948,0.128,159.890,
398,3.980,6.952,0.128,159.889,
399,3.990,6.954,0.127,159.889,
400,4.000,6.955,0.127,159.889,
401,4.010,6.955,0.127,159.889,
402,4.020,6.955,0.129,159.890,
403,4.030,6.953,0.128,159.890,
404,4.040,6.951,0.129,159.891,
405,4.050,6.954,0.127,159.892,
406,4.060,6.956,0.124,159.892,
407,4.070,6.960,0.122,159.892,
408,4.080,6.966,0.120,159.893,
409,4.090,6.973,0.118,159.893,
410,4.100,6.981,0.116,159.893,
411,4.110,6.989,0.114,159.892,
412,4.120,6.993,0.111,159.892,
413,4.130,6.994,0.108,159.892,
414,4.140,6.995,0.107,159.892,
415,4.150,6.994,0.106,159.893,
416,4.160,6.994,0.108,159.893,
417,4.170,6.996,0.109,159.893,
418,4.180,6.999,0.110,159.893,
419,4.190,7.002,0.112,159.894,
420,4.200,7.004,0.113,159.894,
421,4.210,7.003,0.115,159.895,
422,4.220,6.999,0.116,159.895,
423,4.230,6.992,0.118,159.895,
424,4.240,6.988,0.122,159.895,
425,4.250,6.991,0.128,159.894,
426,4.260,6.997,0.135,159.894,
427,4.270,7.006,0.142,159.893,
428,4.280,7.013,0.148,159.892,
429,4.290,7.018,0.152,159.891,
430,4.300,7.019,0.155,159.891,
431,4.310,7.020,0.156,159.891,
432,4.320,7.023,0.155,159.891,
433,4.330,7.032,0.153,159.891,
434,4.340,7.040,0.150,159.890,
435,4.350,7.048,0.147,159.890,
436,4.360,7.052,0.143,159.890,
437,4.370,7.052,0.142,159.891,
438,4.380,7.046,0.139,159.891,
439,4.390,7.036,0.137,159.892,
440,4.400,7.029,0.136,159.893,
441,4.410,7.029,0.134,159.894,
442,4.420,7.035,0.131,159.895,
443,4.430,7.046,0.130,159.895,
444,4.440,7.057,0.127,159.896,
445,4.450,7.068,0.125,159.896,
446,4.460,7.076,0.122,159.896,
447,4.470,7.075,0.120,159.897,
448,4.480,7.068,0.118,159.898,
449,4.490,7.058,0.116,159.898,
450,4.500,7.047,0.113,159.899,
451,4.510,7.038,0.113,159.900,
452,4.520,7.032,0.114,159.901,
453,4.530,7.028,0.115,159.901,
454,4.540,7.027,0.116,159.903,
455,4.550,7.025,0.117,159.903,
456,4.560,7.021,0.118,159.903,
457,4.570,7.016,0.120,159.903,
458,4.580,7.014,0.120,159.903,
459,4.590,7.015,0.122,159.904,
460,4.600,7.023,0.122,159.904,
461,4.610,7.035,0.122,159.905,
462,4.620,7.052,0.120,159.906,
463,4.630,7.067,0.117,159.906,
464,4.640,7.072,0.115,159.906,
465,4.650,7.072,0.114,159.907,
466,4.660,7.070,0.116,159.907,
467,4.670,7.068,0.118,159.906,
468,4.680,7.068,0.121,159.906,
469,4.690,7.071,0.126,159.906,
470,4.700,7.074,0.129,159.905,
471,4.710,7.076,0.133,159.905,
472,4.720,7.073,0.137,159.904,
473,4.730,7.065,0.140,159.903,
474,4.740,7.051,0.142,159.903,
475,4.750,7.037,0.142,159.904,
476,4.760,7.027,0.139,159.904,
477,4.770,7.025,0.136,159.906,
478,4.780,7.031,0.131,159.906,
479,4.790,7.041,0.127,159.907,
480,4.800,7.049,0.123,159.908,
481,4.810,7.054,0.120,159.909,
482,4.820,7.056,0.118,159.909,
483,4.830,7.053,0.116,159.909,
484,4.840,7.051,0.116,159.908,
485,4.850,7.051,0.118,159.908,
486,4.860,7.057,0.118,159.908,
487,4.870,7.065,0.117,159.908,
488,4.880,7.075,0.116,159.907,
489,4.890,7.085,0.116,159.907,
490,4.900,7.091,0.117,159.907,
491,4.910,7.095,0.118,159.907,
492,4.920,7.094,0.121,159.906,
493,4.930,7.091,0.122,159.907,
494,4.940,7.086,0.122,159.906,
495,4.950,7.081,0.122,159.907,
496,4.960,7.079,0.123,159.907,
497,4.970,7.076,0.122,159.906,
498,4.980,7.073,0.122,159.907,
499,4.990,7.064,0.122,159.906,
500,5.000,7.056,0.122,159.906,
501,5.010,7.048,0.124,159.905,
502,5.020,7.043,0.123,159.905,
503,5.030,7.040,0.124,159.906,
504,5.040,7.039,0.124,159.907,
505,5.050,7.037,0.123,159.907,
506,5.060,7.033,0.122,159.908,
507,5.070,7.027,0.119,159.909,
508,5.080,7.021,0.116,159.910,
509,5.090,7.014,0.113,159.911,
510,5.100,7.007,0.114,159.912,
511,5.110,7.001,0.112,159.913,
512,5.120,6.996,0.109,159.914,
513,5.130,6.996,0.111,159.914,
514,5.140,6.997,0.113,159.914,
515,5.150,7.000,0.114,159.913,
516,5.160,7.006,0.120,159.912,
517,5.170,7.012,0.126,159.911,
518,5.180,7.018,0.131,159.910,
519,5.190,7.027,0.135,159.910,
520,5.200,7.040,0.139,159.910,
521,5.210,7.054,0.142,159.910,
522,5.220,7.070,0.144,159.909,
523,5.230,7.087,0.145,159.909,
524,5.240,7.104,0.143,159.909,
525,5.250,7.122,0.143,159.910,
526,5.260,7.136,0.144,159.909,
527,5.270,7.144,0.145,159.909,
528,5.280,7.150,0.147,159.909,
529,5.290,7.153,0.148,159.909,
530,5.300,7.150,0.150,159.909,
531,5.310,7.141,0.151,159.910,
532,5.320,7.125,0.152,159.910,
533,5.330,7.104,0.154,159.911,
534,5.340,7.079,0.154,159.911,
535,5.350,7.057,0.151,159.913,
536,5.360,7.040,0.149,159.913,
537,5.370,7.027,0.147,159.914,
538,5.380,7.019,0.145,159.915,
539,5.390,7.020,0.142,159.916,
540,5.400,7.026,0.139,159.916,
541,5.410,7.034,0.134,159.916,
542,5.420,7.039,0.129,159.917,
543,5.430,7.041,0.124,159.917,
544,5.440,7.038,0.119,159.917,
545,5.450,7.033,0.114,159.916,
546,5.460,7.028,0.109,159.917,
547,5.470,7.027,0.106,159.916,
548,5.480,7.030,0.104,159.916,
549,5.490,7.034,0.101,159.916,
550,5.500,7.040,0.097,159.916,
551,5.510,7.047,0.093,159.917,
552,5.520,7.055,0.090,159.917,
553,5.530,7.064,0.087,159.918,
554,5.540,7.070,0.087,159.918,
555,5.550,7.074,0.089,159.918,
556,5.560,7.079,0.092,159.918,
557,5.570,7.083,0.093,159.918,
558,5.580,7.085,0.096,159.918,
559,5.590,7.089,0.098,159.918,
560,5.600,7.093,0.100,159.918,
561,5.610,7.097,0.103,159.918,
562,5.620,7.100,0.106,159.917,
563,5.630,7.102,0.110,159.917,
564,5.640,7.102,0.112,159.917,
565,5.650,7.102,0.114,159.918,
566,5.660,7.103,0.118,159.917,
567,5.670,7.107,0.122,159.917,
568,5.680,7.111,0.126,159.918,
569,5.690,7.114,0.128,159.918,
570,5.700,7.113,0.128,159.918,
571,5.710,7.106,0.125,159.919,
572,5.720,7.096,0.125,159.920,
573,5.730,7.083,0.123,159.920,
574,5.740,7.071,0.123,159.921,
575,5.750,7.064,0.121,159.921,
576,5.760,7.063,0.119,159.920,
577,5.770,7.065,0.118,159.921,
578,5.780,7.067,0.116,159.922,
579,5.790,7.068,0.115,159.923,
580,5.800,7.068,0.113,159.923,
581,5.810,7.066,0.112,159.924,
582,5.820,7.061,0.111,159.925,
583,5.830,7.056,0.111,159.926,
584,5.840,7.054,0.111,159.926,
585,5.850,7.055,0.112,159.926,
586,5.860,7.063,0.113,159.925,
587,5.870,7.073,0.114,159.925,
588,5.880,7.080,0.116,159.924,
589,5.890,7.084,0.118,159.924,
590,5.900,7.086,0.117,159.924,
591,5.910,7.089,0.116,159.924,
592,5.920,7.095,0.115,159.925,
593,5.930,7.107,0.118,159.925,
594,5.940,7.121,0.121,159.924,
595,5.950,7.136,0.125,159.923,
596,5.960,7.151,0.129,159.923,
597,5.970,7.165,0.132,159.923,
598,5.980,7.179,0.133,159.922,
599,5.990,7.194,0.131,159.922,
600,6.000,7.208,0.128,159.923,
601,6.010,7.221,0.126,159.923,
602,6.020,7.232,0.123,159.923,
603,6.030,7.217,0.122,159.923,
604,6.040,7.231,0.123,159.922,
605,6.050,7.244,0.122,159.922,
606,6.060,7.242,0.121,159.923,
607,6.070,7.239,0.121,159.923,
608,6.080,7.228,0.121,159.923,
609,6.090,7.219,0.121,159.923,
610,6.100,7.212,0.122,159.922,
611,6.110,7.208,0.122,159.922,
612,6.120,7.206,0.122,159.922,
613,6.130,7.206,0.119,159.921,
614,6.140,7.210,0.115,159.921,
615,6.150,7.219,0.111,159.921,
616,6.160,7.228,0.108,159.921,
617,6.170,7.238,0.108,159.921,
618,6.180,7.245,0.107,159.921,
619,6.190,7.248,0.106,159.921,
620,6.200,7.248,0.105,159.922,
621,6.210,7.249,0.102,159.922,
622,6.220,7.252,0.098,159.922,
623,6.230,7.257,0.093,159.923,
624,6.240,7.269,0.089,159.924,
625,6.250,7.274,0.086,159.926,
626,6.260,7.280,0.081,159.926,
627,6.270,7.288,0.077,159.927,
628,6.280,7.303,0.074,159.927,
629,6.290,7.314,0.070,159.928,
630,6.300,7.326,0.068,159.928,
631,6.310,7.338,0.067,159.929,
632,6.320,7.351,0.067,159.929,
633,6.330,7.361,0.065,159.930,
634,6.340,7.369,0.065,159.930,
635,6.350,7.376,0.063,159.930,
636,6.360,7.378,0.063,159.931,
637,6.370,7.377,0.062,159.932,
638,6.380,7.376,0.061,159.933,
639,6.390,7.374,0.061,159.933,
640,6.400,7.372,0.063,159.933,
641,6.410,7.372,0.061,159.933,
642,6.420,7.368,0.061,159.933,
643,6.430,7.362,0.062,159.934,
644,6.440,7.354,0.064,159.934,
645,6.450,7.345,0.067,159.935,
646,6.460,7.338,0.068,159.934,
647,6.470,7.334,0.069,159.934,
648,6.480,7.329,0.071,159.933,
649,6.490,7.329,0.071,159.933,
650,6.500,7.334,0.073,159.933,
651,6.510,7.341,0.072,159.933,
652,6.520,7.346,0.072,159.933,
653,6.530,7.351,0.071,159.933,
654,6.540,7.356,0.069,159.933,
655,6.550,7.359,0.069,159.934,
656,6.560,7.361,0.070,159.934,
657,6.570,7.364,0.072,159.934,
658,6.580,7.367,0.073,159.934,
659,6.590,7.370,0.075,159.934,
660,6.600,7.372,0.077,159.934,
661,6.610,7.373,0.079,159.934,
662,6.620,7.371,0.082,159.934,
663,6.630,7.365,0.085,159.934,
664,6.640,7.356,0.085,159.934,
665,6.650,7.348,0.087,159.936,
666,6.660,7.346,0.087,159.936,
667,6.670,7.351,0.088,159.937,
668,6.680,7.360,0.090,159.938,
669,6.690,7.370,0.091,159.938,
670,6.700,7.379,0.093,159.938,
671,6.710,7.384,0.097,159.938,
672,6.720,7.386,0.100,159.937,
673,6.730,7.379,0.105,159.936,
674,6.740,7.371,0.112,159.936,
675,6.750,7.365,0.117,159.935,
676,6.760,7.362,0.122,159.935,
677,6.770,7.363,0.124,159.934,
678,6.780,7.370,0.124,159.934,
679,6.790,7.379,0.126,159.934,
680,6.800,7.390,0.126,159.935,
681,6.810,7.401,0.127,159.935,
682,6.820,7.413,0.128,159.935,
683,6.830,7.424,0.128,159.935,
684,6.840,7.431,0.131,159.935,
685,6.850,7.437,0.133,159.936,
686,6.860,7.442,0.135,159.936,
687,6.870,7.447,0.136,159.935,
688,6.880,7.453,0.138,159.935,
689,6.890,7.458,0.139,159.935,
690,6.900,7.465,0.139,159.935,
691,6.910,7.471,0.139,159.935,
692,6.920,7.477,0.137,159.936,
693,6.930,7.485,0.133,159.937,
694,6.940,7.496,0.130,159.938,
695,6.950,7.509,0.127,159.938,
696,6.960,7.522,0.124,159.938,
697,6.970,7.537,0.118,159.938,
698,6.980,7.548,0.113,159.939,
699,6.990,7.553,0.107,159.940,
700,7.000,7.552,0.105,159.941,
701,7.010,7.545,0.106,159.942,
702,7.020,7.537,0.105,159.943,
703,7.030,7.531,0.103,159.943,
704,7.040,7.530,0.103,159.943,
705,7.050,7.528,0.103,159.944,
706,7.060,7.523,0.102,159.945,
707,7.070,7.512,0.104,159.945,
708,7.080,7.494,0.110,159.944,
709,7.090,7.469,0.118,159.943,
710,7.100,7.447,0.128,159.942,
711,7.110,7.431,0.138,159.941,
712,7.120,7.421,0.148,159.941,
713,7.130,7.417,0.155,159.941,
714,7.140,7.419,0.161,159.941,
715,7.150,7.426,0.163,159.941,
716,7.160,7.440,0.162,159.941,
717,7.170,7.455,0.158,159.942,
718,7.180,7.471,0.153,159.943,
719,7.190,7.491,0.148,159.942,
720,7.200,7.511,0.143,159.943,
721,7.210,7.533,0.138,159.943,
722,7.220,7.554,0.134,159.943,
723,7.230,7.573,0.129,159.943,
724,7.240,7.585,0.123,159.944,
725,7.250,7.590,0.115,159.944,
726,7.260,7.589,0.106,159.945,
727,7.270,7.586,0.099,159.946,
728,7.280,7.580,0.091,159.947,
729,7.290,7.569,0.087,159.949,
730,7.300,7.558,0.084,159.950,
731,7.310,7.548,0.082,159.951,
732,7.320,7.540,0.080,159.951,
733,7.330,7.534,0.081,159.951,
734,7.340,7.530,0.083,159.950,
735,7.350,7.525,0.084,159.950,
736,7.360,7.523,0.086,159.949,
737,7.370,7.522,0.089,159.948,
738,7.380,7.524,0.094,159.947,
739,7.390,7.530,0.098,159.946,
740,7.400,7.538,0.102,159.944,
741,7.410,7.546,0.109,159.944,
742,7.420,7.549,0.117,159.944,
743,7.430,7.550,0.124,159.944,
744,7.440,7.549,0.130,159.945,
745,7.450,7.546,0.135,159.946,
746,7.460,7.545,0.140,159.946,
747,7.470,7.543,0.147,159.947,
748,7.480,7.541,0.151,159.947,
749,7.490,7.536,0.153,159.948,
750,7.500,7.528,0.153,159.948,
751,7.510,7.520,0.151,159.949,
752,7.520,7.516,0.150,159.950,
753,7.530,7.517,0.148,159.951,
754,7.540,7.520,0.144,159.952,
755,7.550,7.528,0.138,159.952,
756,7.560,7.540,0.134,159.953,
757,7.570,7.556,0.130,159.953,
758,7.580,7.576,0.124,159.953,
759,7.590,7.599,0.119,159.953,
760,7.600,7.622,0.116,159.953,
761,7.610,7.637,0.115,159.953,
762,7.620,7.643,0.115,159.953,
763,7.630,7.640,0.114,159.953,
764,7.640,7.631,0.114,159.953,
765,7.650,7.622,0.114,159.953,
766,7.660,7.613,0.116,159.953,
767,7.670,7.604,0.118,159.953,
768,7.680,7.595,0.121,159.953,
769,7.690,7.588,0.125,159.953,
770,7.700,7.581,0.130,159.952,
771,7.710,7.578,0.134,159.952,
772,7.720,7.580,0.138,159.952,
773,7.730,7.584,0.143,159.953,
774,7.740,7.592,0.145,159.953,
775,7.750,7.599,0.145,159.953,
776,7.760,7.604,0.145,159.954,
777,7.770,7.603,0.145,159.955,
778,7.780,7.599,0.145,159.956,
779,7.790,7.592,0.144,159.956,
780,7.800,7.584,0.143,159.956,
781,7.810,7.581,0.143,159.957,
782,7.820,7.583,0.139,159.958,
783,7.830,7.584,0.135,159.958,
784,7.840,7.582,0.129,159.959,
785,7.850,7.573,0.124,159.959,
786,7.860,7.559,0.122,159.960,
787,7.870,7.545,0.119,159.960,
788,7.880,7.529,0.116,159.960,
789,7.890,7.511,0.114,159.961,
790,7.900,7.492,0.118,159.961,
791,7.910,7.471,0.120,159.961,
792,7.920,7.455,0.118,159.961,
793,7.930,7.438,0.117,159.961,
794,7.940,7.417,0.119,159.961,
795,7.950,7.376,0.118,159.962,
796,7.960,7.320,0.126,159.963,
797,7.970,7.232,0.132,159.965,
798,7.980,7.131,0.130,159.966,
799,7.990,7.030,0.125,159.967,
800,8.000,6.933,0.122,159.968,
801,8.010,6.829,0.119,159.970,
802,8.020,6.724,0.118,159.971,
803,8.030,6.618,0.115,159.972,
804,8.040,6.533,0.108,159.972,
805,8.050,6.482,0.100,159.974,
806,8.060,6.410,0.084,159.975,
807,8.070,6.323,0.086,159.978,
808,8.080,6.309,0.062,159.978,
809,8.090,6.243,0.035,159.984,
810,8.100,6.195,0.012,159.987,
811,8.110,6.138,0.000,159.992,
812,8.120,6.024,-0.002,160.000,
813,8.130,6.000,-0.002,160.004,
814,8.140,6.020,0.010,160.006,
815,8.150,6.031,0.035,160.006,
816,8.160,6.025,0.050,160.005,
817,8.170,6.002,0.058,160.006,
818,8.180,5.945,0.062,160.008,
819,8.190,5.794,0.071,160.013,
820,8.200,5.638,0.093,160.015,
821,8.210,5.465,0.134,160.013,
822,8.220,5.300,0.187,160.005,
823,8.230,5.178,0.237,159.995,
824,8.240,5.084,0.286,159.984,
825,8.250,4.973,0.337,159.971,
826,8.260,4.879,0.397,159.956,
827,8.270,4.800,0.475,159.938,
828,8.280,4.700,0.606,159.917,
829,8.290,4.548,0.701,159.891,
830,8.300,4.791,0.806,159.863,
831,8.310,4.853,0.891,159.832,
832,8.320,4.876,0.936,159.804,
833,8.330,5.099,0.864,159.778,
834,8.340,5.357,0.871,159.760,
835,8.350,5.376,0.929,159.737,
836,8.360,5.347,0.956,159.716,
837,8.370,5.401,0.944,159.694,
838,8.380,5.524,0.918,159.675,
839,8.390,5.649,0.885,159.657,
840,8.400,5.808,0.855,159.642,
841,8.410,5.828,0.821,159.631,
842,8.420,5.766,0.784,159.623,
843,8.430,5.657,0.739,159.618,
844,8.440,5.534,0.690,159.615,
845,8.450,5.422,0.610,159.612,
846,8.460,5.341,0.502,159.610,
847,8.470,5.250,0.392,159.611,
848,8.480,5.146,0.294,159.614,
849,8.490,5.026,0.209,159.618,
850,8.500,4.907,0.128,159.623,
851,8.510,4.760,0.053,159.630,
852,8.520,4.582,-0.022,159.637,
853,8.530,4.410,-0.097,159.644,
854,8.540,4.255,-0.166,159.650,
855,8.550,4.096,-0.230,159.656,
856,8.560,3.938,-0.291,159.662,
857,8.570,3.796,-0.348,159.668,
858,8.580,3.655,-0.408,159.672,
859,8.590,3.507,-0.490,159.676,
860,8.600,3.398,-0.550,159.680,
861,8.610,3.308,-0.601,159.683,
862,8.620,3.224,-0.636,159.688,
863,8.630,3.143,-0.658,159.695,
864,8.640,3.070,-0.676,159.704,
865,8.650,3.002,-0.691,159.711,
866,8.660,2.950,-0.712,159.714,
867,8.670,2.901,-0.735,159.713,
868,8.680,2.850,-0.761,159.711,
869,8.690,2.801,-0.766,159.709,
870,8.700,2.753,-0.741,159.705,
871,8.710,2.690,-0.698,159.697,
872,8.720,2.622,-0.658,159.687,
873,8.730,2.547,-0.637,159.678,
874,8.740,2.490,-0.635,159.671,
875,8.750,2.460,-0.642,159.664,
876,8.760,2.452,-0.647,159.661,
877,8.770,2.441,-0.644,159.657,
878,8.780,2.419,-0.634,159.655,
879,8.790,2.397,-0.627,159.653,
880,8.800,2.384,-0.634,159.652,
881,8.810,2.386,-0.650,159.650,
882,8.820,2.389,-0.667,159.648,
883,8.830,2.361,-0.679,159.645,
884,8.840,2.324,-0.681,159.639,
885,8.850,2.293,-0.674,159.634,
886,8.860,2.272,-0.676,159.630,
887,8.870,2.267,-0.691,159.627,
888,8.880,2.272,-0.705,159.625,
889,8.890,2.280,-0.719,159.622,
890,8.900,2.282,-0.732,159.617,
891,8.910,2.264,-0.741,159.613,
892,8.920,2.242,-0.762,159.611,
893,8.930,2.207,-0.830,159.613,
894,8.940,2.219,-0.877,159.620,
895,8.950,2.261,-0.920,159.628,
896,8.960,2.331,-0.945,159.633,
897,8.970,2.411,-0.973,159.638,
898,8.980,2.496,-0.985,159.643,
899,8.990,2.579,-0.973,159.651,
900,9.000,2.668,-0.949,159.658,
901,9.010,2.745,-0.928,159.663,
902,9.020,2.809,-0.907,159.667,
903,9.030,2.847,-0.895,159.670,
904,9.040,2.871,-0.889,159.671,
905,9.050,2.882,-0.877,159.669,
906,9.060,2.864,-0.845,159.665,
907,9.070,2.804,-0.797,159.660,
908,9.080,2.710,-0.752,159.657,
909,9.090,2.618,-0.726,159.657,
910,9.100,2.535,-0.714,159.659,
911,9.110,2.454,-0.703,159.660,
912,9.120,2.365,-0.684,159.661,
913,9.130,2.269,-0.655,159.663,
914,9.140,2.152,-0.619,159.663,
915,9.150,2.012,-0.591,159.663,
916,9.160,1.893,-0.591,159.664,
917,9.170,1.790,-0.615,159.669,
918,9.180,1.683,-0.650,159.676,
919,9.190,1.575,-0.695,159.684,
920,9.200,1.432,-0.722,159.692,
921,9.210,1.267,-0.732,159.699,
922,9.220,1.174,-0.738,159.705,
923,9.230,1.149,-0.745,159.708,
924,9.240,0.988,-0.752,159.711,
925,9.250,0.742,-0.754,159.714,
926,9.260,0.294,-0.758,159.720,
927,9.270,-0.399,-0.666,159.725,
928,9.280,-0.306,-0.662,159.717,
929,9.290,-0.032,-0.650,159.712,
930,9.300,0.381,-0.658,159.709,
931,9.310,0.900,-0.666,159.709,
932,9.320,1.541,-0.686,159.708,
933,9.330,2.188,-0.718,159.709,
934,9.340,2.834,-0.754,159.706,
935,9.350,3.476,-0.777,159.703,
936,9.360,4.147,-0.796,159.698,
937,9.370,4.832,-0.794,159.691,
938,9.380,5.479,-0.762,159.682,
939,9.390,6.146,-0.724,159.670,
940,9.400,6.865,-0.696,159.653,
941,9.410,7.623,-0.664,159.632,
942,9.420,8.102,-0.621,159.617,
943,9.430,8.406,-0.595,159.609,
944,9.440,8.592,-0.551,159.606,
945,9.450,8.704,-0.521,159.605,
946,9.460,8.774,-0.472,159.606,
947,9.470,8.873,-0.370,159.603,
948,9.480,8.960,-0.245,159.597,
949,9.490,9.036,-0.087,159.583,
950,9.500,9.159,0.093,159.567,
951,9.510,9.139,0.252,159.552,
952,9.520,9.017,0.405,159.534,
953,9.530,8.916,0.573,159.512,
954,9.540,8.907,0.750,159.483,
955,9.550,8.924,0.935,159.453,
956,9.560,8.934,1.108,159.423,
957,9.570,8.977,1.281,159.392,
958,9.580,9.127,1.443,159.356,
959,9.590,9.434,1.592,159.321,
960,9.600,9.830,1.726,159.284,
961,9.610,10.244,1.859,159.249,
962,9.620,10.672,1.978,159.214,
963,9.630,10.950,2.047,159.178,
964,9.640,10.922,2.076,159.154,
965,9.650,10.697,2.119,159.148,
966,9.660,10.548,2.186,159.154,
967,9.670,10.572,2.264,159.169,
968,9.680,10.559,2.328,159.185,
969,9.690,10.393,2.402,159.212,
970,9.700,10.262,2.477,159.242,
971,9.710,10.213,2.519,159.276,
972,9.720,10.218,2.516,159.311,
973,9.730,10.212,2.487,159.348,
974,9.740,10.208,2.424,159.389,
975,9.750,10.227,2.348,159.434,
976,9.760,10.253,2.249,159.482,
977,9.770,10.322,2.129,159.533,
978,9.780,10.412,1.989,159.588,
979,9.790,10.599,1.824,159.643,
980,9.800,10.886,1.654,159.696,
981,9.810,11.232,1.503,159.752,
982,9.820,11.582,1.344,159.811,
983,9.830,11.929,1.162,159.869,
984,9.840,12.256,0.962,159.927,
985,9.850,12.496,0.734,159.987,
986,9.860,12.617,0.473,160.042,
987,9.870,12.549,0.215,160.103,
988,9.880,12.519,0.008,160.171,
989,9.890,12.527,-0.173,160.227,
990,9.900,12.576,-0.365,160.283,
991,9.910,12.482,-0.545,160.338,
992,9.920,12.382,-0.708,160.397,
993,9.930,12.236,-0.886,160.451,
994,9.940,12.161,-1.047,160.500,
995,9.950,12.254,-1.206,160.543,
996,9.960,12.403,-1.343,160.575,
997,9.970,12.715,-1.468,160.598,
998,9.980,13.064,-1.585,160.612,
999,9.990,13.474,-1.664,160.623,
1000,10.000,13.850,-1.711,160.633,
1001,10.010,14.207,-1.750,160.639,
1002,10.020,14.554,-1.800,160.642,
1003,10.030,14.883,-1.846,160.641,
1004,10.040,15.352,-1.906,160.635,
1005,10.050,15.861,-1.970,160.624,
1006,10.060,16.484,-2.022,160.608,
1007,10.070,17.048,-2.075,160.590,
1008,10.080,17.554,-2.125,160.574,
1009,10.090,18.109,-2.172,160.555,
1010,10.100,18.746,-2.208,160.534,
1011,10.110,19.402,-2.247,160.510,
1012,10.120,20.080,-2.290,160.485,
1013,10.130,20.863,-2.333,160.460,
1014,10.140,21.715,-2.366,160.433,
1015,10.150,22.532,-2.382,160.407,
1016,10.160,23.242,-2.405,160.383,
1017,10.170,23.825,-2.422,160.363,
1018,10.180,24.301,-2.423,160.342,
1019,10.190,24.764,-2.389,160.321,
1020,10.200,25.266,-2.334,160.297,
1021,10.210,25.718,-2.273,160.271,
1022,10.220,26.303,-2.191,160.237,
1023,10.230,26.948,-2.106,160.200,
1024,10.240,27.463,-2.009,160.165,
1025,10.250,27.506,-1.976,160.146,
1026,10.260,27.901,-1.881,160.113,
1027,10.270,28.510,-1.809,160.073,
1028,10.280,29.086,-1.742,160.036,
1029,10.290,29.666,-1.687,159.999,
1030,10.300,30.308,-1.633,159.960,
1031,10.310,30.980,-1.577,159.920,
1032,10.320,31.658,-1.517,159.879,
1033,10.330,32.299,-1.439,159.835,
1034,10.340,32.880,-1.367,159.794,
1035,10.350,33.383,-1.300,159.755,
1036,10.360,33.838,-1.237,159.717,
1037,10.370,34.229,-1.187,159.685,
1038,10.380,34.548,-1.137,159.658,
1039,10.390,34.787,-1.080,159.633,
1040,10.400,34.902,-1.008,159.611,
1041,10.410,34.898,-0.929,159.589,
1042,10.420,34.941,-0.823,159.561,
1043,10.430,35.049,-0.712,159.527,
1044,10.440,35.241,-0.623,159.488,
1045,10.450,35.442,-0.547,159.450,
1046,10.460,35.557,-0.476,159.414,
1047,10.470,35.541,-0.420,159.385,
1048,10.480,35.528,-0.385,159.356,
1049,10.490,35.544,-0.348,159.326,
1050,10.500,35.408,-0.321,159.308,
1051,10.510,35.279,-0.302,159.289,
1052,10.520,35.493,-0.318,159.264,
1053,10.530,35.796,-0.345,159.243,
1054,10.540,36.052,-0.379,159.222,
1055,10.550,36.299,-0.411,159.204,
1056,10.560,36.618,-0.430,159.185,
1057,10.570,36.966,-0.438,159.167,
1058,10.580,37.338,-0.437,159.148,
1059,10.590,37.666,-0.435,159.135,
1060,10.600,37.884,-0.426,159.123,
1061,10.610,38.266,-0.438,159.101,
1062,10.620,38.593,-0.444,159.088,
1063,10.630,38.783,-0.467,159.082,
1064,10.640,38.941,-0.474,159.078,
1065,10.650,39.315,-0.501,159.069,
1066,10.660,39.758,-0.544,159.060,
1067,10.670,40.378,-0.608,159.048,
1068,10.680,41.105,-0.700,159.034,
1069,10.690,41.804,-0.822,159.024,
1070,10.700,42.320,-0.967,159.025,
1071,10.710,42.609,-1.133,159.035,
1072,10.720,42.748,-1.283,159.045,
1073,10.730,42.826,-1.444,159.052,
1074,10.740,42.903,-1.591,159.050,
1075,10.750,43.365,-1.691,159.032,
1076,10.760,44.175,-1.754,158.999,
1077,10.770,45.023,-1.849,158.975,
1078,10.780,45.945,-1.989,158.961,
1079,10.790,46.945,-2.177,158.960,
1080,10.800,48.025,-2.386,158.972,
1081,10.810,49.164,-2.603,159.002,
1082,10.820,50.326,-2.806,159.056,
1083,10.830,51.527,-2.986,159.134,
1084,10.840,52.700,-3.157,159.233,
1085,10.850,53.653,-3.304,159.364,
1086,10.860,54.352,-3.436,159.526,
1087,10.870,54.819,-3.551,159.726,
1088,10.880,55.184,-3.635,159.957,
1089,10.890,55.431,-3.697,160.225,
1090,10.900,55.613,-3.738,160.532,
1091,10.910,55.684,-3.783,160.883,
1092,10.920,55.729,-3.828,161.279,
1093,10.930,55.761,-3.888,161.717,
1094,10.940,55.850,-3.948,162.157,
1095,10.950,55.769,-4.004,162.613,
1096,10.960,55.658,-4.059,163.073,
1097,10.970,55.457,-4.087,163.546,
1098,10.980,55.253,-4.102,164.028,
1099,10.990,55.049,-4.114,164.520,
1100,11.000,54.870,-4.134,165.016,
1101,11.010,54.759,-4.169,165.514,
1102,11.020,54.660,-4.199,166.002,
1103,11.030,54.502,-4.188,166.480,
1104,11.040,54.381,-4.131,166.953,
1105,11.050,54.306,-4.034,167.412,
1106,11.060,54.251,-3.921,167.859,
1107,11.070,54.274,-3.814,168.293,
1108,11.080,54.344,-3.700,168.719,
1109,11.090,54.442,-3.566,169.139,
1110,11.100,54.463,-3.394,169.561,
1111,11.110,54.468,-3.208,169.989,
1112,11.120,54.497,-3.015,170.418,
1113,11.130,54.534,-2.818,170.853,
1114,11.140,54.603,-2.598,171.292,
1115,11.150,54.685,-2.346,171.741,
1116,11.160,54.744,-2.081,172.198,
1117,11.170,54.746,-1.812,172.662,
1118,11.180,54.677,-1.518,173.137,
1119,11.190,54.681,-1.227,173.614,
1120,11.200,54.705,-0.934,174.091,
1121,11.210,54.842,-0.649,174.567,
1122,11.220,55.050,-0.358,175.042,
1123,11.230,55.250,-0.055,175.524,
1124,11.240,55.413,0.264,176.019,
1125,11.250,55.562,0.615,176.528,
1126,11.260,55.713,1.001,177.048,
1127,11.270,55.957,1.420,177.569,
1128,11.280,56.396,1.818,178.096,
1129,11.290,56.714,2.224,178.641,
1130,11.300,57.017,2.621,179.179,
1131,11.310,57.260,2.997,179.744,
1132,11.320,57.430,3.397,-179.679,
1133,11.330,57.519,3.784,-179.085,
1134,11.340,57.665,4.216,-178.482,
1135,11.350,57.922,4.677,-177.875,
1136,11.360,58.431,5.139,-177.261,
1137,11.370,59.014,5.561,-176.651,
1138,11.380,59.699,6.013,-176.037,
1139,11.390,60.325,6.528,-175.416,
1140,11.400,60.869,7.138,-174.778,
1141,11.410,61.342,7.767,-174.121,
1142,11.420,61.739,8.389,-173.444,
1143,11.430,62.137,8.990,-172.759,
1144,11.440,62.556,9.557,-172.076,
1145,11.450,63.048,10.129,-171.396,
1146,11.460,63.557,10.746,-170.717,
1147,11.470,64.060,11.439,-170.032,
1148,11.480,64.630,12.168,-169.346,
1149,11.490,65.402,12.896,-168.667,
1150,11.500,66.474,13.626,-167.989,
1151,11.510,67.753,14.334,-167.308,
1152,11.520,69.185,15.040,-166.621,
1153,11.530,70.629,15.793,-165.923,
1154,11.540,71.994,16.623,-165.178,
1155,11.550,73.292,17.580,-164.389,
1156,11.560,74.469,18.783,-163.573,
1157,11.570,75.343,19.829,-162.702,
1158,11.580,75.958,20.804,-161.988,
1159,11.590,76.696,21.616,-161.222,
1160,11.600,77.035,22.498,-160.463,
1161,11.610,76.994,23.461,-159.765,
1162,11.620,76.643,24.427,-159.102,
1163,11.630,76.060,25.396,-158.488,
1164,11.640,75.242,26.389,-157.950,
1165,11.650,74.399,27.474,-157.529,
1166,11.660,73.713,28.568,-157.208,
1167,11.670,73.162,29.628,-156.977,
1168,11.680,72.660,30.637,-156.827,
1169,11.690,72.044,31.594,-156.756,
1170,11.700,71.255,32.511,-156.780,
1171,11.710,70.345,33.381,-156.884,
1172,11.720,69.366,34.225,-157.080,
1173,11.730,68.350,35.046,-157.398,
1174,11.740,67.362,35.797,-157.813,
1175,11.750,66.695,36.446,-158.200,
1176,11.760,66.009,37.043,-158.589,
1177,11.770,65.286,37.628,-159.032,
1178,11.780,64.548,38.198,-159.516,
1179,11.790,63.842,38.741,-160.044,
1180,11.800,63.269,39.273,-160.585,
1181,11.810,62.864,39.807,-161.084,
1182,11.820,62.554,40.391,-161.563,
1183,11.830,62.419,41.031,-161.993,
1184,11.840,62.456,41.697,-162.397,
1185,11.850,62.625,42.367,-162.740,
1186,11.860,62.873,43.052,-163.027,
1187,11.870,63.136,43.748,-163.287,
1188,11.880,63.343,44.458,-163.511,
1189,11.890,63.442,45.210,-163.711,
1190,11.900,63.516,45.999,-163.895,
1191,11.910,63.664,46.804,-164.097,
1192,11.920,63.912,47.584,-164.299,
1193,11.930,64.194,48.310,-164.481,
1194,11.940,64.449,48.994,-164.639,
1195,11.950,64.644,49.632,-164.806,
1196,11.960,64.748,50.240,-165.048,
1197,11.970,64.783,50.851,-165.319,
1198,11.980,64.721,51.412,-165.680,
1199,11.990,64.595,51.881,-166.100,
1200,12.000,64.449,52.286,-166.555,
1201,12.010,64.311,52.655,-167.035,
1202,12.020,64.211,52.972,-167.593,
1203,12.030,64.241,53.231,-168.156,
1204,12.040,64.322,53.425,-168.729,
1205,12.050,64.347,53.562,-169.410,
1206,12.060,64.257,53.646,-170.157,
1207,12.070,64.050,53.698,-170.898,
1208,12.080,63.769,53.729,-171.654,
1209,12.090,63.467,53.750,-172.394,
1210,12.100,63.164,53.811,-173.093,
1211,12.110,62.881,53.915,-173.778,
1212,12.120,62.603,54.016,-174.454,
1213,12.130,62.219,54.132,-175.125,
1214,12.140,61.763,54.292,-175.761,
1215,12.150,61.269,54.458,-176.402,
1216,12.160,60.738,54.663,-177.030,
1217,12.170,60.142,54.926,-177.666,
1218,12.180,59.529,55.186,-178.379,
1219,12.190,58.968,55.430,-179.074,
1220,12.200,58.419,55.681,-179.770,
1221,12.210,57.807,55.901,179.508,
1222,12.220,57.055,56.082,178.719,
1223,12.230,56.195,56.232,177.867,
1224,12.240,55.264,56.316,176.933,
1225,12.250,54.395,56.336,175.978,
1226,12.260,53.617,56.324,175.043,
1227,12.270,52.880,56.307,174.082,
1228,12.280,52.205,56.282,173.138,
1229,12.290,51.558,56.219,172.188,
1230,12.300,50.934,56.136,171.291,
1231,12.310,50.279,55.987,170.368,
1232,12.320,49.598,55.812,169.419,
1233,12.330,48.965,55.655,168.492,
1234,12.340,48.359,55.500,167.560,
1235,12.350,47.849,55.364,166.665,
1236,12.360,47.401,55.240,165.804,
1237,12.370,46.885,55.113,164.960,
1238,12.380,46.276,54.952,164.063,
1239,12.390,45.583,54.767,163.183,
1240,12.400,44.755,54.583,162.271,
1241,12.410,43.907,54.409,161.387,
1242,12.420,43.104,54.232,160.538,
1243,12.430,42.286,54.060,159.676,
1244,12.440,41.420,53.888,158.812,
1245,12.450,40.510,53.670,157.933,
1246,12.460,39.526,53.408,157.060,
1247,12.470,38.463,53.086,156.134,
1248,12.480,37.373,52.723,155.186,
1249,12.490,36.381,52.317,154.276,
1250,12.500,35.434,51.852,153.415,
1251,12.510,34.531,51.347,152.576,
1252,12.520,33.656,50.780,151.766,
1253,12.530,32.783,50.143,150.955,
1254,12.540,31.912,49.428,150.114,
1255,12.550,31.129,48.682,149.299,
1256,12.560,30.434,47.926,148.554,
1257,12.570,29.816,47.131,147.840,
1258,12.580,29.259,46.348,147.183,
1259,12.590,28.733,45.576,146.520,
1260,12.600,28.173,44.808,145.844,
1261,12.610,27.501,44.039,145.152,
1262,12.620,26.806,43.250,144.486,
1263,12.630,26.100,42.490,143.856,
1264,12.640,25.360,41.670,143.176,
1265,12.650,24.676,40.851,142.506,
1266,12.660,24.023,39.993,141.829,
1267,12.670,23.440,39.159,141.221,
1268,12.680,22.706,38.277,140.563,
1269,12.690,22.000,37.383,139.928,
1270,12.700,21.242,36.442,139.269,
1271,12.710,20.532,35.484,138.637,
1272,12.720,19.838,34.501,137.966,
1273,12.730,19.291,33.544,137.346,
1274,12.740,18.841,32.579,136.728,
1275,12.750,18.346,31.564,136.113,
1276,12.760,17.905,30.497,135.523,
1277,12.770,17.472,29.417,134.949,
1278,12.780,17.118,28.318,134.370,
1279,12.790,16.829,27.215,133.793,
1280,12.800,16.620,26.107,133.167,
1281,12.810,16.590,24.998,132.522,
1282,12.820,16.596,23.908,131.915,
1283,12.830,16.596,22.774,131.315,
1284,12.840,16.595,21.635,130.747,
1285,12.850,16.465,20.467,130.184,
1286,12.860,16.290,19.269,129.620,
1287,12.870,16.160,18.096,129.055,
1288,12.880,16.184,16.923,128.482,
1289,12.890,16.331,15.758,127.897,
1290,12.900,16.667,14.604,127.313,
1291,12.910,17.030,13.413,126.750,
1292,12.920,17.286,12.158,126.186,
1293,12.930,17.584,10.849,125.624,
1294,12.940,17.844,9.509,125.071,
1295,12.950,18.111,8.197,124.535,
1296,12.960,18.562,6.882,124.027,
1297,12.970,19.023,5.602,123.539,
1298,12.980,19.582,4.406,123.083,
1299,12.990,20.101,3.324,122.660,
1300,13.000,20.545,2.221,122.277,
1301,13.010,21.066,1.097,121.939,
1302,13.020,21.601,-0.059,121.652,
1303,13.030,22.136,-1.280,121.417,
1304,13.040,22.637,-2.560,121.240,
1305,13.050,23.161,-3.892,121.118,
1306,13.060,23.633,-5.284,121.055,
1307,13.070,24.132,-6.615,121.048,
1308,13.080,24.658,-7.803,121.091,
1309,13.090,25.090,-8.901,121.197,
1310,13.100,25.428,-9.966,121.362,
1311,13.110,25.828,-11.009,121.581,
1312,13.120,26.343,-12.043,121.839,
1313,13.130,26.983,-13.100,122.143,
1314,13.140,27.763,-14.159,122.464,
1315,13.150,28.520,-15.251,122.787,
1316,13.160,29.166,-16.370,123.113,
1317,13.170,29.576,-17.518,123.438,
1318,13.180,29.618,-18.652,123.788,
1319,13.190,29.448,-19.771,124.184,
1320,13.200,29.210,-20.847,124.616,
1321,13.210,28.966,-21.894,125.093,
1322,13.220,28.737,-22.940,125.605,
1323,13.230,28.460,-23.980,126.156,
1324,13.240,28.014,-25.027,126.744,
1325,13.250,27.355,-26.077,127.396,
1326,13.260,26.711,-27.178,128.136,
1327,13.270,26.259,-28.299,128.921,
1328,13.280,25.911,-29.442,129.753,
1329,13.290,25.610,-30.571,130.637,
1330,13.300,25.344,-31.673,131.579,
1331,13.310,25.126,-32.754,132.592,
1332,13.320,24.903,-33.820,133.666,
1333,13.330,24.629,-34.861,134.854,
1334,13.340,24.596,-35.898,135.963,
1335,13.350,24.561,-36.934,137.075,
1336,13.360,24.491,-37.986,138.156,
1337,13.370,24.292,-39.045,139.236,
1338,13.380,23.922,-40.098,140.338,
1339,13.390,23.400,-41.147,141.520,
1340,13.400,22.756,-42.193,142.799,
1341,13.410,22.243,-43.238,144.065,
1342,13.420,21.792,-44.273,145.380,
1343,13.430,21.445,-45.299,146.661,
1344,13.440,21.058,-46.319,147.965,
1345,13.450,20.559,-47.309,149.280,
1346,13.460,19.958,-48.260,150.648,
1347,13.470,19.287,-49.162,152.058,
1348,13.480,18.678,-50.025,153.512,
1349,13.490,18.131,-50.829,155.001,
1350,13.500,17.721,-51.582,156.516,
1351,13.510,17.297,-52.292,158.020,
1352,13.520,16.718,-52.957,159.508,
1353,13.530,15.919,-53.576,161.068,
1354,13.540,15.010,-54.162,162.670,
1355,13.550,14.065,-54.722,164.298,
1356,13.560,13.067,-55.213,165.949,
1357,13.570,12.135,-55.635,167.573,
1358,13.580,11.251,-55.964,169.185,
1359,13.590,10.462,-56.229,170.722,
1360,13.600,9.686,-56.445,172.202,
1361,13.610,8.934,-56.606,173.629,
1362,13.620,8.190,-56.722,175.014,
1363,13.630,7.420,-56.758,176.418,
1364,13.640,6.837,-56.751,177.743,
1365,13.650,6.407,-56.701,179.024,
1366,13.660,6.122,-56.638,-179.812,
1367,13.670,5.803,-56.547,-178.684,
1368,13.680,5.368,-56.421,-177.579,
1369,13.690,4.835,-56.230,-176.450,
1370,13.700,4.250,-55.979,-175.309,
1371,13.710,3.807,-55.683,-174.237,
1372,13.720,3.473,-55.354,-173.196,
1373,13.730,3.242,-55.028,-172.234,
1374,13.740,3.008,-54.674,-171.262,
1375,13.750,2.737,-54.300,-170.300,
1376,13.760,2.460,-53.901,-169.383,
1377,13.770,2.079,-53.427,-168.460,
1378,13.780,1.704,-52.911,-167.622,
1379,13.790,1.311,-52.305,-166.767,
1380,13.800,0.926,-51.703,-165.957,
1381,13.810,0.534,-51.077,-165.147,
1382,13.820,0.104,-50.434,-164.324,
1383,13.830,-0.361,-49.736,-163.491,
1384,13.840,-0.823,-48.989,-162.674,
1385,13.850,-1.258,-48.194,-161.906,
1386,13.860,-1.623,-47.365,-161.204,
1387,13.870,-1.930,-46.498,-160.545,
1388,13.880,-2.130,-45.618,-159.936,
1389,13.890,-2.218,-44.715,-159.382,
1390,13.900,-2.296,-43.743,-158.845,
1391,13.910,-2.346,-42.703,-158.328,
1392,13.920,-2.364,-41.574,-157.819,
1393,13.930,-2.262,-40.409,-157.361,
1394,13.940,-2.020,-39.236,-156.955,
1395,13.950,-1.669,-38.053,-156.569,
1396,13.960,-1.171,-36.884,-156.217,
1397,13.970,-0.613,-35.708,-155.879,
1398,13.980,-0.024,-34.491,-155.527,
1399,13.990,0.639,-33.270,-155.181,
1400,14.000,1.378,-32.039,-154.843,
1401,14.010,2.152,-30.813,-154.528,
1402,14.020,2.921,-29.569,-154.210,
1403,14.030,3.751,-28.303,-153.883,
1404,14.040,4.705,-27.027,-153.546,
1405,14.050,5.848,-25.755,-153.216,
1406,14.060,7.133,-24.471,-152.891,
1407,14.070,8.526,-23.143,-152.566,
1408,14.080,9.977,-21.758,-152.246,
1409,14.090,11.455,-20.339,-151.913,
1410,14.100,13.019,-18.925,-151.593,
1411,14.110,14.732,-17.545,-151.287,
1412,14.120,16.632,-16.183,-150.995,
1413,14.130,18.633,-14.805,-150.709,
1414,14.140,20.601,-13.418,-150.439,
1415,14.150,22.462,-12.053,-150.197,
1416,14.160,24.068,-10.685,-149.968,
1417,14.170,25.396,-9.314,-149.744,
1418,14.180,26.650,-7.934,-149.531,
1419,14.190,28.056,-6.558,-149.353,
1420,14.200,29.577,-5.185,-149.221,
1421,14.210,31.121,-3.791,-149.136,
1422,14.220,32.545,-2.384,-149.093,
1423,14.230,33.738,-0.960,-149.094,
1424,14.240,34.589,0.481,-149.134,
1425,14.250,34.978,1.938,-149.211,
1426,14.260,35.092,3.417,-149.342,
1427,14.270,35.334,4.923,-149.531,
1428,14.280,35.774,6.434,-149.773,
1429,14.290,36.282,7.955,-150.059,
1430,14.300,36.751,9.486,-150.383,
1431,14.310,37.116,11.025,-150.743,
1432,14.320,37.307,12.557,-151.141,
1433,14.330,37.261,14.078,-151.576,
1434,14.340,37.082,15.580,-152.062,
1435,14.350,37.012,17.044,-152.611,
1436,14.360,37.158,18.482,-153.200,
1437,14.370,37.403,19.911,-153.821,
1438,14.380,37.644,21.345,-154.469,
1439,14.390,37.770,22.765,-155.150,
1440,14.400,37.695,24.189,-155.872,
1441,14.410,37.363,25.605,-156.644,
1442,14.420,36.804,27.016,-157.475,
1443,14.430,36.082,28.416,-158.375,
1444,14.440,35.293,29.834,-159.348,
1445,14.450,34.541,31.271,-160.393,
1446,14.460,33.884,32.733,-161.500,
1447,14.470,33.464,34.168,-162.585,
1448,14.480,33.126,35.565,-163.573,
1449,14.490,32.628,36.951,-164.529,
1450,14.500,31.999,38.290,-165.488,
1451,14.510,31.294,39.613,-166.454,
1452,14.520,30.553,40.929,-167.455,
1453,14.530,29.900,42.250,-168.472,
1454,14.540,29.312,43.571,-169.470,
1455,14.550,28.813,44.909,-170.398,
1456,14.560,28.425,46.263,-171.291,
1457,14.570,28.142,47.636,-172.165,
1458,14.580,27.931,48.985,-173.024,
1459,14.590,27.752,50.284,-173.921,
1460,14.600,27.643,51.509,-174.804,
1461,14.610,27.461,52.666,-175.708,
1462,14.620,27.264,53.768,-176.602,
1463,14.630,26.992,54.792,-177.633,
1464,14.640,26.786,55.764,-178.718,
1465,14.650,26.537,56.677,-179.889,
1466,14.660,26.283,57.547,178.931,
1467,14.670,26.015,58.348,177.732,
1468,14.680,25.742,59.058,176.491,
1469,14.690,25.472,59.721,175.248,
1470,14.700,25.145,60.321,173.929,
1471,14.710,24.881,60.897,172.627,
1472,14.720,24.642,61.442,171.373,
1473,14.730,24.338,61.934,170.106,
1474,14.740,23.956,62.432,168.856,
1475,14.750,23.385,62.909,167.489,
1476,14.760,22.681,63.349,165.981,
1477,14.770,22.004,63.737,164.473,
1478,14.780,21.394,64.063,163.040,
1479,14.790,20.752,64.374,161.641,
1480,14.800,19.945,64.644,160.179,
1481,14.810,18.914,64.895,158.602,
1482,14.820,17.705,65.106,156.892,
1483,14.830,16.395,65.289,155.113,
1484,14.840,14.996,65.454,153.271,
1485,14.850,13.575,65.546,151.348,
1486,14.860,12.293,65.574,149.517,
1487,14.870,11.077,65.525,147.791,
1488,14.880,9.787,65.391,146.057,
1489,14.890,8.418,65.181,144.287,
1490,14.900,6.960,64.879,142.411,
1491,14.910,5.636,64.544,140.621,
1492,14.920,4.459,64.201,138.938,
1493,14.930,3.399,63.828,137.336,
1494,14.940,2.475,63.413,135.843,
1495,14.950,1.611,62.922,134.414,
1496,14.960,0.767,62.353,133.037,
1497,14.970,-0.044,61.724,131.709,
1498,14.980,-0.821,61.057,130.425,
1499,14.990,-1.597,60.363,129.156,
1500,15.000,-2.324,59.689,127.943,
1501,15.010,-2.980,58.979,126.785,
1502,15.020,-3.576,58.290,125.722,
1503,15.030,-4.129,57.546,124.725,
1504,15.040,-4.639,56.733,123.775,
1505,15.050,-5.062,55.849,122.882,
1506,15.060,-5.431,54.910,122.071,
1507,15.070,-5.773,53.903,121.313,
1508,15.080,-6.085,52.881,120.615,
1509,15.090,-6.336,51.836,119.962,
1510,15.100,-6.558,50.805,119.369,
1511,15.110,-6.776,49.742,118.812,
1512,15.120,-7.019,48.642,118.276,
1513,15.130,-7.231,47.492,117.764,
1514,15.140,-7.368,46.243,117.265,
1515,15.150,-7.433,44.899,116.787,
1516,15.160,-7.377,43.489,116.374,
1517,15.170,-7.184,42.012,116.011,
1518,15.180,-6.962,40.498,115.692,
1519,15.190,-6.735,38.971,115.409,
1520,15.200,-6.546,37.406,115.136,
1521,15.210,-6.344,35.783,114.862,
1522,15.220,-6.137,34.070,114.569,
1523,15.230,-5.881,32.259,114.268,
1524,15.240,-5.504,30.368,113.979,
1525,15.250,-5.014,28.381,113.710,
1526,15.260,-4.434,26.302,113.441,
1527,15.270,-3.723,24.139,113.173,
1528,15.280,-2.866,21.915,112.902,
1529,15.290,-1.774,19.676,112.645,
1530,15.300,-0.479,17.451,112.387,
1531,15.310,0.937,15.250,112.126,
1532,15.320,2.410,13.098,111.857,
1533,15.330,3.916,10.943,111.581,
1534,15.340,5.605,8.822,111.307,
1535,15.350,7.317,6.728,111.038,
1536,15.360,8.952,4.656,110.784,
1537,15.370,10.439,2.638,110.552,
1538,15.380,11.877,0.642,110.339,
1539,15.390,13.525,-1.360,110.157,
1540,15.400,15.226,-3.343,110.013,
1541,15.410,16.729,-5.333,109.917,
1542,15.420,17.973,-7.352,109.871,
1543,15.430,18.936,-9.373,109.880,
1544,15.440,19.840,-11.368,109.953,
1545,15.450,20.681,-13.337,110.097,
1546,15.460,21.529,-15.250,110.319,
1547,15.470,22.271,-17.157,110.627,
1548,15.480,22.808,-19.069,111.034,
1549,15.490,23.171,-20.950,111.527,
1550,15.500,23.567,-22.777,112.092,
1551,15.510,23.872,-24.550,112.750,
1552,15.520,24.076,-26.251,113.488,
1553,15.530,24.143,-27.870,114.342,
1554,15.540,24.236,-29.398,115.305,
1555,15.550,24.457,-30.853,116.355,
1556,15.560,24.671,-32.255,117.520,
1557,15.570,24.850,-33.608,118.773,
1558,15.580,24.919,-34.877,120.190,
1559,15.590,25.265,-36.059,121.586,
1560,15.600,25.599,-37.177,122.953,
1561,15.610,25.837,-38.294,124.288,
1562,15.620,25.785,-39.403,125.646,
1563,15.630,25.583,-40.484,126.996,
1564,15.640,25.255,-41.510,128.378,
1565,15.650,24.977,-42.545,129.728,
1566,15.660,24.598,-43.602,131.099,
1567,15.670,24.229,-44.627,132.443,
1568,15.680,23.955,-45.638,133.756,
1569,15.690,23.831,-46.631,135.040,
1570,15.700,23.773,-47.594,136.297,
1571,15.710,23.772,-48.515,137.518,
1572,15.720,23.693,-49.389,138.798,
1573,15.730,23.605,-50.237,140.111,
1574,15.740,23.391,-51.037,141.412,
1575,15.750,23.015,-51.767,142.794,
1576,15.760,22.455,-52.412,144.292,
1577,15.770,21.847,-52.993,145.810,
1578,15.780,21.191,-53.542,147.317,
1579,15.790,20.510,-54.020,148.864,
1580,15.800,19.890,-54.456,150.372,
1581,15.810,19.253,-54.839,151.925,
1582,15.820,18.555,-55.187,153.522,
1583,15.830,17.775,-55.500,155.106,
1584,15.840,16.930,-55.760,156.693,
1585,15.850,16.045,-55.968,158.317,
1586,15.860,15.206,-56.141,159.907,
1587,15.870,14.340,-56.268,161.522,
1588,15.880,13.407,-56.352,163.158,
1589,15.890,12.395,-56.376,164.808,
1590,15.900,11.377,-56.326,166.419,
1591,15.910,10.372,-56.202,167.996,
1592,15.920,9.462,-56.044,169.463,
1593,15.930,8.577,-55.820,170.929,
1594,15.940,7.767,-55.598,172.362,
1595,15.950,6.901,-55.362,173.830,
1596,15.960,6.020,-55.118,175.243,
1597,15.970,5.179,-54.843,176.604,
1598,15.980,4.393,-54.500,177.939,
1599,15.990,3.643,-54.112,179.272,
1600,16.000,2.929,-53.717,-179.442,
1601,16.010,2.190,-53.308,-178.148,
1602,16.020,1.494,-52.920,-176.881,
1603,16.030,0.920,-52.498,-175.628,
1604,16.040,0.477,-52.074,-174.439,
1605,16.050,0.067,-51.617,-173.264,
1606,16.060,-0.330,-51.180,-172.147,
1607,16.070,-0.791,-50.736,-171.027,
1608,16.080,-1.350,-50.311,-169.911,
1609,16.090,-2.007,-49.871,-168.751,
1610,16.100,-2.754,-49.416,-167.559,
1611,16.110,-3.555,-48.903,-166.353,
1612,16.120,-4.387,-48.321,-165.158,
1613,16.130,-5.114,-47.672,-164.005,
1614,16.140,-5.708,-46.996,-162.945,
1615,16.150,-6.185,-46.305,-161.941,
1616,16.160,-6.615,-45.582,-160.975,
1617,16.170,-7.024,-44.812,-160.037,
1618,16.180,-7.428,-44.000,-159.161,
1619,16.190,-7.783,-43.091,-158.327,
1620,16.200,-8.057,-42.098,-157.550,
1621,16.210,-8.196,-41.014,-156.827,
1622,16.220,-8.175,-39.874,-156.176,
1623,16.230,-7.952,-38.689,-155.593,
1624,16.240,-7.580,-37.457,-155.079,
1625,16.250,-7.050,-36.194,-154.628,
1626,16.260,-6.455,-34.854,-154.217,
1627,16.270,-5.759,-33.472,-153.844,
1628,16.280,-5.012,-32.066,-153.514,
1629,16.290,-4.183,-30.629,-153.209,
1630,16.300,-3.273,-29.154,-152.925,
1631,16.310,-2.200,-27.616,-152.648,
1632,16.320,-0.979,-26.026,-152.386,
1633,16.330,0.444,-24.397,-152.137,
1634,16.340,2.099,-22.777,-151.915,
1635,16.350,3.970,-21.169,-151.729,
1636,16.360,6.004,-19.571,-151.566,
1637,16.370,8.167,-17.994,-151.416,
1638,16.380,10.419,-16.465,-151.303,
1639,16.390,12.628,-14.954,-151.222,
1640,16.400,14.764,-13.416,-151.161,
1641,16.410,16.913,-11.864,-151.138,
1642,16.420,18.929,-10.302,-151.163,
1643,16.430,20.687,-8.717,-151.221,
1644,16.440,22.232,-7.134,-151.307,
1645,16.450,23.751,-5.553,-151.434,
1646,16.460,25.237,-3.982,-151.612,
1647,16.470,26.612,-2.378,-151.837,
1648,16.480,27.860,-0.697,-152.101,
1649,16.490,28.938,1.037,-152.397,
1650,16.500,29.770,2.814,-152.725,
1651,16.510,30.253,4.624,-153.091,
1652,16.520,30.594,6.448,-153.512,
1653,16.530,31.055,8.262,-153.998,
1654,16.540,31.697,10.050,-154.543,
1655,16.550,32.421,11.823,-155.133,
1656,16.560,33.085,13.592,-155.756,
1657,16.570,33.659,15.363,-156.397,
1658,16.580,34.030,17.134,-157.048,
1659,16.590,34.048,18.940,-157.726,
1660,16.600,33.793,20.752,-158.458,
1661,16.610,33.542,22.536,-159.265,
1662,16.620,33.525,24.258,-160.133,
1663,16.630,33.723,25.954,-161.037,
1664,16.640,33.914,27.634,-161.996,
1665,16.650,33.958,29.296,-163.026,
1666,16.660,33.807,30.940,-164.100,
1667,16.670,33.382,32.526,-165.246,
1668,16.680,32.723,34.101,-166.447,
1669,16.690,31.825,35.661,-167.758,
1670,16.700,30.909,37.189,-169.150,
1671,16.710,30.068,38.673,-170.490,
1672,16.720,29.123,40.152,-171.875,
1673,16.730,28.138,41.584,-173.313,
1674,16.740,27.186,42.995,-174.740,
1675,16.750,26.179,44.350,-176.202,
1676,16.760,25.095,45.659,-177.727,
1677,16.770,23.909,46.915,-179.286,
1678,16.780,22.710,48.099,179.147,
1679,16.790,21.659,49.274,177.661,
1680,16.800,20.699,50.433,176.130,
1681,16.810,19.845,51.629,174.550,
1682,16.820,18.976,52.797,172.868,
1683,16.830,18.131,53.879,171.135,
1684,16.840,17.450,54.899,169.536,
1685,16.850,16.676,55.784,167.907,
1686,16.860,15.920,56.604,166.281,
1687,16.870,15.187,57.396,164.620,
1688,16.880,14.488,58.209,162.972,
1689,16.890,13.705,59.014,161.282,
1690,16.900,12.815,59.786,159.510,
1691,16.910,11.988,60.447,157.699,
1692,16.920,11.234,61.051,155.936,
1693,16.930,10.256,61.566,154.081,
1694,16.940,9.091,62.029,152.102,
1695,16.950,7.932,62.467,150.096,
1696,16.960,6.888,62.886,148.139,
1697,16.970,5.840,63.337,146.240,
1698,16.980,4.602,63.719,144.167,
1699,16.990,3.391,64.034,142.050,
1700,17.000,2.221,64.287,139.975,
1701,17.010,1.082,64.476,137.937,
1702,17.020,-0.006,64.565,135.894,
1703,17.030,-1.036,64.609,133.851,
1704,17.040,-2.091,64.628,131.826,
1705,17.050,-3.230,64.638,129.815,
1706,17.060,-4.419,64.643,127.867,
1707,17.070,-5.726,64.605,125.879,
1708,17.080,-7.055,64.491,123.886,
1709,17.090,-8.337,64.309,121.945,
1710,17.100,-9.582,64.062,120.083,
1711,17.110,-10.753,63.719,118.306,
1712,17.120,-11.809,63.339,116.670,
1713,17.130,-12.859,62.915,115.104,
1714,17.140,-13.860,62.485,113.652,
1715,17.150,-14.892,62.041,112.255,
1716,17.160,-15.990,61.502,110.864,
1717,17.170,-17.121,60.851,109.455,
1718,17.180,-18.031,60.119,108.211,
1719,17.190,-18.710,59.367,107.166,
1720,17.200,-19.233,58.542,106.279,
1721,17.210,-19.584,57.646,105.550,
1722,17.220,-19.803,56.689,104.953,
1723,17.230,-19.842,55.629,104.462,
1724,17.240,-19.792,54.526,104.083,
1725,17.250,-19.727,53.352,103.784,
1726,17.260,-19.558,52.133,103.587,
1727,17.270,-19.345,50.834,103.430,
1728,17.280,-19.062,49.468,103.311,
1729,17.290,-18.722,48.054,103.234,
1730,17.300,-18.369,46.563,103.184,
1731,17.310,-17.952,45.007,103.171,
1732,17.320,-17.518,43.410,103.202,
1733,17.330,-17.052,41.758,103.274,
1734,17.340,-16.558,40.056,103.359,
1735,17.350,-16.000,38.328,103.469,
1736,17.360,-15.397,36.580,103.606,
1737,17.370,-14.759,34.818,103.759,
1738,17.380,-14.068,33.035,103.917,
1739,17.390,-13.271,31.234,104.095,
1740,17.400,-12.407,29.432,104.287,
1741,17.410,-11.466,27.608,104.492,
1742,17.420,-10.398,25.779,104.714,
1743,17.430,-9.176,23.952,104.970,
1744,17.440,-7.857,22.100,105.229,
1745,17.450,-6.503,20.237,105.515,
1746,17.460,-5.100,18.369,105.819,
1747,17.470,-3.651,16.504,106.145,
1748,17.480,-2.146,14.626,106.495,
1749,17.490,-0.606,12.741,106.863,
1750,17.500,0.998,10.857,107.258,
1751,17.510,2.689,8.949,107.678,
1752,17.520,4.390,7.043,108.129,
1753,17.530,6.047,5.091,108.601,
1754,17.540,7.464,3.125,109.088,
1755,17.550,8.791,1.145,109.597,
1756,17.560,10.053,-0.820,110.127,
1757,17.570,11.268,-2.788,110.683,
1758,17.580,12.441,-4.770,111.269,
1759,17.590,13.524,-6.776,111.895,
1760,17.600,14.601,-8.774,112.564,
1761,17.610,15.543,-10.755,113.280,
1762,17.620,16.341,-12.715,114.047,
1763,17.630,17.061,-14.642,114.848,
1764,17.640,17.706,-16.533,115.678,
1765,17.650,18.218,-18.402,116.551,
1766,17.660,18.585,-20.251,117.482,
1767,17.670,18.939,-22.083,118.472,
1768,17.680,19.254,-23.863,119.530,
1769,17.690,19.479,-25.601,120.656,
1770,17.700,19.506,-27.288,121.856,
1771,17.710,19.458,-28.899,123.136,
1772,17.720,19.328,-30.443,124.521,
1773,17.730,19.191,-31.934,125.997,
1774,17.740,18.958,-33.340,127.597,
1775,17.750,18.814,-34.647,129.299,
1776,17.760,19.035,-35.917,130.940,
1777,17.770,19.210,-37.136,132.558,
1778,17.780,19.261,-38.313,134.144,
1779,17.790,19.030,-39.476,135.742,
1780,17.800,18.518,-40.582,137.400,
1781,17.810,17.835,-41.650,139.086,
1782,17.820,17.058,-42.672,140.777,
1783,17.830,16.210,-43.671,142.453,
1784,17.840,15.357,-44.648,144.128,
1785,17.850,14.470,-45.571,145.854,
1786,17.860,13.584,-46.487,147.572,
1787,17.870,12.676,-47.313,149.299,
1788,17.880,11.789,-48.113,151.030,
1789,17.890,10.818,-48.815,152.797,
1790,17.900,9.843,-49.417,154.567,
1791,17.910,8.906,-49.941,156.307,
1792,17.920,8.037,-50.368,158.029,
1793,17.930,7.124,-50.767,159.734,
1794,17.940,6.213,-51.115,161.422,
1795,17.950,5.382,-51.416,163.121,
1796,17.960,4.662,-51.728,164.766,
1797,17.970,3.957,-51.998,166.423,
1798,17.980,3.263,-52.231,168.057,
1799,17.990,2.586,-52.381,169.713,
1800,18.000,1.978,-52.475,171.310,
1801,18.010,1.344,-52.519,172.873,
1802,18.020,0.662,-52.513,174.415,
1803,18.030,0.030,-52.451,175.944,
1804,18.040,-0.638,-52.348,177.495,
1805,18.050,-1.310,-52.219,179.023,
1806,18.060,-2.031,-52.049,-179.456,
1807,18.070,-2.761,-51.852,-177.989,
1808,18.080,-3.484,-51.578,-176.532,
1809,18.090,-4.182,-51.257,-175.121,
1810,18.100,-4.907,-50.841,-173.701,
1811,18.110,-5.700,-50.394,-172.318,
1812,18.120,-6.554,-49.869,-170.943,
1813,18.130,-7.414,-49.300,-169.592,
1814,18.140,-8.134,-48.675,-168.308,
1815,18.150,-8.769,-47.991,-167.064,
1816,18.160,-9.291,-47.282,-165.891,
1817,18.170,-9.765,-46.506,-164.749,
1818,18.180,-10.208,-45.691,-163.669,
1819,18.190,-10.570,-44.816,-162.659,
1820,18.200,-10.855,-43.861,-161.735,
1821,18.210,-11.051,-42.798,-160.860,
1822,18.220,-11.212,-41.664,-160.040,
1823,18.230,-11.289,-40.477,-159.261,
1824,18.240,-11.316,-39.295,-158.539,
1825,18.250,-11.292,-38.088,-157.847,
1826,18.260,-11.292,-36.833,-157.173,
1827,18.270,-11.232,-35.544,-156.557,
1828,18.280,-11.205,-34.180,-155.975,
1829,18.290,-11.210,-32.773,-155.439,
1830,18.300,-11.243,-31.279,-154.930,
1831,18.310,-11.239,-29.750,-154.456,
1832,18.320,-11.177,-28.205,-154.016,
1833,18.330,-11.049,-26.597,-153.598,
1834,18.340,-10.859,-24.943,-153.195,
1835,18.350,-10.553,-23.232,-152.816,
1836,18.360,-10.133,-21.464,-152.459,
1837,18.370,-9.619,-19.676,-152.129,
1838,18.380,-8.992,-17.898,-151.821,
1839,18.390,-8.194,-16.154,-151.533,
1840,18.400,-7.190,-14.387,-151.254,
1841,18.410,-5.938,-12.624,-150.986,
1842,18.420,-4.452,-10.888,-150.748,
1843,18.430,-2.813,-9.181,-150.538,
1844,18.440,-1.089,-7.494,-150.357,
1845,18.450,0.698,-5.838,-150.202,
1846,18.460,2.532,-4.233,-150.087,
1847,18.470,4.316,-2.680,-150.010,
1848,18.480,6.001,-1.161,-149.974,
1849,18.490,7.645,0.336,-149.983,
1850,18.500,9.307,1.803,-150.049,
1851,18.510,10.962,3.240,-150.181,
1852,18.520,12.569,4.645,-150.383,
1853,18.530,14.096,6.012,-150.659,
1854,18.540,15.507,7.387,-151.003,
1855,18.550,16.757,8.746,-151.406,
1856,18.560,17.819,10.093,-151.860,
1857,18.570,18.752,11.414,-152.362,
1858,18.580,19.734,12.711,-152.905,
1859,18.590,20.844,13.995,-153.485,
1860,18.600,21.992,15.296,-154.103,
1861,18.610,23.079,16.625,-154.755,
1862,18.620,24.040,17.977,-155.438,
1863,18.630,24.837,19.362,-156.147,
1864,18.640,25.422,20.778,-156.882,
1865,18.650,25.767,22.224,-157.640,
1866,18.660,25.881,23.703,-158.462,
1867,18.670,25.972,25.208,-159.361,
1868,18.680,26.160,26.722,-160.333,
1869,18.690,26.489,28.237,-161.370,
1870,18.700,26.918,29.764,-162.432,
1871,18.710,27.235,31.286,-163.548,
1872,18.720,27.316,32.827,-164.723,
1873,18.730,27.114,34.368,-165.989,
1874,18.740,26.718,35.879,-167.382,
1875,18.750,26.473,37.323,-168.807,
1876,18.760,26.334,38.691,-170.195,
1877,18.770,26.169,40.067,-171.561,
1878,18.780,25.866,41.456,-172.957,
1879,18.790,25.390,42.925,-174.374,
1880,18.800,24.723,44.407,-175.888,
1881,18.810,24.006,45.896,-177.409,
1882,18.820,23.222,47.310,-178.938,
1883,18.830,22.379,48.658,179.533,
1884,18.840,21.475,49.999,177.989,
1885,18.850,20.579,51.308,176.390,
1886,18.860,19.819,52.619,174.829,
1887,18.870,19.123,53.916,173.289,
1888,18.880,18.338,55.213,171.753,
1889,18.890,17.434,56.458,170.165,
1890,18.900,16.439,57.623,168.445,
1891,18.910,15.472,58.673,166.668,
1892,18.920,14.497,59.608,164.832,
1893,18.930,13.629,60.457,163.017,
1894,18.940,12.780,61.267,161.164,
1895,18.950,11.840,62.033,159.262,
1896,18.960,10.724,62.756,157.311,
1897,18.970,9.387,63.375,155.261,
1898,18.980,7.993,63.898,153.156,
1899,18.990,6.639,64.303,151.030,
1900,19.000,5.343,64.600,148.914,
1901,19.010,4.004,64.773,146.768,
1902,19.020,2.676,64.888,144.656,
1903,19.030,1.366,64.985,142.616,
1904,19.040,-0.057,65.047,140.546,
1905,19.050,-1.650,65.088,138.383,
1906,19.060,-3.313,65.063,136.162,
1907,19.070,-4.907,65.022,133.961,
1908,19.080,-6.461,64.924,131.780,
1909,19.090,-7.873,64.763,129.706,
1910,19.100,-9.240,64.613,127.733,
1911,19.110,-10.721,64.432,125.749,
1912,19.120,-12.341,64.230,123.701,
1913,19.130,-14.062,63.969,121.588,
1914,19.140,-15.807,63.656,119.433,
1915,19.150,-17.414,63.333,117.318,
1916,19.160,-18.795,62.974,115.297,
1917,19.170,-19.880,62.597,113.461,
1918,19.180,-20.819,62.210,111.767,
1919,19.190,-21.800,61.718,110.144,
1920,19.200,-22.840,61.152,108.608,
1921,19.210,-23.836,60.487,107.175,
1922,19.220,-24.704,59.729,105.862,
1923,19.230,-25.457,58.894,104.639,
1924,19.240,-26.057,58.029,103.541,
1925,19.250,-26.590,57.116,102.527,
1926,19.260,-26.993,56.154,101.616,
1927,19.270,-27.320,55.144,100.818,
1928,19.280,-27.540,54.078,100.143,
1929,19.290,-27.618,52.947,99.589,
1930,19.300,-27.562,51.748,99.147,
1931,19.310,-27.347,50.456,98.793,
1932,19.320,-26.983,49.108,98.531,
1933,19.330,-26.485,47.678,98.348,
1934,19.340,-25.924,46.158,98.227,
1935,19.350,-25.263,44.550,98.179,
1936,19.360,-24.466,42.882,98.190,
1937,19.370,-23.478,41.188,98.276,
1938,19.380,-22.395,39.467,98.401,
1939,19.390,-21.337,37.707,98.541,
1940,19.400,-20.268,35.903,98.694,
1941,19.410,-19.090,34.097,98.881,
1942,19.420,-17.795,32.285,99.099,
1943,19.430,-16.396,30.451,99.336,
1944,19.440,-14.876,28.590,99.601,
1945,19.450,-13.193,26.715,99.901,
1946,19.460,-11.347,24.818,100.227,
1947,19.470,-9.415,22.879,100.582,
1948,19.480,-7.500,20.918,100.964,
1949,19.490,-5.648,18.900,101.368,
1950,19.500,-3.747,16.869,101.800,
1951,19.510,-1.807,14.811,102.260,
1952,19.520,0.043,12.741,102.752,
1953,19.530,1.841,10.658,103.269,
1954,19.540,3.524,8.552,103.810,
1955,19.550,5.167,6.372,104.370,
1956,19.560,6.664,4.141,104.938,
1957,19.570,8.107,1.873,105.526,
1958,19.580,9.483,-0.429,106.134,
1959,19.590,10.672,-2.735,106.762,
1960,19.600,11.644,-5.045,107.416,
1961,19.610,12.445,-7.367,108.099,
1962,19.620,13.129,-9.700,108.817,
1963,19.630,13.741,-12.046,109.578,
1964,19.640,14.273,-14.379,110.389,
1965,19.650,14.724,-16.717,111.237,
1966,19.660,15.050,-19.081,112.117,
1967,19.670,15.192,-21.455,113.061,
1968,19.680,15.325,-23.807,114.072,
1969,19.690,15.506,-26.087,115.163,
1970,19.700,15.714,-28.284,116.353,
1971,19.710,15.942,-30.416,117.640,
1972,19.720,16.192,-32.442,119.025,
1973,19.730,16.284,-34.385,120.526,
1974,19.740,16.503,-36.200,122.081,
1975,19.750,16.800,-37.927,123.616,
1976,19.760,17.061,-39.507,125.176,
1977,19.770,17.315,-41.000,126.746,
1978,19.780,17.431,-42.435,128.364,
1979,19.790,17.465,-43.754,130.004,
1980,19.800,17.301,-45.018,131.603,
1981,19.810,16.914,-46.179,133.184,
1982,19.820,16.349,-47.241,134.816,
1983,19.830,15.767,-48.189,136.477,
1984,19.840,15.236,-49.055,138.158,
1985,19.850,14.757,-49.863,139.825,
1986,19.860,14.281,-50.621,141.487,
1987,19.870,13.736,-51.319,143.167,
1988,19.880,13.048,-51.926,144.845,
1989,19.890,12.184,-52.442,146.549,
1990,19.900,11.253,-52.896,148.252,
1991,19.910,10.283,-53.261,150.014,
1992,19.920,9.351,-53.591,151.749,
1993,19.930,8.480,-53.859,153.473,
1994,19.940,7.516,-54.053,155.276,
1995,19.950,6.536,-54.199,157.090,
1996,19.960,5.464,-54.266,158.946,
1997,19.970,4.363,-54.250,160.774,
1998,19.980,3.250,-54.199,162.531,
1999,19.990,2.115,-54.068,164.261,
2000,20.000,0.985,-53.884,165.999,
2001,20.010,-0.125,-53.671,167.724,
2002,20.020,-1.167,-53.412,169.429,
2003,20.030,-2.242,-53.102,171.138,
2004,20.040,-3.278,-52.749,172.815,
2005,20.050,-4.279,-52.362,174.418,
2006,20.060,-5.221,-51.917,175.945,
2007,20.070,-6.120,-51.426,177.426,
2008,20.080,-6.936,-50.902,178.857,
2009,20.090,-7.691,-50.351,-179.728,
2010,20.100,-8.444,-49.785,-178.333,
2011,20.110,-9.154,-49.204,-176.983,
2012,20.120,-9.861,-48.580,-175.647,
2013,20.130,-10.517,-47.908,-174.350,
2014,20.140,-10.967,-47.144,-173.073,
2015,20.150,-11.333,-46.430,-171.898,
2016,20.160,-11.677,-45.603,-170.774,
2017,20.170,-12.095,-44.763,-169.681,
2018,20.180,-12.432,-43.828,-168.634,
2019,20.190,-12.747,-42.861,-167.636,
2020,20.200,-12.990,-41.866,-166.695,
2021,20.210,-13.164,-40.803,-165.807,
2022,20.220,-13.296,-39.696,-164.984,
2023,20.230,-13.428,-38.499,-164.192,
2024,20.240,-13.478,-37.246,-163.458,
2025,20.250,-13.519,-35.921,-162.766,
2026,20.260,-13.478,-34.538,-162.138,
2027,20.270,-13.363,-33.100,-161.556,
2028,20.280,-13.174,-31.595,-161.021,
2029,20.290,-12.882,-30.023,-160.531,
2030,20.300,-12.517,-28.392,-160.083,
2031,20.310,-12.047,-26.703,-159.682,
2032,20.320,-11.471,-24.972,-159.309,
2033,20.330,-10.726,-23.210,-158.977,
2034,20.340,-9.803,-21.409,-158.672,
2035,20.350,-8.678,-19.608,-158.403,
2036,20.360,-7.298,-17.818,-158.162,
2037,20.370,-5.773,-16.041,-157.939,
2038,20.380,-4.131,-14.260,-157.733,
2039,20.390,-2.330,-12.512,-157.548,
2040,20.400,-0.425,-10.795,-157.391,
2041,20.410,1.480,-9.096,-157.251,
2042,20.420,3.435,-7.421,-157.130,
2043,20.430,5.456,-5.770,-157.031,
2044,20.440,7.517,-4.145,-156.962,
2045,20.450,9.553,-2.537,-156.924,
2046,20.460,11.503,-0.945,-156.921,
2047,20.470,13.396,0.654,-156.954,
2048,20.480,15.102,2.248,-157.028,
2049,20.490,16.588,3.857,-157.143,
2050,20.500,17.740,5.481,-157.304,
2051,20.510,18.615,7.172,-157.515,
2052,20.520,19.520,8.873,-157.778,
2053,20.530,20.555,10.579,-158.095,
2054,20.540,21.685,12.288,-158.454,
2055,20.550,22.763,13.991,-158.850,
2056,20.560,23.734,15.689,-159.285,
2057,20.570,24.593,17.366,-159.760,
2058,20.580,25.327,19.039,-160.248,
2059,20.590,25.806,20.727,-160.763,
2060,20.600,26.032,22.452,-161.321,
2061,20.610,26.114,24.194,-161.945,
2062,20.620,26.236,25.924,-162.646,
2063,20.630,26.489,27.624,-163.405,
2064,20.640,26.809,29.295,-164.229,
2065,20.650,27.135,30.945,-165.128,
2066,20.660,27.393,32.588,-166.120,
2067,20.670,27.594,34.204,-167.206,
2068,20.680,27.706,35.815,-168.391,
2069,20.690,27.686,37.396,-169.670,
2070,20.700,27.514,38.950,-171.040,
2071,20.710,27.189,40.464,-172.563,
2072,20.720,27.119,41.867,-174.107,
2073,20.730,27.109,43.202,-175.607,
2074,20.740,26.955,44.534,-177.073,
2075,20.750,26.531,45.859,-178.564,
2076,20.760,25.758,47.184,179.887,
2077,20.770,24.814,48.496,178.324,
2078,20.780,23.786,49.828,176.769,
2079,20.790,22.603,51.088,175.114,
2080,20.800,21.429,52.271,173.399,
2081,20.810,20.292,53.395,171.629,
2082,20.820,19.289,54.441,169.884,
2083,20.830,18.356,55.441,168.137,
2084,20.840,17.396,56.418,166.403,
2085,20.850,16.199,57.334,164.603,
2086,20.860,14.866,58.196,162.776,
2087,20.870,13.472,58.988,160.859,
2088,20.880,12.149,59.681,158.888,
2089,20.890,10.892,60.299,156.868,
2090,20.900,9.722,60.816,154.845,
2091,20.910,8.553,61.288,152.841,
2092,20.920,7.346,61.734,150.918,
2093,20.930,5.970,62.137,148.918,
2094,20.940,4.442,62.481,146.815,
2095,20.950,2.856,62.763,144.648,
2096,20.960,1.227,63.030,142.481,
2097,20.970,-0.435,63.197,140.281,
2098,20.980,-2.028,63.267,138.088,
2099,20.990,-3.449,63.319,136.018,
2100,21.000,-4.844,63.326,133.986,
2101,21.010,-6.336,63.333,131.934,
2102,21.020,-7.917,63.271,129.839,
2103,21.030,-9.396,63.187,127.773,
2104,21.040,-10.937,63.120,125.724,
2105,21.050,-12.499,62.995,123.678,
2106,21.060,-14.069,62.871,121.647,
2107,21.070,-15.592,62.686,119.676,
2108,21.080,-17.152,62.455,117.703,
2109,21.090,-18.796,62.157,115.699,
2110,21.100,-20.319,61.806,113.762,
2111,21.110,-21.826,61.422,111.811,
2112,21.120,-23.252,60.930,109.864,
2113,21.130,-24.406,60.437,108.049,
2114,21.140,-25.429,59.967,106.350,
2115,21.150,-26.409,59.416,104.750,
2116,21.160,-27.442,58.797,103.185,
2117,21.170,-28.347,58.073,101.728,
2118,21.180,-29.046,57.306,100.407,
2119,21.190,-29.554,56.494,99.231,
2120,21.200,-29.866,55.607,98.221,
2121,21.210,-30.070,54.645,97.337,
2122,21.220,-30.037,53.608,96.612,
2123,21.230,-29.772,52.523,96.049,
2124,21.240,-29.365,51.376,95.615,
2125,21.250,-28.847,50.162,95.324,
2126,21.260,-28.323,48.861,95.110,
2127,21.270,-27.660,47.478,94.997,
2128,21.280,-26.877,46.030,94.951,
2129,21.290,-26.026,44.513,94.981,
2130,21.300,-25.149,42.945,95.075,
2131,21.310,-24.218,41.346,95.248,
2132,21.320,-23.264,39.698,95.476,
2133,21.330,-22.307,37.989,95.728,
2134,21.340,-21.286,36.234,96.009,
2135,21.350,-20.137,34.436,96.319,
2136,21.360,-18.822,32.595,96.656,
2137,21.370,-17.322,30.705,97.008,
2138,21.380,-15.568,28.789,97.389,
2139,21.390,-13.675,26.845,97.789,
2140,21.400,-11.723,24.886,98.208,
2141,21.410,-9.744,22.918,98.642,
2142,21.420,-7.852,20.926,99.090,
2143,21.430,-5.989,18.931,99.547,
2144,21.440,-4.094,16.934,100.004,
2145,21.450,-2.163,14.916,100.471,
2146,21.460,-0.152,12.888,100.954,
2147,21.470,1.834,10.867,101.464,
2148,21.480,3.741,8.830,102.007,
2149,21.490,5.570,6.762,102.582,
2150,21.500,7.325,4.629,103.174,
2151,21.510,9.013,2.440,103.777,
2152,21.520,10.583,0.238,104.399,
2153,21.530,11.970,-1.977,105.044,
2154,21.540,13.165,-4.184,105.720,
2155,21.550,14.208,-6.385,106.435,
2156,21.560,15.212,-8.550,107.186,
2157,21.570,16.043,-10.712,107.971,
2158,21.580,16.692,-12.867,108.791,
2159,21.590,17.296,-15.013,109.623,
2160,21.600,17.707,-17.172,110.494,
2161,21.610,17.938,-19.315,111.419,
2162,21.620,18.149,-21.435,112.390,
2163,21.630,18.313,-23.521,113.425,
2164,21.640,18.468,-25.573,114.511,
2165,21.650,18.520,-27.597,115.652,
2166,21.660,18.350,-29.573,116.910,
2167,21.670,18.147,-31.512,118.251,
2168,21.680,17.820,-33.370,119.693,
2169,21.690,17.525,-35.075,121.255,
2170,21.700,17.725,-36.673,122.745,
2171,21.710,17.967,-38.234,124.211,
2172,21.720,17.994,-39.762,125.698,
2173,21.730,17.861,-41.232,127.235,
2174,21.740,17.731,-42.593,128.828,
2175,21.750,17.687,-43.881,130.404,
2176,21.760,17.643,-45.108,131.929,
2177,21.770,17.445,-46.274,133.435,
2178,21.780,17.111,-47.398,134.959,
2179,21.790,16.713,-48.437,136.552,
2180,21.800,16.391,-49.418,138.133,
2181,21.810,16.009,-50.342,139.735,
2182,21.820,15.475,-51.199,141.403,
2183,21.830,14.793,-51.974,143.093,
2184,21.840,14.044,-52.656,144.793,
2185,21.850,13.248,-53.263,146.462,
2186,21.860,12.279,-53.760,148.196,
2187,21.870,11.188,-54.182,150.001,
2188,21.880,10.006,-54.518,151.886,
2189,21.890,8.801,-54.781,153.817,
2190,21.900,7.577,-54.988,155.763,
2191,21.910,6.263,-55.137,157.702,
2192,21.920,4.973,-55.236,159.602,
2193,21.930,3.696,-55.254,161.473,
2194,21.940,2.537,-55.198,163.282,
2195,21.950,1.454,-55.098,165.043,
2196,21.960,0.445,-54.960,166.777,
2197,21.970,-0.654,-54.781,168.561,
2198,21.980,-1.756,-54.570,170.343,
2199,21.990,-2.819,-54.289,172.119,
2200,22.000,-3.795,-54.001,173.796,
2201,22.010,-4.740,-53.679,175.403,
2202,22.020,-5.643,-53.368,176.961,
2203,22.030,-6.466,-53.033,178.511,
2204,22.040,-7.267,-52.718,-179.968,
2205,22.050,-8.046,-52.397,-178.479,
2206,22.060,-8.950,-52.065,-177.003,
2207,22.070,-9.857,-51.657,-175.551,
2208,22.080,-10.787,-51.284,-174.151,
2209,22.090,-11.695,-50.791,-172.816,
2210,22.100,-12.501,-50.249,-171.541,
2211,22.110,-13.197,-49.602,-170.320,
2212,22.120,-13.759,-48.880,-169.180,
2213,22.130,-14.369,-48.058,-168.054,
2214,22.140,-14.914,-47.164,-167.021,
2215,22.150,-15.458,-46.232,-166.030,
2216,22.160,-15.957,-45.287,-165.089,
2217,22.170,-16.317,-44.305,-164.206,
2218,22.180,-16.639,-43.309,-163.384,
2219,22.190,-16.906,-42.245,-162.602,
2220,22.200,-17.088,-41.132,-161.896,
2221,22.210,-17.138,-39.968,-161.269,
2222,22.220,-17.128,-38.738,-160.710,
2223,22.230,-17.093,-37.430,-160.204,
2224,22.240,-17.068,-36.053,-159.744,
2225,22.250,-16.945,-34.613,-159.342,
2226,22.260,-16.699,-33.119,-158.993,
2227,22.270,-16.279,-31.569,-158.693,
2228,22.280,-15.685,-29.973,-158.439,
2229,22.290,-14.933,-28.311,-158.231,
2230,22.300,-14.005,-26.631,-158.060,
2231,22.310,-12.903,-24.979,-157.941,
2232,22.320,-11.663,-23.293,-157.847,
2233,22.330,-10.349,-21.581,-157.765,
2234,22.340,-8.831,-19.864,-157.706,
2235,22.350,-7.157,-18.158,-157.669,
2236,22.360,-5.331,-16.449,-157.663,
2237,22.370,-3.359,-14.734,-157.674,
2238,22.380,-1.229,-13.029,-157.716,
2239,22.390,1.013,-11.336,-157.788,
2240,22.400,3.271,-9.666,-157.889,
2241,22.410,5.485,-8.017,-158.022,
2242,22.420,7.497,-6.374,-158.182,
2243,22.430,9.330,-4.721,-158.367,
2244,22.440,11.171,-3.079,-158.590,
2245,22.450,13.078,-1.422,-158.850,
2246,22.460,14.914,0.268,-159.149,
2247,22.470,16.651,2.009,-159.475,
2248,22.480,18.253,3.764,-159.829,
2249,22.490,19.659,5.544,-160.204,
2250,22.500,20.771,7.342,-160.598,
2251,22.510,21.559,9.150,-161.019,
2252,22.520,22.152,10.959,-161.474,
2253,22.530,22.712,12.762,-161.976,
2254,22.540,23.405,14.557,-162.520,
2255,22.550,24.213,16.345,-163.089,
2256,22.560,25.037,18.128,-163.666,
2257,22.570,25.769,19.928,-164.250,
2258,22.580,26.320,21.761,-164.858,
2259,22.590,26.710,23.606,-165.498,
2260,22.600,26.925,25.472,-166.169,
2261,22.610,26.965,27.315,-166.898,
2262,22.620,26.893,29.137,-167.678,
2263,22.630,26.718,30.918,-168.537,
2264,22.640,26.506,32.658,-169.497,
2265,22.650,26.298,34.346,-170.540,
2266,22.660,26.092,35.971,-171.682,
2267,22.670,25.823,37.576,-172.918,
2268,22.680,25.501,39.145,-174.224,
2269,22.690,25.004,40.717,-175.628,
2270,22.700,24.493,42.193,-177.124,
2271,22.710,24.070,43.613,-178.594,
2272,22.720,23.542,44.983,179.894,
2273,22.730,22.904,46.270,178.310,
2274,22.740,22.072,47.544,176.720,
2275,22.750,20.977,48.785,175.052,
2276,22.760,19.787,49.980,173.350,
2277,22.770,18.580,51.100,171.612,
2278,22.780,17.357,52.117,169.771,
2279,22.790,16.240,53.086,167.947,
2280,22.800,15.215,53.979,166.140,
2281,22.810,14.283,54.807,164.317,
2282,22.820,13.429,55.606,162.504,
2283,22.830,12.653,56.347,160.740,
2284,22.840,11.820,57.100,159.021,
2285,22.850,10.871,57.787,157.306,
2286,22.860,9.829,58.417,155.546,
2287,22.870,8.816,58.988,153.770,
2288,22.880,7.879,59.480,151.985,
2289,22.890,6.986,59.935,150.218,
2290,22.900,6.057,60.327,148.437,
2291,22.910,5.139,60.679,146.644,
2292,22.920,4.129,61.055,144.863,
2293,22.930,2.996,61.362,143.038,
2294,22.940,1.698,61.681,141.183,
2295,22.950,0.213,61.909,139.220,
2296,22.960,-1.318,62.108,137.223,
2297,22.970,-2.827,62.202,135.097,
2298,22.980,-4.276,62.290,133.045,
2299,22.990,-5.855,62.360,130.956,
2300,23.000,-7.490,62.424,128.889,
2301,23.010,-9.179,62.470,126.823,
2302,23.020,-10.970,62.494,124.729,
2303,23.030,-12.902,62.454,122.540,
2304,23.040,-14.785,62.348,120.371,
2305,23.050,-16.599,62.188,118.232,
2306,23.060,-18.275,61.991,116.188,
2307,23.070,-19.897,61.704,114.176,
2308,23.080,-21.452,61.429,112.237,
2309,23.090,-23.073,61.064,110.329,
2310,23.100,-24.712,60.638,108.469,
2311,23.110,-26.297,60.152,106.652,
2312,23.120,-27.663,59.609,104.963,
2313,23.130,-28.873,59.020,103.359,
2314,23.140,-29.963,58.376,101.861,
2315,23.150,-30.938,57.673,100.456,
2316,23.160,-31.839,56.915,99.146,
2317,23.170,-32.631,56.095,97.976,
2318,23.180,-33.323,55.203,96.906,
2319,23.190,-33.849,54.256,95.968,
2320,23.200,-34.225,53.280,95.140,
2321,23.210,-34.514,52.243,94.399,
2322,23.220,-34.705,51.173,93.749,
2323,23.230,-34.797,50.032,93.193,
2324,23.240,-34.809,48.855,92.739,
2325,23.250,-34.679,47.611,92.399,
2326,23.260,-34.368,46.321,92.171,
2327,23.270,-33.928,44.934,92.030,
2328,23.280,-33.341,43.438,91.974,
2329,23.290,-32.647,41.864,91.993,
2330,23.300,-31.820,40.188,92.088,
2331,23.310,-30.872,38.429,92.242,
2332,23.320,-29.796,36.615,92.454,
2333,23.330,-28.588,34.762,92.724,
2334,23.340,-27.286,32.872,93.033,
2335,23.350,-25.944,30.935,93.365,
2336,23.360,-24.529,28.950,93.714,
2337,23.370,-23.071,26.935,94.067,
2338,23.380,-21.426,24.926,94.438,
2339,23.390,-19.756,22.889,94.811,
2340,23.400,-18.011,20.853,95.199,
2341,23.410,-16.230,18.819,95.585,
2342,23.420,-14.412,16.759,95.964,
2343,23.430,-12.516,14.698,96.355,
2344,23.440,-10.663,12.641,96.760,
2345,23.450,-8.843,10.569,97.179,
2346,23.460,-7.022,8.490,97.616,
2347,23.470,-5.251,6.398,98.074,
2348,23.480,-3.459,4.298,98.550,
2349,23.490,-1.700,2.130,99.038,
2350,23.500,-0.047,-0.062,99.532,
2351,23.510,1.598,-2.273,100.044,
2352,23.520,3.170,-4.498,100.575,
2353,23.530,4.647,-6.723,101.133,
2354,23.540,5.932,-8.949,101.730,
2355,23.550,7.058,-11.166,102.376,
2356,23.560,8.172,-13.376,103.074,
2357,23.570,9.249,-15.551,103.811,
2358,23.580,10.240,-17.718,104.599,
2359,23.590,11.094,-19.867,105.452,
2360,23.600,11.819,-22.002,106.365,
2361,23.610,12.419,-24.090,107.362,
2362,23.620,12.974,-26.113,108.436,
2363,23.630,13.510,-28.071,109.587,
2364,23.640,13.898,-29.973,110.852,
2365,23.650,14.135,-31.819,112.227,
2366,23.660,14.348,-33.568,113.740,
2367,23.670,15.037,-35.167,115.247,
2368,23.680,15.983,-36.711,116.696,
2369,23.690,16.829,-38.254,118.125,
2370,23.700,17.412,-39.752,119.559,
2371,23.710,17.766,-41.223,120.983,
2372,23.720,17.824,-42.638,122.480,
2373,23.730,17.684,-44.020,123.938,
2374,23.740,17.198,-45.317,125.395,
2375,23.750,16.550,-46.463,126.954,
2376,23.760,15.936,-47.530,128.541,
2377,23.770,15.454,-48.446,130.144,
2378,23.780,15.073,-49.316,131.731,
2379,23.790,14.595,-50.136,133.332,
2380,23.800,13.926,-50.894,134.990,
2381,23.810,13.147,-51.583,136.646,
2382,23.820,12.206,-52.206,138.315,
2383,23.830,11.080,-52.755,140.053,
2384,23.840,9.921,-53.213,141.841,
2385,23.850,8.830,-53.603,143.658,
2386,23.860,7.826,-53.949,145.435,
2387,23.870,6.743,-54.256,147.229,
2388,23.880,5.427,-54.498,149.143,
2389,23.890,4.052,-54.674,151.075,
2390,23.900,2.686,-54.770,152.977,
2391,23.910,1.431,-54.816,154.833,
2392,23.920,0.267,-54.782,156.672,
2393,23.930,-0.696,-54.700,158.450,
2394,23.940,-1.614,-54.589,160.180,
2395,23.950,-2.548,-54.449,161.843,
2396,23.960,-3.611,-54.249,163.521,
2397,23.970,-4.734,-54.016,165.187,
2398,23.980,-5.922,-53.709,166.881,
2399,23.990,-7.037,-53.396,168.507,
2400,24.000,-8.119,-53.040,170.095,
2401,24.010,-9.141,-52.691,171.594,
2402,24.020,-10.120,-52.327,173.041,
2403,24.030,-11.121,-51.955,174.476,
2404,24.040,-12.143,-51.593,175.889,
2405,24.050,-13.192,-51.213,177.313,
2406,24.060,-14.241,-50.800,178.744,
2407,24.070,-15.321,-50.340,-179.793,
2408,24.080,-16.396,-49.860,-178.359,
2409,24.090,-17.436,-49.356,-176.967,
2410,24.100,-18.410,-48.835,-175.646,
2411,24.110,-19.339,-48.280,-174.358,
2412,24.120,-20.253,-47.664,-173.072,
2413,24.130,-21.083,-47.030,-171.831,
2414,24.140,-21.835,-46.341,-170.619,
2415,24.150,-22.440,-45.599,-169.456,
2416,24.160,-22.944,-44.808,-168.317,
2417,24.170,-23.417,-43.963,-167.227,
2418,24.180,-23.783,-43.052,-166.192,
2419,24.190,-24.068,-42.083,-165.228,
2420,24.200,-24.158,-41.065,-164.351,
2421,24.210,-24.123,-39.991,-163.534,
2422,24.220,-23.870,-38.847,-162.782,
2423,24.230,-23.440,-37.636,-162.098,
2424,24.240,-22.818,-36.377,-161.497,
2425,24.250,-22.024,-35.051,-160.984,
2426,24.260,-21.071,-33.671,-160.563,
2427,24.270,-19.954,-32.219,-160.225,
2428,24.280,-18.677,-30.723,-159.969,
2429,24.290,-17.271,-29.165,-159.789,
2430,24.300,-15.829,-27.544,-159.666,
2431,24.310,-14.323,-25.901,-159.607,
2432,24.320,-12.773,-24.230,-159.601,
2433,24.330,-11.194,-22.523,-159.633,
2434,24.340,-9.537,-20.819,-159.695,
2435,24.350,-7.782,-19.128,-159.795,
2436,24.360,-5.984,-17.429,-159.925,
2437,24.370,-4.158,-15.728,-160.085,
2438,24.380,-2.264,-14.026,-160.275,
2439,24.390,-0.366,-12.306,-160.489,
2440,24.400,1.582,-10.590,-160.730,
2441,24.410,3.516,-8.863,-161.004,
2442,24.420,5.340,-7.125,-161.313,
2443,24.430,7.059,-5.359,-161.660,
2444,24.440,8.915,-3.567,-162.043,
2445,24.450,10.447,-1.733,-162.461,
2446,24.460,11.643,0.186,-162.886,
2447,24.470,12.654,2.162,-163.327,
2448,24.480,13.671,4.172,-163.786,
2449,24.490,14.789,6.199,-164.262,
2450,24.500,15.844,8.237,-164.750,
2451,24.510,16.879,10.273,-165.257,
2452,24.520,17.893,12.293,-165.776,
2453,24.530,18.843,14.279,-166.307,
2454,24.540,19.678,16.232,-166.845,
2455,24.550,20.361,18.155,-167.380,
2456,24.560,20.806,20.047,-167.934,
2457,24.570,21.075,21.909,-168.516,
2458,24.580,21.274,23.727,-169.139,
2459,24.590,21.510,25.520,-169.806,
2460,24.600,21.801,27.289,-170.502,
2461,24.610,22.140,29.032,-171.239,
2462,24.620,22.483,30.762,-172.021,
2463,24.630,22.779,32.452,-172.854,
2464,24.640,23.001,34.101,-173.747,
2465,24.650,23.123,35.708,-174.700,
2466,24.660,23.111,37.275,-175.716,
2467,24.670,22.888,38.796,-176.824,
2468,24.680,22.457,40.259,-178.039,
2469,24.690,21.844,41.675,-179.369,
2470,24.700,21.078,42.999,179.115,
2471,24.710,20.520,44.216,177.528,
2472,24.720,20.162,45.323,175.984,
2473,24.730,19.792,46.409,174.450,
2474,24.740,19.267,47.468,172.886,
2475,24.750,18.566,48.498,171.250,
2476,24.760,17.714,49.480,169.536,
2477,24.770,16.765,50.417,167.760,
2478,24.780,15.788,51.295,165.984,
2479,24.790,14.834,52.096,164.236,
2480,24.800,13.886,52.870,162.491,
2481,24.810,12.914,53.583,160.712,
2482,24.820,11.956,54.305,158.997,
2483,24.830,10.906,55.011,157.300,
2484,24.840,9.727,55.724,155.542,
2485,24.850,8.400,56.402,153.717,
2486,24.860,7.046,57.004,151.824,
2487,24.870,5.742,57.560,149.891,
2488,24.880,4.544,58.047,147.988,
2489,24.890,3.364,58.480,146.080,
2490,24.900,2.183,58.872,144.224,
2491,24.910,0.952,59.206,142.279,
2492,24.920,-0.413,59.566,140.396,
2493,24.930,-2.004,59.890,138.456,
2494,24.940,-3.769,60.210,136.469,
2495,24.950,-5.615,60.425,134.388,
2496,24.960,-7.344,60.568,132.311,
2497,24.970,-9.030,60.648,130.220,
2498,24.980,-10.558,60.628,128.182,
2499,24.990,-12.043,60.577,126.203,
2500,25.000,-13.556,60.430,124.277,
2501,25.010,-15.127,60.233,122.382,
2502,25.020,-16.644,60.021,120.582,
2503,25.030,-18.171,59.722,118.778,
2504,25.040,-19.643,59.406,117.015,
2505,25.050,-21.109,59.015,115.237,
2506,25.060,-22.346,58.572,113.578,
2507,25.070,-23.442,58.120,111.993,
2508,25.080,-24.350,57.591,110.522,
2509,25.090,-25.209,57.041,109.103,
2510,25.100,-25.989,56.406,107.762,
2511,25.110,-26.764,55.758,106.462,
2512,25.120,-27.573,55.036,105.183,
2513,25.130,-28.253,54.266,103.949,
2514,25.140,-28.815,53.536,102.803,
2515,25.150,-29.249,52.793,101.757,
2516,25.160,-29.654,52.003,100.764,
2517,25.170,-29.938,51.159,99.851,
2518,25.180,-30.063,50.225,99.026,
2519,25.190,-30.084,49.251,98.264,
2520,25.200,-29.955,48.225,97.635,
2521,25.210,-29.717,47.156,97.080,
2522,25.220,-29.349,46.027,96.625,
2523,25.230,-28.921,44.817,96.247,
2524,25.240,-28.463,43.561,95.940,
2525,25.250,-27.987,42.241,95.699,
2526,25.260,-27.532,40.851,95.490,
2527,25.270,-27.053,39.433,95.339,
2528,25.280,-26.496,37.984,95.236,
2529,25.290,-25.817,36.520,95.183,
2530,25.300,-25.063,35.031,95.168,
2531,25.310,-24.256,33.500,95.174,
2532,25.320,-23.399,31.933,95.200,
2533,25.330,-22.445,30.340,95.264,
2534,25.340,-21.383,28.719,95.362,
2535,25.350,-20.197,27.056,95.497,
2536,25.360,-18.809,25.335,95.649,
2537,25.370,-17.302,23.565,95.835,
2538,25.380,-15.665,21.753,96.045,
2539,25.390,-13.911,19.902,96.279,
2540,25.400,-12.082,17.999,96.530,
2541,25.410,-10.105,16.062,96.792,
2542,25.420,-8.026,14.103,97.069,
2543,25.430,-5.866,12.114,97.356,
2544,25.440,-3.637,10.098,97.656,
2545,25.450,-1.413,8.050,97.963,
2546,25.460,0.808,5.972,98.277,
2547,25.470,3.030,3.878,98.598,
2548,25.480,5.191,1.790,98.927,
2549,25.490,7.253,-0.341,99.260,
2550,25.500,9.129,-2.459,99.602,
2551,25.510,10.935,-4.557,99.957,
2552,25.520,12.769,-6.657,100.324,
2553,25.530,14.548,-8.758,100.705,
2554,25.540,16.284,-10.852,101.108,
2555,25.550,17.903,-12.927,101.540,
2556,25.560,19.293,-15.001,102.007,
2557,25.570,20.470,-17.062,102.519,
2558,25.580,21.542,-19.089,103.072,
2559,25.590,22.612,-21.085,103.655,
2560,25.600,23.549,-23.072,104.272,
2561,25.610,24.249,-25.051,104.930,
2562,25.620,24.655,-27.025,105.656,
2563,25.630,24.817,-28.974,106.460,
2564,25.640,24.833,-30.865,107.349,
2565,25.650,24.736,-32.707,108.335,
2566,25.660,24.502,-34.489,109.433,
2567,25.670,24.201,-36.232,110.624,
2568,25.680,23.720,-37.922,111.957,
2569,25.690,23.130,-39.518,113.445,
2570,25.700,22.781,-40.961,114.990,
2571,25.710,22.684,-42.287,116.502,
2572,25.720,22.557,-43.609,118.007,
2573,25.730,22.225,-44.865,119.574,
2574,25.740,21.693,-46.060,121.144,
2575,25.750,20.967,-47.148,122.761,
2576,25.760,20.113,-48.151,124.422,
2577,25.770,19.182,-49.075,126.111,
2578,25.780,18.296,-49.919,127.819,
2579,25.790,17.522,-50.702,129.507,
2580,25.800,16.890,-51.431,131.197,
2581,25.810,16.428,-52.098,132.853,
2582,25.820,16.045,-52.722,134.452,
2583,25.830,15.522,-53.294,136.022,
2584,25.840,14.796,-53.788,137.596,
2585,25.850,14.027,-54.207,139.148,
2586,25.860,13.191,-54.547,140.736,
2587,25.870,12.353,-54.873,142.305,
2588,25.880,11.470,-55.151,143.923,
2589,25.890,10.584,-55.437,145.540,
2590,25.900,9.713,-55.670,147.166,
2591,25.910,8.738,-55.893,148.775,
2592,25.920,7.544,-56.031,150.460,
2593,25.930,6.259,-56.121,152.160,
2594,25.940,4.974,-56.157,153.886,
2595,25.950,3.830,-56.185,155.526,
2596,25.960,2.740,-56.180,157.141,
2597,25.970,1.622,-56.129,158.759,
2598,25.980,0.397,-56.018,160.448,
2599,25.990,-0.942,-55.864,162.168,
2600,26.000,-2.312,-55.684,163.897,
2601,26.010,-3.798,-55.479,165.666,
2602,26.020,-5.234,-55.242,167.447,
2603,26.030,-6.541,-54.983,169.185,
2604,26.040,-7.609,-54.730,170.819,
2605,26.050,-8.550,-54.450,172.381,
2606,26.060,-9.398,-54.159,173.877,
2607,26.070,-10.261,-53.834,175.378,
2608,26.080,-11.160,-53.496,176.866,
2609,26.090,-12.169,-53.114,178.379,
2610,26.100,-13.152,-52.716,179.866,
2611,26.110,-14.117,-52.294,-178.661,
2612,26.120,-15.076,-51.848,-177.211,
2613,26.130,-15.924,-51.363,-175.800,
2614,26.140,-16.625,-50.847,-174.457,
2615,26.150,-17.127,-50.313,-173.198,
2616,26.160,-17.640,-49.718,-171.959,
2617,26.170,-18.097,-49.063,-170.784,
2618,26.180,-18.507,-48.339,-169.689,
2619,26.190,-18.846,-47.523,-168.670,
2620,26.200,-19.079,-46.643,-167.735,
2621,26.210,-19.177,-45.704,-166.904,
2622,26.220,-19.158,-44.708,-166.162,
2623,26.230,-19.044,-43.687,-165.510,
2624,26.240,-18.836,-42.601,-164.950,
2625,26.250,-18.507,-41.459,-164.487,
2626,26.260,-18.017,-40.222,-164.104,
2627,26.270,-17.434,-38.886,-163.779,
2628,26.280,-16.747,-37.480,-163.517,
2629,26.290,-16.037,-36.019,-163.320,
2630,26.300,-15.250,-34.516,-163.185,
2631,26.310,-14.348,-32.977,-163.104,
2632,26.320,-13.313,-31.380,-163.061,
2633,26.330,-12.157,-29.767,-163.045,
2634,26.340,-10.888,-28.135,-163.063,
2635,26.350,-9.601,-26.465,-163.095,
2636,26.360,-8.187,-24.793,-163.142,
2637,26.370,-6.700,-23.112,-163.213,
2638,26.380,-5.067,-21.417,-163.294,
2639,26.390,-3.367,-19.738,-163.398,
2640,26.400,-1.542,-18.070,-163.520,
2641,26.410,0.283,-16.391,-163.658,
2642,26.420,2.129,-14.708,-163.807,
2643,26.430,3.949,-13.028,-163.977,
2644,26.440,5.704,-11.345,-164.163,
2645,26.450,7.341,-9.643,-164.370,
2646,26.460,8.875,-7.927,-164.590,
2647,26.470,10.371,-6.218,-164.835,
2648,26.480,11.863,-4.502,-165.108,
2649,26.490,13.411,-2.779,-165.403,
2650,26.500,15.016,-1.019,-165.723,
2651,26.510,16.263,0.823,-166.051,
2652,26.520,17.252,2.717,-166.398,
2653,26.530,18.036,4.642,-166.763,
2654,26.540,18.803,6.576,-167.159,
2655,26.550,19.540,8.532,-167.580,
2656,26.560,20.267,10.488,-168.036,
2657,26.570,21.059,12.447,-168.532,
2658,26.580,21.889,14.399,-169.056,
2659,26.590,22.696,16.324,-169.623,
2660,26.600,23.486,18.228,-170.209,
2661,26.610,24.208,20.096,-170.806,
2662,26.620,24.878,21.969,-171.426,
2663,26.630,25.445,23.854,-172.062,
2664,26.640,25.925,25.738,-172.729,
2665,26.650,26.323,27.637,-173.429,
2666,26.660,26.564,29.521,-174.168,
2667,26.670,26.674,31.392,-174.955,
2668,26.680,26.596,33.251,-175.805,
2669,26.690,26.405,35.047,-176.741,
2670,26.700,26.119,36.808,-177.768,
2671,26.710,25.729,38.501,-178.880,
2672,26.720,25.188,40.159,179.881,
2673,26.730,24.546,41.760,178.511,
2674,26.740,23.944,43.275,176.972,
2675,26.750,23.708,44.675,175.464,
2676,26.760,23.538,46.006,173.961,
2677,26.770,23.257,47.336,172.488,
2678,26.780,22.684,48.634,170.969,
2679,26.790,21.850,49.929,169.372,
2680,26.800,20.879,51.177,167.730,
2681,26.810,19.795,52.362,166.038,
2682,26.820,18.782,53.424,164.340,
2683,26.830,17.806,54.447,162.572,
2684,26.840,16.750,55.394,160.826,
2685,26.850,15.626,56.279,158.995,
2686,26.860,14.584,57.168,157.223,
2687,26.870,13.578,57.969,155.468,
2688,26.880,12.562,58.754,153.730,
2689,26.890,11.384,59.439,151.902,
2690,26.900,10.051,60.001,149.942,
2691,26.910,8.764,60.479,148.011,
2692,26.920,7.538,60.862,146.077,
2693,26.930,6.337,61.192,144.184,
2694,26.940,5.071,61.514,142.312,
2695,26.950,3.753,61.767,140.425,
2696,26.960,2.394,62.044,138.558,
2697,26.970,0.939,62.234,136.651,
2698,26.980,-0.530,62.403,134.738,
2699,26.990,-2.072,62.485,132.747,
2700,27.000,-3.466,62.483,130.756,
2701,27.010,-4.806,62.508,128.791,
2702,27.020,-6.087,62.469,126.885,
2703,27.030,-7.469,62.463,125.016,
2704,27.040,-9.030,62.413,123.102,
2705,27.050,-10.675,62.342,121.190,
2706,27.060,-12.373,62.234,119.242,
2707,27.070,-14.078,62.142,117.350,
2708,27.080,-15.925,61.999,115.414,
2709,27.090,-17.794,61.823,113.507,
2710,27.100,-19.548,61.606,111.689,
2711,27.110,-21.226,61.349,109.932,
2712,27.120,-22.948,61.060,108.179,
2713,27.130,-24.672,60.673,106.446,
2714,27.140,-26.445,60.246,104.687,
2715,27.150,-28.137,59.751,102.982,
2716,27.160,-29.763,59.236,101.307,
2717,27.170,-31.198,58.681,99.742,
2718,27.180,-32.444,58.067,98.288,
2719,27.190,-33.495,57.388,96.947,
2720,27.200,-34.388,56.622,95.690,
2721,27.210,-35.138,55.803,94.541,
2722,27.220,-35.744,54.935,93.493,
2723,27.230,-36.216,54.020,92.537,
2724,27.240,-36.431,53.054,91.704,
2725,27.250,-36.603,52.062,90.933,
2726,27.260,-36.708,51.028,90.236,
2727,27.270,-36.707,49.941,89.611,
2728,27.280,-36.650,48.840,89.039,
2729,27.290,-36.526,47.666,88.511,
2730,27.300,-36.364,46.482,88.027,
2731,27.310,-36.157,45.266,87.608,
2732,27.320,-35.889,43.976,87.253,
2733,27.330,-35.606,42.639,86.959,
2734,27.340,-35.236,41.228,86.737,
2735,27.350,-34.816,39.739,86.570,
2736,27.360,-34.322,38.164,86.462,
2737,27.370,-33.774,36.528,86.399,
2738,27.380,-33.163,34.850,86.392,
2739,27.390,-32.478,33.153,86.440,
2740,27.400,-31.757,31.447,86.534,
2741,27.410,-31.083,29.696,86.655,
2742,27.420,-30.330,27.900,86.811,
2743,27.430,-29.345,26.081,87.000,
2744,27.440,-28.116,24.203,87.216,
2745,27.450,-26.618,22.309,87.459,
2746,27.460,-24.880,20.407,87.722,
2747,27.470,-23.034,18.480,87.990,
2748,27.480,-21.076,16.551,88.275,
2749,27.490,-18.978,14.621,88.581,
2750,27.500,-16.682,12.681,88.913,
2751,27.510,-14.248,10.713,89.267,
2752,27.520,-11.722,8.725,89.648,
2753,27.530,-9.147,6.738,90.054,
2754,27.540,-6.615,4.747,90.490,
2755,27.550,-4.265,2.720,90.956,
2756,27.560,-2.220,0.638,91.441,
2757,27.570,-0.384,-1.421,91.947,
2758,27.580,1.413,-3.467,92.470,
2759,27.590,3.142,-5.513,93.013,
2760,27.600,4.794,-7.543,93.578,
2761,27.610,6.421,-9.563,94.171,
2762,27.620,8.016,-11.571,94.795,
2763,27.630,9.526,-13.534,95.457,
2764,27.640,11.067,-15.469,96.138,
2765,27.650,12.619,-17.387,96.838,
2766,27.660,13.866,-19.298,97.571,
2767,27.670,14.811,-21.168,98.362,
2768,27.680,15.555,-23.016,99.220,
2769,27.690,16.186,-24.816,100.142,
2770,27.700,16.764,-26.584,101.144,
2771,27.710,17.340,-28.309,102.225,
2772,27.720,17.894,-29.994,103.410,
2773,27.730,18.420,-31.642,104.678,
2774,27.740,18.798,-33.235,106.053,
2775,27.750,19.083,-34.735,107.545,
2776,27.760,19.635,-36.146,109.000,
2777,27.770,19.993,-37.528,110.482,
2778,27.780,20.202,-38.867,111.985,
2779,27.790,20.334,-40.129,113.489,
2780,27.800,20.386,-41.366,114.998,
2781,27.810,20.285,-42.565,116.541,
2782,27.820,19.984,-43.746,118.084,
2783,27.830,19.544,-44.845,119.639,
2784,27.840,19.001,-45.934,121.178,
2785,27.850,18.335,-46.957,122.744,
2786,27.860,17.630,-47.901,124.341,
2787,27.870,16.976,-48.785,125.939,
2788,27.880,16.322,-49.580,127.582,
2789,27.890,15.660,-50.352,129.203,
2790,27.900,14.924,-51.047,130.837,
2791,27.910,14.116,-51.665,132.485,
2792,27.920,13.239,-52.217,134.112,
2793,27.930,12.218,-52.689,135.817,
2794,27.940,11.138,-53.116,137.519,
2795,27.950,10.009,-53.439,139.263,
2796,27.960,8.894,-53.695,141.059,
2797,27.970,7.784,-53.910,142.857,
2798,27.980,6.743,-54.073,144.624,
2799,27.990,5.700,-54.221,146.326,
2800,28.000,4.620,-54.286,148.012,
2801,28.010,3.506,-54.285,149.667,
2802,28.020,2.366,-54.235,151.263,
2803,28.030,1.263,-54.123,152.802,
2804,28.040,0.144,-53.979,154.317,
2805,28.050,-1.043,-53.782,155.848,
2806,28.060,-2.295,-53.553,157.378,
2807,28.070,-3.572,-53.300,158.869,
2808,28.080,-4.782,-53.000,160.319,
2809,28.090,-5.785,-52.651,161.702,
2810,28.100,-6.566,-52.244,163.039,
2811,28.110,-7.157,-51.792,164.306,
2812,28.120,-7.655,-51.300,165.539,
2813,28.130,-8.087,-50.791,166.717,
2814,28.140,-8.477,-50.231,167.872,
2815,28.150,-8.905,-49.621,168.997,
2816,28.160,-9.321,-48.937,170.099,
2817,28.170,-9.708,-48.184,171.204,
2818,28.180,-9.995,-47.407,172.286,
2819,28.190,-10.248,-46.616,173.336,
2820,28.200,-10.477,-45.852,174.337,
2821,28.210,-10.744,-45.050,175.325,
2822,28.220,-11.071,-44.193,176.303,
2823,28.230,-11.447,-43.288,177.260,
2824,28.240,-11.832,-42.329,178.187,
2825,28.250,-12.128,-41.336,179.089,
2826,28.260,-12.381,-40.297,179.958,
2827,28.270,-12.569,-39.221,-179.187,
2828,28.280,-12.777,-38.097,-178.353,
2829,28.290,-12.910,-36.960,-177.561,
2830,28.300,-13.027,-35.775,-176.800,
2831,28.310,-12.998,-34.562,-176.102,
2832,28.320,-12.939,-33.293,-175.445,
2833,28.330,-12.777,-31.959,-174.841,
2834,28.340,-12.525,-30.588,-174.281,
2835,28.350,-12.142,-29.163,-173.761,
2836,28.360,-11.659,-27.700,-173.270,
2837,28.370,-11.082,-26.206,-172.810,
2838,28.380,-10.430,-24.670,-172.371,
2839,28.390,-9.712,-23.100,-171.948,
2840,28.400,-8.844,-21.503,-171.539,
2841,28.410,-7.827,-19.911,-171.149,
2842,28.420,-6.602,-18.320,-170.782,
2843,28.430,-5.193,-16.749,-170.440,
2844,28.440,-3.468,-15.214,-170.127,
2845,28.450,-1.567,-13.708,-169.846,
2846,28.460,0.455,-12.213,-169.588,
2847,28.470,2.555,-10.740,-169.359,
2848,28.480,4.708,-9.276,-169.167,
2849,28.490,6.875,-7.815,-169.011,
2850,28.500,9.108,-6.364,-168.899,
2851,28.510,11.382,-4.915,-168.835,
2852,28.520,13.668,-3.466,-168.821,
2853,28.530,15.959,-2.005,-168.856,
2854,28.540,18.231,-0.548,-168.942,
2855,28.550,20.628,0.905,-169.079,
2856,28.560,23.012,2.379,-169.257,
2857,28.570,24.935,3.920,-169.464,
2858,28.580,26.461,5.570,-169.700,
2859,28.590,27.603,7.299,-169.962,
2860,28.600,28.625,9.059,-170.264,
2861,28.610,29.674,10.852,-170.599,
2862,28.620,30.829,12.668,-170.970,
2863,28.630,32.045,14.540,-171.370,
2864,28.640,33.218,16.462,-171.783,
2865,28.650,34.255,18.406,-172.214,
2866,28.660,35.161,20.381,-172.653,
2867,28.670,35.830,22.384,-173.099,
2868,28.680,36.230,24.429,-173.569,
2869,28.690,36.391,26.515,-174.082,
2870,28.700,36.410,28.626,-174.635,
2871,28.710,36.332,30.759,-175.235,
2872,28.720,36.140,32.921,-175.920,
2873,28.730,35.923,35.110,-176.706,
2874,28.740,35.688,37.305,-177.631,
2875,28.750,35.544,39.470,-178.674,
2876,28.760,35.442,41.590,-179.844,
2877,28.770,35.318,43.646,178.843,
2878,28.780,35.451,45.573,177.452,
2879,28.790,35.830,47.383,176.169,
2880,28.800,35.941,49.182,174.880,
2881,28.810,35.717,50.949,173.525,
2882,28.820,35.304,52.685,172.143,
2883,28.830,34.728,54.339,170.733,
2884,28.840,34.021,55.968,169.107,
2885,28.850,33.319,57.496,167.382,
2886,28.860,32.656,58.875,165.586,
2887,28.870,32.002,60.170,163.849,
2888,28.880,31.153,61.320,162.118,
2889,28.890,30.047,62.385,160.349,
2890,28.900,28.666,63.404,158.517,
2891,28.910,27.043,64.306,156.467,
2892,28.920,25.504,65.162,154.402,
2893,28.930,23.872,65.894,152.109,
2894,28.940,22.351,66.491,149.725,
2895,28.950,20.961,66.977,147.382,
2896,28.960,19.653,67.322,145.100,
2897,28.970,18.256,67.620,142.848,
2898,28.980,16.601,67.841,140.477,
2899,28.990,14.875,68.028,138.107,
2900,29.000,13.159,68.193,135.792,
2901,29.010,11.498,68.309,133.541,
2902,29.020,9.812,68.342,131.246,
2903,29.030,8.134,68.304,128.959,
2904,29.040,6.371,68.215,126.662,
2905,29.050,4.601,68.094,124.425,
2906,29.060,2.838,67.951,122.250,
2907,29.070,1.039,67.827,120.104,
2908,29.080,-0.778,67.723,117.994,
2909,29.090,-2.616,67.652,115.951,
2910,29.100,-4.552,67.558,113.924,
2911,29.110,-6.608,67.358,111.869,
2912,29.120,-8.674,67.037,109.828,
2913,29.130,-10.571,66.672,107.942,
2914,29.140,-12.344,66.266,106.162,
2915,29.150,-14.151,65.837,104.410,
2916,29.160,-16.061,65.351,102.656,
2917,29.170,-18.032,64.831,100.918,
2918,29.180,-20.056,64.231,99.159,
2919,29.190,-22.031,63.542,97.473,
2920,29.200,-23.776,62.785,95.859,
2921,29.210,-25.310,62.006,94.409,
2922,29.220,-26.703,61.162,93.091,
2923,29.230,-28.070,60.286,91.865,
2924,29.240,-29.324,59.319,90.796,
2925,29.250,-30.480,58.314,89.843,
2926,29.260,-31.427,57.229,89.019,
2927,29.270,-32.188,56.091,88.287,
2928,29.280,-32.878,54.936,87.599,
2929,29.290,-33.499,53.730,86.971,
2930,29.300,-34.082,52.490,86.387,
2931,29.310,-34.556,51.223,85.887,
2932,29.320,-34.936,49.927,85.476,
2933,29.330,-35.163,48.562,85.148,
2934,29.340,-35.195,47.119,84.916,
2935,29.350,-35.054,45.607,84.764,
2936,29.360,-34.771,44.018,84.683,
2937,29.370,-34.369,42.349,84.669,
2938,29.380,-33.873,40.597,84.698,
2939,29.390,-33.288,38.783,84.763,
2940,29.400,-32.570,36.912,84.863,
2941,29.410,-31.683,35.013,85.003,
2942,29.420,-30.604,33.097,85.174,
2943,29.430,-29.343,31.146,85.362,
2944,29.440,-28.028,29.159,85.555,
2945,29.450,-26.645,27.171,85.778,
2946,29.460,-25.143,25.175,86.011,
2947,29.470,-23.526,23.170,86.265,
2948,29.480,-21.770,21.158,86.535,
2949,29.490,-19.913,19.146,86.819,
2950,29.500,-17.946,17.143,87.120,
2951,29.510,-15.910,15.151,87.445,
2952,29.520,-13.723,13.158,87.798,
2953,29.530,-11.464,11.171,88.178,
2954,29.540,-9.155,9.167,88.596,
2955,29.550,-6.906,7.158,89.047,
2956,29.560,-4.783,5.153,89.535,
2957,29.570,-2.795,3.138,90.064,
2958,29.580,-0.997,1.079,90.628,
2959,29.590,0.642,-0.983,91.225,
2960,29.600,2.176,-3.030,91.862,
2961,29.610,3.572,-5.069,92.540,
2962,29.620,4.756,-7.078,93.260,
2963,29.630,5.788,-9.026,94.018,
2964,29.640,6.767,-10.924,94.803,
2965,29.650,7.667,-12.791,95.624,
2966,29.660,8.553,-14.649,96.495,
2967,29.670,9.498,-16.481,97.421,
2968,29.680,10.540,-18.290,98.394,
2969,29.690,11.601,-20.053,99.414,
2970,29.700,12.545,-21.793,100.488,
2971,29.710,13.305,-23.483,101.626,
2972,29.720,13.848,-25.113,102.852,
2973,29.730,14.232,-26.689,104.158,
2974,29.740,14.576,-28.162,105.569,
2975,29.750,15.105,-29.518,107.070,
2976,29.760,15.993,-30.854,108.507,
2977,29.770,16.720,-32.199,109.926,
2978,29.780,17.180,-33.599,111.299,
2979,29.790,17.198,-34.987,112.720,
2980,29.800,17.060,-36.325,114.142,
2981,29.810,16.874,-37.612,115.585,
2982,29.820,16.577,-38.885,117.068,
2983,29.830,16.196,-40.115,118.546,
2984,29.840,15.835,-41.266,120.005,
2985,29.850,15.542,-42.330,121.454,
2986,29.860,15.286,-43.319,122.916,
2987,29.870,15.001,-44.242,124.428,
2988,29.880,14.621,-45.133,125.980,
2989,29.890,14.115,-45.948,127.581,
2990,29.900,13.491,-46.706,129.233,
2991,29.910,12.747,-47.407,130.932,
2992,29.920,11.931,-48.052,132.677,
2993,29.930,11.050,-48.646,134.447,
2994,29.940,10.163,-49.193,136.211,
2995,29.950,9.206,-49.649,137.988,
2996,29.960,8.207,-50.080,139.729,
2997,29.970,7.073,-50.458,141.523,
2998,29.980,5.843,-50.792,143.366,
2999,29.990,4.550,-51.085,145.230,
3000,30.000,3.307,-51.320,147.055,
3001,30.010,2.087,-51.493,148.850,
3002,30.020,0.888,-51.581,150.624,
3003,30.030,-0.253,-51.597,152.370,
3004,30.040,-1.365,-51.560,154.076,
3005,30.050,-2.426,-51.480,155.719,
3006,30.060,-3.533,-51.348,157.346,
3007,30.070,-4.623,-51.142,158.971,
3008,30.080,-5.659,-50.877,160.584,
3009,30.090,-6.599,-50.580,162.124,
3010,30.100,-7.454,-50.255,163.587,
3011,30.110,-8.236,-49.896,164.968,
3012,30.120,-8.958,-49.499,166.314,
3013,30.130,-9.613,-49.053,167.642,
3014,30.140,-10.157,-48.581,168.963,
3015,30.150,-10.584,-48.092,170.216,
3016,30.160,-10.922,-47.602,171.395,
3017,30.170,-11.284,-47.066,172.549,
3018,30.180,-11.672,-46.499,173.657,
3019,30.190,-12.094,-45.863,174.739,
3020,30.200,-12.517,-45.160,175.804,
3021,30.210,-12.935,-44.380,176.880,
3022,30.220,-13.314,-43.571,177.919,
3023,30.230,-13.611,-42.721,178.917,
3024,30.240,-13.863,-41.858,179.851,
3025,30.250,-14.029,-40.951,-179.257,
3026,30.260,-14.242,-39.974,-178.381,
3027,30.270,-14.452,-38.923,-177.542,
3028,30.280,-14.703,-37.804,-176.732,
3029,30.290,-14.905,-36.625,-175.976,
3030,30.300,-15.058,-35.406,-175.248,
3031,30.310,-15.136,-34.160,-174.556,
3032,30.320,-15.136,-32.889,-173.898,
3033,30.330,-15.055,-31.585,-173.271,
3034,30.340,-14.872,-30.265,-172.665,
3035,30.350,-14.634,-28.911,-172.076,
3036,30.360,-14.274,-27.520,-171.505,
3037,30.370,-13.821,-26.130,-170.963,
3038,30.380,-13.251,-24.748,-170.455,
3039,30.390,-12.588,-23.371,-169.979,
3040,30.400,-11.821,-21.975,-169.521,
3041,30.410,-10.947,-20.560,-169.083,
3042,30.420,-9.929,-19.133,-168.668,
3043,30.430,-8.746,-17.752,-168.285,
3044,30.440,-7.459,-16.370,-167.931,
3045,30.450,-6.077,-14.984,-167.608,
3046,30.460,-4.552,-13.608,-167.328,
3047,30.470,-2.709,-12.248,-167.083,
3048,30.480,-0.768,-10.939,-166.907,
3049,30.490,1.044,-9.613,-166.775,
3050,30.500,2.801,-8.281,-166.690,
3051,30.510,4.598,-6.942,-166.658,
3052,30.520,6.480,-5.604,-166.683,
3053,30.530,8.350,-4.262,-166.768,
3054,30.540,10.183,-2.915,-166.912,
3055,30.550,12.008,-1.579,-167.119,
3056,30.560,13.704,-0.251,-167.387,
3057,30.570,15.320,1.120,-167.703,
3058,30.580,16.730,2.525,-168.054,
3059,30.590,18.110,3.953,-168.445,
3060,30.600,19.491,5.404,-168.872,
3061,30.610,20.911,6.878,-169.338,
3062,30.620,22.330,8.378,-169.842,
3063,30.630,23.638,9.920,-170.383,
3064,30.640,24.732,11.510,-170.954,
3065,30.650,25.548,13.129,-171.551,
3066,30.660,26.104,14.787,-172.167,
3067,30.670,26.393,16.486,-172.795,
3068,30.680,26.494,18.208,-173.452,
3069,30.690,26.542,19.974,-174.153,
3070,30.700,26.692,21.785,-174.895,
3071,30.710,26.954,23.636,-175.659,
3072,30.720,27.243,25.548,-176.436,
3073,30.730,27.440,27.497,-177.231,
3074,30.740,27.514,29.466,-178.066,
3075,30.750,27.410,31.442,-178.961,
3076,30.760,27.187,33.406,-179.924,
3077,30.770,26.806,35.345,179.016,
3078,30.780,26.307,37.258,177.875,
3079,30.790,25.684,39.113,176.624,
3080,30.800,25.012,40.879,175.240,
3081,30.810,24.553,42.501,173.855,
3082,30.820,24.111,44.064,172.485,
3083,30.830,23.570,45.589,171.070,
3084,30.840,22.964,47.035,169.549,
3085,30.850,22.369,48.411,167.998,
3086,30.860,21.783,49.682,166.424,
3087,30.870,21.071,50.882,164.830,
3088,30.880,20.122,51.958,163.155,
3089,30.890,19.072,52.927,161.409,
3090,30.900,18.003,53.802,159.660,
3091,30.910,16.938,54.569,157.876,
3092,30.920,15.886,55.293,156.036,
3093,30.930,14.754,55.989,154.150,
3094,30.940,13.632,56.616,152.303,
3095,30.950,12.455,57.212,150.460,
3096,30.960,11.243,57.704,148.620,
3097,30.970,9.937,58.128,146.744,
3098,30.980,8.532,58.508,144.839,
3099,30.990,7.129,58.816,142.935,
3100,31.000,5.713,59.119,141.046,
3101,31.010,4.278,59.396,139.190,
3102,31.020,2.677,59.662,137.260,
3103,31.030,0.972,59.944,135.255,
3104,31.040,-0.802,60.180,133.199,
3105,31.050,-2.524,60.402,131.169,
3106,31.060,-4.217,60.554,129.180,
3107,31.070,-5.884,60.669,127.231,
3108,31.080,-7.632,60.752,125.294,
3109,31.090,-9.481,60.792,123.322,
3110,31.100,-11.366,60.793,121.365,
3111,31.110,-13.335,60.748,119.370,
3112,31.120,-15.287,60.666,117.397,
3113,31.130,-17.275,60.514,115.359,
3114,31.140,-19.083,60.280,113.385,
3115,31.150,-20.746,60.012,111.458,
3116,31.160,-22.165,59.708,109.695,
3117,31.170,-23.509,59.375,108.016,
3118,31.180,-24.840,58.986,106.400,
3119,31.190,-26.282,58.516,104.756,
3120,31.200,-27.658,57.939,103.159,
3121,31.210,-28.891,57.319,101.645,
3122,31.220,-29.928,56.675,100.225,
3123,31.230,-30.893,56.037,98.857,
3124,31.240,-31.827,55.380,97.523,
3125,31.250,-32.736,54.703,96.236,
3126,31.260,-33.615,54.023,94.996,
3127,31.270,-34.503,53.335,93.806,
3128,31.280,-35.332,52.593,92.671,
3129,31.290,-36.130,51.832,91.601,
3130,31.300,-36.908,51.015,90.569,
3131,31.310,-37.549,50.178,89.619,
3132,31.320,-38.150,49.319,88.724,
3133,31.330,-38.699,48.424,87.875,
3134,31.340,-39.203,47.484,87.076,
3135,31.350,-39.677,46.497,86.313,
3136,31.360,-40.054,45.457,85.618,
3137,31.370,-40.371,44.384,84.986,
3138,31.380,-40.597,43.253,84.421,
3139,31.390,-40.708,42.071,83.927,
3140,31.400,-40.766,40.830,83.489,
3141,31.410,-40.723,39.514,83.117,
3142,31.420,-40.552,38.144,82.806,
3143,31.430,-40.206,36.737,82.581,
3144,31.440,-39.702,35.281,82.419,
3145,31.450,-39.044,33.774,82.322,
3146,31.460,-38.264,32.217,82.281,
3147,31.470,-37.338,30.633,82.300,
3148,31.480,-36.290,29.011,82.362,
3149,31.490,-35.150,27.362,82.468,
3150,31.500,-33.966,25.675,82.605,
3151,31.510,-32.792,23.976,82.773,
3152,31.520,-31.537,22.260,82.969,
3153,31.530,-30.016,20.516,83.193,
3154,31.540,-28.198,18.704,83.445,
3155,31.550,-26.188,16.851,83.720,
3156,31.560,-23.824,14.944,84.013,
3157,31.570,-21.262,13.050,84.322,
3158,31.580,-18.632,11.166,84.649,
3159,31.590,-16.024,9.311,84.991,
3160,31.600,-13.493,7.478,85.354,
3161,31.610,-10.945,5.661,85.739,
3162,31.620,-8.361,3.878,86.154,
3163,31.630,-5.766,2.117,86.596,
3164,31.640,-3.201,0.348,87.062,
3165,31.650,-0.825,-1.426,87.548,
3166,31.660,1.397,-3.188,88.057,
3167,31.670,3.489,-4.941,88.589,
3168,31.680,5.398,-6.702,89.140,
3169,31.690,7.086,-8.472,89.714,
3170,31.700,8.613,-10.236,90.311,
3171,31.710,10.152,-11.989,90.919,
3172,31.720,11.711,-13.741,91.536,
3173,31.730,13.204,-15.493,92.169,
3174,31.740,14.503,-17.254,92.821,
3175,31.750,15.555,-19.022,93.506,
3176,31.760,16.372,-20.778,94.238,
3177,31.770,17.063,-22.519,95.020,
3178,31.780,17.658,-24.251,95.858,
3179,31.790,18.158,-25.981,96.761,
3180,31.800,18.541,-27.709,97.725,
3181,31.810,18.744,-29.406,98.781,
3182,31.820,18.797,-31.127,99.928,
3183,31.830,18.689,-32.814,101.198,
3184,31.840,18.621,-34.451,102.588,
3185,31.850,19.062,-36.049,103.950,
3186,31.860,19.616,-37.615,105.292,
3187,31.870,20.161,-39.210,106.578,
3188,31.880,20.346,-40.795,107.879,
3189,31.890,20.190,-42.342,109.199,
3190,31.900,19.735,-43.803,110.582,
3191,31.910,19.214,-45.209,111.964,
3192,31.920,18.674,-46.618,113.351,
3193,31.930,18.153,-48.012,114.734,
3194,31.940,17.635,-49.364,116.155,
3195,31.950,17.215,-50.635,117.550,
3196,31.960,16.865,-51.823,118.932,
3197,31.970,16.439,-52.934,120.338,
3198,31.980,15.846,-53.952,121.806,
3199,31.990,15.084,-54.857,123.316,
3200,32.000,14.229,-55.700,124.849,
3201,32.010,13.227,-56.460,126.515,
3202,32.020,12.198,-57.183,128.233,
3203,32.030,11.158,-57.797,130.031,
3204,32.040,10.163,-58.355,131.831,
3205,32.050,9.070,-58.823,133.673,
3206,32.060,7.821,-59.242,135.537,
3207,32.070,6.469,-59.565,137.437,
3208,32.080,5.039,-59.807,139.398,
3209,32.090,3.597,-59.997,141.344,
3210,32.100,2.088,-60.156,143.281,
3211,32.110,0.505,-60.258,145.257,
3212,32.120,-1.191,-60.272,147.325,
3213,32.130,-2.845,-60.234,149.367,
3214,32.140,-4.425,-60.132,151.346,
3215,32.150,-5.906,-60.007,153.218,
3216,32.160,-7.365,-59.815,155.051,
3217,32.170,-8.768,-59.563,156.831,
3218,32.180,-10.160,-59.258,158.573,
3219,32.190,-11.507,-58.923,160.242,
3220,32.200,-12.887,-58.581,161.914,
3221,32.210,-14.286,-58.221,163.579,
3222,32.220,-15.764,-57.827,165.263,
3223,32.230,-17.177,-57.387,166.900,
3224,32.240,-18.522,-56.916,168.472,
3225,32.250,-19.805,-56.426,169.969,
3226,32.260,-20.995,-55.917,171.385,
3227,32.270,-22.129,-55.398,172.735,
3228,32.280,-23.155,-54.851,174.035,
3229,32.290,-24.229,-54.267,175.341,
3230,32.300,-25.379,-53.658,176.628,
3231,32.310,-26.638,-53.019,177.884,
3232,32.320,-27.930,-52.335,179.082,
3233,32.330,-29.215,-51.584,-179.737,
3234,32.340,-30.372,-50.789,-178.608,
3235,32.350,-31.433,-49.950,-177.504,
3236,32.360,-32.375,-49.065,-176.462,
3237,32.370,-33.244,-48.134,-175.461,
3238,32.380,-34.116,-47.152,-174.515,
3239,32.390,-35.000,-46.077,-173.613,
3240,32.400,-35.886,-44.932,-172.789,
3241,32.410,-36.736,-43.718,-172.051,
3242,32.420,-37.502,-42.436,-171.402,
3243,32.430,-38.060,-41.124,-170.853,
3244,32.440,-38.422,-39.811,-170.383,
3245,32.450,-38.665,-38.479,-170.002,
3246,32.460,-38.833,-37.135,-169.684,
3247,32.470,-38.890,-35.793,-169.428,
3248,32.480,-38.817,-34.457,-169.243,
3249,32.490,-38.626,-33.158,-169.125,
3250,32.500,-38.368,-31.865,-169.065,
3251,32.510,-38.053,-30.593,-169.069,
3252,32.520,-37.701,-29.342,-169.133,
3253,32.530,-37.324,-28.102,-169.263,
3254,32.540,-36.903,-26.880,-169.454,
3255,32.550,-36.394,-25.688,-169.705,
3256,32.560,-35.812,-24.539,-170.015,
3257,32.570,-35.199,-23.404,-170.379,
3258,32.580,-34.569,-22.282,-170.797,
3259,32.590,-33.903,-21.171,-171.268,
3260,32.600,-33.197,-20.081,-171.797,
3261,32.610,-32.476,-19.006,-172.383,
3262,32.620,-31.742,-17.945,-173.023,
3263,32.630,-31.057,-16.873,-173.706,
3264,32.640,-30.384,-15.822,-174.430,
3265,32.650,-29.684,-14.797,-175.192,
3266,32.660,-28.951,-13.800,-175.987,
3267,32.670,-28.225,-12.820,-176.809,
3268,32.680,-27.482,-11.860,-177.648,
3269,32.690,-26.660,-10.932,-178.500,
3270,32.700,-25.784,-10.050,-179.359,
3271,32.710,-24.943,-9.202,179.780,
3272,32.720,-24.225,-8.367,178.921,
3273,32.730,-23.610,-7.544,178.064,
3274,32.740,-23.019,-6.728,177.203,
3275,32.750,-22.443,-5.907,176.336,
3276,32.760,-21.892,-5.090,175.462,
3277,32.770,-21.308,-4.282,174.579,
3278,32.780,-20.686,-3.497,173.693,
3279,32.790,-20.108,-2.734,172.805,
3280,32.800,-19.680,-1.981,171.917,
3281,32.810,-19.415,-1.248,171.028,
3282,32.820,-19.228,-0.547,170.135,
3283,32.830,-19.066,0.116,169.243,
3284,32.840,-18.820,0.722,168.348,
3285,32.850,-18.482,1.267,167.455,
3286,32.860,-18.117,1.761,166.562,
3287,32.870,-17.770,2.203,165.678,
3288,32.880,-17.477,2.606,164.791,
3289,32.890,-17.309,2.981,163.909,
3290,32.900,-17.210,3.306,163.025,
3291,32.910,-17.151,3.590,162.143,
3292,32.920,-17.042,3.834,161.262,
3293,32.930,-16.878,4.033,160.385,
3294,32.940,-16.700,4.200,159.507,
3295,32.950,-16.506,4.326,158.635,
3296,32.960,-16.370,4.415,157.761,
3297,32.970,-16.210,4.479,156.894,
3298,32.980,-16.135,4.511,156.031,
3299,32.990,-16.081,4.524,155.183,
3300,33.000,-16.062,4.492,154.343,
3301,33.010,-16.041,4.421,153.521,
3302,33.020,-16.047,4.298,152.719,
3303,33.030,-16.120,4.160,151.944,
3304,33.040,-16.253,3.985,151.190,
3305,33.050,-16.408,3.813,150.462,
3306,33.060,-16.575,3.625,149.757,
3307,33.070,-16.735,3.442,149.073,
3308,33.080,-16.829,3.269,148.413,
3309,33.090,-16.873,3.112,147.774,
3310,33.100,-16.906,2.954,147.157,
3311,33.110,-16.911,2.808,146.563,
3312,33.120,-16.977,2.674,145.991,
3313,33.130,-17.065,2.546,145.447,
3314,33.140,-17.185,2.419,144.925,
3315,33.150,-17.282,2.291,144.431,
3316,33.160,-17.343,2.147,143.959,
3317,33.170,-17.355,2.008,143.510,
3318,33.180,-17.326,1.864,143.083,
3319,33.190,-17.286,1.723,142.677,
3320,33.200,-17.235,1.593,142.291,
3321,33.210,-17.162,1.472,141.927,
3322,33.220,-17.154,1.367,141.584,
3323,33.230,-17.142,1.268,141.260,
3324,33.240,-17.156,1.179,140.955,
3325,33.250,-17.161,1.101,140.671,
3326,33.260,-17.142,1.035,140.409,
3327,33.270,-17.132,0.972,140.166,
3328,33.280,-17.068,0.919,139.945,
3329,33.290,-16.977,0.860,139.741,
3330,33.300,-16.848,0.800,139.557,
3331,33.310,-16.732,0.734,139.394,
3332,33.320,-16.634,0.663,139.250,
3333,33.330,-16.539,0.584,139.125,
3334,33.340,-16.450,0.498,139.019,
3335,33.350,-16.387,0.413,138.931,
3336,33.360,-16.305,0.329,138.859,
3337,33.370,-16.258,0.246,138.801,
3338,33.380,-16.240,0.169,138.756,
3339,33.390,-16.263,0.098,138.720,
3340,33.400,-16.304,0.037,138.689,
3341,33.410,-16.357,-0.010,138.664,
3342,33.420,-16.362,-0.046,138.641,
3343,33.430,-16.343,-0.066,138.621,
3344,33.440,-16.313,-0.074,138.601,
3345,33.450,-16.307,-0.070,138.582,
3346,33.460,-16.304,-0.057,138.563,
3347,33.470,-16.286,-0.043,138.546,
3348,33.480,-16.233,-0.030,138.530,
3349,33.490,-16.182,-0.014,138.514,
3350,33.500,-16.152,0.005,138.501,
3351,33.510,-16.144,0.027,138.490,
3352,33.520,-16.130,0.056,138.483,
3353,33.530,-16.104,0.091,138.479,
3354,33.540,-16.048,0.130,138.480,
3355,33.550,-15.935,0.168,138.480,
3356,33.560,-15.740,0.204,138.480,
3357,33.570,-15.493,0.240,138.478,
3358,33.580,-15.215,0.277,138.475,
3359,33.590,-14.942,0.311,138.471,
3360,33.600,-14.701,0.338,138.469,
3361,33.610,-14.503,0.364,138.465,
3362,33.620,-14.353,0.389,138.460,
3363,33.630,-14.258,0.410,138.453,
3364,33.640,-14.230,0.426,138.444,
3365,33.650,-14.249,0.435,138.436,
3366,33.660,-14.306,0.435,138.430,
3367,33.670,-14.379,0.429,138.422,
3368,33.680,-14.461,0.424,138.414,
3369,33.690,-14.527,0.416,138.406,
3370,33.700,-14.557,0.405,138.398,
3371,33.710,-14.571,0.391,138.389,
3372,33.720,-14.577,0.375,138.381,
3373,33.730,-14.582,0.356,138.373,
3374,33.740,-14.593,0.338,138.367,
3375,33.750,-14.626,0.326,138.363,
3376,33.760,-14.678,0.325,138.361,
3377,33.770,-14.744,0.332,138.359,
3378,33.780,-14.794,0.348,138.356,
3379,33.790,-14.795,0.363,138.349,
3380,33.800,-14.761,0.381,138.342,
3381,33.810,-14.721,0.401,138.334,
3382,33.820,-14.687,0.421,138.324,
3383,33.830,-14.658,0.439,138.316,
3384,33.840,-14.630,0.452,138.308,
3385,33.850,-14.603,0.461,138.302,
3386,33.860,-14.576,0.470,138.298,
3387,33.870,-14.563,0.481,138.294,
3388,33.880,-14.551,0.493,138.291,
3389,33.890,-14.553,0.513,138.289,
3390,33.900,-14.571,0.542,138.286,
3391,33.910,-14.607,0.578,138.283,
3392,33.920,-14.654,0.621,138.278,
3393,33.930,-14.704,0.670,138.270,
3394,33.940,-14.746,0.722,138.258,
3395,33.950,-14.767,0.776,138.244,
3396,33.960,-14.764,0.831,138.228,
3397,33.970,-14.737,0.884,138.213,
3398,33.980,-14.693,0.935,138.196,
3399,33.990,-14.636,0.985,138.181,
3400,34.000,-14.590,1.032,138.166,
3401,34.010,-14.550,1.073,138.153,
3402,34.020,-14.523,1.111,138.142,
3403,34.030,-14.506,1.145,138.132,
3404,34.040,-14.489,1.179,138.125,
3405,34.050,-14.473,1.210,138.117,
3406,34.060,-14.463,1.243,138.111,
3407,34.070,-14.458,1.277,138.104,
3408,34.080,-14.463,1.314,138.097,
3409,34.090,-14.468,1.357,138.087,
3410,34.100,-14.465,1.403,138.076,
3411,34.110,-14.454,1.450,138.063,
3412,34.120,-14.428,1.500,138.048,
3413,34.130,-14.386,1.547,138.031,
3414,34.140,-14.334,1.589,138.012,
3415,34.150,-14.276,1.627,137.992,
3416,34.160,-14.222,1.661,137.972,
3417,34.170,-14.183,1.691,137.952,
3418,34.180,-14.159,1.717,137.932,
3419,34.190,-14.147,1.735,137.910,
3420,34.200,-14.152,1.751,137.885,
3421,34.210,-14.167,1.770,137.858,
3422,34.220,-14.193,1.790,137.826,
3423,34.230,-14.228,1.808,137.788,
3424,34.240,-14.259,1.825,137.744,
3425,34.250,-14.284,1.834,137.690,
3426,34.260,-14.296,1.834,137.627,
3427,34.270,-14.294,1.826,137.554,
3428,34.280,-14.288,1.810,137.473,
3429,34.290,-14.281,1.786,137.381,
3430,34.300,-14.274,1.756,137.282,
3431,34.310,-14.259,1.718,137.174,
3432,34.320,-14.228,1.671,137.060,
3433,34.330,-14.182,1.615,136.940,
3434,34.340,-14.116,1.555,136.818,
3435,34.350,-14.031,1.492,136.691,
3436,34.360,-13.914,1.424,136.562,
3437,34.370,-13.773,1.352,136.429,
3438,34.380,-13.609,1.275,136.294,
3439,34.390,-13.436,1.195,136.159,
3440,34.400,-13.250,1.118,136.025,
3441,34.410,-13.071,1.047,135.894,
3442,34.420,-12.907,0.981,135.766,
3443,34.430,-12.765,0.928,135.640,
3444,34.440,-12.658,0.890,135.519,
3445,34.450,-12.588,0.865,135.404,
3446,34.460,-12.558,0.851,135.295,
3447,34.470,-12.556,0.849,135.193,
3448,34.480,-12.551,0.851,135.098,
3449,34.490,-12.533,0.848,135.010,
3450,34.500,-12.521,0.844,134.932,
3451,34.510,-12.523,0.835,134.862,
3452,34.520,-12.544,0.824,134.804,
3453,34.530,-12.594,0.808,134.757,
3454,34.540,-12.664,0.786,134.723,
3455,34.550,-12.751,0.761,134.700,
3456,34.560,-12.825,0.736,134.691,
3457,34.570,-12.875,0.710,134.693,
3458,34.580,-12.897,0.675,134.706,
3459,34.590,-12.933,0.634,134.723,
3460,34.600,-12.949,0.581,134.741,
3461,34.610,-12.894,0.518,134.757,
3462,34.620,-12.785,0.444,134.772,
3463,34.630,-12.655,0.371,134.786,
3464,34.640,-12.540,0.300,134.802,
3465,34.650,-12.454,0.235,134.817,
3466,34.660,-12.377,0.177,134.833,
3467,34.670,-12.312,0.125,134.849,
3468,34.680,-12.253,0.080,134.865,
3469,34.690,-12.187,0.039,134.881,
3470,34.700,-12.104,0.001,134.897,
3471,34.710,-12.012,-0.032,134.913,
3472,34.720,-11.930,-0.063,134.927,
3473,34.730,-11.867,-0.089,134.940,
3474,34.740,-11.831,-0.108,134.949,
3475,34.750,-11.815,-0.123,134.957,
3476,34.760,-11.809,-0.134,134.961,
3477,34.770,-11.809,-0.142,134.964,
3478,34.780,-11.806,-0.147,134.964,
3479,34.790,-11.797,-0.150,134.963,
3480,34.800,-11.787,-0.148,134.961,
3481,34.810,-11.781,-0.141,134.958,
3482,34.820,-11.776,-0.130,134.955,
3483,34.830,-11.776,-0.120,134.953,
3484,34.840,-11.774,-0.109,134.950,
3485,34.850,-11.780,-0.102,134.948,
3486,34.860,-11.799,-0.094,134.948,
3487,34.870,-11.818,-0.087,134.950,
3488,34.880,-11.834,-0.076,134.953,
3489,34.890,-11.845,-0.059,134.955,
3490,34.900,-11.859,-0.039,134.958,
3491,34.910,-11.875,-0.016,134.961,
3492,34.920,-11.889,0.015,134.963,
3493,34.930,-11.918,0.053,134.963,
3494,34.940,-11.957,0.098,134.962,
3495,34.950,-11.986,0.149,134.959,
3496,34.960,-12.002,0.201,134.956,
3497,34.970,-11.990,0.255,134.953,
3498,34.980,-11.946,0.307,134.949,
3499,34.990,-11.878,0.356,134.946,
3500,35.000,-11.798,0.399,134.942,
3501,35.010,-11.715,0.438,134.939,
3502,35.020,-11.628,0.469,134.937,
3503,35.030,-11.535,0.491,134.936,
3504,35.040,-11.438,0.505,134.936,
3505,35.050,-11.336,0.506,134.938,
3506,35.060,-11.218,0.502,134.941,
3507,35.070,-11.076,0.486,134.949,
3508,35.080,-10.910,0.460,134.959,
3509,35.090,-10.727,0.425,134.973,
3510,35.100,-10.557,0.389,134.990,
3511,35.110,-10.410,0.350,135.010,
3512,35.120,-10.288,0.311,135.033,
3513,35.130,-10.188,0.270,135.060,
3514,35.140,-10.091,0.226,135.090,
3515,35.150,-9.993,0.181,135.121,
3516,35.160,-9.887,0.136,135.153,
3517,35.170,-9.781,0.087,135.185,
3518,35.180,-9.681,0.035,135.218,
3519,35.190,-9.591,-0.016,135.251,
3520,35.200,-9.512,-0.071,135.286,
3521,35.210,-9.449,-0.129,135.322,
3522,35.220,-9.414,-0.187,135.360,
3523,35.230,-9.403,-0.243,135.401,
3524,35.240,-9.411,-0.295,135.446,
3525,35.250,-9.424,-0.350,135.494,
3526,35.260,-9.443,-0.407,135.547,
3527,35.270,-9.467,-0.462,135.605,
3528,35.280,-9.493,-0.509,135.668,
3529,35.290,-9.524,-0.550,135.733,
3530,35.300,-9.549,-0.587,135.801,
3531,35.310,-9.570,-0.623,135.870,
3532,35.320,-9.583,-0.654,135.941,
3533,35.330,-9.578,-0.673,136.011,
3534,35.340,-9.569,-0.684,136.078,
3535,35.350,-9.575,-0.691,136.144,
3536,35.360,-9.590,-0.690,136.208,
3537,35.370,-9.598,-0.682,136.270,
3538,35.380,-9.598,-0.671,136.330,
3539,35.390,-9.611,-0.654,136.387,
3540,35.400,-9.656,-0.622,136.441,
3541,35.410,-9.737,-0.579,136.493,
3542,35.420,-9.837,-0.528,136.543,
