Frame,Time,GSensor.X,GSensor.Y,GSensor.Z,
0,0.000,2.625,-0.122,0.000,
1,0.010,2.930,-0.122,0.000,
2,0.020,2.869,-0.244,0.000,
3,0.030,2.625,-0.244,0.000,
4,0.040,2.136,-0.244,0.000,
5,0.050,1.587,-0.183,0.061,
6,0.060,0.671,-0.244,0.061,
7,0.070,-0.122,-0.244,0.061,
8,0.080,-0.427,-0.244,0.061,
9,0.090,-0.610,-0.305,0.122,
10,0.100,-0.488,-0.305,0.061,
11,0.110,-0.305,-0.305,0.061,
12,0.120,-0.610,-0.305,0.000,
13,0.130,-0.977,-0.122,0.122,
14,0.140,-1.465,-0.061,0.061,
15,0.150,-1.465,-0.061,0.000,
16,0.160,-1.038,0.000,0.000,
17,0.170,-0.366,-0.122,0.000,
18,0.180,0.427,-0.122,0.000,
19,0.190,0.671,-0.183,0.000,
20,0.200,0.610,-0.122,0.000,
21,0.210,0.244,-0.122,0.000,
22,0.220,0.000,-0.061,0.000,
23,0.230,0.000,0.061,0.061,
24,0.240,0.000,-0.061,0.000,
25,0.250,-0.183,-0.061,0.000,
26,0.260,-0.061,0.000,0.061,
27,0.270,0.183,-0.061,0.061,
28,0.280,0.305,0.000,0.000,
29,0.290,0.305,0.000,0.000,
30,0.300,-0.183,0.000,0.000,
31,0.310,-0.854,0.061,-0.061,
32,0.320,-1.282,0.061,0.000,
33,0.330,-1.709,0.061,0.000,
34,0.340,-2.136,0.061,0.061,
35,0.350,-2.319,0.000,0.061,
36,0.360,-2.319,0.000,0.000,
37,0.370,-2.014,0.061,0.000,
38,0.380,-1.404,0.000,0.000,
39,0.390,-1.038,0.183,0.000,
40,0.400,-0.732,0.183,-0.061,
41,0.410,-0.549,0.244,0.000,
42,0.420,-0.366,0.183,-0.061,
43,0.430,-0.061,0.122,-0.061,
44,0.440,0.000,0.061,-0.061,
45,0.450,0.061,0.183,0.000,
46,0.460,0.061,0.183,0.000,
47,0.470,0.122,0.122,0.000,
48,0.480,0.305,0.183,0.000,
49,0.490,0.427,0.244,0.000,
50,0.500,0.183,0.122,0.000,
51,0.510,0.183,0.244,0.000,
52,0.520,0.244,0.122,0.000,
53,0.530,0.610,0.000,0.000,
54,0.540,0.549,0.000,0.000,
55,0.550,0.427,0.000,0.000,
56,0.560,0.366,-0.122,0.000,
57,0.570,0.000,0.000,0.000,
58,0.580,-0.122,-0.183,0.061,
59,0.590,-0.549,-0.061,0.000,
60,0.600,-0.854,-0.061,0.061,
61,0.610,-0.916,-0.061,0.000,
62,0.620,-0.977,-0.061,0.000,
63,0.630,-1.160,-0.061,0.000,
64,0.640,-1.221,-0.061,0.061,
65,0.650,-1.526,-0.061,0.061,
66,0.660,-1.526,0.000,0.000,
67,0.670,-1.831,0.000,0.061,
68,0.680,-1.831,-0.122,0.122,
69,0.690,-1.892,-0.122,0.183,
70,0.700,-2.319,-0.183,0.183,
71,0.710,-2.625,-0.061,0.122,
72,0.720,-2.625,0.000,0.061,
73,0.730,-3.235,0.000,0.061,
74,0.740,-3.113,0.000,0.000,
75,0.750,-2.930,0.000,0.000,
76,0.760,-2.563,0.061,0.061,
77,0.770,-2.686,0.061,0.000,
78,0.780,-2.258,0.183,0.000,
79,0.790,-1.892,0.183,-0.061,
80,0.800,-1.282,0.244,0.000,
81,0.810,-0.549,0.061,0.000,
82,0.820,0.366,-0.061,0.000,
83,0.830,1.526,-0.122,0.061,
84,0.840,2.625,-0.244,0.000,
85,0.850,3.357,-0.244,0.000,
86,0.860,3.479,-0.244,0.000,
87,0.870,3.357,-0.183,0.000,
88,0.880,2.441,0.000,0.000,
89,0.890,1.648,0.000,0.000,
90,0.900,1.099,0.061,-0.061,
91,0.910,0.671,0.000,0.000,
92,0.920,0.488,0.000,0.000,
93,0.930,0.549,-0.122,0.000,
94,0.940,0.427,-0.122,0.122,
95,0.950,0.061,-0.305,0.061,
96,0.960,-0.183,-0.366,0.061,
97,0.970,-0.549,-0.122,0.061,
98,0.980,-0.732,-0.183,0.061,
99,0.990,-0.977,-0.183,0.061,
100,1.000,-0.549,-0.122,0.061,
101,1.010,-0.061,-0.244,0.061,
102,1.020,0.366,-0.366,0.122,
103,1.030,0.305,-0.366,0.122,
104,1.040,0.305,-0.427,0.183,
105,1.050,0.000,-0.366,0.183,
106,1.060,-0.244,-0.427,0.122,
107,1.070,-0.549,-0.305,0.183,
108,1.080,-0.305,-0.305,0.183,
109,1.090,-0.244,-0.122,0.122,
110,1.100,-0.122,-0.061,0.000,
111,1.110,0.000,0.061,0.000,
112,1.120,0.000,0.183,0.000,
113,1.130,0.000,0.183,-0.061,
114,1.140,-0.183,0.183,-0.122,
115,1.150,-0.122,0.305,-0.122,
116,1.160,0.000,0.183,-0.061,
117,1.170,0.000,0.305,-0.061,
118,1.180,-0.122,0.305,-0.061,
119,1.190,-0.061,0.305,-0.183,
120,1.200,0.000,0.366,-0.183,
121,1.210,-0.183,0.366,-0.122,
122,1.220,-0.244,0.305,-0.122,
123,1.230,-0.244,0.244,-0.061,
124,1.240,-0.244,0.122,-0.122,
125,1.250,-0.061,0.061,-0.061,
126,1.260,0.000,0.000,0.000,
127,1.270,0.000,-0.061,0.061,
128,1.280,0.122,-0.183,0.061,
129,1.290,0.183,-0.183,0.000,
130,1.300,0.183,-0.305,0.061,
131,1.310,0.427,-0.427,0.061,
132,1.320,0.061,-0.427,0.122,
133,1.330,0.000,-0.488,0.122,
134,1.340,-0.061,-0.427,0.122,
135,1.350,0.122,-0.366,0.061,
136,1.360,0.366,-0.305,0.061,
137,1.370,0.488,-0.122,0.061,
138,1.380,-0.977,-0.183,0.000,
139,1.390,-10.742,0.061,0.183,
140,1.400,-10.193,0.000,0.732,
141,1.410,-4.456,-0.061,0.305,
142,1.420,-0.610,0.122,0.000,
143,1.430,-3.113,0.549,-0.122,
144,1.440,-2.563,0.793,0.000,
145,1.450,0.000,0.732,0.000,
146,1.460,0.916,0.732,-0.061,
147,1.470,0.244,0.610,-0.061,
148,1.480,0.793,0.427,-0.061,
149,1.490,1.953,0.366,-0.061,
150,1.500,3.235,0.061,-0.122,
151,1.510,3.052,0.183,-0.122,
152,1.520,2.441,0.061,0.000,
153,1.530,1.526,0.122,0.000,
154,1.540,0.488,0.000,0.000,
155,1.550,0.183,-0.122,0.000,
156,1.560,0.549,-0.061,0.000,
157,1.570,1.221,-0.122,0.061,
158,1.580,1.648,-0.305,0.122,
159,1.590,1.892,-0.488,0.061,
160,1.600,2.441,-0.671,0.122,
161,1.610,2.625,-0.793,0.183,
162,1.620,2.441,-0.854,0.183,
163,1.630,1.892,-0.916,0.244,
164,1.640,1.831,-0.854,0.305,
165,1.650,0.732,-0.671,0.183,
166,1.660,0.732,-0.610,0.183,
167,1.670,-0.366,-0.549,0.183,
168,1.680,-1.099,-0.305,0.061,
169,1.690,-1.343,-0.183,0.061,
170,1.700,-1.587,0.000,0.061,
171,1.710,-2.380,0.000,0.000,
172,1.720,-2.686,0.244,0.000,
173,1.730,-2.625,0.122,0.000,
174,1.740,-2.625,0.122,0.000,
175,1.750,-2.319,-0.061,0.122,
176,1.760,-1.892,-0.061,0.183,
177,1.770,-1.587,-0.061,0.122,
178,1.780,-0.671,-0.122,0.122,
179,1.790,-0.610,0.061,0.061,
180,1.800,-0.427,0.000,0.000,
181,1.810,0.000,0.244,0.000,
182,1.820,-0.427,0.244,0.000,
183,1.830,-0.671,0.366,-0.061,
184,1.840,-0.793,0.305,0.000,
185,1.850,-0.854,0.305,0.000,
186,1.860,-1.038,0.305,-0.122,
187,1.870,-1.038,0.366,0.000,
188,1.880,-1.221,0.366,-0.061,
189,1.890,-0.793,0.244,-0.183,
190,1.900,-0.366,0.244,-0.061,
191,1.910,-0.427,0.366,0.000,
192,1.920,-0.183,0.244,-0.061,
193,1.930,-0.061,0.244,-0.061,
194,1.940,-0.061,0.305,0.000,
195,1.950,0.000,0.122,0.000,
196,1.960,0.000,0.122,0.061,
197,1.970,0.488,0.000,0.000,
198,1.980,0.793,0.000,0.000,
199,1.990,1.343,-0.122,0.061,
200,2.000,0.793,0.000,0.000,
201,2.010,0.671,-0.122,0.061,
202,2.020,0.244,-0.061,0.122,
203,2.030,0.061,-0.122,0.122,
204,2.040,0.427,-0.244,0.122,
205,2.050,0.549,-0.366,0.122,
206,2.060,0.977,-0.366,0.183,
207,2.070,1.160,-0.305,0.183,
208,2.080,0.916,-0.244,0.183,
209,2.090,0.305,-0.183,0.183,
210,2.100,-0.061,-0.122,0.122,
211,2.110,-0.854,-0.183,0.183,
212,2.120,-1.587,-0.061,0.122,
213,2.130,-1.709,-0.122,0.122,
214,2.140,-1.404,-0.122,0.183,
215,2.150,-1.038,-0.122,0.061,
216,2.160,-1.038,0.000,0.061,
217,2.170,-0.793,0.061,0.000,
218,2.180,-0.671,0.183,0.000,
219,2.190,-0.671,0.183,0.000,
220,2.200,-0.977,0.244,-0.061,
221,2.210,-1.038,0.244,-0.061,
222,2.220,-0.671,0.122,-0.061,
223,2.230,-0.366,0.061,0.000,
224,2.240,-0.366,0.122,0.000,
225,2.250,-0.366,0.000,0.000,
226,2.260,-0.488,-0.061,0.000,
227,2.270,-0.122,-0.061,0.061,
228,2.280,-0.122,-0.183,0.061,
229,2.290,0.061,-0.183,0.000,
230,2.300,0.244,-0.122,0.000,
231,2.310,-0.122,-0.183,0.000,
232,2.320,-0.610,-0.122,0.000,
233,2.330,-1.099,-0.244,0.061,
234,2.340,-1.221,-0.183,0.000,
235,2.350,-1.465,-0.305,0.000,
236,2.360,-1.587,-0.305,0.000,
237,2.370,-1.648,-0.305,0.000,
238,2.380,-1.282,-0.366,0.122,
239,2.390,-1.038,-0.305,0.061,
240,2.400,-0.977,-0.366,0.061,
241,2.410,-1.465,-0.366,0.183,
242,2.420,-2.014,-0.244,0.183,
243,2.430,-2.197,-0.305,0.183,
244,2.440,-2.136,-0.244,0.183,
245,2.450,-2.075,-0.183,0.122,
246,2.460,-1.831,-0.183,0.000,
247,2.470,-1.465,0.000,0.000,
248,2.480,-1.343,-0.061,0.000,
249,2.490,-1.221,0.061,-0.122,
250,2.500,-0.244,0.122,-0.183,
251,2.510,0.305,0.183,-0.122,
252,2.520,0.549,0.305,-0.122,
253,2.530,0.061,0.427,-0.122,
254,2.540,-0.061,0.305,-0.244,
255,2.550,0.000,0.427,-0.122,
256,2.560,0.183,0.366,-0.061,
257,2.570,0.549,0.427,-0.061,
258,2.580,1.099,0.366,-0.061,
259,2.590,1.282,0.305,-0.061,
260,2.600,1.160,0.305,-0.061,
261,2.610,0.793,0.427,-0.061,
262,2.620,0.122,0.488,-0.122,
263,2.630,-0.366,0.549,-0.061,
264,2.640,-0.977,0.549,-0.061,
265,2.650,-1.160,0.427,0.000,
266,2.660,-1.038,0.366,0.000,
267,2.670,-0.549,0.244,0.000,
268,2.680,0.000,0.244,0.000,
269,2.690,0.244,0.122,0.000,
270,2.700,0.366,0.183,0.000,
271,2.710,0.244,0.122,0.000,
272,2.720,0.061,0.061,0.000,
273,2.730,-0.122,0.000,0.061,
274,2.740,0.000,-0.061,0.122,
275,2.750,0.000,-0.183,0.061,
276,2.760,0.122,-0.061,0.183,
277,2.770,0.183,-0.122,0.000,
278,2.780,0.488,-0.122,0.061,
279,2.790,0.732,-0.122,0.122,
280,2.800,0.732,-0.061,0.000,
281,2.810,0.671,-0.183,0.000,
282,2.820,0.732,-0.122,0.000,
283,2.830,0.488,-0.122,0.122,
284,2.840,0.610,-0.183,0.122,
285,2.850,0.305,-0.183,0.122,
286,2.860,0.061,-0.305,0.061,
287,2.870,0.000,-0.305,0.061,
288,2.880,0.000,-0.183,0.061,
289,2.890,0.000,-0.061,0.000,
290,2.900,-0.183,0.000,0.000,
291,2.910,-0.610,0.000,0.061,
292,2.920,-0.854,0.000,0.061,
293,2.930,-0.977,0.000,0.000,
294,2.940,-0.732,0.061,0.000,
295,2.950,-0.549,0.061,0.000,
296,2.960,-0.305,0.000,0.000,
297,2.970,0.122,0.183,0.000,
298,2.980,-0.061,0.061,-0.061,
299,2.990,-0.244,0.122,0.000,
300,3.000,-0.732,0.122,0.000,
301,3.010,-1.282,0.122,0.000,
302,3.020,-1.221,0.000,0.061,
303,3.030,0.000,0.000,0.000,
304,3.040,0.671,-0.122,0.061,
305,3.050,1.404,-0.061,0.000,
306,3.060,1.953,-0.122,0.000,
307,3.070,1.831,0.000,-0.061,
308,3.080,1.221,0.000,-0.061,
309,3.090,0.305,0.122,0.000,
310,3.100,0.000,0.061,0.000,
311,3.110,-0.244,0.000,0.000,
312,3.120,0.244,0.000,0.000,
313,3.130,0.977,-0.061,0.000,
314,3.140,1.465,-0.122,0.000,
315,3.150,1.526,-0.122,0.000,
316,3.160,1.160,-0.244,0.000,
317,3.170,0.488,-0.061,0.000,
318,3.180,0.000,-0.061,0.000,
319,3.190,-0.183,-0.122,0.061,
320,3.200,-0.305,-0.183,0.000,
321,3.210,-0.366,-0.305,0.000,
322,3.220,-0.427,-0.305,0.000,
323,3.230,-0.427,-0.244,0.061,
324,3.240,-0.366,-0.305,0.000,
325,3.250,-0.122,-0.305,0.061,
326,3.260,-0.183,-0.305,0.122,
327,3.270,0.000,-0.244,0.122,
328,3.280,0.366,-0.305,0.061,
329,3.290,0.366,-0.305,0.000,
330,3.300,0.061,-0.122,0.061,
331,3.310,-0.305,-0.061,0.122,
332,3.320,-0.366,0.000,0.061,
333,3.330,-0.122,0.000,0.000,
334,3.340,0.000,0.183,-0.061,
335,3.350,0.061,0.305,-0.061,
336,3.360,0.366,0.427,0.000,
337,3.370,0.732,0.366,-0.122,
338,3.380,0.488,0.427,-0.061,
339,3.390,0.122,0.549,-0.122,
340,3.400,0.000,0.549,-0.122,
341,3.410,-0.244,0.549,-0.122,
342,3.420,-0.427,0.366,-0.122,
343,3.430,-0.488,0.366,-0.061,
344,3.440,-0.488,0.183,0.000,
345,3.450,-0.305,0.061,0.000,
346,3.460,-0.061,0.061,0.000,
347,3.470,0.122,0.000,0.000,
348,3.480,0.305,-0.061,0.000,
349,3.490,0.427,0.000,0.000,
350,3.500,0.549,0.000,0.000,
351,3.510,0.488,0.122,-0.061,
352,3.520,0.488,0.122,-0.061,
353,3.530,0.488,0.122,0.000,
354,3.540,0.427,0.000,0.000,
355,3.550,0.305,0.061,0.000,
356,3.560,0.244,0.000,0.000,
357,3.570,0.000,0.000,0.000,
358,3.580,-0.549,0.000,0.000,
359,3.590,-1.282,0.061,0.000,
360,3.600,-1.343,0.122,0.061,
361,3.610,-0.977,0.183,0.061,
362,3.620,-0.488,0.183,0.061,
363,3.630,-0.183,0.061,0.061,
364,3.640,0.122,0.122,0.000,
365,3.650,0.366,0.183,-0.061,
366,3.660,0.366,0.244,-0.061,
367,3.670,0.366,0.244,0.000,
368,3.680,0.000,0.183,0.000,
369,3.690,-0.488,0.183,0.000,
370,3.700,-0.916,0.122,0.000,
371,3.710,-1.160,0.183,0.000,
372,3.720,-0.916,0.000,0.000,
373,3.730,-0.793,0.000,0.000,
374,3.740,-1.099,0.000,0.000,
375,3.750,-1.160,0.000,0.000,
376,3.760,-0.977,0.000,0.000,
377,3.770,-0.793,0.061,0.000,
378,3.780,-0.793,0.061,0.000,
379,3.790,-0.549,0.122,0.000,
380,3.800,-0.305,0.000,0.000,
381,3.810,-0.366,0.122,-0.061,
382,3.820,-0.610,0.061,0.000,
383,3.830,-0.916,0.000,0.000,
384,3.840,-0.854,0.000,0.000,
385,3.850,-0.610,0.000,0.000,
386,3.860,0.000,-0.183,0.061,
387,3.870,0.122,-0.183,0.122,
388,3.880,0.244,-0.122,0.061,
389,3.890,0.671,-0.244,0.000,
390,3.900,0.916,-0.244,0.000,
391,3.910,0.549,-0.244,0.000,
392,3.920,0.183,-0.183,0.061,
393,3.930,0.000,-0.183,0.061,
394,3.940,0.000,-0.122,0.000,
395,3.950,-0.122,-0.061,-0.061,
396,3.960,0.000,0.000,0.000,
397,3.970,0.122,0.000,0.000,
398,3.980,0.305,0.061,-0.061,
399,3.990,0.122,0.061,0.000,
400,4.000,0.000,0.061,0.000,
401,4.010,-0.122,0.061,0.000,
402,4.020,-0.244,0.000,0.000,
403,4.030,-0.244,-0.122,0.061,
404,4.040,-0.061,-0.061,0.000,
405,4.050,0.122,-0.122,0.122,
406,4.060,0.244,-0.183,0.061,
407,4.070,0.244,-0.122,0.000,
408,4.080,0.488,-0.061,0.000,
409,4.090,0.549,-0.061,0.000,
410,4.100,0.549,-0.061,0.000,
411,4.110,0.366,-0.122,0.000,
412,4.120,0.061,-0.061,0.000,
413,4.130,0.000,-0.183,0.000,
414,4.140,0.000,0.000,0.000,
415,4.150,-0.183,-0.061,0.000,
416,4.160,0.000,0.000,0.000,
417,4.170,0.183,0.061,0.000,
418,4.180,0.305,0.183,0.000,
419,4.190,0.122,0.305,0.000,
420,4.200,0.000,0.183,0.000,
421,4.210,-0.366,0.366,0.000,
422,4.220,-0.549,0.305,0.000,
423,4.230,-0.610,0.305,-0.061,
424,4.240,-0.183,0.305,-0.061,
425,4.250,0.305,0.366,0.000,
426,4.260,0.610,0.305,-0.061,
427,4.270,0.793,0.244,-0.061,
428,4.280,0.488,0.244,-0.122,
429,4.290,0.305,0.305,-0.061,
430,4.300,0.000,0.244,0.000,
431,4.310,0.183,0.183,0.000,
432,4.320,0.427,0.000,0.000,
433,4.330,0.732,-0.122,0.000,
434,4.340,0.488,-0.183,0.000,
435,4.350,0.366,-0.244,0.061,
436,4.360,0.000,-0.305,0.000,
437,4.370,-0.366,-0.244,0.061,
438,4.380,-0.916,-0.244,0.061,
439,4.390,-0.854,-0.122,0.122,
440,4.400,-0.427,-0.061,0.061,
441,4.410,0.122,-0.061,0.061,
442,4.420,0.671,-0.122,0.061,
443,4.430,0.977,-0.122,0.061,
444,4.440,0.977,-0.183,0.061,
445,4.450,0.793,-0.183,0.000,
446,4.460,0.244,-0.183,0.000,
447,4.470,-0.427,-0.122,0.000,
448,4.480,-0.977,-0.122,0.122,
449,4.490,-1.282,0.000,0.061,
450,4.500,-1.038,-0.061,0.122,
451,4.510,-0.977,-0.061,0.000,
452,4.520,-0.671,0.000,0.061,
453,4.530,-0.244,-0.061,0.061,
454,4.540,-0.183,0.000,0.061,
455,4.550,-0.183,0.061,0.000,
456,4.560,-0.488,0.183,-0.061,
457,4.570,-0.427,0.183,0.000,
458,4.580,0.000,0.122,0.000,
459,4.590,0.427,0.183,0.061,
460,4.600,0.977,-0.061,0.000,
461,4.610,1.587,-0.061,0.061,
462,4.620,1.587,-0.122,0.061,
463,4.630,0.854,-0.061,0.000,
464,4.640,0.061,0.000,0.000,
465,4.650,-0.244,0.000,0.061,
466,4.660,-0.549,0.122,0.000,
467,4.670,-0.366,0.122,0.000,
468,4.680,0.000,0.305,-0.061,
469,4.690,0.122,0.366,0.000,
470,4.700,0.122,0.305,-0.061,
471,4.710,0.000,0.244,-0.122,
472,4.720,-0.488,0.183,-0.061,
473,4.730,-1.038,0.305,-0.061,
474,4.740,-1.343,0.061,0.000,
475,4.750,-1.343,-0.061,0.061,
476,4.760,-0.732,-0.183,0.061,
477,4.770,0.000,-0.305,0.122,
478,4.780,0.671,-0.427,0.122,
479,4.790,0.854,-0.366,0.122,
480,4.800,0.610,-0.366,0.061,
481,4.810,0.244,-0.305,0.061,
482,4.820,0.000,-0.366,0.061,
483,4.830,-0.366,-0.183,0.061,
484,4.840,-0.183,-0.183,-0.061,
485,4.850,0.000,0.000,-0.061,
486,4.860,0.671,0.061,0.000,
487,4.870,0.793,0.000,0.000,
488,4.880,0.793,0.000,-0.061,
489,4.890,0.671,0.061,0.000,
490,4.900,0.366,0.061,0.000,
491,4.910,0.000,0.122,0.000,
492,4.920,-0.366,0.122,0.000,
493,4.930,-0.549,0.061,0.061,
494,4.940,-0.488,0.122,0.000,
495,4.950,-0.427,0.122,0.000,
496,4.960,-0.244,0.000,0.000,
497,4.970,-0.305,0.061,0.000,
498,4.980,-0.671,0.061,0.000,
499,4.990,-0.854,0.122,-0.061,
500,5.000,-0.793,0.122,0.000,
501,5.010,-0.610,0.000,0.000,
502,5.020,-0.366,-0.061,0.000,
503,5.030,-0.183,-0.122,0.061,
504,5.040,-0.183,-0.122,0.061,
505,5.050,-0.244,-0.122,0.061,
506,5.060,-0.549,-0.183,0.061,
507,5.070,-0.793,-0.244,0.061,
508,5.080,-0.793,-0.305,0.122,
509,5.090,-0.732,-0.244,0.122,
510,5.100,-0.732,-0.122,0.122,
511,5.110,-0.732,-0.061,0.122,
512,5.120,-0.244,0.061,0.000,
513,5.130,-0.061,0.244,0.000,
514,5.140,0.183,0.427,-0.061,
515,5.150,0.305,0.549,-0.183,
516,5.160,0.427,0.610,-0.061,
517,5.170,0.427,0.549,-0.183,
518,5.180,0.732,0.427,-0.122,
519,5.190,1.038,0.366,0.000,
520,5.200,1.160,0.244,-0.061,
521,5.210,1.343,0.183,0.000,
522,5.220,1.465,0.061,-0.061,
523,5.230,1.465,-0.061,0.000,
524,5.240,1.526,0.000,0.000,
525,5.250,1.404,0.000,0.061,
526,5.260,0.793,-0.061,0.000,
527,5.270,0.610,0.000,0.000,
528,5.280,0.244,0.000,0.000,
529,5.290,0.000,0.000,0.000,
530,5.300,-0.671,0.000,0.061,
531,5.310,-1.282,0.000,0.061,
532,5.320,-2.014,0.000,0.000,
533,5.330,-2.441,0.000,0.061,
534,5.340,-2.563,-0.061,0.061,
535,5.350,-2.136,-0.305,0.122,
536,5.360,-1.526,-0.305,0.061,
537,5.370,-1.099,-0.488,0.122,
538,5.380,-0.488,-0.366,0.122,
539,5.390,0.000,-0.366,0.122,
540,5.400,0.549,-0.305,0.061,
541,5.410,0.549,-0.244,0.000,
542,5.420,0.244,-0.244,0.061,
543,5.430,-0.183,-0.305,0.061,
544,5.440,-0.488,-0.305,0.000,
545,5.450,-0.488,-0.305,0.000,
546,5.460,-0.427,-0.305,0.061,
547,5.470,0.000,-0.244,0.000,
548,5.480,0.183,-0.244,0.000,
549,5.490,0.366,-0.244,0.000,
550,5.500,0.732,-0.122,0.061,
551,5.510,0.671,-0.061,0.061,
552,5.520,0.732,-0.061,0.061,
553,5.530,0.488,0.000,0.061,
554,5.540,0.366,0.061,0.000,
555,5.550,0.244,0.183,0.000,
556,5.560,0.244,0.183,0.000,
557,5.570,0.305,0.244,-0.061,
558,5.580,0.122,0.244,0.000,
559,5.590,0.305,0.366,0.000,
560,5.600,0.244,0.305,-0.061,
561,5.610,0.122,0.305,0.000,
562,5.620,0.122,0.366,-0.061,
563,5.630,0.000,0.244,0.000,
564,5.640,0.000,0.183,0.000,
565,5.650,0.000,0.122,0.000,
566,5.660,0.000,0.183,0.000,
567,5.670,0.305,0.122,0.000,
568,5.680,0.183,0.122,0.000,
569,5.690,0.000,0.061,0.000,
570,5.700,-0.610,0.000,0.000,
571,5.710,-0.854,0.000,0.061,
572,5.720,-1.099,0.000,0.122,
573,5.730,-1.465,0.000,0.061,
574,5.740,-0.977,-0.061,0.000,
575,5.750,-0.488,-0.244,0.000,
576,5.760,0.000,-0.183,0.000,
577,5.770,0.183,-0.122,0.061,
578,5.780,0.183,-0.183,0.061,
579,5.790,0.000,0.000,0.061,
580,5.800,-0.183,0.000,0.061,
581,5.810,-0.488,-0.122,0.000,
582,5.820,-0.732,0.000,0.122,
583,5.830,-0.549,0.000,0.000,
584,5.840,-0.122,0.061,0.000,
585,5.850,0.305,0.061,0.000,
586,5.860,0.732,0.000,-0.061,
587,5.870,0.732,0.122,0.000,
588,5.880,0.427,0.183,-0.061,
589,5.890,0.061,0.244,0.000,
590,5.900,0.122,0.122,0.000,
591,5.910,0.366,0.122,0.000,
592,5.920,0.732,0.061,0.000,
593,5.930,1.099,0.061,0.000,
594,5.940,1.343,0.061,-0.061,
595,5.950,1.343,0.122,-0.061,
596,5.960,1.526,0.183,0.000,
597,5.970,1.221,0.122,-0.061,
598,5.980,1.282,0.183,0.000,
599,5.990,1.160,0.000,0.000,
600,6.000,1.160,0.000,0.061,
601,6.010,1.038,-0.122,0.061,
602,6.020,0.610,-0.305,0.061,
603,6.030,-1.648,-0.305,0.000,
604,6.040,2.686,-0.244,0.000,
605,6.050,0.366,-0.122,0.000,
606,6.060,-0.366,-0.122,0.000,
607,6.070,-1.160,0.000,0.000,
608,6.080,-0.793,0.000,0.000,
609,6.090,-1.221,0.000,0.000,
610,6.100,-0.305,0.000,0.000,
611,6.110,-0.488,0.000,0.000,
612,6.120,-0.122,0.000,0.000,
613,6.130,0.000,0.000,-0.061,
614,6.140,0.732,0.000,0.000,
615,6.150,0.977,0.000,0.000,
616,6.160,0.854,-0.061,0.000,
617,6.170,0.793,0.000,0.000,
618,6.180,0.305,-0.061,0.000,
619,6.190,0.000,-0.183,0.000,
620,6.200,-0.061,-0.122,0.061,
621,6.210,0.183,-0.183,0.000,
622,6.220,0.061,-0.244,0.000,
623,6.230,0.549,-0.305,0.122,
624,6.240,0.427,-0.305,0.183,
625,6.250,0.183,-0.244,0.183,
626,6.260,0.793,-0.122,0.061,
627,6.270,0.977,-0.183,0.061,
628,6.280,1.160,-0.305,0.061,
629,6.290,1.038,-0.244,0.122,
630,6.300,0.977,-0.183,0.061,
631,6.310,0.977,-0.183,0.061,
632,6.320,0.793,-0.061,0.000,
633,6.330,0.610,-0.061,0.122,
634,6.340,0.366,-0.061,0.000,
635,6.350,0.183,-0.061,0.000,
636,6.360,-0.122,-0.061,0.122,
637,6.370,-0.183,-0.061,0.061,
638,6.380,0.000,-0.122,0.061,
639,6.390,-0.244,-0.122,0.000,
640,6.400,-0.244,0.000,0.061,
641,6.410,-0.305,0.000,0.000,
642,6.420,-0.610,0.122,0.000,
643,6.430,-0.854,0.061,0.000,
644,6.440,-0.854,0.244,0.000,
645,6.450,-0.671,0.244,0.000,
646,6.460,-0.549,0.305,-0.061,
647,6.470,-0.427,0.122,0.000,
648,6.480,-0.183,0.122,-0.061,
649,6.490,0.061,0.122,0.000,
650,6.500,0.549,0.122,0.000,
651,6.510,0.610,0.000,0.000,
652,6.520,0.549,0.000,0.122,
653,6.530,0.427,0.122,0.000,
654,6.540,0.305,0.000,0.000,
655,6.550,0.061,0.061,0.000,
656,6.560,0.122,0.122,0.000,
657,6.570,0.000,0.122,0.000,
658,6.580,0.000,0.061,0.000,
659,6.590,0.122,0.244,0.000,
660,6.600,0.000,0.122,0.000,
661,6.610,0.000,0.183,-0.061,
662,6.620,-0.183,0.122,0.000,
663,6.630,-0.671,0.183,0.000,
664,6.640,-0.977,0.183,0.061,
665,6.650,-0.549,0.122,0.061,
666,6.660,0.000,0.000,0.061,
667,6.670,0.549,0.000,0.061,
668,6.680,0.732,0.122,0.061,
669,6.690,0.854,0.061,0.000,
670,6.700,0.793,0.244,0.000,
671,6.710,0.366,0.366,-0.061,
672,6.720,-0.244,0.488,-0.122,
673,6.730,-0.916,0.549,-0.122,
674,6.740,-0.793,0.549,-0.122,
675,6.750,-0.488,0.305,-0.061,
676,6.760,-0.122,0.183,0.000,
677,6.770,0.244,0.305,-0.122,
678,6.780,0.610,0.244,0.000,
679,6.790,0.793,0.122,0.000,
680,6.800,0.916,0.061,0.000,
681,6.810,1.038,0.000,0.000,
682,6.820,0.977,0.061,0.000,
683,6.830,0.793,0.000,0.000,
684,6.840,0.488,0.000,0.000,
685,6.850,0.305,0.000,0.061,
686,6.860,0.305,0.122,0.000,
687,6.870,0.427,0.061,-0.061,
688,6.880,0.488,0.122,0.000,
689,6.890,0.549,0.122,-0.061,
690,6.900,0.549,0.000,0.000,
691,6.910,0.427,-0.061,0.061,
692,6.920,0.549,-0.244,0.183,
693,6.930,0.610,-0.366,0.122,
694,6.940,1.038,-0.366,0.061,
695,6.950,1.099,-0.366,0.000,
696,6.960,1.038,-0.305,0.061,
697,6.970,1.282,-0.305,0.061,
698,6.980,0.549,-0.183,0.122,
699,6.990,0.305,-0.244,0.061,
700,7.000,-0.610,-0.244,0.061,
701,7.010,-1.099,-0.183,0.061,
702,7.020,-0.977,-0.183,0.122,
703,7.030,-0.488,-0.244,0.000,
704,7.040,-0.305,-0.122,0.000,
705,7.050,-0.427,0.000,0.000,
706,7.060,-0.793,0.122,0.061,
707,7.070,-1.343,0.366,-0.061,
708,7.080,-2.136,0.671,-0.122,
709,7.090,-2.380,0.793,-0.122,
710,7.100,-1.892,0.854,-0.122,
711,7.110,-1.160,0.793,-0.244,
712,7.120,-0.916,0.610,-0.122,
713,7.130,-0.122,0.427,0.000,
714,7.140,0.305,0.305,0.000,
715,7.150,1.099,0.000,0.000,
716,7.160,1.404,-0.122,0.000,
717,7.170,1.526,-0.305,0.122,
718,7.180,1.648,-0.427,0.061,
719,7.190,1.770,-0.427,0.000,
720,7.200,1.770,-0.488,0.061,
721,7.210,1.892,-0.427,0.061,
722,7.220,1.709,-0.549,0.061,
723,7.230,1.282,-0.549,0.061,
724,7.240,0.610,-0.549,0.122,
725,7.250,0.000,-0.671,0.122,
726,7.260,-0.305,-0.610,0.183,
727,7.270,-0.549,-0.610,0.183,
728,7.280,-0.977,-0.549,0.122,
729,7.290,-1.221,-0.488,0.183,
730,7.300,-1.221,-0.305,0.122,
731,7.310,-0.977,-0.244,0.061,
732,7.320,-0.671,-0.122,0.000,
733,7.330,-0.488,0.183,0.000,
734,7.340,-0.427,0.244,-0.061,
735,7.350,-0.305,0.488,-0.061,
736,7.360,-0.122,0.488,-0.061,
737,7.370,0.000,0.610,-0.122,
738,7.380,0.305,0.671,-0.122,
739,7.390,0.732,0.671,-0.244,
740,7.400,0.671,0.549,-0.183,
741,7.410,0.488,0.671,-0.122,
742,7.420,0.000,0.610,-0.061,
743,7.430,-0.061,0.488,0.000,
744,7.440,-0.244,0.427,0.000,
745,7.450,-0.305,0.305,0.000,
746,7.460,-0.244,0.183,0.000,
747,7.470,-0.183,0.122,0.061,
748,7.480,-0.366,-0.061,0.000,
749,7.490,-0.610,-0.122,0.061,
750,7.500,-0.793,-0.183,0.122,
751,7.510,-0.732,-0.305,0.122,
752,7.520,-0.305,-0.244,0.122,
753,7.530,0.061,-0.305,0.122,
754,7.540,0.305,-0.366,0.122,
755,7.550,0.732,-0.427,0.061,
756,7.560,1.099,-0.305,0.061,
757,7.570,1.465,-0.427,0.000,
758,7.580,1.953,-0.427,0.000,
759,7.590,2.075,-0.305,0.061,
760,7.600,1.648,-0.305,0.000,
761,7.610,0.854,-0.061,0.061,
762,7.620,0.000,0.000,-0.061,
763,7.630,-0.671,0.061,0.000,
764,7.640,-1.038,0.122,0.000,
765,7.650,-1.038,0.244,0.000,
766,7.660,-0.854,0.244,0.000,
767,7.670,-0.793,0.366,-0.061,
768,7.680,-0.732,0.366,0.000,
769,7.690,-0.671,0.366,0.000,
770,7.700,-0.488,0.366,-0.122,
771,7.710,-0.183,0.305,0.000,
772,7.720,0.183,0.305,0.000,
773,7.730,0.488,0.183,0.000,
774,7.740,0.610,0.183,0.000,
775,7.750,0.488,0.000,0.000,
776,7.760,0.000,-0.061,0.061,
777,7.770,-0.488,-0.183,0.061,
778,7.780,-0.793,-0.244,0.122,
779,7.790,-0.977,-0.366,0.000,
780,7.800,-0.671,-0.488,0.061,
781,7.810,-0.061,-0.488,0.061,
782,7.820,0.122,-0.488,0.183,
783,7.830,0.000,-0.366,0.061,
784,7.840,-0.610,-0.427,0.000,
785,7.850,-0.977,-0.244,0.061,
786,7.860,-0.610,-0.183,0.000,
787,7.870,-1.831,-0.061,0.122,
788,7.880,-1.770,-0.061,0.000,
789,7.890,-2.075,-0.122,0.000,
790,7.900,-2.014,-0.122,0.000,
791,7.910,-1.892,-0.305,0.000,
792,7.920,-1.648,-0.183,0.061,
793,7.930,-1.831,-0.305,0.000,
794,7.940,-2.502,-0.244,0.000,
795,7.950,-5.371,-0.122,0.122,
796,7.960,-6.653,-0.061,0.122,
797,7.970,-10.193,0.000,0.122,
798,7.980,-10.071,0.000,0.122,
799,7.990,-9.888,0.061,0.000,
800,8.000,-9.583,0.000,0.061,
801,8.010,-10.498,-0.061,0.183,
802,8.020,-10.559,-0.244,0.061,
803,8.030,-10.071,-0.183,0.122,
804,8.040,-6.958,-0.366,0.061,
805,8.050,-3.723,-0.488,0.122,
806,8.060,-14.282,0.061,0.305,
807,8.070,-1.831,-0.671,0.244,
808,8.080,-1.587,-0.793,0.061,
809,8.090,-11.169,-0.305,0.671,
810,8.100,-1.343,-0.854,0.305,
811,8.110,-9.094,-0.366,0.732,
812,8.120,-6.409,-0.183,0.671,
813,8.130,-1.038,-0.122,0.366,
814,8.140,3.052,-0.183,0.061,
815,8.150,-0.122,0.000,0.000,
816,8.160,-1.526,0.244,-0.061,
817,8.170,-3.052,0.122,0.122,
818,8.180,-7.446,0.183,0.244,
819,8.190,-17.212,0.732,0.427,
820,8.200,-14.893,1.160,0.000,
821,8.210,-17.944,2.014,-0.488,
822,8.220,-14.648,2.747,-1.160,
823,8.230,-9.888,3.357,-1.282,
824,8.240,-10.559,4.028,-1.526,
825,8.250,-11.597,4.700,-1.709,
826,8.260,-8.667,5.066,-2.014,
827,8.270,-8.057,5.310,-2.380,
828,8.280,-14.404,5.798,-2.380,
829,8.290,6.897,5.249,-3.296,
830,8.300,9.705,4.333,-3.113,
831,8.310,6.165,3.418,-3.540,
832,8.320,3.967,3.052,-2.808,
833,8.330,43.640,0.916,-2.380,
834,8.340,11.536,2.563,-2.075,
835,8.350,-4.150,2.502,-2.563,
836,8.360,0.000,1.526,-2.075,
837,8.370,9.827,-0.122,-2.075,
838,8.380,13.855,-1.343,-1.709,
839,8.390,11.414,-2.502,-1.465,
840,8.400,15.808,-3.601,-1.099,
841,8.410,-7.324,-3.418,-0.793,
842,8.420,-7.813,-4.150,-0.244,
843,8.430,-13.489,-4.822,0.000,
844,8.440,-12.573,-5.676,0.244,
845,8.450,-10.010,-6.592,0.244,
846,8.460,-7.751,-7.141,0.488,
847,8.470,-9.644,-7.385,0.854,
848,8.480,-10.498,-7.568,1.038,
849,8.490,-12.207,-7.507,1.038,
850,8.500,-12.695,-7.324,1.221,
851,8.510,-15.564,-6.897,1.282,
852,8.520,-18.250,-6.287,1.282,
853,8.530,-15.564,-6.104,1.099,
854,8.540,-15.442,-5.493,0.977,
855,8.550,-15.442,-5.127,0.977,
856,8.560,-14.832,-4.883,0.916,
857,8.570,-13.489,-4.822,0.854,
858,8.580,-14.709,-4.578,0.549,
859,8.590,-13.123,-4.333,0.610,
860,8.600,-10.620,-4.395,0.610,
861,8.610,-8.057,-4.150,0.488,
862,8.620,-8.118,-3.662,0.671,
863,8.630,-7.813,-3.174,0.916,
864,8.640,-7.263,-2.441,0.977,
865,8.650,-6.042,-1.526,0.732,
866,8.660,-5.066,-0.732,0.122,
867,8.670,-4.700,0.061,-0.061,
868,8.680,-5.310,0.977,-0.183,
869,8.690,-5.005,1.587,-0.305,
870,8.700,-5.127,1.770,-0.610,
871,8.710,-6.775,1.526,-0.854,
872,8.720,-6.409,1.099,-0.916,
873,8.730,-6.348,0.549,-0.854,
874,8.740,-4.028,0.000,-0.732,
875,8.750,-1.038,-0.427,-0.549,
876,8.760,0.000,-0.610,-0.305,
877,8.770,-1.465,-0.854,-0.244,
878,8.780,-2.014,-1.038,-0.122,
879,8.790,-1.709,-1.221,-0.122,
880,8.800,-0.366,-1.160,-0.061,
881,8.810,1.343,-1.099,-0.061,
882,8.820,-0.977,-0.671,-0.183,
883,8.830,-3.845,-0.183,-0.305,
884,8.840,-3.723,0.000,-0.488,
885,8.850,-2.808,-0.122,-0.427,
886,8.860,-1.221,-0.488,-0.366,
887,8.870,0.427,-0.793,-0.183,
888,8.880,0.427,-0.854,-0.183,
889,8.890,0.671,-0.732,-0.305,
890,8.900,-0.732,-0.610,-0.427,
891,8.910,-2.075,-0.671,-0.366,
892,8.920,-1.282,-0.732,0.000,
893,8.930,-2.319,-0.854,0.366,
894,8.940,4.578,-1.221,0.793,
895,8.950,5.249,-1.221,0.732,
896,8.960,8.789,-1.221,0.549,
897,8.970,8.179,-0.793,0.488,
898,8.980,9.277,-0.244,0.549,
899,8.990,8.789,0.183,0.793,
900,9.000,7.996,0.122,0.549,
901,9.010,7.080,0.244,0.488,
902,9.020,4.944,0.671,0.366,
903,9.030,1.831,1.160,0.122,
904,9.040,1.038,1.709,0.000,
905,9.050,-0.366,2.258,-0.305,
906,9.060,-4.211,2.869,-0.549,
907,9.070,-8.545,3.235,-0.610,
908,9.080,-10.010,2.991,-0.305,
909,9.090,-7.935,2.258,-0.061,
910,9.100,-7.568,1.526,0.061,
911,9.110,-7.996,0.916,0.122,
912,9.120,-8.728,0.488,0.061,
913,9.130,-10.010,0.183,0.122,
914,9.140,-12.939,0.000,0.000,
915,9.150,-13.794,-0.488,0.000,
916,9.160,-10.010,-1.404,0.183,
917,9.170,-9.949,-2.014,0.549,
918,9.180,-10.132,-2.258,0.793,
919,9.190,-10.986,-2.258,0.854,
920,9.200,-15.808,-1.770,0.854,
921,9.210,-15.015,-1.099,0.671,
922,9.220,-2.441,-0.916,0.488,
923,9.230,-7.080,0.122,0.305,
924,9.240,-20.508,1.709,0.122,
925,9.250,-26.367,3.113,0.305,
926,9.260,-72.632,6.287,1.038,
927,9.270,-30.762,4.333,-0.061,
928,9.280,21.484,1.587,-0.793,
929,9.290,34.912,1.099,-0.549,
930,9.300,48.218,0.793,-0.122,
931,9.310,58.533,0.000,-0.061,
932,9.320,68.909,-0.671,0.000,
933,9.330,63.843,-0.427,0.061,
934,9.340,64.453,-0.244,-0.305,
935,9.350,64.941,0.183,-0.244,
936,9.360,68.237,0.977,-0.610,
937,9.370,66.956,2.075,-0.793,
938,9.380,64.270,2.991,-1.221,
939,9.390,67.871,3.235,-1.587,
940,9.400,75.256,3.052,-2.319,
941,9.410,67.932,3.357,-2.380,
942,9.420,38.757,4.578,-1.831,
943,9.430,26.917,4.822,-1.343,
944,9.440,13.000,5.188,-0.916,
945,9.450,9.460,5.737,-0.854,
946,9.460,5.859,7.019,-0.854,
947,9.470,10.132,7.813,-1.587,
948,9.480,8.728,9.216,-2.197,
949,9.490,6.348,10.559,-3.235,
950,9.500,11.414,11.597,-3.479,
951,9.510,-9.216,13.611,-3.723,
952,9.520,-14.282,14.709,-4.211,
953,9.530,-9.521,15.625,-4.761,
954,9.540,-0.854,16.052,-5.554,
955,9.550,-0.854,16.663,-5.676,
956,9.560,-0.671,17.151,-5.737,
957,9.570,5.310,17.212,-5.920,
958,9.580,18.066,16.663,-6.287,
959,9.590,33.020,15.991,-6.165,
960,9.600,40.283,15.564,-6.409,
961,9.610,41.382,15.137,-6.165,
962,9.620,43.701,14.160,-6.165,
963,9.630,24.109,13.611,-6.104,
964,9.640,-9.033,14.038,-4.456,
965,9.650,-19.287,13.306,-2.686,
966,9.660,-11.292,11.597,-1.099,
967,9.670,4.761,8.850,-0.244,
968,9.680,-9.766,6.836,0.488,
969,9.690,-18.372,4.700,1.953,
970,9.700,-11.841,1.648,2.747,
971,9.710,-3.357,-1.038,3.723,
972,9.720,1.282,-3.784,4.272,
973,9.730,-0.854,-6.104,5.005,
974,9.740,2.380,-8.789,5.920,
975,9.750,5.127,-10.986,6.775,
976,9.760,7.080,-12.939,7.385,
977,9.770,10.376,-14.648,8.057,
978,9.780,13.489,-15.991,8.667,
979,9.790,23.926,-17.639,8.972,
980,9.800,34.546,-19.531,9.033,
981,9.810,34.241,-20.386,9.827,
982,9.820,35.645,-21.423,10.376,
983,9.830,33.813,-22.400,10.620,
984,9.840,30.945,-23.010,10.864,
985,9.850,22.888,-23.254,11.292,
986,9.860,14.832,-23.010,10.376,
987,9.870,-4.883,-20.813,11.292,
988,9.880,5.798,-19.775,11.047,
989,9.890,0.244,-18.738,9.827,
990,9.900,4.456,-18.066,9.766,
991,9.910,-9.277,-17.395,9.521,
992,9.920,-10.010,-17.090,9.827,
993,9.930,-11.719,-16.663,8.850,
994,9.940,-0.366,-15.625,8.362,
995,9.950,14.343,-14.587,7.141,
996,9.960,17.273,-12.878,5.859,
997,9.970,35.828,-11.841,4.761,
998,9.980,37.048,-10.254,3.479,
999,9.990,40.222,-8.484,3.174,
1000,10.000,31.799,-7.019,2.808,
1001,10.010,33.386,-6.226,2.197,
1002,10.020,30.579,-5.493,1.770,
1003,10.030,38.574,-5.554,1.038,
1004,10.040,47.607,-5.432,0.793,
1005,10.050,55.115,-5.249,0.122,
1006,10.060,65.308,-4.944,-0.305,
1007,10.070,52.979,-3.479,-0.732,
1008,10.080,50.781,-2.258,-1.038,
1009,10.090,54.626,-1.831,-1.343,
1010,10.100,64.331,-1.648,-1.648,
1011,10.110,66.650,-1.343,-2.136,
1012,10.120,72.693,-1.038,-2.319,
1013,10.130,84.473,-0.793,-2.441,
1014,10.140,85.815,-0.854,-2.563,
1015,10.150,78.064,-0.488,-2.441,
1016,10.160,64.636,0.061,-2.380,
1017,10.170,54.993,0.732,-2.563,
1018,10.180,41.321,1.831,-2.808,
1019,10.190,53.894,2.319,-3.723,
1020,10.200,44.189,3.967,-4.272,
1021,10.210,56.152,3.967,-5.493,
1022,10.220,59.875,4.395,-5.859,
1023,10.230,66.528,4.333,-6.470,
1024,10.240,37.415,5.432,-6.287,
1025,10.250,10.498,6.775,-5.859,
1026,10.260,60.181,3.906,-6.592,
1027,10.270,58.044,3.601,-6.226,
1028,10.280,57.312,3.296,-5.981,
1029,10.290,58.350,3.113,-5.981,
1030,10.300,64.758,2.808,-6.165,
1031,10.310,67.017,2.808,-6.287,
1032,10.320,67.810,2.441,-6.470,
1033,10.330,63.416,2.258,-6.470,
1034,10.340,55.786,2.014,-6.104,
1035,10.350,45.288,1.709,-5.554,
1036,10.360,41.260,1.038,-5.005,
1037,10.370,33.936,1.099,-4.333,
1038,10.380,26.306,1.343,-4.028,
1039,10.390,17.578,1.709,-3.845,
1040,10.400,7.080,2.319,-4.150,
1041,10.410,1.587,2.686,-4.578,
1042,10.420,14.343,2.136,-5.249,
1043,10.430,13.245,2.075,-5.737,
1044,10.440,17.639,1.953,-6.104,
1045,10.450,10.315,2.380,-6.165,
1046,10.460,4.333,2.686,-6.104,
1047,10.470,-8.728,3.174,-5.676,
1048,10.480,5.859,2.075,-5.188,
1049,10.490,1.831,1.587,-4.700,
1050,10.500,-21.057,2.869,-3.784,
1051,10.510,4.822,1.099,-3.601,
1052,10.520,29.480,-0.366,-2.625,
1053,10.530,24.780,-0.916,-1.770,
1054,10.540,24.475,-1.404,-1.465,
1055,10.550,25.879,-1.404,-1.099,
1056,10.560,33.569,-1.892,-0.916,
1057,10.570,33.203,-1.831,-0.732,
1058,10.580,37.354,-2.136,-0.793,
1059,10.590,26.489,-1.221,-0.183,
1060,10.600,24.414,-2.014,-0.366,
1061,10.610,37.048,-3.235,0.000,
1062,10.620,20.813,-2.563,0.793,
1063,10.630,10.498,-2.136,1.343,
1064,10.640,24.170,-3.296,2.075,
1065,10.650,36.194,-5.005,2.869,
1066,10.660,47.302,-6.409,4.028,
1067,10.670,66.345,-7.751,5.127,
1068,10.680,70.618,-9.033,5.981,
1069,10.690,59.143,-9.216,7.263,
1070,10.700,40.710,-8.789,8.545,
1071,10.710,9.399,-7.874,9.216,
1072,10.720,6.287,-8.423,9.277,
1073,10.730,-14.038,-8.301,9.033,
1074,10.740,9.216,-9.949,8.667,
1075,10.750,61.890,-13.000,8.850,
1076,10.760,71.777,-14.893,10.254,
1077,10.770,73.120,-15.381,12.817,
1078,10.780,78.003,-15.442,15.076,
1079,10.790,84.839,-15.137,17.151,
1080,10.800,89.844,-13.916,18.982,
1081,10.810,92.407,-12.146,20.630,
1082,10.820,94.666,-9.277,22.095,
1083,10.830,93.994,-5.920,23.010,
1084,10.840,89.355,-2.808,23.193,
1085,10.850,72.266,1.465,23.071,
1086,10.860,44.922,5.981,22.766,
1087,10.870,28.137,10.681,22.583,
1088,10.880,21.240,14.465,22.583,
1089,10.890,13.123,18.433,23.132,
1090,10.900,9.338,22.522,24.048,
1091,10.910,3.418,26.672,25.391,
1092,10.920,4.883,31.006,27.100,
1093,10.930,0.305,34.790,28.198,
1094,10.940,-6.653,35.645,28.015,
1095,10.950,-22.034,37.781,27.649,
1096,10.960,-19.897,38.330,26.489,
1097,10.970,-16.174,39.856,25.879,
1098,10.980,-18.372,41.077,25.513,
1099,10.990,-17.639,42.297,25.391,
1100,11.000,-14.832,43.213,24.902,
1101,11.010,-13.245,44.250,24.109,
1102,11.020,-11.169,43.457,22.461,
1103,11.030,-7.385,43.030,20.752,
1104,11.040,3.174,43.091,18.982,
1105,11.050,6.104,43.091,16.724,
1106,11.060,5.554,43.457,14.648,
1107,11.070,8.606,43.640,12.634,
1108,11.080,10.010,44.312,10.986,
1109,11.090,8.301,44.739,9.338,
1110,11.100,7.080,46.082,8.057,
1111,11.110,1.709,47.729,6.836,
1112,11.120,1.038,49.072,5.737,
1113,11.130,3.174,50.354,4.639,
1114,11.140,4.028,51.697,3.601,
1115,11.150,7.446,53.406,2.808,
1116,11.160,-0.244,55.115,1.831,
1117,11.170,-6.348,56.519,1.099,
1118,11.180,1.221,57.678,0.488,
1119,11.190,5.188,58.289,0.305,
1120,11.200,14.038,57.922,0.122,
1121,11.210,19.226,58.105,0.183,
1122,11.220,19.409,58.044,-0.122,
1123,11.230,11.841,59.265,-0.244,
1124,11.240,6.836,60.791,-0.366,
1125,11.250,13.916,62.439,-0.610,
1126,11.260,9.949,63.843,-1.038,
1127,11.270,28.564,64.392,-2.197,
1128,11.280,40.161,65.979,-3.967,
1129,11.290,17.090,67.566,-4.456,
1130,11.300,28.809,68.237,-5.493,
1131,11.310,13.611,70.129,-5.127,
1132,11.320,3.906,72.083,-5.127,
1133,11.330,6.958,73.792,-5.005,
1134,11.340,15.137,75.378,-5.310,
1135,11.350,33.447,76.111,-6.409,
1136,11.360,46.448,76.965,-8.057,
1137,11.370,57.007,77.087,-10.498,
1138,11.380,55.481,78.369,-12.939,
1139,11.390,53.894,80.017,-15.198,
1140,11.400,42.603,82.397,-16.724,
1141,11.410,34.241,84.656,-17.822,
1142,11.420,29.663,86.182,-18.616,
1143,11.430,28.564,87.036,-19.836,
1144,11.440,31.128,87.219,-21.851,
1145,11.450,41.504,87.891,-24.048,
1146,11.460,42.908,88.989,-26.672,
1147,11.470,45.349,90.820,-29.175,
1148,11.480,56.702,91.797,-31.982,
1149,11.490,78.613,91.919,-35.278,
1150,11.500,105.774,91.248,-39.063,
1151,11.510,120.239,90.759,-43.030,
1152,11.520,129.822,90.637,-46.936,
1153,11.530,130.371,91.309,-50.537,
1154,11.540,108.704,93.079,-53.772,
1155,11.550,88.928,92.896,-56.824,
1156,11.560,74.402,92.957,-59.326,
1157,11.570,26.917,91.614,-60.486,
1158,11.580,52.307,88.623,-62.439,
1159,11.590,33.936,86.731,-65.369,
1160,11.600,-10.620,84.167,-68.909,
1161,11.610,-42.053,80.322,-72.388,
1162,11.620,-74.890,75.562,-75.317,
1163,11.630,-98.206,70.801,-78.003,
1164,11.640,-114.624,66.284,-80.566,
1165,11.650,-97.046,60.669,-82.886,
1166,11.660,-74.158,54.077,-85.083,
1167,11.670,-58.472,47.180,-87.158,
1168,11.680,-55.908,40.222,-88.684,
1169,11.690,-67.688,33.691,-89.539,
1170,11.700,-76.172,27.832,-89.355,
1171,11.710,-83.313,22.095,-88.684,
1172,11.720,-82.031,15.991,-88.135,
1173,11.730,-74.707,9.216,-87.830,
1174,11.740,-57.068,4.822,-85.327,
1175,11.750,-41.199,1.770,-80.933,
1176,11.760,-44.250,0.061,-76.477,
1177,11.770,-37.781,-0.854,-71.899,
1178,11.780,-32.593,-1.648,-68.237,
1179,11.790,-21.057,-2.686,-65.308,
1180,11.800,-5.127,-3.052,-62.683,
1181,11.810,2.991,-2.258,-60.486,
1182,11.820,12.085,-0.977,-59.204,
1183,11.830,24.780,0.122,-58.777,
1184,11.840,37.354,1.343,-58.899,
1185,11.850,40.894,2.991,-59.326,
1186,11.860,40.955,4.944,-60.181,
1187,11.870,40.222,7.202,-61.462,
1188,11.880,28.809,9.827,-62.744,
1189,11.890,17.456,12.695,-64.148,
1190,11.900,18.311,15.076,-65.796,
1191,11.910,31.982,15.686,-67.200,
1192,11.920,38.696,15.991,-67.566,
1193,11.930,38.574,15.930,-67.200,
1194,11.940,32.471,15.564,-65.796,
1195,11.950,28.748,14.343,-63.599,
1196,11.960,28.076,12.146,-61.768,
1197,11.970,24.048,9.766,-60.425,
1198,11.980,25.146,6.592,-58.533,
1199,11.990,24.536,2.563,-55.420,
1200,12.000,25.330,-1.221,-51.453,
1201,12.010,28.748,-5.798,-47.668,
1202,12.020,41.626,-11.536,-43.762,
1203,12.030,50.659,-16.968,-40.100,
1204,12.040,54.810,-22.156,-36.743,
1205,12.050,59.265,-27.832,-33.325,
1206,12.060,49.988,-32.776,-29.846,
1207,12.070,36.072,-35.889,-26.611,
1208,12.080,32.288,-37.781,-23.865,
1209,12.090,27.405,-38.452,-21.484,
1210,12.100,23.499,-38.269,-20.203,
1211,12.110,25.452,-37.964,-19.592,
1212,12.120,22.278,-38.452,-19.531,
1213,12.130,9.888,-38.025,-19.897,
1214,12.140,-0.244,-37.781,-21.545,
1215,12.150,-3.113,-37.170,-23.743,
1216,12.160,-8.667,-35.522,-26.306,
1217,12.170,-13.123,-33.997,-29.663,
1218,12.180,-4.333,-33.325,-31.921,
1219,12.190,-3.418,-32.959,-33.569,
1220,12.200,-1.526,-32.532,-34.790,
1221,12.210,-7.202,-31.860,-35.522,
1222,12.220,-13.000,-31.372,-36.133,
1223,12.230,-15.564,-31.128,-36.560,
1224,12.240,-9.460,-31.372,-36.011,
1225,12.250,-1.343,-33.020,-34.973,
1226,12.260,3.174,-34.485,-33.752,
1227,12.270,12.207,-35.889,-32.654,
1228,12.280,13.428,-37.842,-32.104,
1229,12.290,15.991,-39.429,-30.884,
1230,12.300,10.681,-40.527,-29.480,
1231,12.310,11.841,-42.114,-27.405,
1232,12.320,12.939,-44.434,-25.391,
1233,12.330,14.832,-46.753,-23.926,
1234,12.340,18.066,-48.523,-22.522,
1235,12.350,23.621,-50.842,-21.851,
1236,12.360,21.790,-52.368,-21.118,
1237,12.370,12.390,-53.650,-20.691,
1238,12.380,9.521,-54.871,-19.775,
1239,12.390,-2.991,-56.274,-18.921,
1240,12.400,-10.193,-56.763,-18.066,
1241,12.410,-14.465,-57.190,-18.066,
1242,12.420,-13.367,-57.678,-17.944,
1243,12.430,-13.794,-58.044,-18.433,
1244,12.440,-19.592,-58.960,-19.531,
1245,12.450,-22.888,-60.059,-19.836,
1246,12.460,-31.433,-62.012,-19.775,
1247,12.470,-32.776,-64.331,-19.592,
1248,12.480,-31.372,-67.017,-18.982,
1249,12.490,-25.818,-69.458,-17.578,
1250,12.500,-29.907,-71.777,-16.418,
1251,12.510,-24.048,-73.242,-14.404,
1252,12.520,-26.001,-75.500,-12.634,
1253,12.530,-23.987,-78.735,-10.254,
1254,12.540,-19.043,-82.825,-8.179,
1255,12.550,-12.939,-86.914,-6.409,
1256,12.560,-14.832,-89.966,-5.493,
1257,12.570,-9.033,-91.125,-3.967,
1258,12.580,-12.573,-92.224,-4.272,
1259,12.590,-5.432,-92.529,-3.784,
1260,12.600,-12.329,-93.750,-4.700,
1261,12.610,-18.799,-94.971,-5.554,
1262,12.620,-26.306,-96.252,-6.226,
1263,12.630,-31.982,-98.145,-7.507,
1264,12.640,-26.184,-99.670,-8.057,
1265,12.650,-23.132,-101.318,-8.972,
1266,12.660,-17.944,-102.234,-9.399,
1267,12.670,-28.320,-103.699,-10.376,
1268,12.680,-30.762,-104.004,-10.681,
1269,12.690,-33.813,-106.323,-12.329,
1270,12.700,-32.104,-105.835,-12.756,
1271,12.710,-34.180,-107.971,-14.099,
1272,12.720,-20.935,-109.253,-14.221,
1273,12.730,-17.883,-110.840,-15.198,
1274,12.740,-7.568,-112.183,-16.113,
1275,12.750,-17.273,-112.305,-16.968,
1276,12.760,-17.456,-112.854,-18.250,
1277,12.770,-16.663,-112.732,-19.165,
1278,12.780,-11.353,-112.793,-20.447,
1279,12.790,-3.357,-113.037,-21.240,
1280,12.800,15.198,-114.807,-22.644,
1281,12.810,33.752,-116.577,-23.010,
1282,12.820,22.156,-117.798,-23.254,
1283,12.830,22.034,-119.568,-23.193,
1284,12.840,9.644,-119.446,-22.400,
1285,12.850,-2.380,-119.873,-22.522,
1286,12.860,-5.005,-120.056,-22.095,
1287,12.870,3.174,-121.155,-22.461,
1288,12.880,22.095,-122.437,-21.790,
1289,12.890,39.673,-124.756,-20.996,
1290,12.900,52.063,-127.869,-20.142,
1291,12.910,43.030,-129.333,-18.127,
1292,12.920,36.011,-131.409,-17.151,
1293,12.930,38.025,-133.789,-16.479,
1294,12.940,24.963,-134.705,-14.893,
1295,12.950,32.166,-135.681,-12.573,
1296,12.960,36.194,-135.925,-9.216,
1297,12.970,39.917,-136.047,-5.676,
1298,12.980,43.091,-135.315,-0.854,
1299,12.990,40.588,-134.399,3.906,
1300,13.000,39.795,-132.996,9.583,
1301,13.010,43.457,-131.958,15.259,
1302,13.020,45.654,-129.883,21.484,
1303,13.030,42.603,-127.502,27.832,
1304,13.040,42.969,-124.390,34.302,
1305,13.050,39.978,-120.178,40.039,
1306,13.060,40.649,-115.051,45.410,
1307,13.070,44.250,-109.192,50.049,
1308,13.080,47.241,-104.065,54.443,
1309,13.090,43.884,-98.572,58.899,
1310,13.100,47.607,-95.764,62.561,
1311,13.110,64.636,-94.238,67.322,
1312,13.120,73.853,-93.323,71.960,
1313,13.130,92.407,-93.018,76.721,
1314,13.140,99.548,-92.346,80.139,
1315,13.150,86.609,-90.576,82.764,
1316,13.160,69.275,-88.074,84.839,
1317,13.170,34.302,-84.778,86.487,
1318,13.180,1.953,-81.604,87.952,
1319,13.190,-7.629,-79.407,89.355,
1320,13.200,-8.667,-77.393,90.881,
1321,13.210,-2.930,-75.745,92.529,
1322,13.220,-0.977,-73.914,94.482,
1323,13.230,-6.287,-71.655,96.802,
1324,13.240,-28.931,-68.970,99.731,
1325,13.250,-34.546,-67.688,101.929,
1326,13.260,-17.761,-67.261,104.431,
1327,13.270,4.150,-66.101,106.812,
1328,13.280,13.489,-63.904,109.192,
1329,13.290,22.583,-61.951,112.122,
1330,13.300,29.846,-59.998,115.295,
1331,13.310,40.588,-57.861,118.896,
1332,13.320,41.443,-54.932,122.314,
1333,13.330,59.326,-54.199,122.437,
1334,13.340,65.735,-53.589,120.789,
1335,13.350,64.270,-52.429,119.812,
1336,13.360,53.528,-50.781,119.019,
1337,13.370,40.649,-49.988,117.859,
1338,13.380,29.114,-49.561,117.310,
1339,13.390,27.039,-50.232,116.943,
1340,13.400,31.433,-51.147,116.943,
1341,13.410,42.908,-52.429,116.821,
1342,13.420,56.885,-53.467,115.906,
1343,13.430,59.204,-53.467,114.441,
1344,13.440,57.678,-53.040,113.098,
1345,13.450,47.485,-51.941,112.244,
1346,13.460,45.410,-51.331,111.023,
1347,13.470,44.373,-49.988,110.718,
1348,13.480,58.167,-49.316,109.314,
1349,13.490,70.313,-46.875,108.765,
1350,13.500,81.543,-43.579,107.056,
1351,13.510,76.111,-38.757,105.713,
1352,13.520,56.091,-33.691,104.004,
1353,13.530,46.204,-30.151,101.563,
1354,13.540,42.603,-27.588,98.877,
1355,13.550,42.175,-25.391,96.558,
1356,13.560,42.908,-22.827,92.712,
1357,13.570,46.997,-19.409,88.806,
1358,13.580,54.260,-15.137,84.595,
1359,13.590,51.819,-9.155,81.177,
1360,13.600,48.889,-3.296,77.759,
1361,13.610,46.204,2.441,74.829,
1362,13.620,41.809,7.751,71.838,
1363,13.630,47.485,12.451,69.275,
1364,13.640,57.495,16.663,66.711,
1365,13.650,69.275,20.447,63.965,
1366,13.660,66.956,24.780,61.707,
1367,13.670,59.387,28.992,59.448,
1368,13.680,46.265,33.569,58.228,
1369,13.690,39.368,37.292,57.129,
1370,13.700,40.466,40.649,56.458,
1371,13.710,46.021,43.518,55.359,
1372,13.720,56.458,45.776,53.711,
1373,13.730,54.626,48.950,52.917,
1374,13.740,56.641,51.575,51.819,
1375,13.750,51.514,55.542,52.246,
1376,13.760,41.992,59.204,52.185,
1377,13.770,35.217,62.622,52.185,
1378,13.780,23.621,66.711,52.612,
1379,13.790,27.832,69.153,52.246,
1380,13.800,21.667,72.693,52.368,
1381,13.810,20.996,75.378,51.758,
1382,13.820,22.034,77.698,51.025,
1383,13.830,18.799,80.505,50.171,
1384,13.840,19.836,83.008,49.377,
1385,13.850,16.602,86.426,48.889,
1386,13.860,14.771,89.600,48.279,
1387,13.870,20.264,91.858,47.424,
1388,13.880,23.315,94.299,46.509,
1389,13.890,28.198,96.130,44.861,
1390,13.900,28.809,98.877,43.823,
1391,13.910,28.625,102.295,42.419,
1392,13.920,35.156,105.835,41.077,
1393,13.930,41.321,109.131,39.307,
1394,13.940,48.523,111.450,37.415,
1395,13.950,60.303,112.854,35.583,
1396,13.960,67.505,114.014,33.691,
1397,13.970,72.144,115.723,31.860,
1398,13.980,81.055,117.065,29.785,
1399,13.990,85.754,119.446,28.015,
1400,14.000,93.811,121.582,25.757,
1401,14.010,90.881,125.122,24.170,
1402,14.020,91.431,128.052,22.339,
1403,14.030,102.173,130.432,20.386,
1404,14.040,118.774,132.751,18.311,
1405,14.050,135.254,134.277,15.137,
1406,14.060,148.193,137.085,12.268,
1407,14.070,156.494,140.442,8.850,
1408,14.080,158.508,143.921,5.310,
1409,14.090,165.466,146.484,1.465,
1410,14.100,172.729,147.949,-3.174,
1411,14.110,185.547,148.560,-8.179,
1412,14.120,200.256,149.048,-13.611,
1413,14.130,206.665,149.109,-19.592,
1414,14.140,197.754,148.560,-25.879,
1415,14.150,174.011,148.438,-31.921,
1416,14.160,143.433,148.071,-37.415,
1417,14.170,121.948,146.851,-42.542,
1418,14.180,127.991,144.043,-47.913,
1419,14.190,144.653,139.954,-54.382,
1420,14.200,152.588,135.864,-61.707,
1421,14.210,146.545,132.446,-69.458,
1422,14.220,129.761,129.395,-77.148,
1423,14.230,100.586,126.526,-84.534,
1424,14.240,59.082,124.573,-91.003,
1425,14.250,16.907,122.803,-96.741,
1426,14.260,14.832,119.446,-101.318,
1427,14.270,41.504,115.173,-105.286,
1428,14.280,58.167,110.535,-109.497,
1429,14.290,59.753,106.689,-113.464,
1430,14.300,52.246,103.333,-117.432,
1431,14.310,38.574,99.976,-121.033,
1432,14.320,19.104,96.863,-124.573,
1433,14.330,-2.747,94.788,-127.319,
1434,14.340,1.038,92.712,-128.784,
1435,14.350,28.198,89.233,-129.944,
1436,14.360,48.035,84.961,-131.042,
1437,14.370,55.725,80.872,-132.202,
1438,14.380,51.270,77.026,-133.850,
1439,14.390,38.269,73.425,-135.864,
1440,14.400,19.836,70.862,-137.512,
1441,14.410,-1.526,69.092,-139.526,
1442,14.420,-14.893,68.054,-140.991,
1443,14.430,-20.569,67.322,-142.395,
1444,14.440,-16.418,66.589,-143.921,
1445,14.450,-4.700,65.918,-145.996,
1446,14.460,13.306,66.223,-147.461,
1447,14.470,30.029,67.871,-145.996,
1448,14.480,17.517,70.801,-143.066,
1449,14.490,4.333,73.792,-137.756,
1450,14.500,0.366,75.806,-131.348,
1451,14.510,-1.953,76.294,-125.488,
1452,14.520,7.385,75.806,-120.178,
1453,14.530,18.555,74.951,-115.906,
1454,14.540,22.583,74.768,-112.061,
1455,14.550,24.048,75.500,-108.521,
1456,14.560,32.654,76.294,-105.591,
1457,14.570,42.358,76.721,-102.844,
1458,14.580,47.302,75.928,-100.708,
1459,14.590,57.312,73.608,-98.145,
1460,14.600,59.814,70.190,-95.825,
1461,14.610,55.237,66.528,-93.201,
1462,14.620,52.795,62.073,-91.187,
1463,14.630,66.345,56.213,-89.539,
1464,14.640,74.524,50.110,-88.806,
1465,14.650,77.576,44.495,-87.646,
1466,14.660,75.623,39.917,-86.365,
1467,14.670,77.698,35.522,-84.106,
1468,14.680,81.543,30.762,-81.421,
1469,14.690,82.275,25.391,-78.674,
1470,14.700,86.548,19.226,-76.477,
1471,14.710,87.524,13.306,-75.073,
1472,14.720,83.557,8.484,-74.219,
1473,14.730,76.904,5.127,-73.120,
1474,14.740,66.162,2.930,-73.181,
1475,14.750,61.890,0.671,-74.219,
1476,14.760,64.575,-1.770,-74.646,
1477,14.770,65.613,-4.639,-74.463,
1478,14.780,61.340,-8.179,-73.486,
1479,14.790,53.955,-11.292,-72.449,
1480,14.800,43.945,-13.672,-71.777,
1481,14.810,34.851,-15.686,-72.388,
1482,14.820,33.203,-17.578,-73.181,
1483,14.830,28.381,-18.921,-74.341,
1484,14.840,27.649,-20.386,-75.317,
1485,14.850,35.339,-22.644,-75.684,
1486,14.860,36.499,-25.513,-74.646,
1487,14.870,30.273,-28.931,-73.242,
1488,14.880,26.367,-32.715,-71.350,
1489,14.890,21.667,-36.926,-70.313,
1490,14.900,28.870,-40.955,-69.275,
1491,14.910,31.799,-44.678,-68.726,
1492,14.920,35.156,-47.791,-68.176,
1493,14.930,38.696,-50.354,-67.383,
1494,14.940,40.039,-53.223,-66.528,
1495,14.950,38.513,-56.824,-65.125,
1496,14.960,37.170,-61.096,-63.782,
1497,14.970,34.546,-65.918,-63.232,
1498,14.980,34.607,-70.007,-62.012,
1499,14.990,34.546,-73.242,-61.462,
1500,15.000,33.142,-75.806,-61.035,
1501,15.010,35.278,-77.698,-60.364,
1502,15.020,28.870,-79.102,-60.120,
1503,15.030,28.259,-81.055,-59.631,
1504,15.040,28.137,-84.045,-58.777,
1505,15.050,31.250,-88.562,-57.922,
1506,15.060,26.855,-93.994,-57.068,
1507,15.070,24.658,-99.243,-55.786,
1508,15.080,23.132,-104.309,-54.626,
1509,15.090,25.269,-106.323,-53.345,
1510,15.100,20.142,-109.741,-52.490,
1511,15.110,18.066,-112.000,-51.636,
1512,15.120,13.062,-114.868,-51.636,
1513,15.130,15.991,-119.080,-51.819,
1514,15.140,22.461,-124.878,-52.185,
1515,15.150,27.771,-132.019,-51.758,
1516,15.160,33.203,-139.221,-51.086,
1517,15.170,40.344,-145.874,-49.255,
1518,15.180,35.339,-151.184,-47.852,
1519,15.190,31.616,-155.823,-46.448,
1520,15.200,28.625,-159.973,-45.349,
1521,15.210,32.166,-165.405,-45.288,
1522,15.220,34.058,-172.058,-45.715,
1523,15.230,40.588,-179.932,-46.082,
1524,15.240,50.476,-188.110,-45.776,
1525,15.250,56.519,-196.350,-45.105,
1526,15.260,67.017,-204.468,-43.701,
1527,15.270,80.017,-212.219,-41.443,
1528,15.280,97.778,-219.788,-38.574,
1529,15.290,116.150,-225.952,-34.546,
1530,15.300,137.085,-231.201,-29.846,
1531,15.310,145.508,-234.314,-24.353,
1532,15.320,150.879,-236.084,-18.677,
1533,15.330,159.424,-236.450,-12.817,
1534,15.340,174.683,-236.389,-6.287,
1535,15.350,170.898,-234.070,1.221,
1536,15.360,161.926,-230.530,9.033,
1537,15.370,134.827,-225.647,16.541,
1538,15.380,152.405,-222.412,24.048,
1539,15.390,171.631,-218.445,32.776,
1540,15.400,164.368,-212.280,42.358,
1541,15.410,144.409,-205.017,51.575,
1542,15.420,117.310,-197.998,59.265,
1543,15.430,99.426,-191.406,66.345,
1544,15.440,96.863,-184.692,73.914,
1545,15.450,96.741,-177.734,81.238,
1546,15.460,99.487,-170.044,88.867,
1547,15.470,85.510,-160.583,97.290,
1548,15.480,69.275,-150.269,104.797,
1549,15.490,55.664,-140.320,110.962,
1550,15.500,60.669,-131.104,115.662,
1551,15.510,60.120,-121.887,119.873,
1552,15.520,51.697,-112.488,124.207,
1553,15.530,53.833,-103.882,127.747,
1554,15.540,69.641,-94.971,131.531,
1555,15.550,85.876,-85.693,135.315,
1556,15.560,93.384,-75.806,139.954,
1557,15.570,90.515,-65.613,144.531,
1558,15.580,106.873,-57.434,147.156,
1559,15.590,124.268,-51.880,144.287,
1560,15.600,113.708,-45.715,141.846,
1561,15.610,99.243,-41.016,137.878,
1562,15.620,79.529,-37.964,131.287,
1563,15.630,69.580,-36.438,125.549,
1564,15.640,70.190,-35.645,121.033,
1565,15.650,70.129,-35.767,118.164,
1566,15.660,66.345,-37.537,114.319,
1567,15.670,69.641,-39.612,111.328,
1568,15.680,76.294,-40.344,110.168,
1569,15.690,85.815,-39.917,108.948,
1570,15.700,89.111,-38.269,108.521,
1571,15.710,87.280,-35.339,108.459,
1572,15.720,86.548,-32.837,107.788,
1573,15.730,90.149,-30.029,107.239,
1574,15.740,71.533,-26.062,106.506,
1575,15.750,67.383,-22.705,105.347,
1576,15.760,65.552,-18.982,103.760,
1577,15.770,60.059,-14.587,102.356,
1578,15.780,53.955,-10.437,99.976,
1579,15.790,61.523,-7.385,97.595,
1580,15.800,59.204,-3.235,95.764,
1581,15.810,63.721,0.854,94.177,
1582,15.820,62.195,5.066,92.773,
1583,15.830,49.316,9.766,92.102,
1584,15.840,44.312,13.794,90.454,
1585,15.850,48.340,16.968,88.440,
1586,15.860,48.584,19.958,85.632,
1587,15.870,49.316,22.827,83.191,
1588,15.880,45.532,25.269,80.994,
1589,15.890,40.466,27.954,79.895,
1590,15.900,34.119,30.518,78.613,
1591,15.910,33.691,32.471,77.087,
1592,15.920,31.921,34.851,76.477,
1593,15.930,34.729,37.170,75.867,
1594,15.940,36.804,39.246,75.378,
1595,15.950,36.926,40.955,75.378,
1596,15.960,26.428,42.664,75.073,
1597,15.970,26.917,43.335,74.036,
1598,15.980,32.715,43.640,72.266,
1599,15.990,38.574,44.250,70.862,
1600,16.000,31.433,45.776,70.313,
1601,16.010,34.241,46.387,70.190,
1602,16.020,37.170,47.302,70.923,
1603,16.030,47.363,48.340,71.777,
1604,16.040,47.974,50.293,72.876,
1605,16.050,51.636,51.331,73.425,
1606,16.060,41.931,53.040,74.646,
1607,16.070,35.400,53.894,75.195,
1608,16.080,23.926,54.749,76.294,
1609,16.090,23.132,54.932,77.087,
1610,16.100,15.869,56.396,78.735,
1611,16.110,11.475,57.678,79.590,
1612,16.120,8.423,60.181,80.444,
1613,16.130,17.456,62.683,80.444,
1614,16.140,16.846,66.589,80.566,
1615,16.150,21.912,69.336,79.407,
1616,16.160,24.414,72.998,78.735,
1617,16.170,22.644,76.721,77.454,
1618,16.180,16.235,81.787,76.477,
1619,16.190,19.836,86.365,74.402,
1620,16.200,23.804,92.346,72.632,
1621,16.210,35.339,98.083,69.702,
1622,16.220,44.434,104.309,66.406,
1623,16.230,58.350,109.985,62.378,
1624,16.240,67.749,116.089,58.655,
1625,16.250,76.660,122.192,54.871,
1626,16.260,80.383,128.418,51.331,
1627,16.270,85.938,133.667,47.241,
1628,16.280,86.304,140.198,44.189,
1629,16.290,96.313,146.179,40.039,
1630,16.300,104.919,153.198,36.011,
1631,16.310,124.878,159.851,30.823,
1632,16.320,141.479,165.833,24.780,
1633,16.330,165.039,171.326,18.494,
1634,16.340,186.646,175.781,11.780,
1635,16.350,202.942,178.528,4.456,
1636,16.360,215.088,179.077,-3.357,
1637,16.370,227.844,179.077,-11.108,
1638,16.380,223.755,178.833,-19.592,
1639,16.390,214.966,178.040,-28.503,
1640,16.400,211.304,176.514,-37.598,
1641,16.410,205.139,173.645,-47.424,
1642,16.420,179.688,170.532,-57.129,
1643,16.430,154.419,167.358,-66.040,
1644,16.440,143.677,163.208,-74.280,
1645,16.450,145.630,158.203,-82.764,
1646,16.460,138.977,153.625,-91.248,
1647,16.470,128.113,149.475,-99.670,
1648,16.480,117.126,146.240,-106.873,
1649,16.490,99.121,143.616,-113.220,
1650,16.500,68.542,141.479,-119.202,
1651,16.510,43.274,139.160,-124.268,
1652,16.520,49.133,135.010,-128.906,
1653,16.530,68.542,129.333,-133.728,
1654,16.540,87.524,123.535,-138.489,
1655,16.550,88.806,118.591,-143.005,
1656,16.560,81.787,114.685,-146.606,
1657,16.570,68.604,111.938,-149.475,
1658,16.580,43.091,110.168,-151.733,
1659,16.590,12.573,109.497,-153.503,
1660,16.600,3.357,108.398,-154.663,
1661,16.610,23.438,105.652,-155.334,
1662,16.620,55.847,101.013,-155.640,
1663,16.630,73.608,95.398,-156.006,
1664,16.640,72.632,89.111,-157.349,
1665,16.650,61.829,82.703,-158.875,
1666,16.660,38.574,77.454,-160.828,
1667,16.670,19.165,73.486,-162.231,
1668,16.680,0.000,71.167,-163.452,
1669,16.690,-6.226,69.458,-164.856,
1670,16.700,4.272,69.275,-162.476,
1671,16.710,0.488,70.068,-160.034,
1672,16.720,1.465,71.167,-156.128,
1673,16.730,9.338,71.777,-150.452,
1674,16.740,10.986,71.655,-144.958,
1675,16.750,11.597,70.190,-139.832,
1676,16.760,12.329,67.993,-134.888,
1677,16.770,8.362,66.284,-130.005,
1678,16.780,12.207,65.063,-125.000,
1679,16.790,17.151,64.941,-120.239,
1680,16.800,34.546,64.819,-116.455,
1681,16.810,53.467,64.270,-114.319,
1682,16.820,61.890,62.988,-112.671,
1683,16.830,68.481,60.425,-109.924,
1684,16.840,67.261,56.702,-106.750,
1685,16.850,62.500,52.734,-103.516,
1686,16.860,65.430,49.500,-99.609,
1687,16.870,73.975,46.936,-97.168,
1688,16.880,73.547,46.021,-96.191,
1689,16.890,68.237,45.532,-96.252,
1690,16.900,68.481,43.823,-95.886,
1691,16.910,79.895,40.100,-94.666,
1692,16.920,76.599,35.339,-93.628,
1693,16.930,64.331,30.518,-92.651,
1694,16.940,61.768,25.513,-92.041,
1695,16.950,66.528,21.423,-91.248,
1696,16.960,71.472,18.982,-90.027,
1697,16.970,61.890,17.761,-89.844,
1698,16.980,65.552,16.052,-89.172,
1699,16.990,72.388,13.123,-88.196,
1700,17.000,70.801,9.094,-86.914,
1701,17.010,72.327,3.845,-85.449,
1702,17.020,79.590,-2.197,-84.900,
1703,17.030,83.069,-7.751,-84.656,
1704,17.040,74.890,-11.536,-84.717,
1705,17.050,66.223,-13.611,-84.534,
1706,17.060,54.504,-14.282,-84.290,
1707,17.070,49.927,-15.930,-84.351,
1708,17.080,47.729,-18.738,-84.045,
1709,17.090,47.302,-22.766,-83.313,
1710,17.100,44.189,-28.137,-82.703,
1711,17.110,45.288,-33.630,-81.665,
1712,17.120,37.415,-38.513,-80.750,
1713,17.130,35.217,-41.870,-79.346,
1714,17.140,26.062,-43.823,-78.613,
1715,17.150,18.250,-45.715,-78.735,
1716,17.160,11.841,-48.706,-80.078,
1717,17.170,14.465,-53.162,-81.177,
1718,17.180,19.409,-58.777,-81.421,
1719,17.190,19.775,-65.063,-80.444,
1720,17.200,21.362,-71.960,-78.247,
1721,17.210,21.790,-78.430,-74.829,
1722,17.220,24.536,-85.449,-71.838,
1723,17.230,33.508,-92.590,-68.542,
1724,17.240,28.381,-99.915,-66.162,
1725,17.250,25.696,-106.873,-63.599,
1726,17.260,26.306,-114.502,-61.462,
1727,17.270,28.198,-122.253,-59.875,
1728,17.280,35.400,-129.700,-58.105,
1729,17.290,34.241,-136.841,-57.007,
1730,17.300,35.889,-143.555,-55.786,
1731,17.310,37.964,-150.330,-54.382,
1732,17.320,34.424,-156.738,-52.979,
1733,17.330,34.851,-163.391,-51.575,
1734,17.340,37.720,-169.922,-50.049,
1735,17.350,42.236,-175.659,-47.852,
1736,17.360,45.105,-180.420,-44.678,
1737,17.370,48.218,-185.120,-41.870,
1738,17.380,56.763,-189.758,-38.208,
1739,17.390,66.345,-193.970,-33.875,
1740,17.400,73.608,-197.754,-29.236,
1741,17.410,85.266,-201.172,-23.804,
1742,17.420,100.525,-204.041,-17.700,
1743,17.430,114.014,-206.238,-10.742,
1744,17.440,127.075,-208.130,-3.601,
1745,17.450,130.737,-209.229,3.540,
1746,17.460,136.841,-209.290,11.108,
1747,17.470,141.296,-209.045,18.433,
1748,17.480,146.057,-208.557,25.940,
1749,17.490,149.658,-207.947,33.630,
1750,17.500,156.738,-206.421,42.053,
1751,17.510,169.250,-204.651,50.842,
1752,17.520,166.931,-201.782,59.631,
1753,17.530,157.227,-198.730,67.261,
1754,17.540,139.893,-195.557,74.280,
1755,17.550,133.484,-193.176,80.750,
1756,17.560,125.488,-190.491,87.036,
1757,17.570,125.732,-188.049,93.567,
1758,17.580,118.958,-184.814,100.464,
1759,17.590,113.037,-180.908,107.666,
1760,17.600,116.150,-176.941,114.746,
1761,17.610,100.708,-171.204,121.521,
1762,17.620,94.666,-165.710,127.197,
1763,17.630,86.731,-160.339,131.104,
1764,17.640,84.167,-154.785,133.972,
1765,17.650,76.538,-148.743,136.597,
1766,17.660,72.693,-142.273,139.587,
1767,17.670,78.003,-135.864,142.639,
1768,17.680,80.627,-128.662,145.813,
1769,17.690,75.012,-120.850,148.621,
1770,17.700,63.599,-113.220,151.001,
1771,17.710,64.819,-106.628,153.076,
1772,17.720,70.313,-98.450,156.372,
1773,17.730,75.623,-90.454,158.691,
1774,17.740,82.336,-82.458,160.950,
1775,17.750,108.154,-75.256,161.926,
1776,17.760,127.625,-69.275,158.569,
1777,17.770,117.432,-63.293,153.259,
1778,17.780,101.563,-57.312,149.109,
1779,17.790,73.730,-51.331,146.179,
1780,17.800,60.486,-47.913,141.846,
1781,17.810,51.208,-45.715,137.634,
1782,17.820,46.692,-44.556,133.179,
1783,17.830,38.696,-43.518,130.127,
1784,17.840,40.588,-43.640,126.831,
1785,17.850,46.875,-43.152,124.512,
1786,17.860,45.044,-41.870,122.437,
1787,17.870,42.786,-39.185,120.850,
1788,17.880,43.762,-36.316,119.019,
1789,17.890,45.410,-34.119,115.723,
1790,17.900,45.410,-31.677,112.305,
1791,17.910,46.631,-29.053,109.497,
1792,17.920,51.575,-26.367,106.567,
1793,17.930,45.471,-22.766,104.248,
1794,17.940,45.959,-18.738,103.760,
1795,17.950,55.176,-15.259,102.905,
1796,17.960,57.983,-11.292,102.173,
1797,17.970,63.110,-7.446,100.403,
1798,17.980,60.486,-2.747,99.121,
1799,17.990,66.040,1.038,97.839,
1800,18.000,65.125,4.944,95.703,
1801,18.010,59.814,9.033,93.689,
1802,18.020,55.176,13.428,92.896,
1803,18.030,57.800,16.724,92.102,
1804,18.040,57.495,20.264,92.590,
1805,18.050,52.795,24.170,93.384,
1806,18.060,47.852,28.931,93.994,
1807,18.070,37.231,34.668,94.543,
1808,18.080,41.199,39.307,93.811,
1809,18.090,38.574,44.312,92.896,
1810,18.100,39.612,48.340,91.187,
1811,18.110,26.306,52.856,90.759,
1812,18.120,21.423,56.152,90.576,
1813,18.130,21.423,59.265,91.125,
1814,18.140,28.076,61.951,91.187,
1815,18.150,33.997,65.735,90.942,
1816,18.160,33.508,70.251,90.149,
1817,18.170,38.635,74.646,88.440,
1818,18.180,35.950,79.773,86.914,
1819,18.190,38.391,84.778,85.388,
1820,18.200,33.875,90.271,84.229,
1821,18.210,42.114,94.055,81.543,
1822,18.220,39.917,99.121,80.017,
1823,18.230,46.875,103.577,78.186,
1824,18.240,44.250,108.215,76.904,
1825,18.250,46.570,112.061,75.195,
1826,18.260,46.570,116.760,74.036,
1827,18.270,42.847,121.887,72.632,
1828,18.280,38.879,127.380,71.533,
1829,18.290,26.917,133.545,70.557,
1830,18.300,27.954,138.855,69.458,
1831,18.310,25.452,144.287,68.298,
1832,18.320,31.250,148.926,66.956,
1833,18.330,35.950,153.748,65.857,
1834,18.340,45.532,157.410,64.148,
1835,18.350,53.040,162.170,63.110,
1836,18.360,61.584,167.053,61.829,
1837,18.370,65.552,171.143,59.448,
1838,18.380,76.904,174.805,56.946,
1839,18.390,91.614,177.490,53.650,
1840,18.400,115.051,179.871,49.988,
1841,18.410,142.090,181.152,44.678,
1842,18.420,158.752,182.190,38.147,
1843,18.430,168.640,182.251,30.518,
1844,18.440,175.171,181.213,22.339,
1845,18.450,183.289,179.260,13.855,
1846,18.460,179.138,176.025,4.639,
1847,18.470,170.349,172.241,-4.395,
1848,18.480,159.729,168.152,-13.428,
1849,18.490,159.302,163.269,-22.766,
1850,18.500,160.400,157.593,-32.837,
1851,18.510,162.415,151.550,-43.457,
1852,18.520,155.334,145.508,-54.077,
1853,18.530,149.170,139.160,-64.514,
1854,18.540,136.841,133.667,-73.608,
1855,18.550,123.230,128.845,-81.604,
1856,18.560,104.309,124.634,-88.440,
1857,18.570,101.501,120.850,-93.567,
1858,18.580,115.662,116.821,-97.839,
1859,18.590,131.165,112.854,-102.600,
1860,18.600,134.583,109.558,-107.544,
1861,18.610,127.441,106.995,-112.732,
1862,18.620,114.502,104.675,-117.676,
1863,18.630,98.022,103.149,-121.826,
1864,18.640,77.881,102.234,-125.427,
1865,18.650,54.199,101.807,-128.967,
1866,18.660,47.424,101.257,-132.141,
1867,18.670,60.364,100.098,-135.681,
1868,18.680,79.163,98.145,-139.771,
1869,18.690,97.656,95.703,-143.860,
1870,18.700,100.647,92.651,-147.522,
1871,18.710,90.942,89.417,-151.367,
1872,18.720,69.519,86.670,-155.090,
1873,18.730,50.720,84.290,-159.241,
1874,18.740,54.504,81.421,-161.926,
1875,18.750,72.693,78.674,-160.278,
1876,18.760,73.792,77.332,-157.776,
1877,18.770,70.801,76.843,-153.625,
1878,18.780,62.195,77.576,-149.536,
1879,18.790,52.490,78.674,-146.362,
1880,18.800,50.964,78.979,-143.066,
1881,18.810,47.302,78.552,-139.038,
1882,18.820,43.823,77.332,-133.667,
1883,18.830,38.391,75.745,-128.418,
1884,18.840,37.720,74.707,-123.657,
1885,18.850,50.110,73.853,-119.080,
1886,18.860,58.350,73.425,-116.272,
1887,18.870,58.777,73.120,-113.831,
1888,18.880,48.767,72.693,-111.633,
1889,18.890,45.166,71.106,-108.948,
1890,18.900,54.077,67.566,-106.995,
1891,18.910,62.317,62.500,-105.103,
1892,18.920,67.261,56.885,-102.844,
1893,18.930,76.050,51.270,-100.891,
1894,18.940,80.017,46.326,-98.999,
1895,18.950,72.388,41.931,-97.900,
1896,18.960,58.716,37.964,-97.412,
1897,18.970,48.340,33.875,-96.924,
1898,18.980,51.453,28.748,-96.008,
1899,18.990,58.411,21.912,-95.093,
1900,19.000,61.401,14.221,-94.055,
1901,19.010,59.265,6.836,-92.346,
1902,19.020,56.396,0.977,-90.393,
1903,19.030,51.270,-3.357,-89.294,
1904,19.040,43.152,-6.409,-88.440,
1905,19.050,36.011,-8.911,-88.501,
1906,19.060,36.865,-11.108,-88.928,
1907,19.070,43.152,-13.367,-88.928,
1908,19.080,46.387,-16.113,-89.111,
1909,19.090,48.218,-18.555,-88.196,
1910,19.100,37.476,-20.264,-87.952,
1911,19.110,29.175,-20.569,-87.585,
1912,19.120,24.658,-20.447,-88.257,
1913,19.130,23.743,-20.447,-90.088,
1914,19.140,25.635,-21.240,-92.896,
1915,19.150,33.813,-22.888,-95.154,
1916,19.160,50.781,-25.146,-96.252,
1917,19.170,56.946,-27.649,-96.313,
1918,19.180,54.932,-30.151,-95.581,
1919,19.190,40.405,-32.776,-95.398,
1920,19.200,27.710,-36.499,-95.520,
1921,19.210,23.682,-41.443,-96.191,
1922,19.220,24.780,-47.180,-96.741,
1923,19.230,29.419,-52.856,-96.863,
1924,19.240,30.457,-58.411,-96.680,
1925,19.250,30.029,-63.660,-96.558,
1926,19.260,32.227,-68.787,-95.703,
1927,19.270,28.198,-74.036,-94.910,
1928,19.280,27.344,-79.956,-93.445,
1929,19.290,30.762,-87.463,-92.224,
1930,19.300,33.752,-95.825,-90.942,
1931,19.310,42.786,-105.652,-89.355,
1932,19.320,49.438,-115.112,-88.257,
1933,19.330,54.565,-125.366,-86.365,
1934,19.340,57.373,-135.498,-84.351,
1935,19.350,61.584,-145.630,-81.909,
1936,19.360,74.341,-155.396,-78.369,
1937,19.370,86.670,-164.856,-73.792,
1938,19.380,91.248,-173.462,-68.848,
1939,19.390,91.492,-180.847,-63.416,
1940,19.400,97.290,-187.561,-57.922,
1941,19.410,108.276,-193.665,-52.002,
1942,19.420,119.324,-199.585,-45.898,
1943,19.430,131.592,-204.895,-38.940,
1944,19.440,145.142,-209.839,-31.189,
1945,19.450,160.583,-214.600,-22.766,
1946,19.460,177.917,-219.238,-13.428,
1947,19.470,184.265,-222.778,-3.235,
1948,19.480,181.580,-225.281,6.958,
1949,19.490,179.138,-227.234,17.273,
1950,19.500,189.026,-229.248,27.527,
1951,19.510,187.378,-230.347,37.903,
1952,19.520,178.223,-230.225,48.340,
1953,19.530,174.133,-229.736,58.044,
1954,19.540,164.490,-228.577,67.566,
1955,19.550,163.696,-227.783,76.050,
1956,19.560,154.114,-226.746,83.374,
1957,19.570,151.489,-225.037,91.003,
1958,19.580,142.578,-222.595,98.145,
1959,19.590,121.826,-218.994,104.187,
1960,19.600,103.760,-215.271,110.229,
1961,19.610,89.783,-211.426,115.479,
1962,19.620,83.984,-207.764,120.605,
1963,19.630,81.360,-203.674,125.916,
1964,19.640,76.904,-199.585,131.104,
1965,19.650,71.045,-195.801,134.949,
1966,19.660,55.054,-191.223,138.550,
1967,19.670,54.138,-186.951,141.357,
1968,19.680,60.120,-181.458,144.897,
1969,19.690,76.355,-175.232,148.376,
1970,19.700,88.257,-167.786,153.015,
1971,19.710,101.990,-159.607,157.166,
1972,19.720,106.384,-149.292,161.804,
1973,19.730,101.868,-137.390,166.016,
1974,19.740,125.183,-127.441,163.757,
1975,19.750,124.817,-116.577,159.668,
1976,19.760,132.751,-106.689,154.419,
1977,19.770,131.165,-95.947,149.963,
1978,19.780,129.578,-86.365,143.066,
1979,19.790,126.282,-76.660,135.681,
1980,19.800,96.375,-65.613,131.409,
1981,19.810,73.669,-55.969,128.296,
1982,19.820,67.322,-48.523,124.268,
1983,19.830,72.083,-42.236,121.399,
1984,19.840,80.811,-36.621,118.896,
1985,19.850,82.092,-30.701,117.004,
1986,19.860,79.102,-24.902,115.234,
1987,19.870,73.364,-19.104,112.488,
1988,19.880,59.875,-12.878,109.619,
1989,19.890,46.753,-6.836,107.727,
1990,19.900,40.344,-1.831,106.689,
1991,19.910,44.861,1.587,105.408,
1992,19.920,46.570,4.700,104.370,
1993,19.930,53.345,7.874,103.699,
1994,19.940,51.514,11.414,103.333,
1995,19.950,47.607,14.465,103.027,
1996,19.960,46.204,17.334,102.539,
1997,19.970,39.429,20.508,101.379,
1998,19.980,30.518,23.987,101.074,
1999,19.990,24.841,27.222,101.257,
2000,20.000,27.039,28.870,100.403,
2001,20.010,30.396,29.907,100.098,
2002,20.020,36.194,30.701,99.060,
2003,20.030,32.837,32.776,98.694,
2004,20.040,31.738,35.339,98.450,
2005,20.050,28.076,38.208,97.351,
2006,20.060,25.818,41.443,96.375,
2007,20.070,29.480,44.739,95.703,
2008,20.080,30.029,48.828,96.436,
2009,20.090,33.508,52.002,96.680,
2010,20.100,31.189,54.749,96.985,
2011,20.110,33.203,56.396,96.008,
2012,20.120,34.363,58.655,95.764,
2013,20.130,33.203,61.646,95.642,
2014,20.140,63.049,64.087,95.398,
2015,20.150,43.762,69.153,95.032,
2016,20.160,47.241,73.181,93.872,
2017,20.170,36.011,78.125,93.506,
2018,20.180,41.260,81.970,92.346,
2019,20.190,37.170,86.670,91.919,
2020,20.200,40.833,91.003,90.820,
2021,20.210,43.030,95.642,89.600,
2022,20.220,36.621,100.891,88.013,
2023,20.230,40.100,105.347,86.304,
2024,20.240,38.391,110.718,85.144,
2025,20.250,39.063,115.723,83.496,
2026,20.260,38.696,121.521,82.092,
2027,20.270,43.640,127.258,80.444,
2028,20.280,46.082,133.606,78.796,
2029,20.290,51.941,140.076,76.660,
2030,20.300,56.519,146.851,74.097,
2031,20.310,62.988,153.687,70.984,
2032,20.320,74.646,160.706,68.115,
2033,20.330,86.792,167.480,64.270,
2034,20.340,107.056,172.729,59.082,
2035,20.350,124.329,177.368,53.711,
2036,20.360,147.217,181.702,48.157,
2037,20.370,160.217,185.303,41.870,
2038,20.380,173.218,187.988,34.729,
2039,20.390,186.340,190.125,27.161,
2040,20.400,190.491,191.406,18.799,
2041,20.410,189.941,191.711,10.498,
2042,20.420,199.768,190.491,1.953,
2043,20.430,205.688,188.232,-6.836,
2044,20.440,204.041,185.242,-16.235,
2045,20.450,200.806,181.763,-25.696,
2046,20.460,191.956,178.406,-34.912,
2047,20.470,179.932,174.561,-44.250,
2048,20.480,161.926,170.654,-53.406,
2049,20.490,135.498,167.236,-62.012,
2050,20.500,100.647,164.368,-70.251,
2051,20.510,91.675,161.804,-76.660,
2052,20.520,105.042,158.386,-83.496,
2053,20.530,117.676,154.724,-90.576,
2054,20.540,124.268,151.367,-97.351,
2055,20.550,115.173,148.499,-103.943,
2056,20.560,105.530,145.203,-110.046,
2057,20.570,98.022,141.846,-114.746,
2058,20.580,78.735,139.099,-118.530,
2059,20.590,55.969,136.841,-121.521,
2060,20.600,39.246,134.888,-124.146,
2061,20.610,40.771,132.141,-126.648,
2062,20.620,58.289,128.540,-128.967,
2063,20.630,75.134,123.901,-131.958,
2064,20.640,86.121,118.958,-134.766,
2065,20.650,90.820,113.037,-138.611,
2066,20.660,91.553,106.812,-142.883,
2067,20.670,92.834,100.342,-146.973,
2068,20.680,90.759,93.811,-150.879,
2069,20.690,83.435,87.341,-154.419,
2070,20.700,73.364,81.238,-157.349,
2071,20.710,83.801,74.890,-158.813,
2072,20.720,110.352,68.726,-156.738,
2073,20.730,99.243,65.125,-154.236,
2074,20.740,82.825,63.354,-149.536,
2075,20.750,58.289,63.049,-144.287,
2076,20.760,37.170,63.538,-139.648,
2077,20.770,27.527,63.599,-135.315,
2078,20.780,20.630,63.110,-131.042,
2079,20.790,22.400,61.584,-127.075,
2080,20.800,28.870,58.594,-124.268,
2081,20.810,40.222,55.298,-121.033,
2082,20.820,50.415,52.185,-117.432,
2083,20.830,57.251,49.011,-114.197,
2084,20.840,47.241,46.692,-110.596,
2085,20.850,33.630,44.800,-106.873,
2086,20.860,25.635,42.236,-104.614,
2087,20.870,31.921,38.879,-102.539,
2088,20.880,46.753,34.241,-101.501,
2089,20.890,56.396,29.602,-100.342,
2090,20.900,63.782,24.963,-99.487,
2091,20.910,57.922,21.790,-97.595,
2092,20.920,45.593,19.287,-96.436,
2093,20.930,37.903,17.212,-95.459,
2094,20.940,35.217,14.648,-95.459,
2095,20.950,35.645,12.146,-95.032,
2096,20.960,31.921,9.521,-95.154,
2097,20.970,33.081,6.592,-94.360,
2098,20.980,41.260,3.052,-93.628,
2099,20.990,43.030,0.122,-92.468,
2100,21.000,40.833,-2.014,-91.736,
2101,21.010,32.043,-3.479,-91.248,
2102,21.020,31.250,-4.517,-90.698,
2103,21.030,40.039,-6.226,-91.614,
2104,21.040,28.564,-6.653,-92.529,
2105,21.050,26.062,-7.080,-92.957,
2106,21.060,23.865,-7.813,-93.933,
2107,21.070,25.574,-8.728,-93.994,
2108,21.080,18.494,-10.071,-95.398,
2109,21.090,15.869,-11.597,-96.558,
2110,21.100,20.874,-13.672,-98.083,
2111,21.110,25.879,-15.930,-99.670,
2112,21.120,35.583,-18.677,-101.318,
2113,21.130,46.814,-21.606,-101.990,
2114,21.140,45.959,-24.780,-102.417,
2115,21.150,37.231,-27.710,-102.295,
2116,21.160,32.959,-31.006,-101.746,
2117,21.170,35.889,-35.278,-101.135,
2118,21.180,44.983,-40.588,-100.281,
2119,21.190,48.584,-46.814,-99.487,
2120,21.200,49.622,-53.955,-98.022,
2121,21.210,50.110,-62.073,-96.863,
2122,21.220,61.523,-71.289,-95.032,
2123,21.230,64.392,-80.933,-93.079,
2124,21.240,69.458,-91.003,-90.332,
2125,21.250,63.538,-101.074,-87.402,
2126,21.260,60.913,-111.572,-84.717,
2127,21.270,71.411,-122.620,-81.055,
2128,21.280,75.134,-133.911,-78.247,
2129,21.290,76.416,-145.020,-75.134,
2130,21.300,74.829,-155.090,-70.984,
2131,21.310,74.219,-164.063,-66.223,
2132,21.320,73.486,-172.424,-61.890,
2133,21.330,74.280,-180.115,-57.556,
2134,21.340,82.886,-187.317,-53.101,
2135,21.350,96.069,-194.153,-48.035,
2136,21.360,113.403,-200.684,-41.992,
2137,21.370,135.559,-206.848,-34.973,
2138,21.380,160.950,-212.585,-26.917,
2139,21.390,171.326,-217.224,-18.494,
2140,21.400,176.880,-220.520,-9.338,
2141,21.410,178.711,-223.022,-0.183,
2142,21.420,168.274,-223.755,9.155,
2143,21.430,172.913,-225.159,17.883,
2144,21.440,179.749,-226.318,26.794,
2145,21.450,189.270,-226.746,36.560,
2146,21.460,200.134,-226.868,47.058,
2147,21.470,197.876,-225.952,58.044,
2148,21.480,188.599,-223.572,69.153,
2149,21.490,184.326,-221.130,78.857,
2150,21.500,178.467,-218.506,86.853,
2151,21.510,173.584,-215.088,94.421,
2152,21.520,158.386,-210.449,101.624,
2153,21.530,141.235,-205.872,108.704,
2154,21.540,124.207,-200.439,115.662,
2155,21.550,120.056,-195.435,121.826,
2156,21.560,118.042,-190.491,127.808,
2157,21.570,93.323,-184.509,133.240,
2158,21.580,85.571,-180.237,136.536,
2159,21.590,78.064,-176.147,139.221,
2160,21.600,63.660,-171.082,142.212,
2161,21.610,57.922,-166.626,144.714,
2162,21.620,62.866,-161.987,146.973,
2163,21.630,65.857,-156.372,149.170,
2164,21.640,69.702,-150.269,151.184,
2165,21.650,56.335,-142.700,154.236,
2166,21.660,55.725,-135.803,156.738,
2167,21.670,55.542,-128.174,159.668,
2168,21.680,57.007,-121.216,160.950,
2169,21.690,84.595,-115.723,159.851,
2170,21.700,120.178,-110.413,156.921,
2171,21.710,112.122,-103.333,153.442,
2172,21.720,97.900,-95.886,147.766,
2173,21.730,96.558,-88.745,142.700,
2174,21.740,109.680,-81.177,138.367,
2175,21.750,112.427,-72.937,134.583,
2176,21.760,101.929,-65.063,130.737,
2177,21.770,85.327,-58.472,127.075,
2178,21.780,78.552,-53.772,124.390,
2179,21.790,84.534,-50.415,121.765,
2180,21.800,88.684,-46.326,119.873,
2181,21.810,83.252,-40.894,118.408,
2182,21.820,75.562,-34.607,117.188,
2183,21.830,60.974,-27.161,116.516,
2184,21.840,54.810,-21.240,114.624,
2185,21.850,46.692,-15.747,113.098,
2186,21.860,39.185,-10.925,111.450,
2187,21.870,36.499,-7.019,109.558,
2188,21.880,38.879,-3.540,107.971,
2189,21.890,41.199,-0.183,106.506,
2190,21.900,41.382,3.174,104.797,
2191,21.910,31.372,7.141,103.882,
2192,21.920,28.442,11.047,103.333,
2193,21.930,28.076,15.076,102.417,
2194,21.940,34.912,18.066,100.098,
2195,21.950,39.551,20.996,98.083,
2196,21.960,43.701,23.621,95.764,
2197,21.970,42.053,25.940,94.482,
2198,21.980,39.673,27.954,93.994,
2199,21.990,48.828,29.175,92.651,
2200,22.000,42.786,31.616,91.797,
2201,22.010,39.490,33.813,91.064,
2202,22.020,38.269,35.828,91.431,
2203,22.030,46.753,36.926,91.431,
2204,22.040,46.936,37.537,91.248,
2205,22.050,41.016,38.452,91.187,
2206,22.060,26.306,40.283,91.797,
2207,22.070,32.532,41.504,92.651,
2208,22.080,16.602,43.518,93.628,
2209,22.090,13.733,45.532,94.727,
2210,22.100,17.090,47.668,95.398,
2211,22.110,20.874,50.659,96.802,
2212,22.120,22.400,53.833,96.741,
2213,22.130,18.127,58.105,96.558,
2214,22.140,14.587,63.049,95.520,
2215,22.150,13.123,68.481,94.299,
2216,22.160,15.442,74.036,93.079,
2217,22.170,24.353,78.796,90.637,
2218,22.180,21.484,84.717,89.355,
2219,22.190,27.527,89.539,86.975,
2220,22.200,27.161,94.971,84.717,
2221,22.210,33.508,100.525,82.214,
2222,22.220,32.959,106.995,79.956,
2223,22.230,31.738,114.014,77.271,
2224,22.240,30.640,121.887,75.439,
2225,22.250,35.522,129.944,73.486,
2226,22.260,46.631,137.756,71.167,
2227,22.270,61.218,145.508,68.359,
2228,22.280,76.416,152.893,65.125,
2229,22.290,87.708,160.400,61.829,
2230,22.300,104.431,167.358,57.922,
2231,22.310,112.488,174.011,53.345,
2232,22.320,126.404,179.199,47.791,
2233,22.330,137.695,183.960,42.114,
2234,22.340,158.752,187.866,35.461,
2235,22.350,174.438,190.674,27.954,
2236,22.360,186.401,192.566,19.653,
2237,22.370,204.773,193.115,10.864,
2238,22.380,215.881,192.932,1.099,
2239,22.390,223.145,192.139,-9.094,
2240,22.400,224.670,190.552,-19.470,
2241,22.410,213.806,188.782,-29.541,
2242,22.420,190.308,186.890,-39.185,
2243,22.430,184.753,183.411,-48.218,
2244,22.440,184.937,178.833,-57.312,
2245,22.450,189.331,173.889,-66.345,
2246,22.460,182.983,169.312,-75.195,
2247,22.470,174.561,165.771,-82.703,
2248,22.480,159.729,162.476,-90.027,
2249,22.490,136.658,159.668,-96.130,
2250,22.500,103.638,157.288,-101.685,
2251,22.510,75.256,154.907,-106.445,
2252,22.520,64.758,151.978,-110.718,
2253,22.530,74.585,148.621,-114.807,
2254,22.540,90.881,144.714,-119.263,
2255,22.550,100.952,141.357,-122.559,
2256,22.560,97.412,138.550,-125.122,
2257,22.570,86.487,135.986,-127.625,
2258,22.580,72.510,133.484,-129.761,
2259,22.590,59.998,130.615,-132.324,
2260,22.600,44.983,127.991,-134.338,
2261,22.610,37.537,124.878,-136.230,
2262,22.620,31.738,121.521,-137.695,
2263,22.630,33.447,117.676,-139.221,
2264,22.640,43.274,112.793,-141.296,
2265,22.650,49.988,107.849,-143.616,
2266,22.660,59.387,102.600,-146.423,
2267,22.670,58.838,98.267,-149.109,
2268,22.680,56.335,93.994,-152.344,
2269,22.690,47.607,90.271,-154.724,
2270,22.700,62.134,85.999,-153.198,
2271,22.710,60.730,82.153,-151.062,
2272,22.720,56.824,78.674,-147.278,
2273,22.730,54.810,75.439,-141.724,
2274,22.740,37.109,73.303,-136.597,
2275,22.750,26.978,71.045,-131.287,
2276,22.760,25.208,68.237,-126.038,
2277,22.770,28.137,65.063,-121.216,
2278,22.780,41.443,61.035,-116.333,
2279,22.790,50.476,56.702,-112.732,
2280,22.800,57.312,52.490,-108.887,
2281,22.810,66.223,48.035,-105.957,
2282,22.820,75.439,43.762,-102.356,
2283,22.830,76.233,39.612,-99.426,
2284,22.840,60.913,36.743,-96.375,
2285,22.850,51.941,33.752,-94.116,
2286,22.860,49.622,30.640,-92.224,
2287,22.870,56.824,26.489,-91.675,
2288,22.880,64.026,22.400,-90.698,
2289,22.890,63.782,18.127,-90.820,
2290,22.900,61.646,14.587,-89.905,
2291,22.910,63.965,11.292,-90.393,
2292,22.920,50.781,9.216,-90.515,
2293,22.930,42.664,7.813,-90.637,
2294,22.940,27.832,6.897,-91.675,
2295,22.950,24.902,5.798,-91.980,
2296,22.960,24.597,4.272,-92.957,
2297,22.970,41.016,1.648,-93.689,
2298,22.980,35.461,0.488,-93.872,
2299,22.990,25.879,-0.183,-94.299,
2300,23.000,20.081,-0.122,-94.299,
2301,23.010,12.939,0.305,-94.727,
2302,23.020,5.615,1.160,-95.459,
2303,23.030,4.944,1.648,-96.558,
2304,23.040,8.667,1.526,-97.351,
2305,23.050,10.925,0.854,-98.083,
2306,23.060,13.000,-0.427,-99.243,
2307,23.070,18.188,-2.136,-99.365,
2308,23.080,12.634,-4.028,-99.731,
2309,23.090,4.700,-5.859,-100.037,
2310,23.100,-2.747,-8.240,-101.501,
2311,23.110,2.930,-11.108,-102.295,
2312,23.120,10.681,-14.771,-103.271,
2313,23.130,17.578,-18.494,-103.699,
2314,23.140,18.127,-22.461,-103.821,
2315,23.150,19.836,-26.733,-103.699,
2316,23.160,18.921,-31.250,-103.088,
2317,23.170,14.771,-36.255,-102.844,
2318,23.180,18.005,-42.297,-101.807,
2319,23.190,23.193,-49.072,-101.196,
2320,23.200,27.222,-56.335,-100.586,
2321,23.210,27.527,-63.965,-100.037,
2322,23.220,31.067,-71.838,-99.426,
2323,23.230,32.959,-79.895,-98.511,
2324,23.240,32.288,-88.562,-97.717,
2325,23.250,38.208,-97.900,-96.191,
2326,23.260,46.509,-107.727,-94.543,
2327,23.270,53.833,-118.530,-93.201,
2328,23.280,61.340,-129.456,-91.614,
2329,23.290,67.810,-140.503,-89.966,
2330,23.300,75.256,-151.917,-88.623,
2331,23.310,82.947,-163.574,-86.914,
2332,23.320,92.773,-174.622,-84.045,
2333,23.330,103.027,-185.120,-79.895,
2334,23.340,109.253,-194.458,-75.439,
2335,23.350,115.662,-202.515,-70.251,
2336,23.360,123.474,-209.656,-64.819,
2337,23.370,131.470,-215.698,-59.326,
2338,23.380,151.001,-221.619,-53.284,
2339,23.390,152.222,-225.708,-46.326,
2340,23.400,160.828,-229.431,-39.063,
2341,23.410,165.344,-232.544,-31.738,
2342,23.420,176.453,-234.985,-23.804,
2343,23.430,182.983,-236.816,-15.137,
2344,23.440,176.025,-237.549,-5.859,
2345,23.450,177.429,-238.098,3.479,
2346,23.460,176.392,-237.976,13.245,
2347,23.470,174.744,-237.183,22.827,
2348,23.480,182.251,-236.755,32.104,
2349,23.490,179.810,-235.779,40.466,
2350,23.500,177.063,-234.192,47.913,
2351,23.510,177.551,-231.628,56.091,
2352,23.520,170.837,-227.966,63.904,
2353,23.530,159.607,-223.145,72.205,
2354,23.540,142.090,-217.834,80.444,
2355,23.550,134.460,-212.219,88.379,
2356,23.560,138.184,-206.543,96.130,
2357,23.570,130.188,-199.707,103.149,
2358,23.580,127.502,-192.688,109.619,
2359,23.590,118.164,-184.753,116.455,
2360,23.600,108.826,-176.575,122.375,
2361,23.610,108.215,-168.640,128.296,
2362,23.620,109.863,-159.851,133.789,
2363,23.630,111.877,-150.696,139.893,
2364,23.640,106.995,-141.235,145.874,
2365,23.650,100.525,-131.714,152.039,
2366,23.660,125.854,-124.268,155.029,
2367,23.670,173.035,-117.554,153.503,
2368,23.680,179.199,-108.582,151.794,
2369,23.690,168.579,-99.731,147.034,
2370,23.700,143.921,-90.759,143.066,
2371,23.710,122.437,-82.397,139.771,
2372,23.720,109.253,-75.256,134.766,
2373,23.730,76.721,-68.115,129.700,
2374,23.740,50.903,-61.890,126.648,
2375,23.750,55.725,-57.495,123.657,
2376,23.760,64.026,-53.101,120.850,
2377,23.770,79.468,-47.913,118.469,
2378,23.780,82.764,-41.138,116.577,
2379,23.790,72.571,-33.691,115.234,
2380,23.800,60.059,-26.611,113.525,
2381,23.810,46.814,-19.958,112.183,
2382,23.820,30.579,-14.221,110.779,
2383,23.830,25.146,-10.376,109.375,
2384,23.840,31.860,-7.141,108.276,
2385,23.850,41.504,-4.211,106.750,
2386,23.860,41.687,-0.061,105.713,
2387,23.870,34.546,3.967,104.492,
2388,23.880,28.320,7.202,102.661,
2389,23.890,28.625,9.155,100.830,
2390,23.900,25.879,11.292,100.769,
2391,23.910,30.334,12.573,100.586,
2392,23.920,40.222,13.550,100.098,
2393,23.930,50.964,14.709,99.365,
2394,23.940,49.927,16.296,98.694,
2395,23.950,36.072,18.616,98.572,
2396,23.960,32.227,20.142,97.046,
2397,23.970,22.827,21.362,95.703,
2398,23.980,24.536,21.729,94.238,
2399,23.990,26.917,22.278,93.750,
2400,24.000,21.729,23.438,93.628,
2401,24.010,15.991,24.719,94.543,
2402,24.020,14.893,25.513,95.215,
2403,24.030,12.085,26.062,96.436,
2404,24.040,5.127,26.733,98.206,
2405,24.050,5.493,26.672,98.938,
2406,24.060,4.395,26.917,99.792,
2407,24.070,7.019,26.855,100.220,
2408,24.080,4.333,27.893,101.501,
2409,24.090,2.930,29.297,102.112,
2410,24.100,0.793,31.433,103.577,
2411,24.110,-1.404,33.569,104.614,
2412,24.120,6.226,34.973,105.103,
2413,24.130,7.019,36.987,105.652,
2414,24.140,15.259,39.429,106.018,
2415,24.150,22.278,42.847,106.384,
2416,24.160,30.884,46.936,106.689,
2417,24.170,29.053,52.673,107.239,
2418,24.180,35.217,58.167,106.445,
2419,24.190,38.879,64.026,105.347,
2420,24.200,49.622,70.313,103.882,
2421,24.210,58.838,77.576,102.661,
2422,24.220,74.585,85.754,101.685,
2423,24.230,88.196,94.238,99.121,
2424,24.240,98.572,103.699,96.252,
2425,24.250,109.070,114.075,92.590,
2426,24.260,115.906,124.878,88.135,
2427,24.270,127.502,135.437,82.458,
2428,24.280,136.414,145.630,75.928,
2429,24.290,144.775,154.846,68.176,
2430,24.300,144.409,164.246,60.425,
2431,24.310,148.804,172.058,51.880,
2432,24.320,151.978,178.589,43.335,
2433,24.330,155.945,183.716,34.851,
2434,24.340,166.321,187.683,26.489,
2435,24.350,173.401,190.613,17.517,
2436,24.360,176.208,193.176,8.240,
2437,24.370,181.396,194.946,-0.793,
2438,24.380,187.622,195.496,-10.254,
2439,24.390,191.650,195.557,-19.470,
2440,24.400,196.655,194.336,-29.236,
2441,24.410,193.726,192.871,-39.001,
2442,24.420,179.688,192.139,-48.462,
2443,24.430,168.762,190.552,-57.800,
2444,24.440,190.002,187.317,-67.932,
2445,24.450,135.925,188.171,-75.867,
2446,24.460,120.850,188.293,-81.482,
2447,24.470,108.154,187.805,-86.670,
2448,24.480,118.225,185.913,-91.431,
2449,24.490,122.803,183.716,-96.252,
2450,24.500,114.319,181.580,-100.647,
2451,24.510,117.554,177.979,-104.919,
2452,24.520,112.183,173.767,-108.521,
2453,24.530,103.271,168.701,-111.877,
2454,24.540,92.712,163.757,-113.586,
2455,24.550,74.158,159.180,-114.502,
2456,24.560,58.105,154.541,-114.929,
2457,24.570,48.157,150.146,-115.112,
2458,24.580,51.941,145.142,-115.601,
2459,24.590,63.049,139.954,-116.272,
2460,24.600,69.153,134.766,-117.615,
2461,24.610,76.355,129.150,-119.812,
2462,24.620,78.186,123.535,-122.192,
2463,24.630,76.294,117.859,-125.000,
2464,24.640,72.815,112.000,-127.380,
2465,24.650,67.566,106.384,-129.517,
2466,24.660,58.105,100.830,-131.592,
2467,24.670,47.424,95.642,-133.118,
2468,24.680,36.926,90.332,-135.803,
2469,24.690,31.799,84.961,-138.062,
2470,24.700,43.213,78.979,-140.076,
2471,24.710,72.388,72.449,-138.733,
2472,24.720,77.148,67.322,-136.902,
2473,24.730,73.975,63.843,-133.057,
2474,24.740,64.270,60.974,-129.333,
2475,24.750,57.556,58.105,-125.916,
2476,24.760,53.528,54.688,-123.413,
2477,24.770,49.561,50.659,-120.850,
2478,24.780,50.537,46.509,-117.188,
2479,24.790,49.561,42.114,-114.075,
2480,24.800,47.668,38.269,-111.084,
2481,24.810,51.758,34.973,-108.154,
2482,24.820,45.715,33.203,-104.858,
2483,24.830,32.349,32.776,-102.722,
2484,24.840,27.649,32.043,-101.196,
2485,24.850,24.780,31.372,-100.464,
2486,24.860,28.870,29.907,-100.098,
2487,24.870,40.466,27.466,-99.609,
2488,24.880,45.776,24.719,-99.365,
2489,24.890,44.800,22.156,-98.206,
2490,24.900,40.100,19.714,-96.985,
2491,24.910,45.898,17.578,-95.581,
2492,24.920,21.851,17.395,-95.032,
2493,24.930,6.104,17.761,-94.666,
2494,24.940,-4.639,17.639,-95.642,
2495,24.950,2.747,16.663,-96.130,
2496,24.960,11.902,14.404,-96.985,
2497,24.970,17.395,11.658,-97.595,
2498,24.980,27.527,7.690,-97.412,
2499,24.990,21.606,4.089,-96.497,
2500,25.000,15.686,0.549,-95.459,
2501,25.010,6.897,-1.953,-93.872,
2502,25.020,5.066,-4.456,-93.506,
2503,25.030,5.005,-6.409,-93.201,
2504,25.040,7.202,-8.545,-93.872,
2505,25.050,11.536,-10.742,-94.421,
2506,25.060,22.766,-13.916,-94.910,
2507,25.070,26.733,-17.090,-95.215,
2508,25.080,36.499,-20.752,-94.910,
2509,25.090,32.288,-24.048,-94.604,
2510,25.100,34.302,-27.466,-94.238,
2511,25.110,30.334,-30.884,-94.360,
2512,25.120,25.818,-34.058,-95.215,
2513,25.130,40.588,-37.964,-95.886,
2514,25.140,37.781,-41.443,-96.252,
2515,25.150,41.870,-45.227,-95.947,
2516,25.160,37.964,-49.377,-95.764,
2517,25.170,45.898,-54.443,-94.910,
2518,25.180,53.101,-60.608,-94.971,
2519,25.190,56.885,-67.261,-94.116,
2520,25.200,57.800,-74.829,-93.750,
2521,25.210,63.049,-82.642,-92.102,
2522,25.220,66.772,-90.759,-90.271,
2523,25.230,65.308,-98.877,-88.867,
2524,25.240,60.608,-106.140,-87.158,
2525,25.250,57.312,-113.098,-85.938,
2526,25.260,51.880,-119.934,-85.327,
2527,25.270,50.354,-126.343,-84.595,
2528,25.280,54.443,-132.446,-82.764,
2529,25.290,62.195,-138.489,-80.383,
2530,25.300,66.772,-144.470,-78.003,
2531,25.310,71.045,-150.146,-74.768,
2532,25.320,76.477,-156.250,-71.289,
2533,25.330,85.754,-162.537,-67.200,
2534,25.340,95.154,-169.250,-62.561,
2535,25.350,107.361,-176.514,-57.434,
2536,25.360,132.019,-184.387,-51.453,
2537,25.370,140.503,-191.589,-44.861,
2538,25.380,155.640,-198.669,-38.086,
2539,25.390,166.748,-205.139,-30.212,
2540,25.400,177.917,-210.999,-22.156,
2541,25.410,198.669,-216.370,-13.550,
2542,25.420,208.191,-220.581,-4.333,
2543,25.430,220.337,-223.877,4.883,
2544,25.440,225.037,-225.708,14.465,
2545,25.450,224.304,-225.830,23.804,
2546,25.460,226.624,-224.915,33.203,
2547,25.470,226.501,-222.595,42.236,
2548,25.480,223.267,-219.055,51.514,
2549,25.490,211.426,-215.820,59.143,
2550,25.500,198.425,-212.036,66.833,
2551,25.510,194.031,-208.557,74.036,
2552,25.520,197.571,-204.712,81.299,
2553,25.530,188.965,-199.524,88.501,
2554,25.540,185.364,-193.604,95.825,
2555,25.550,169.189,-186.462,103.027,
2556,25.560,147.034,-179.077,109.802,
2557,25.570,130.432,-171.875,115.967,
2558,25.580,127.930,-165.649,120.544,
2559,25.590,128.601,-159.485,124.451,
2560,25.600,114.197,-152.771,128.174,
2561,25.610,90.881,-145.142,131.897,
2562,25.620,69.092,-137.756,134.827,
2563,25.630,55.481,-130.127,137.939,
2564,25.640,47.424,-122.864,140.930,
2565,25.650,48.462,-116.150,143.738,
2566,25.660,43.091,-108.887,147.034,
2567,25.670,44.006,-102.905,150.574,
2568,25.680,39.612,-95.886,153.870,
2569,25.690,49.133,-89.722,156.250,
2570,25.700,86.975,-85.754,153.381,
2571,25.710,94.543,-78.857,151.672,
2572,25.720,89.905,-72.021,147.217,
2573,25.730,79.651,-65.857,140.076,
2574,25.740,62.378,-59.143,134.216,
2575,25.750,51.392,-52.917,129.883,
2576,25.760,44.189,-46.875,125.977,
2577,25.770,42.603,-41.748,121.521,
2578,25.780,55.420,-37.537,116.455,
2579,25.790,64.880,-32.654,112.366,
2580,25.800,79.407,-27.771,107.910,
2581,25.810,93.994,-22.522,103.394,
2582,25.820,91.003,-16.052,99.121,
2583,25.830,71.106,-8.972,97.595,
2584,25.840,49.866,-2.258,96.069,
2585,25.850,46.265,1.770,94.116,
2586,25.860,46.570,4.883,92.773,
2587,25.870,45.532,7.324,92.102,
2588,25.880,44.312,9.399,92.163,
2589,25.890,43.518,10.315,91.187,
2590,25.900,47.668,11.047,89.905,
2591,25.910,35.400,12.939,89.233,
2592,25.920,17.883,16.113,89.905,
2593,25.930,11.841,18.127,90.454,
2594,25.940,20.386,18.494,90.576,
2595,25.950,22.766,19.104,91.431,
2596,25.960,22.278,19.653,92.773,
2597,25.970,16.479,20.447,94.177,
2598,25.980,17.029,19.958,94.543,
2599,25.990,8.972,19.592,94.849,
2600,26.000,7.996,18.799,94.849,
2601,26.010,-0.854,18.311,95.642,
2602,26.020,10.132,16.235,95.337,
2603,26.030,20.447,14.832,95.276,
2604,26.040,29.541,14.465,95.154,
2605,26.050,32.959,15.259,94.971,
2606,26.060,32.043,17.334,95.398,
2607,26.070,34.485,19.592,95.459,
2608,26.080,26.550,22.583,95.886,
2609,26.090,21.484,25.269,96.497,
2610,26.100,18.616,27.588,97.168,
2611,26.110,22.034,29.236,97.534,
2612,26.120,20.813,31.799,98.755,
2613,26.130,29.663,34.363,98.633,
2614,26.140,37.292,37.964,98.206,
2615,26.150,44.556,41.504,96.497,
2616,26.160,47.729,45.593,94.849,
2617,26.170,45.471,50.781,93.140,
2618,26.180,43.701,56.946,91.980,
2619,26.190,41.565,63.965,90.698,
2620,26.200,50.110,70.007,88.379,
2621,26.210,51.086,77.393,85.999,
2622,26.220,56.824,84.351,82.703,
2623,26.230,55.786,92.041,79.346,
2624,26.240,61.829,99.365,75.500,
2625,26.250,61.951,107.300,72.144,
2626,26.260,75.562,114.502,68.237,
2627,26.270,80.872,123.291,65.247,
2628,26.280,83.313,132.080,61.523,
2629,26.290,79.895,141.296,57.556,
2630,26.300,84.778,149.841,53.528,
2631,26.310,96.008,157.166,48.767,
2632,26.320,107.483,163.879,44.006,
2633,26.330,118.225,169.495,38.818,
2634,26.340,124.390,174.866,33.691,
2635,26.350,128.052,179.626,28.442,
2636,26.360,142.090,183.044,22.583,
2637,26.370,150.024,185.852,16.357,
2638,26.380,164.185,187.744,9.766,
2639,26.390,168.091,189.514,3.052,
2640,26.400,176.086,190.552,-4.150,
2641,26.410,177.002,190.979,-12.024,
2642,26.420,180.481,191.040,-19.958,
2643,26.430,174.744,191.162,-27.588,
2644,26.440,165.955,190.918,-35.400,
2645,26.450,151.917,190.125,-43.213,
2646,26.460,150.940,188.293,-50.598,
2647,26.470,146.606,185.852,-57.861,
2648,26.480,141.907,182.617,-65.186,
2649,26.490,168.213,177.490,-72.388,
2650,26.500,147.522,175.415,-79.041,
2651,26.510,116.699,174.927,-84.534,
2652,26.520,92.102,173.950,-89.966,
2653,26.530,78.003,172.913,-94.604,
2654,26.540,82.642,170.532,-99.487,
2655,26.550,78.979,168.823,-104.004,
2656,26.560,85.693,166.382,-108.887,
2657,26.570,97.778,163.208,-113.647,
2658,26.580,99.182,159.851,-118.225,
2659,26.590,102.600,155.640,-122.559,
2660,26.600,99.121,151.978,-125.366,
2661,26.610,91.919,148.193,-127.441,
2662,26.620,90.515,143.921,-129.272,
2663,26.630,80.505,140.198,-130.615,
2664,26.640,78.125,135.864,-132.324,
2665,26.650,71.045,131.775,-133.850,
2666,26.660,59.448,127.869,-135.376,
2667,26.670,50.903,123.718,-137.024,
2668,26.680,39.185,119.873,-138.611,
2669,26.690,40.588,115.356,-140.442,
2670,26.700,39.063,111.023,-141.602,
2671,26.710,36.560,106.628,-143.921,
2672,26.720,35.217,102.112,-145.630,
2673,26.730,40.161,96.741,-148.254,
2674,26.740,70.557,89.722,-148.560,
2675,26.750,94.482,82.886,-146.118,
2676,26.760,90.576,77.637,-143.188,
2677,26.770,77.148,73.669,-138.245,
2678,26.780,57.861,70.984,-133.301,
2679,26.790,45.715,68.359,-128.662,
2680,26.800,38.940,65.613,-124.573,
2681,26.810,32.410,62.561,-120.117,
2682,26.820,48.401,58.044,-116.211,
2683,26.830,50.537,53.894,-112.488,
2684,26.840,43.457,50.842,-108.887,
2685,26.850,49.255,47.729,-105.896,
2686,26.860,52.551,44.373,-103.210,
2687,26.870,51.331,41.443,-100.342,
2688,26.880,47.363,38.208,-97.961,
2689,26.890,43.030,34.485,-96.741,
2690,26.900,42.908,30.579,-94.849,
2691,26.910,44.250,26.001,-94.055,
2692,26.920,49.744,21.240,-92.224,
2693,26.930,45.105,16.846,-91.125,
2694,26.940,37.476,13.428,-89.600,
2695,26.950,33.752,10.376,-88.257,
2696,26.960,26.062,8.118,-87.769,
2697,26.970,24.597,5.920,-87.341,
2698,26.980,22.034,3.662,-87.463,
2699,26.990,27.161,0.977,-87.341,
2700,27.000,43.640,-2.319,-87.646,
2701,27.010,42.114,-4.700,-87.708,
2702,27.020,39.612,-6.470,-87.402,
2703,27.030,22.949,-7.385,-87.524,
2704,27.040,12.207,-7.874,-87.769,
2705,27.050,4.028,-7.751,-88.013,
2706,27.060,5.676,-7.568,-88.745,
2707,27.070,-4.028,-6.836,-89.966,
2708,27.080,-11.963,-6.104,-90.637,
2709,27.090,-16.418,-5.798,-91.125,
2710,27.100,-13.855,-6.531,-91.614,
2711,27.110,-14.343,-7.141,-92.041,
2712,27.120,-18.494,-7.935,-92.773,
2713,27.130,-19.409,-8.789,-93.811,
2714,27.140,-23.071,-9.888,-95.825,
2715,27.150,-18.921,-11.353,-98.022,
2716,27.160,-13.489,-13.000,-99.365,
2717,27.170,-7.751,-14.954,-100.281,
2718,27.180,1.343,-17.273,-100.586,
2719,27.190,7.813,-20.813,-100.952,
2720,27.200,17.395,-25.330,-100.708,
2721,27.210,19.653,-30.396,-101.196,
2722,27.220,23.743,-35.828,-101.257,
2723,27.230,33.081,-41.687,-101.746,
2724,27.240,42.236,-47.668,-101.563,
2725,27.250,39.673,-53.406,-101.685,
2726,27.260,41.809,-59.082,-101.318,
2727,27.270,46.997,-65.186,-101.196,
2728,27.280,45.776,-71.045,-101.135,
2729,27.290,51.514,-77.637,-101.746,
2730,27.300,51.819,-83.984,-101.746,
2731,27.310,50.903,-90.698,-101.624,
2732,27.320,50.842,-97.961,-101.501,
2733,27.330,48.706,-105.774,-101.013,
2734,27.340,51.270,-113.159,-100.464,
2735,27.350,52.429,-121.460,-100.037,
2736,27.360,54.626,-129.883,-100.159,
2737,27.370,57.251,-138.184,-99.731,
2738,27.380,58.472,-146.362,-98.633,
2739,27.390,61.951,-154.236,-97.107,
2740,27.400,59.326,-161.377,-94.849,
2741,27.410,55.420,-168.030,-92.529,
2742,27.420,64.575,-174.194,-89.783,
2743,27.430,93.567,-181.396,-86.731,
2744,27.440,111.206,-187.561,-82.153,
2745,27.450,141.174,-193.848,-76.294,
2746,27.460,162.415,-199.646,-69.580,
2747,27.470,176.025,-204.346,-61.890,
2748,27.480,190.796,-208.740,-53.040,
2749,27.490,206.421,-212.891,-43.457,
2750,27.500,226.257,-217.224,-33.203,
2751,27.510,240.784,-220.642,-21.667,
2752,27.520,252.014,-222.961,-9.155,
2753,27.530,259.094,-224.426,3.235,
2754,27.540,251.160,-224.060,16.357,
2755,27.550,233.398,-222.168,28.870,
2756,27.560,209.290,-219.849,38.940,
2757,27.570,195.251,-217.651,47.607,
2758,27.580,193.970,-215.271,55.725,
2759,27.590,188.110,-211.914,63.599,
2760,27.600,184.082,-207.825,71.228,
2761,27.610,185.181,-202.454,78.918,
2762,27.620,179.749,-195.557,86.853,
2763,27.630,174.805,-188.110,93.994,
2764,27.640,180.420,-181.519,99.792,
2765,27.650,173.706,-173.828,106.201,
2766,27.660,139.771,-164.917,112.122,
2767,27.670,120.911,-156.799,117.615,
2768,27.680,108.948,-148.804,122.437,
2769,27.690,104.797,-140.808,127.502,
2770,27.700,107.788,-133.118,132.568,
2771,27.710,114.319,-125.183,137.939,
2772,27.720,121.887,-116.943,143.616,
2773,27.730,121.948,-108.093,149.109,
2774,27.740,114.624,-99.365,154.541,
2775,27.750,124.878,-91.919,157.410,
2776,27.760,141.052,-85.327,156.128,
2777,27.770,121.338,-78.064,152.771,
2778,27.780,117.004,-72.083,148.560,
2779,27.790,109.985,-65.796,145.020,
2780,27.800,106.445,-60.608,139.709,
2781,27.810,99.609,-55.908,133.911,
2782,27.820,78.674,-50.171,130.371,
2783,27.830,67.505,-44.800,127.686,
2784,27.840,55.115,-40.710,124.756,
2785,27.850,51.697,-38.208,121.643,
2786,27.860,54.199,-36.316,118.652,
2787,27.870,57.800,-33.447,116.516,
2788,27.880,65.247,-30.273,113.770,
2789,27.890,60.791,-26.611,111.389,
2790,27.900,55.908,-22.339,109.192,
2791,27.910,45.776,-17.212,107.544,
2792,27.920,36.438,-11.963,106.934,
2793,27.930,35.583,-8.606,105.225,
2794,27.940,27.466,-4.883,104.980,
2795,27.950,27.771,-1.709,103.882,
2796,27.960,41.260,0.000,101.074,
2797,27.970,42.725,2.319,98.511,
2798,27.980,44.617,4.822,96.130,
2799,27.990,34.119,8.545,94.604,
2800,28.000,27.222,12.695,93.018,
2801,28.010,25.085,16.663,91.187,
2802,28.020,16.418,20.813,90.271,
2803,28.030,12.451,24.414,89.294,
2804,28.040,8.667,27.405,88.257,
2805,28.050,6.042,29.907,87.341,
2806,28.060,1.953,32.104,86.243,
2807,28.070,-6.592,34.485,85.571,
2808,28.080,0.732,36.316,84.961,
2809,28.090,14.954,38.757,84.290,
2810,28.100,35.950,41.809,83.313,
2811,28.110,43.518,46.448,83.191,
2812,28.120,46.875,51.086,83.435,
2813,28.130,46.021,55.725,84.229,
2814,28.140,48.706,59.387,84.595,
2815,28.150,41.321,63.293,85.022,
2816,28.160,39.246,66.772,85.022,
2817,28.170,46.143,69.763,85.083,
2818,28.180,53.345,72.205,84.717,
2819,28.190,54.626,74.951,85.022,
2820,28.200,45.410,78.552,85.754,
2821,28.210,41.992,81.116,85.876,
2822,28.220,33.569,83.618,85.754,
2823,28.230,31.006,85.388,85.693,
2824,28.240,25.574,88.013,86.365,
2825,28.250,32.532,89.417,85.999,
2826,28.260,32.104,91.614,86.487,
2827,28.270,38.025,93.018,86.182,
2828,28.280,34.058,95.154,86.182,
2829,28.290,33.936,97.534,85.754,
2830,28.300,36.438,100.525,85.388,
2831,28.310,39.246,104.065,84.045,
2832,28.320,41.382,107.788,81.909,
2833,28.330,45.410,112.122,79.895,
2834,28.340,51.636,116.943,78.247,
2835,28.350,56.580,122.192,76.660,
2836,28.360,65.918,126.892,74.585,
2837,28.370,70.068,132.507,72.571,
2838,28.380,77.271,137.756,69.885,
2839,28.390,83.984,143.677,67.200,
2840,28.400,101.379,149.536,64.209,
2841,28.410,114.136,155.029,59.937,
2842,28.420,138.489,158.691,53.955,
2843,28.430,156.128,162.537,47.852,
2844,28.440,188.049,164.795,40.833,
2845,28.450,199.829,167.358,33.081,
2846,28.460,210.815,169.312,24.719,
2847,28.470,215.637,170.715,15.930,
2848,28.480,217.957,171.082,5.920,
2849,28.490,220.093,171.204,-4.150,
2850,28.500,225.769,170.044,-15.320,
2851,28.510,230.774,168.213,-26.550,
2852,28.520,226.196,166.260,-38.147,
2853,28.530,228.638,163.574,-49.622,
2854,28.540,222.656,160.889,-60.974,
2855,28.550,260.010,155.396,-72.876,
2856,28.560,213.135,153.809,-83.618,
2857,28.570,179.749,152.466,-93.262,
2858,28.580,136.108,152.100,-101.624,
2859,28.590,109.497,151.672,-108.826,
2860,28.600,108.582,150.085,-115.417,
2861,28.610,115.540,148.193,-121.826,
2862,28.620,129.517,146.057,-128.479,
2863,28.630,132.324,144.409,-135.071,
2864,28.640,123.108,142.883,-141.235,
2865,28.650,109.131,141.418,-146.729,
2866,28.660,94.482,139.954,-150.940,
2867,28.670,70.557,138.916,-154.297,
2868,28.680,47.302,137.573,-157.349,
2869,28.690,33.203,136.353,-159.668,
2870,28.700,25.513,135.254,-161.316,
2871,28.710,21.973,133.606,-163.330,
2872,28.720,23.865,132.019,-165.222,
2873,28.730,35.095,129.150,-167.786,
2874,28.740,50.171,125.122,-170.654,
2875,28.750,69.519,119.446,-173.706,
2876,28.760,83.923,113.037,-176.147,
2877,28.770,96.191,105.652,-178.406,
2878,28.780,133.850,98.083,-174.194,
2879,28.790,128.845,91.797,-170.410,
2880,28.800,104.065,88.013,-164.978,
2881,28.810,82.336,85.632,-158.264,
2882,28.820,73.792,83.435,-152.039,
2883,28.830,59.387,81.726,-146.423,
2884,28.840,78.674,77.393,-141.785,
2885,28.850,90.271,72.205,-137.207,
2886,28.860,103.699,65.063,-132.202,
2887,28.870,83.130,58.472,-127.136,
2888,28.880,63.965,52.307,-120.972,
2889,28.890,44.128,46.631,-115.295,
2890,28.900,27.466,41.626,-110.291,
2891,28.910,29.480,37.048,-106.018,
2892,28.920,39.368,31.311,-103.516,
2893,28.930,55.420,24.536,-101.135,
2894,28.940,75.623,15.991,-98.328,
2895,28.950,79.956,7.690,-94.910,
2896,28.960,80.139,-0.549,-91.309,
2897,28.970,64.453,-7.324,-88.196,
2898,28.980,54.077,-12.817,-85.938,
2899,28.990,46.265,-16.846,-84.351,
2900,29.000,43.152,-19.714,-82.581,
2901,29.010,43.335,-22.461,-80.811,
2902,29.020,45.532,-26.001,-78.857,
2903,29.030,46.448,-30.090,-77.148,
2904,29.040,36.072,-34.119,-75.806,
2905,29.050,30.579,-37.476,-74.707,
2906,29.060,25.085,-39.734,-74.341,
2907,29.070,19.531,-40.283,-74.890,
2908,29.080,14.709,-39.185,-75.378,
2909,29.090,2.747,-37.109,-76.538,
2910,29.100,-7.813,-35.522,-78.125,
2911,29.110,-17.822,-35.706,-80.139,
2912,29.120,-15.564,-37.659,-81.543,
2913,29.130,-16.907,-40.405,-82.520,
2914,29.140,-12.512,-43.152,-83.191,
2915,29.150,-22.705,-44.800,-84.717,
2916,29.160,-33.081,-45.471,-86.426,
2917,29.170,-41.382,-46.021,-88.745,
2918,29.180,-39.734,-46.936,-91.187,
2919,29.190,-41.321,-48.096,-93.994,
2920,29.200,-26.184,-50.110,-95.764,
2921,29.210,-24.109,-52.307,-97.351,
2922,29.220,-25.330,-54.871,-97.839,
2923,29.230,-30.945,-57.739,-98.022,
2924,29.240,-37.720,-61.035,-97.839,
2925,29.250,-33.142,-65.247,-97.473,
2926,29.260,-25.208,-70.251,-97.046,
2927,29.270,-15.137,-75.256,-96.741,
2928,29.280,-13.123,-79.956,-97.534,
2929,29.290,-10.071,-83.740,-98.022,
2930,29.300,-10.803,-87.463,-99.243,
2931,29.310,-7.996,-91.736,-100.037,
2932,29.320,-7.751,-96.130,-100.220,
2933,29.330,2.197,-102.539,-100.647,
2934,29.340,13.000,-109.070,-100.403,
2935,29.350,21.912,-117.432,-100.464,
2936,29.360,30.945,-125.977,-99.976,
2937,29.370,36.560,-134.949,-99.548,
2938,29.380,44.250,-143.982,-99.548,
2939,29.390,50.964,-153.076,-99.548,
2940,29.400,63.293,-161.987,-98.877,
2941,29.410,79.224,-169.922,-96.680,
2942,29.420,95.398,-177.429,-93.689,
2943,29.430,115.234,-184.875,-90.515,
2944,29.440,119.446,-190.552,-85.510,
2945,29.450,124.390,-195.679,-80.322,
2946,29.460,139.404,-200.867,-74.280,
2947,29.470,149.231,-205.627,-67.688,
2948,29.480,165.039,-209.778,-59.875,
2949,29.490,175.720,-213.501,-51.636,
2950,29.500,187.012,-216.858,-42.358,
2951,29.510,197.998,-219.421,-31.555,
2952,29.520,215.088,-221.924,-20.264,
2953,29.530,221.985,-223.389,-8.362,
2954,29.540,224.365,-223.877,4.456,
2955,29.550,220.337,-223.816,16.907,
2956,29.560,210.999,-222.473,29.663,
2957,29.570,201.782,-220.459,41.748,
2958,29.580,187.744,-217.529,52.185,
2959,29.590,180.420,-213.867,61.462,
2960,29.600,170.532,-208.862,70.618,
2961,29.610,154.968,-203.125,79.102,
2962,29.620,135.132,-196.960,86.792,
2963,29.630,123.230,-191.284,92.957,
2964,29.640,119.141,-185.730,98.206,
2965,29.650,118.347,-179.504,102.966,
2966,29.660,122.620,-172.607,108.765,
2967,29.670,136.536,-165.466,114.807,
2968,29.680,143.311,-157.288,121.216,
2969,29.690,145.386,-148.621,127.319,
2970,29.700,130.005,-139.038,133.545,
2971,29.710,116.760,-129.639,139.587,
2972,29.720,102.661,-120.239,145.508,
2973,29.730,92.468,-111.206,151.367,
2974,29.740,104.919,-104.614,156.677,
2975,29.750,146.179,-99.426,156.921,
2976,29.760,159.607,-93.689,155.579,
2977,29.770,136.353,-86.731,154.297,
2978,29.780,102.234,-81.116,150.757,
2979,29.790,78.552,-76.843,144.714,
2980,29.800,70.129,-72.693,140.564,
2981,29.810,73.730,-68.542,137.634,
2982,29.820,68.542,-64.636,133.362,
2983,29.830,62.439,-61.218,130.188,
2984,29.840,61.646,-58.167,128.601,
2985,29.850,68.054,-54.993,127.625,
2986,29.860,73.608,-50.842,126.892,
2987,29.870,77.148,-46.387,125.793,
2988,29.880,68.176,-40.955,125.488,
2989,29.890,61.768,-35.706,125.000,
2990,29.900,56.458,-31.006,123.413,
2991,29.910,53.711,-26.978,121.582,
2992,29.920,51.575,-23.499,119.507,
2993,29.930,47.424,-20.081,118.347,
2994,29.940,46.753,-17.456,116.943,
2995,29.950,41.626,-15.015,115.417,
2996,29.960,30.823,-12.512,114.441,
2997,29.970,26.611,-11.292,112.732,
2998,29.980,22.705,-10.193,111.267,
2999,29.990,23.010,-9.399,109.558,
3000,30.000,22.949,-7.507,107.910,
3001,30.010,21.973,-4.639,106.506,
3002,30.020,22.522,-1.099,106.018,
3003,30.030,25.818,2.075,105.042,
3004,30.040,23.071,5.493,103.455,
3005,30.050,23.071,8.423,101.257,
3006,30.060,18.860,11.597,99.792,
3007,30.070,20.325,14.465,98.267,
3008,30.080,27.466,17.029,96.313,
3009,30.090,29.968,20.508,95.276,
3010,30.100,30.945,24.414,93.994,
3011,30.110,25.635,29.724,93.811,
3012,30.120,30.273,34.180,93.506,
3013,30.130,37.964,38.208,93.323,
3014,30.140,51.758,40.955,91.797,
3015,30.150,53.284,44.495,90.820,
3016,30.160,50.354,48.523,89.783,
3017,30.170,48.462,52.490,88.989,
3018,30.180,39.917,56.702,88.867,
3019,30.190,37.598,61.035,88.989,
3020,30.200,32.471,65.857,89.844,
3021,30.210,38.513,69.458,90.271,
3022,30.220,36.621,73.669,90.942,
3023,30.230,43.152,76.843,90.210,
3024,30.240,37.537,80.566,89.783,
3025,30.250,43.335,83.557,88.684,
3026,30.260,36.377,87.097,88.135,
3027,30.270,33.386,90.088,86.975,
3028,30.280,28.748,93.384,86.243,
3029,30.290,27.771,97.900,86.548,
3030,30.300,30.151,102.478,87.097,
3031,30.310,30.701,106.323,86.853,
3032,30.320,38.452,109.314,86.243,
3033,30.330,41.199,112.976,85.999,
3034,30.340,50.415,116.089,85.266,
3035,30.350,53.772,119.812,84.473,
3036,30.360,65.613,122.925,83.191,
3037,30.370,69.519,126.404,81.543,
3038,30.380,76.782,129.456,79.163,
3039,30.390,80.994,133.240,77.209,
3040,30.400,92.102,136.230,74.524,
3041,30.410,100.159,139.038,70.679,
3042,30.420,115.662,141.663,66.406,
3043,30.430,126.465,144.409,61.157,
3044,30.440,136.353,146.667,54.810,
3045,30.450,147.461,148.560,47.791,
3046,30.460,160.645,149.414,39.856,
3047,30.470,203.857,148.804,30.701,
3048,30.480,182.739,150.940,20.813,
3049,30.490,182.190,151.733,10.864,
3050,30.500,173.706,152.893,1.221,
3051,30.510,182.739,152.283,-9.094,
3052,30.520,190.857,151.306,-19.714,
3053,30.530,182.495,150.085,-30.640,
3054,30.540,186.584,147.705,-41.382,
3055,30.550,179.260,145.142,-52.185,
3056,30.560,167.480,142.334,-62.378,
3057,30.570,162.109,140.320,-70.984,
3058,30.580,144.165,139.465,-78.247,
3059,30.590,148.682,137.756,-85.388,
3060,30.600,149.109,135.925,-92.468,
3061,30.610,155.334,133.545,-99.670,
3062,30.620,151.123,130.981,-107.117,
3063,30.630,135.925,128.784,-114.502,
3064,30.640,110.046,127.258,-121.094,
3065,30.650,79.712,126.587,-126.770,
3066,30.660,57.922,126.831,-130.493,
3067,30.670,33.936,128.418,-132.996,
3068,30.680,29.175,129.578,-135.071,
3069,30.690,37.231,130.310,-137.146,
3070,30.700,53.650,130.066,-139.709,
3071,30.710,64.636,129.700,-142.212,
3072,30.720,62.683,129.272,-144.409,
3073,30.730,55.054,128.540,-146.240,
3074,30.740,46.692,126.709,-148.071,
3075,30.750,37.048,124.268,-149.780,
3076,30.760,32.654,121.094,-151.489,
3077,30.770,27.832,117.554,-153.442,
3078,30.780,23.071,114.075,-155.457,
3079,30.790,22.705,110.229,-157.410,
3080,30.800,39.001,105.713,-156.860,
3081,30.810,57.251,101.135,-153.259,
3082,30.820,50.476,97.595,-149.414,
3083,30.830,51.941,93.750,-143.921,
3084,30.840,60.486,88.196,-139.221,
3085,30.850,67.261,81.482,-134.888,
3086,30.860,70.435,73.608,-130.493,
3087,30.870,54.199,66.284,-126.282,
3088,30.880,42.908,58.655,-121.887,
3089,30.890,42.480,51.147,-117.371,
3090,30.900,41.992,44.250,-113.647,
3091,30.910,46.753,38.025,-110.107,
3092,30.920,53.345,32.471,-108.459,
3093,30.930,49.561,28.137,-106.384,
3094,30.940,44.983,23.987,-104.553,
3095,30.950,36.865,20.203,-102.112,
3096,30.960,37.170,15.808,-100.037,
3097,30.970,28.564,12.146,-98.694,
3098,30.980,23.804,9.216,-97.168,
3099,30.990,25.635,6.775,-96.130,
3100,31.000,20.447,5.737,-94.543,
3101,31.010,16.113,5.493,-93.811,
3102,31.020,5.737,6.348,-93.994,
3103,31.030,7.202,6.958,-94.910,
3104,31.040,5.249,7.568,-95.398,
3105,31.050,6.348,7.813,-95.337,
3106,31.060,5.371,7.507,-95.032,
3107,31.070,1.953,7.080,-94.360,
3108,31.080,-6.958,6.714,-94.055,
3109,31.090,-12.878,6.775,-93.140,
3110,31.100,-17.395,6.592,-93.079,
3111,31.110,-19.775,6.470,-93.140,
3112,31.120,-20.569,5.981,-94.482,
3113,31.130,-15.320,5.127,-95.642,
3114,31.140,-4.150,3.418,-96.680,
3115,31.150,6.042,1.221,-96.741,
3116,31.160,10.559,-1.221,-96.436,
3117,31.170,7.507,-3.784,-96.008,
3118,31.180,2.563,-6.287,-96.069,
3119,31.190,-3.784,-8.484,-96.313,
3120,31.200,1.160,-11.230,-96.313,
3121,31.210,6.897,-13.977,-97.046,
3122,31.220,17.334,-16.724,-97.412,
3123,31.230,18.799,-18.799,-97.595,
3124,31.240,17.822,-20.264,-97.412,
3125,31.250,16.479,-21.545,-97.656,
3126,31.260,12.756,-22.705,-98.267,
3127,31.270,6.348,-24.109,-98.999,
3128,31.280,7.751,-26.245,-99.915,
3129,31.290,4.089,-28.381,-100.525,
3130,31.300,4.211,-31.128,-101.257,
3131,31.310,10.437,-34.241,-101.074,
3132,31.320,7.935,-37.231,-102.173,
3133,31.330,9.460,-40.283,-102.356,
3134,31.340,10.071,-44.067,-103.333,
3135,31.350,9.033,-48.035,-104.187,
3136,31.360,14.282,-52.795,-105.225,
3137,31.370,13.123,-58.228,-106.812,
3138,31.380,16.602,-64.392,-108.093,
3139,31.390,23.193,-71.106,-109.131,
3140,31.400,22.278,-77.942,-110.291,
3141,31.410,28.198,-85.449,-111.145,
3142,31.420,36.865,-93.201,-111.877,
3143,31.430,48.706,-101.624,-111.633,
3144,31.440,58.228,-109.985,-110.779,
3145,31.450,70.007,-118.958,-109.497,
3146,31.460,77.637,-127.563,-108.093,
3147,31.470,90.027,-136.047,-105.469,
3148,31.480,98.755,-144.348,-102.661,
3149,31.490,105.652,-151.855,-98.572,
3150,31.500,109.436,-158.691,-94.299,
3151,31.510,108.765,-164.856,-89.722,
3152,31.520,118.713,-170.898,-85.144,
3153,31.530,154.053,-178.040,-79.956,
3154,31.540,174.438,-183.777,-73.181,
3155,31.550,200.256,-189.270,-65.735,
3156,31.560,235.230,-194.763,-57.312,
3157,31.570,249.817,-198.242,-47.485,
3158,31.580,255.188,-199.951,-36.316,
3159,31.590,250.244,-200.439,-25.024,
3160,31.600,243.347,-199.951,-13.306,
3161,31.610,250.916,-199.341,-1.465,
3162,31.620,254.028,-197.632,11.047,
3163,31.630,261.658,-195.557,23.132,
3164,31.640,260.193,-192.993,34.180,
3165,31.650,247.925,-189.941,44.189,
3166,31.660,237.915,-187.195,53.467,
3167,31.670,223.755,-184.326,61.951,
3168,31.680,204.895,-180.908,69.641,
3169,31.690,183.533,-177.002,76.965,
3170,31.700,171.204,-173.401,83.130,
3171,31.710,177.917,-170.715,87.952,
3172,31.720,176.941,-166.931,93.079,
3173,31.730,170.349,-162.415,98.022,
3174,31.740,147.583,-156.738,103.210,
3175,31.750,125.183,-150.879,108.154,
3176,31.760,108.093,-144.958,112.854,
3177,31.770,101.624,-139.832,117.310,
3178,31.780,96.436,-134.827,122.131,
3179,31.790,92.224,-129.883,127.319,
3180,31.800,81.238,-124.817,132.385,
3181,31.810,72.571,-120.239,138.306,
3182,31.820,62.439,-116.028,144.409,
3183,31.830,64.270,-113.098,149.841,
3184,31.840,90.088,-111.511,152.771,
3185,31.850,136.292,-110.718,151.245,
3186,31.860,139.343,-106.934,148.987,
3187,31.870,126.587,-101.440,144.958,
3188,31.880,95.459,-96.008,139.587,
3189,31.890,69.031,-91.431,134.338,
3190,31.900,57.434,-87.830,129.700,
3191,31.910,50.354,-85.022,126.160,
3192,31.920,52.002,-83.496,122.131,
3193,31.930,56.030,-82.520,118.530,
3194,31.940,65.063,-80.811,115.784,
3195,31.950,68.420,-76.965,114.502,
3196,31.960,70.251,-71.777,113.037,
3197,31.970,65.125,-65.552,111.572,
3198,31.980,55.908,-58.960,109.924,
3199,31.990,41.565,-51.880,108.398,
3200,32.000,34.607,-45.776,106.812,
3201,32.010,39.734,-40.710,105.469,
3202,32.020,42.786,-35.522,104.980,
3203,32.030,48.340,-30.090,104.553,
3204,32.040,50.476,-24.597,103.516,
3205,32.050,45.898,-19.043,102.234,
3206,32.060,31.067,-13.611,101.074,
3207,32.070,25.452,-8.728,100.525,
3208,32.080,25.635,-4.761,99.060,
3209,32.090,22.949,-1.282,98.572,
3210,32.100,15.503,1.709,97.839,
3211,32.110,12.085,3.723,96.680,
3212,32.120,13.855,5.493,95.337,
3213,32.130,17.395,7.568,94.360,
3214,32.140,17.578,10.498,93.750,
3215,32.150,12.329,13.916,93.323,
3216,32.160,13.855,16.663,92.468,
3217,32.170,14.709,19.775,92.224,
3218,32.180,11.414,22.644,91.980,
3219,32.190,8.850,25.024,92.163,
3220,32.200,7.324,25.940,91.431,
3221,32.210,4.395,26.672,91.309,
3222,32.220,-0.488,27.466,91.248,
3223,32.230,0.610,28.687,91.736,
3224,32.240,1.099,30.090,92.285,
3225,32.250,-0.671,31.677,93.445,
3226,32.260,1.282,32.837,93.933,
3227,32.270,-1.404,34.119,95.520,
3228,32.280,3.357,34.851,96.130,
3229,32.290,-1.404,35.645,96.619,
3230,32.300,-11.597,36.621,97.473,
3231,32.310,-25.269,38.391,99.670,
3232,32.320,-37.659,40.771,102.722,
3233,32.330,-32.532,42.358,105.835,
3234,32.340,-26.001,44.373,108.215,
3235,32.350,-18.616,46.692,109.863,
3236,32.360,-15.564,49.927,111.450,
3237,32.370,-10.193,52.979,111.572,
3238,32.380,-17.578,57.068,112.366,
3239,32.390,-20.142,61.096,112.305,
3240,32.400,-28.137,65.796,112.671,
3241,32.410,-31.250,70.313,112.854,
3242,32.420,-29.175,74.890,112.915,
3243,32.430,-15.442,78.674,111.877,
3244,32.440,-3.784,82.764,110.107,
3245,32.450,-1.343,87.097,107.910,
3246,32.460,3.662,91.064,105.286,
3247,32.470,10.864,94.299,101.685,
3248,32.480,19.104,97.412,98.083,
3249,32.490,24.597,100.525,93.262,
3250,32.500,28.076,103.577,88.318,
3251,32.510,28.320,106.689,83.313,
3252,32.520,30.151,109.192,77.271,
3253,32.530,29.480,111.572,70.801,
3254,32.540,31.433,113.831,64.392,
3255,32.550,37.720,115.662,57.739,
3256,32.560,42.969,117.493,50.781,
3257,32.570,44.189,119.446,43.945,
3258,32.580,44.556,121.155,36.499,
3259,32.590,49.011,122.742,28.992,
3260,32.600,52.307,124.268,20.996,
3261,32.610,53.223,125.488,12.939,
3262,32.620,52.490,126.465,5.432,
3263,32.630,48.584,127.258,-0.732,
3264,32.640,48.584,127.441,-7.080,
3265,32.650,51.941,127.014,-13.000,
3266,32.660,53.772,126.282,-18.677,
3267,32.670,53.589,125.061,-24.048,
3268,32.680,60.486,123.169,-28.809,
3269,32.690,68.726,120.789,-32.898,
3270,32.700,72.327,118.408,-36.499,
3271,32.710,67.688,116.333,-39.246,
3272,32.720,57.007,114.624,-41.321,
3273,32.730,50.415,112.610,-43.335,
3274,32.740,50.354,110.474,-46.082,
3275,32.750,51.086,108.032,-48.828,
3276,32.760,51.086,105.408,-51.880,
3277,32.770,56.274,102.112,-54.871,
3278,32.780,59.570,98.755,-57.373,
3279,32.790,52.612,95.703,-59.326,
3280,32.800,37.476,93.384,-60.852,
3281,32.810,25.452,90.759,-62.317,
3282,32.820,19.897,88.074,-63.782,
3283,32.830,22.583,84.534,-65.125,
3284,32.840,31.982,80.017,-67.261,
3285,32.850,42.603,74.951,-68.848,
3286,32.860,39.307,70.251,-70.557,
3287,32.870,43.457,65.063,-71.655,
3288,32.880,31.311,60.852,-73.608,
3289,32.890,23.132,56.458,-74.280,
3290,32.900,16.968,52.368,-75.928,
3291,32.910,18.738,48.035,-76.843,
3292,32.920,20.325,43.884,-78.186,
3293,32.930,26.123,39.612,-79.224,
3294,32.940,28.076,35.889,-80.200,
3295,32.950,28.137,32.104,-80.872,
3296,32.960,28.320,28.748,-81.604,
3297,32.970,22.034,25.818,-82.153,
3298,32.980,23.071,22.339,-82.092,
3299,32.990,15.015,19.348,-81.909,
3300,33.000,15.991,15.991,-81.421,
3301,33.010,15.015,12.939,-80.383,
3302,33.020,11.597,10.254,-79.102,
3303,33.030,5.493,8.118,-76.721,
3304,33.040,-1.038,6.409,-75.378,
3305,33.050,-4.395,4.761,-73.059,
3306,33.060,-7.324,3.540,-71.289,
3307,33.070,-2.441,2.197,-69.519,
3308,33.080,0.305,1.160,-67.688,
3309,33.090,1.709,0.122,-65.735,
3310,33.100,7.690,-0.916,-63.721,
3311,33.110,4.272,-1.404,-61.707,
3312,33.120,-2.075,-1.831,-59.326,
3313,33.130,-3.235,-2.686,-57.068,
3314,33.140,-10.010,-3.235,-54.749,
3315,33.150,-7.690,-4.211,-52.429,
3316,33.160,-3.906,-5.249,-50.537,
3317,33.170,-1.160,-5.981,-48.279,
3318,33.180,-1.099,-6.470,-46.265,
3319,33.190,0.427,-6.653,-44.250,
3320,33.200,2.930,-6.836,-41.992,
3321,33.210,1.526,-6.775,-39.795,
3322,33.220,-4.150,-6.348,-37.354,
3323,33.230,-6.714,-5.859,-35.400,
3324,33.240,-6.592,-5.554,-33.142,
3325,33.250,-6.104,-5.188,-30.945,
3326,33.260,-4.761,-5.066,-28.442,
3327,33.270,-4.028,-4.883,-26.550,
3328,33.280,5.615,-5.371,-24.231,
3329,33.290,5.249,-5.310,-22.522,
3330,33.300,10.559,-5.554,-20.447,
3331,33.310,7.202,-5.676,-18.372,
3332,33.320,8.484,-6.042,-16.357,
3333,33.330,7.751,-6.165,-14.404,
3334,33.340,10.254,-6.592,-12.512,
3335,33.350,9.338,-6.592,-10.681,
3336,33.360,9.583,-6.287,-8.850,
3337,33.370,5.310,-5.859,-7.385,
3338,33.380,3.845,-5.188,-5.859,
3339,33.390,1.282,-4.272,-4.822,
3340,33.400,0.427,-3.174,-3.967,
3341,33.410,1.282,-2.197,-3.174,
3342,33.420,5.676,-1.343,-2.686,
3343,33.430,7.202,-0.305,-2.136,
3344,33.440,6.287,0.793,-1.709,
3345,33.450,4.883,1.770,-1.465,
3346,33.460,4.456,2.441,-1.160,
3347,33.470,7.385,2.625,-0.916,
3348,33.480,8.972,2.808,-0.916,
3349,33.490,8.362,2.991,-0.671,
3350,33.500,5.920,3.357,-0.305,
3351,33.510,3.967,3.601,0.000,
3352,33.520,3.540,3.784,0.488,
3353,33.530,4.150,3.784,0.793,
3354,33.540,7.080,3.540,1.038,
3355,33.550,13.367,2.991,0.854,
3356,33.560,21.240,2.380,0.610,
3357,33.570,25.330,2.136,0.305,
3358,33.580,26.306,1.831,0.122,
3359,33.590,23.499,1.770,0.061,
3360,33.600,20.142,1.587,0.122,
3361,33.610,15.076,1.526,0.000,
3362,33.620,9.949,1.587,-0.122,
3363,33.630,3.845,1.404,-0.427,
3364,33.640,-1.099,0.977,-0.610,
3365,33.650,-3.784,0.366,-0.610,
3366,33.660,-6.836,0.000,-0.732,
3367,33.670,-6.897,-0.488,-0.854,
3368,33.680,-6.592,-0.793,-1.038,
3369,33.690,-4.150,-1.038,-1.038,
3370,33.700,-1.343,-1.465,-1.221,
3371,33.710,-0.427,-1.526,-1.221,
3372,33.720,0.977,-1.526,-1.221,
3373,33.730,1.099,-1.404,-1.099,
3374,33.740,1.587,-1.038,-0.793,
3375,33.750,-1.953,-0.549,-0.488,
3376,33.760,-3.052,0.000,-0.122,
3377,33.770,-4.761,0.671,0.000,
3378,33.780,-1.831,1.099,-0.061,
3379,33.790,2.502,1.343,-0.244,
3380,33.800,5.371,1.526,-0.366,
3381,33.810,4.944,1.831,-0.366,
3382,33.820,3.601,1.953,-0.427,
3383,33.830,2.991,1.770,-0.366,
3384,33.840,2.808,1.465,-0.366,
3385,33.850,2.136,1.465,-0.183,
3386,33.860,1.404,1.404,-0.061,
3387,33.870,0.549,1.465,0.061,
3388,33.880,-0.122,1.648,0.122,
3389,33.890,-0.916,2.075,0.305,
3390,33.900,-2.197,2.563,0.366,
3391,33.910,-3.357,2.991,0.488,
3392,33.920,-4.333,3.601,0.305,
3393,33.930,-4.639,4.028,0.122,
3394,33.940,-3.052,4.456,-0.122,
3395,33.950,-0.610,4.639,-0.183,
3396,33.960,1.770,4.761,-0.305,
3397,33.970,4.089,4.761,-0.305,
3398,33.980,5.554,4.822,-0.427,
3399,33.990,5.981,4.761,-0.305,
3400,34.000,4.822,4.700,-0.244,
3401,34.010,4.150,4.395,-0.122,
3402,34.020,2.930,4.211,0.061,
3403,34.030,2.075,4.028,0.061,
3404,34.040,1.892,3.784,0.183,
3405,34.050,1.160,3.723,0.183,
3406,34.060,1.221,3.662,0.244,
3407,34.070,0.549,3.784,0.305,
3408,34.080,0.061,3.906,0.183,
3409,34.090,0.000,3.906,0.000,
3410,34.100,0.732,3.967,-0.183,
3411,34.110,1.770,3.845,-0.366,
3412,34.120,3.418,3.845,-0.549,
3413,34.130,5.188,3.662,-0.854,
3414,34.140,5.981,3.418,-1.038,
3415,34.150,5.798,3.174,-1.282,
3416,34.160,4.822,2.930,-1.282,
3417,34.170,3.357,2.747,-1.343,
3418,34.180,2.686,2.380,-1.404,
3419,34.190,1.404,2.197,-1.709,
3420,34.200,0.061,2.136,-2.014,
3421,34.210,-0.305,1.770,-2.319,
3422,34.220,-1.526,1.770,-2.869,
3423,34.230,-1.587,1.648,-3.540,
3424,34.240,-1.831,1.709,-4.272,
3425,34.250,-0.549,1.709,-5.188,
3426,34.260,0.977,2.014,-6.104,
3427,34.270,2.197,2.319,-7.080,
3428,34.280,1.648,2.563,-7.935,
3429,34.290,2.075,2.686,-8.911,
3430,34.300,2.075,2.625,-9.766,
3431,34.310,2.625,2.441,-10.620,
3432,34.320,3.845,2.197,-11.353,
3433,34.330,5.554,1.709,-11.902,
3434,34.340,7.324,1.343,-12.390,
3435,34.350,8.728,0.977,-12.939,
3436,34.360,12.024,0.488,-13.245,
3437,34.370,13.977,0.000,-13.733,
3438,34.380,15.625,-0.427,-13.977,
3439,34.390,16.785,-0.916,-14.099,
3440,34.400,17.517,-1.282,-14.038,
3441,34.410,16.602,-1.526,-13.672,
3442,34.420,13.062,-1.465,-13.428,
3443,34.430,12.573,-1.404,-13.123,
3444,34.440,9.399,-1.282,-12.451,
3445,34.450,4.822,-1.160,-11.902,
3446,34.460,0.916,-1.343,-11.292,
3447,34.470,-0.488,-1.648,-10.620,
3448,34.480,0.122,-2.258,-10.071,
3449,34.490,2.563,-3.174,-9.521,
3450,34.500,1.587,-3.906,-8.545,
3451,34.510,-1.160,-4.639,-7.874,
3452,34.520,-2.869,-5.310,-6.836,
3453,34.530,-5.737,-5.798,-5.798,
3454,34.540,-6.958,-6.042,-4.517,
3455,34.550,-6.775,-6.287,-3.296,
3456,34.560,-5.249,-6.409,-2.075,
3457,34.570,-2.075,-6.470,-0.916,
3458,34.580,-0.793,-6.348,0.000,
3459,34.590,-0.793,-6.042,0.488,
3460,34.600,1.648,-5.981,0.427,
3461,34.610,9.338,-6.104,0.183,
3462,34.620,12.573,-6.226,0.000,
3463,34.630,14.099,-6.287,0.122,
3464,34.640,11.230,-6.104,0.183,
3465,34.650,8.728,-5.920,0.244,
3466,34.660,7.874,-5.737,0.305,
3467,34.670,5.493,-5.554,0.427,
3468,34.680,5.798,-5.188,0.549,
3469,34.690,6.470,-4.883,0.488,
3470,34.700,8.240,-4.578,0.610,
3471,34.710,8.362,-3.967,0.671,
3472,34.720,7.507,-3.540,0.671,
3473,34.730,5.249,-2.930,0.610,
3474,34.740,2.563,-2.258,0.427,
3475,34.750,0.610,-1.892,0.244,
3476,34.760,-0.610,-1.526,0.122,
3477,34.770,-0.305,-1.099,0.000,
3478,34.780,0.488,-0.488,-0.061,
3479,34.790,1.404,-0.122,-0.122,
3480,34.800,0.671,0.366,-0.183,
3481,34.810,0.549,0.793,-0.122,
3482,34.820,0.183,0.977,0.000,
3483,34.830,0.122,1.221,0.000,
3484,34.840,-0.061,1.343,0.000,
3485,34.850,-1.221,1.587,0.183,
3486,34.860,-1.831,1.709,0.427,
3487,34.870,-2.319,1.892,0.610,
3488,34.880,-1.404,2.197,0.671,
3489,34.890,-1.282,2.502,0.793,
3490,34.900,-1.343,2.869,0.916,
3491,34.910,-1.343,3.235,0.977,
3492,34.920,-1.465,3.662,0.854,
3493,34.930,-3.357,4.150,0.854,
3494,34.940,-3.418,4.517,0.793,
3495,34.950,-2.319,4.700,0.732,
3496,34.960,-0.732,4.639,0.671,
3497,34.970,2.808,4.639,0.610,
3498,34.980,5.981,4.395,0.610,
3499,34.990,7.935,4.211,0.488,
3500,35.000,8.667,3.845,0.427,
3501,35.010,8.728,3.479,0.427,
3502,35.020,9.827,2.869,0.366,
3503,35.030,10.193,2.258,0.366,
3504,35.040,10.498,1.526,0.366,
3505,35.050,11.169,0.732,0.427,
3506,35.060,12.756,0.183,0.427,
3507,35.070,15.686,-0.732,0.732,
3508,35.080,18.494,-1.526,0.854,
3509,35.090,19.470,-2.258,1.099,
3510,35.100,17.395,-2.808,1.221,
3511,35.110,14.587,-3.235,1.465,
3512,35.120,12.024,-3.601,1.709,
3513,35.130,10.132,-3.967,2.075,
3514,35.140,9.644,-4.395,2.258,
3515,35.150,10.071,-4.761,2.319,
3516,35.160,10.681,-4.944,2.380,
3517,35.170,10.681,-5.066,2.319,
3518,35.180,9.399,-5.005,2.502,
3519,35.190,8.362,-5.066,2.502,
3520,35.200,7.019,-5.371,2.625,
3521,35.210,4.456,-5.554,2.808,
3522,35.220,1.709,-5.554,2.991,
3523,35.230,-0.793,-5.798,3.235,
3524,35.240,-2.075,-5.798,3.601,
3525,35.250,-2.075,-5.981,4.028,
3526,35.260,-2.380,-6.042,4.456,
3527,35.270,-2.625,-6.287,5.005,
3528,35.280,-3.357,-6.409,5.310,
3529,35.290,-3.662,-6.836,5.493,
3530,35.300,-2.625,-7.263,5.737,
3531,35.310,-1.770,-7.507,5.798,
3532,35.320,-0.366,-7.446,5.859,
3533,35.330,0.610,-7.019,5.859,
3534,35.340,0.000,-6.165,5.737,
3535,35.350,-1.343,-5.249,5.737,
3536,35.360,-1.953,-4.211,5.676,
3537,35.370,-0.977,-3.235,5.737,
3538,35.380,-0.854,-2.380,5.554,
3539,35.390,-2.502,-1.404,5.493,
3540,35.400,-5.554,-0.305,5.310,
3541,35.410,-8.118,0.732,5.371,
3542,35.420,-9.766,1.831,5.371,
