"Frame","Accelerazione","Velocità_angolare","Destro"
"1375.0","-10.854001397802087","-14.066790661925246","false"
"1400.0","-10.65525817962095","-80.47612713795364","true"
"1426.0","-9.886053891022183","74.86330151895221","false"
"1452.0","-9.90078406198936","-167.68374994424576","true"
"1471.0","-10.48893157601163","49.16250217208437","false"
"1500.0","-13.584851319132923","-33.268225076834284","true"
"1538.0","-12.168111995402487","-11.894795123219188","false"
