"Frame","Accelerazione","Velocità_angolare","Destro"
"1370.0","-10.076639644811763","-2.825661002246742","true"
"1377.0","-11.620352312391335","132.53063482475227","false"
"1396.0","-15.184711803013816","7.48109388130503","false"
"1422.0","-11.547176612969295","58.65584661433347","true"
"1447.0","-11.344795789514265","-3.859513314827817","false"
"1467.0","-11.197691247174413","52.16422074036447","true"
"1495.0","-10.197466306213716","51.06226384025635","false"
"1534.0","-12.285679273563622","1.7168251511758594","false"
