"time","Y"
"701.0","1.8094884157180786"
"678.0","-0.12050715833902359"
