"time","Y"
"208.0","0.12105104327201843"
"224.0","0.1354450285434723"
"238.0","0.059277210384607315"
